[
    {
        "user": "U5TCAFTD3",
        "type": "message",
        "subtype": "channel_join",
        "ts": "1548674815.000200",
        "text": "<@U5TCAFTD3> has joined the channel"
    },
    {
        "user": "U5TCAFTD3",
        "type": "message",
        "subtype": "channel_purpose",
        "ts": "1548674816.000300",
        "text": "<@U5TCAFTD3> set the channel purpose: Randomly get paired with other interesting people from this Slack",
        "purpose": "Randomly get paired with other interesting people from this Slack",
        "reactions": [
            {
                "name": "+1",
                "users": [
                    "UD6EXQVM0"
                ],
                "count": 1
            }
        ]
    },
    {
        "user": "UFQ0XSFH6",
        "type": "message",
        "subtype": "channel_join",
        "ts": "1548674824.000500",
        "text": "<@UFQ0XSFH6> has joined the channel",
        "inviter": "U5TCAFTD3"
    },
    {
        "user": "UCKRZS3DZ",
        "type": "message",
        "subtype": "channel_join",
        "ts": "1548675165.000700",
        "text": "<@UCKRZS3DZ> has joined the channel"
    },
    {
        "user": "UF5PAGQQ4",
        "type": "message",
        "subtype": "channel_join",
        "ts": "1548675461.001000",
        "text": "<@UF5PAGQQ4> has joined the channel"
    },
    {
        "user": "UAL7940NM",
        "type": "message",
        "subtype": "channel_join",
        "ts": "1548676374.001300",
        "text": "<@UAL7940NM> has joined the channel"
    },
    {
        "user": "UFD2JRE58",
        "type": "message",
        "subtype": "channel_join",
        "ts": "1548676530.001600",
        "text": "<@UFD2JRE58> has joined the channel"
    },
    {
        "user": "UF3V37GCE",
        "type": "message",
        "subtype": "channel_join",
        "ts": "1548676992.001900",
        "text": "<@UF3V37GCE> has joined the channel"
    },
    {
        "user": "UAZT04VT4",
        "type": "message",
        "subtype": "channel_join",
        "ts": "1548677867.002200",
        "text": "<@UAZT04VT4> has joined the channel"
    },
    {
        "user": "UF06DRY1X",
        "type": "message",
        "subtype": "channel_join",
        "ts": "1548679763.002500",
        "text": "<@UF06DRY1X> has joined the channel"
    },
    {
        "user": "UEGFXUK3M",
        "type": "message",
        "subtype": "channel_join",
        "ts": "1548682474.002800",
        "text": "<@UEGFXUK3M> has joined the channel"
    },
    {
        "user": "UFFHBL3PU",
        "type": "message",
        "subtype": "channel_join",
        "ts": "1548693172.003100",
        "text": "<@UFFHBL3PU> has joined the channel"
    },
    {
        "user": "UD43R8ZFV",
        "type": "message",
        "subtype": "channel_join",
        "ts": "1548694680.003400",
        "text": "<@UD43R8ZFV> has joined the channel"
    },
    {
        "user": "UF0770MK2",
        "type": "message",
        "subtype": "channel_join",
        "ts": "1548703300.003700",
        "text": "<@UF0770MK2> has joined the channel"
    },
    {
        "user": "UD3AK9JRF",
        "type": "message",
        "subtype": "channel_join",
        "ts": "1548722110.000200",
        "text": "<@UD3AK9JRF> has joined the channel"
    }
]