[
    {
        "client_msg_id": "ccbac6a2-906e-4bdc-ab09-af6bce93b165",
        "type": "message",
        "text": "Enjoyed my first 1-on-1, good idea <@U5TCAFTD3>!",
        "user": "UEGFXUK3M",
        "ts": "1549301545.000300",
        "thread_ts": "1549301545.000300",
        "reply_count": 1,
        "reply_users_count": 1,
        "latest_reply": "1549303323.000400",
        "reply_users": [
            "U5TCAFTD3"
        ],
        "replies": [
            {
                "user": "U5TCAFTD3",
                "ts": "1549303323.000400"
            }
        ]
    },
    {
        "client_msg_id": "b72dc361-c051-4568-bc3a-cacda4ca015a",
        "type": "message",
        "text": "Glad to hear it! Credit for the idea goes to <@UAL7940NM> <@U85MWBKEY> and <@UDJ8A6RNH> ",
        "user": "U5TCAFTD3",
        "ts": "1549303323.000400",
        "thread_ts": "1549301545.000300",
        "parent_user_id": "UEGFXUK3M",
        "reactions": [
            {
                "name": "clap",
                "users": [
                    "UEGFXUK3M"
                ],
                "count": 1
            }
        ]
    },
    {
        "user": "UDJ8A6RNH",
        "type": "message",
        "subtype": "channel_join",
        "ts": "1549303326.000700",
        "text": "<@UDJ8A6RNH> has joined the channel",
        "inviter": "U5TCAFTD3"
    }
]