[
    {
        "client_msg_id": "a91be1a2-e391-43bb-bf49-2bea7b00a066",
        "type": "message",
        "text": "Nice idea taking notes!",
        "user": "UEGFXUK3M",
        "ts": "1549722611.000300",
        "thread_ts": "1549657278.003600",
        "parent_user_id": "UD43R8ZFV"
    },
    {
        "client_msg_id": "945bc05a-1e2f-4b10-9926-b6398d6ed67f",
        "type": "message",
        "text": "Thanks for sharing",
        "user": "UEGFXUK3M",
        "ts": "1549722614.000500",
        "thread_ts": "1549657278.003600",
        "parent_user_id": "UD43R8ZFV"
    }
]