[
    {
        "type": "message",
        "text": "<@UF0770MK2> and I had a great 1-on-1. Here are the notes: <https:\/\/docs.google.com\/document\/d\/1LKdECggeViF9nrC0U0OIdiedMsO6hTOn7YitUsJd8jo\/edit>",
        "files": [
            {
                "id": "FG26Z0GRH",
                "created": 1549655770,
                "timestamp": 1549655770,
                "name": "Future of Coding 1-on-1 : 2019-02-07 : Grant and Tim",
                "title": "Future of Coding 1-on-1 : 2019-02-07 : Grant and Tim",
                "mimetype": "application\/vnd.google-apps.document",
                "filetype": "gdoc",
                "pretty_type": "GSuite Document",
                "user": "UD43R8ZFV",
                "editable": false,
                "size": 3841,
                "mode": "external",
                "is_external": true,
                "external_type": "gdrive",
                "is_public": true,
                "public_url_shared": false,
                "display_as_bot": false,
                "username": "",
                "url_private": "https:\/\/docs.google.com\/document\/d\/1LKdECggeViF9nrC0U0OIdiedMsO6hTOn7YitUsJd8jo\/edit?usp=drivesdk",
                "thumb_64": "https:\/\/files.slack.com\/files-tmb\/T5TCAFTA9-FG26Z0GRH-7557d5eff5\/future_of_coding_1-on-1___2019-02-07___grant_and_tim_64.png?t=xoxe-197418537349-653683177169-653683177233-23343e578426a323e5fb905bbe2173fe",
                "thumb_80": "https:\/\/files.slack.com\/files-tmb\/T5TCAFTA9-FG26Z0GRH-7557d5eff5\/future_of_coding_1-on-1___2019-02-07___grant_and_tim_80.png?t=xoxe-197418537349-653683177169-653683177233-23343e578426a323e5fb905bbe2173fe",
                "thumb_360": "https:\/\/files.slack.com\/files-tmb\/T5TCAFTA9-FG26Z0GRH-7557d5eff5\/future_of_coding_1-on-1___2019-02-07___grant_and_tim_360.png?t=xoxe-197418537349-653683177169-653683177233-23343e578426a323e5fb905bbe2173fe",
                "thumb_360_w": 279,
                "thumb_360_h": 360,
                "thumb_480": "https:\/\/files.slack.com\/files-tmb\/T5TCAFTA9-FG26Z0GRH-7557d5eff5\/future_of_coding_1-on-1___2019-02-07___grant_and_tim_480.png?t=xoxe-197418537349-653683177169-653683177233-23343e578426a323e5fb905bbe2173fe",
                "thumb_480_w": 371,
                "thumb_480_h": 480,
                "thumb_160": "https:\/\/files.slack.com\/files-tmb\/T5TCAFTA9-FG26Z0GRH-7557d5eff5\/future_of_coding_1-on-1___2019-02-07___grant_and_tim_160.png?t=xoxe-197418537349-653683177169-653683177233-23343e578426a323e5fb905bbe2173fe",
                "thumb_720": "https:\/\/files.slack.com\/files-tmb\/T5TCAFTA9-FG26Z0GRH-7557d5eff5\/future_of_coding_1-on-1___2019-02-07___grant_and_tim_720.png?t=xoxe-197418537349-653683177169-653683177233-23343e578426a323e5fb905bbe2173fe",
                "thumb_720_w": 557,
                "thumb_720_h": 720,
                "thumb_800": "https:\/\/files.slack.com\/files-tmb\/T5TCAFTA9-FG26Z0GRH-7557d5eff5\/future_of_coding_1-on-1___2019-02-07___grant_and_tim_800.png?t=xoxe-197418537349-653683177169-653683177233-23343e578426a323e5fb905bbe2173fe",
                "thumb_800_w": 800,
                "thumb_800_h": 1034,
                "thumb_960": "https:\/\/files.slack.com\/files-tmb\/T5TCAFTA9-FG26Z0GRH-7557d5eff5\/future_of_coding_1-on-1___2019-02-07___grant_and_tim_960.png?t=xoxe-197418537349-653683177169-653683177233-23343e578426a323e5fb905bbe2173fe",
                "thumb_960_w": 743,
                "thumb_960_h": 960,
                "thumb_1024": "https:\/\/files.slack.com\/files-tmb\/T5TCAFTA9-FG26Z0GRH-7557d5eff5\/future_of_coding_1-on-1___2019-02-07___grant_and_tim_1024.png?t=xoxe-197418537349-653683177169-653683177233-23343e578426a323e5fb905bbe2173fe",
                "thumb_1024_w": 792,
                "thumb_1024_h": 1024,
                "image_exif_rotation": 1,
                "original_w": 800,
                "original_h": 1034,
                "permalink": "https:\/\/futureofcoding.slack.com\/files\/UD43R8ZFV\/FG26Z0GRH\/future_of_coding_1-on-1___2019-02-07___grant_and_tim",
                "external_id": "1LKdECggeViF9nrC0U0OIdiedMsO6hTOn7YitUsJd8jo",
                "external_url": "https:\/\/docs.google.com\/document\/d\/1LKdECggeViF9nrC0U0OIdiedMsO6hTOn7YitUsJd8jo\/edit?usp=drivesdk",
                "has_rich_preview": true
            }
        ],
        "upload": false,
        "user": "UD43R8ZFV",
        "display_as_bot": false,
        "x_files": [
            "FG26Z0GRH"
        ],
        "ts": "1549657278.003600",
        "client_msg_id": "d29240e9-99a1-4c48-942e-6c90402fe41d",
        "thread_ts": "1549657278.003600",
        "reply_count": 2,
        "reply_users_count": 1,
        "latest_reply": "1549722614.000500",
        "reply_users": [
            "UEGFXUK3M"
        ],
        "replies": [
            {
                "user": "UEGFXUK3M",
                "ts": "1549722611.000300"
            },
            {
                "user": "UEGFXUK3M",
                "ts": "1549722614.000500"
            }
        ]
    }
]