[
    {
        "bot_id": "BFQHW0L6Q",
        "type": "message",
        "text": ":wave: Hey everyone! I've got some fresh Donut stats for you!",
        "user": "UFQ0XSFH6",
        "ts": "1554282022.000200",
        "attachments": [
            {
                "text": "Congratulations to the *9* groups who met from the last round of Donut pairings!\n\nThat's *64%* of the *14* intros made.",
                "title": ":tada::doughnut:",
                "id": 1,
                "color": "7F50FF",
                "mrkdwn_in": [
                    "text"
                ],
                "fallback": ":tada::doughnut:"
            },
            {
                "text": "You're doing *great*! Donut ever change!",
                "id": 2,
                "mrkdwn_in": [
                    "text"
                ],
                "fallback": "You're doing *great*! Donut ever change!"
            },
            {
                "text": "<http:\/\/bit.ly\/2OsTUqO|View more detailed stats in the Reporting Dashboard →>",
                "id": 3,
                "mrkdwn_in": [
                    "text"
                ],
                "fallback": "<http:\/\/bit.ly\/2OsTUqO|View more detailed stats in the Reporting Dashboard →>"
            }
        ]
    }
]