[
    {
        "bot_id": "BFQHW0L6Q",
        "type": "message",
        "text": ":wave: Hey everyone! I've got some fresh Donut stats for you!",
        "user": "UFQ0XSFH6",
        "ts": "1551866416.001200",
        "attachments": [
            {
                "text": "Congratulations to the *7* groups who met from the last round of Donut pairings!\n\nThat's *78%* of the *9* intros made.",
                "title": ":tada::doughnut:",
                "id": 1,
                "color": "7F50FF",
                "mrkdwn_in": [
                    "text"
                ],
                "fallback": ":tada::doughnut:"
            },
            {
                "text": "You're doing *great*! Donut ever change!",
                "id": 2,
                "mrkdwn_in": [
                    "text"
                ],
                "fallback": "You're doing *great*! Donut ever change!"
            }
        ]
    }
]