[
    {
        "bot_id": "BFQHW0L6Q",
        "type": "message",
        "text": ":wave: Hey everyone! I've got some fresh Donut stats for you!",
        "user": "UFQ0XSFH6",
        "ts": "1556701208.000100",
        "attachments": [
            {
                "text": "Congratulations to the *4* groups who met from the last round of Donut pairings!\n\nThat's *29%* of the *14* intros made.",
                "title": ":tada::doughnut:",
                "id": 1,
                "color": "7F50FF",
                "mrkdwn_in": [
                    "text"
                ],
                "fallback": ":tada::doughnut:"
            },
            {
                "text": "Can you get to *100%*? Be a great Donut buddy this round and find out!",
                "id": 2,
                "mrkdwn_in": [
                    "text"
                ],
                "fallback": "Can you get to *100%*? Be a great Donut buddy this round and find out!"
            },
            {
                "text": "<http:\/\/bit.ly\/2J05pFh|View more detailed stats in the Reporting Dashboard →>",
                "id": 3,
                "mrkdwn_in": [
                    "text"
                ],
                "fallback": "<http:\/\/bit.ly\/2J05pFh|View more detailed stats in the Reporting Dashboard →>"
            }
        ]
    }
]