[
    {
        "user": "U85MWBKEY",
        "type": "message",
        "subtype": "channel_join",
        "ts": "1548991353.000500",
        "text": "<@U85MWBKEY> has joined the channel"
    },
    {
        "client_msg_id": "7983204D-62DB-44A9-8F33-538BC258CCE6",
        "type": "message",
        "text": "This is so cool! Thanks for giving it a try Steve",
        "user": "U85MWBKEY",
        "ts": "1548991377.001000",
        "reactions": [
            {
                "name": "heart",
                "users": [
                    "U5TCAFTD3"
                ],
                "count": 1
            }
        ]
    },
    {
        "user": "UFMD4TQMD",
        "type": "message",
        "subtype": "channel_join",
        "ts": "1548996094.001200",
        "text": "<@UFMD4TQMD> has joined the channel"
    }
]