[
    {
        "type": "message",
        "text": "london FoC dinner #2!",
        "files": [
            {
                "id": "FEJ66N17D",
                "created": 1543868210,
                "timestamp": 1543868210,
                "name": "fop-dinner.jpg",
                "title": "fop-dinner.jpg",
                "mimetype": "image\/jpeg",
                "filetype": "jpg",
                "pretty_type": "JPEG",
                "user": "UCQ4BBFQ9",
                "editable": false,
                "size": 2875318,
                "mode": "hosted",
                "is_external": false,
                "external_type": "",
                "is_public": true,
                "public_url_shared": false,
                "display_as_bot": false,
                "username": "",
                "url_private": "https:\/\/files.slack.com\/files-pri\/T5TCAFTA9-FEJ66N17D\/fop-dinner.jpg?t=xoxe-197418537349-653683177169-653683177233-23343e578426a323e5fb905bbe2173fe",
                "url_private_download": "https:\/\/files.slack.com\/files-pri\/T5TCAFTA9-FEJ66N17D\/download\/fop-dinner.jpg?t=xoxe-197418537349-653683177169-653683177233-23343e578426a323e5fb905bbe2173fe",
                "thumb_64": "https:\/\/files.slack.com\/files-tmb\/T5TCAFTA9-FEJ66N17D-9cb337d8e0\/fop-dinner_64.jpg?t=xoxe-197418537349-653683177169-653683177233-23343e578426a323e5fb905bbe2173fe",
                "thumb_80": "https:\/\/files.slack.com\/files-tmb\/T5TCAFTA9-FEJ66N17D-9cb337d8e0\/fop-dinner_80.jpg?t=xoxe-197418537349-653683177169-653683177233-23343e578426a323e5fb905bbe2173fe",
                "thumb_360": "https:\/\/files.slack.com\/files-tmb\/T5TCAFTA9-FEJ66N17D-9cb337d8e0\/fop-dinner_360.jpg?t=xoxe-197418537349-653683177169-653683177233-23343e578426a323e5fb905bbe2173fe",
                "thumb_360_w": 360,
                "thumb_360_h": 203,
                "thumb_480": "https:\/\/files.slack.com\/files-tmb\/T5TCAFTA9-FEJ66N17D-9cb337d8e0\/fop-dinner_480.jpg?t=xoxe-197418537349-653683177169-653683177233-23343e578426a323e5fb905bbe2173fe",
                "thumb_480_w": 480,
                "thumb_480_h": 270,
                "thumb_160": "https:\/\/files.slack.com\/files-tmb\/T5TCAFTA9-FEJ66N17D-9cb337d8e0\/fop-dinner_160.jpg?t=xoxe-197418537349-653683177169-653683177233-23343e578426a323e5fb905bbe2173fe",
                "thumb_720": "https:\/\/files.slack.com\/files-tmb\/T5TCAFTA9-FEJ66N17D-9cb337d8e0\/fop-dinner_720.jpg?t=xoxe-197418537349-653683177169-653683177233-23343e578426a323e5fb905bbe2173fe",
                "thumb_720_w": 720,
                "thumb_720_h": 405,
                "thumb_800": "https:\/\/files.slack.com\/files-tmb\/T5TCAFTA9-FEJ66N17D-9cb337d8e0\/fop-dinner_800.jpg?t=xoxe-197418537349-653683177169-653683177233-23343e578426a323e5fb905bbe2173fe",
                "thumb_800_w": 800,
                "thumb_800_h": 450,
                "thumb_960": "https:\/\/files.slack.com\/files-tmb\/T5TCAFTA9-FEJ66N17D-9cb337d8e0\/fop-dinner_960.jpg?t=xoxe-197418537349-653683177169-653683177233-23343e578426a323e5fb905bbe2173fe",
                "thumb_960_w": 960,
                "thumb_960_h": 540,
                "thumb_1024": "https:\/\/files.slack.com\/files-tmb\/T5TCAFTA9-FEJ66N17D-9cb337d8e0\/fop-dinner_1024.jpg?t=xoxe-197418537349-653683177169-653683177233-23343e578426a323e5fb905bbe2173fe",
                "thumb_1024_w": 1024,
                "thumb_1024_h": 576,
                "image_exif_rotation": 1,
                "original_w": 4128,
                "original_h": 2322,
                "permalink": "https:\/\/futureofcoding.slack.com\/files\/UCQ4BBFQ9\/FEJ66N17D\/fop-dinner.jpg",
                "permalink_public": "https:\/\/slack-files.com\/T5TCAFTA9-FEJ66N17D-672180715c",
                "has_rich_preview": false
            }
        ],
        "upload": true,
        "user": "UCQ4BBFQ9",
        "display_as_bot": false,
        "ts": "1543868216.011000",
        "thread_ts": "1543496995.000800",
        "parent_user_id": "U5TCAFTD3",
        "reactions": [
            {
                "name": "tada",
                "users": [
                    "U5TCAFTD3"
                ],
                "count": 1
            }
        ]
    }
]