[
    {
        "client_msg_id": "14d2153c-cf9e-455f-84c1-54f8951242c0",
        "type": "message",
        "text": "Sometime in Jan or Feb probably. It was a bunch more work to organize than I was expecting",
        "user": "U5TCAFTD3",
        "ts": "1543577916.000600"
    },
    {
        "user": "UEH6CUPD5",
        "type": "message",
        "subtype": "channel_join",
        "ts": "1543578028.000800",
        "text": "<@UEH6CUPD5> has joined the channel",
        "reactions": [
            {
                "name": "wave",
                "users": [
                    "UDJ2TKB99",
                    "UEF95M2RH",
                    "U5TCAFTD3",
                    "U5STGTB3J"
                ],
                "count": 4
            }
        ]
    },
    {
        "user": "UEH6T3RJB",
        "type": "message",
        "subtype": "channel_join",
        "ts": "1543579204.001000",
        "text": "<@UEH6T3RJB> has joined the channel"
    },
    {
        "client_msg_id": "6e7551e3-4d08-4dd5-8a0f-21503fac87b2",
        "type": "message",
        "text": "Well we could announce a pub and a time here for a more random informal Christmas meetup?",
        "user": "UE6EFEPTQ",
        "ts": "1543599507.002700"
    },
    {
        "client_msg_id": "4ae6ee9b-5972-41bd-9dad-1553da25b582",
        "type": "message",
        "text": "Go for it!",
        "user": "U5TCAFTD3",
        "ts": "1543606606.003200"
    },
    {
        "client_msg_id": "a0cc01de-6121-4622-9d51-3d6d1d1b6a42",
        "type": "message",
        "text": "Old Bank of England? Very central, quite big",
        "user": "UE6EFEPTQ",
        "ts": "1543611165.004100"
    },
    {
        "client_msg_id": "15a81450-f378-4bfe-bc60-dafd0b3e8e9b",
        "type": "message",
        "text": "Fuller's! ",
        "user": "UE6EFEPTQ",
        "ts": "1543611199.004400"
    },
    {
        "client_msg_id": "789ac5db-40d7-4aa0-8b48-8531f41ba810",
        "type": "message",
        "text": "Monday or Tuesday cos it'll be less busy coming up to Christmas",
        "user": "UE6EFEPTQ",
        "ts": "1543611229.005100"
    },
    {
        "client_msg_id": "f005a646-31bf-46bc-96c0-4282b4eb3fd1",
        "type": "message",
        "text": "7pm to avoid the post work crowd",
        "user": "UE6EFEPTQ",
        "ts": "1543611248.005500"
    },
    {
        "client_msg_id": "5f384f12-1863-49e2-a27c-bc9890abeca2",
        "type": "message",
        "text": "Now we just need a date!",
        "user": "UE6EFEPTQ",
        "ts": "1543611268.005800"
    },
    {
        "client_msg_id": "e9262b2e-152a-4ae9-9311-b35ab23949a2",
        "type": "message",
        "text": "10, 11, 17, 18 Dec I guess, so it's near Christmas",
        "user": "UE6EFEPTQ",
        "ts": "1543611314.006500"
    },
    {
        "client_msg_id": "fca5727d-0cb4-43f5-9638-bb2974815934",
        "type": "message",
        "text": "Probably 10, 11 cos many people leave town the week before Christmas",
        "user": "UE6EFEPTQ",
        "ts": "1543611376.007300"
    },
    {
        "type": "message",
        "text": "\/poll \"Which day?\" \"10\" \"11\"",
        "user": "UE6EFEPTQ",
        "ts": "1543611669.008000"
    },
    {
        "type": "message",
        "subtype": "bot_message",
        "text": "",
        "ts": "1543611669.008100",
        "bot_id": "B7205UT0R",
        "attachments": [
            {
                "fallback": "Open Slack to cast your vote in this Simple Poll",
                "title": "Which day?",
                "id": 1,
                "color": "6ecadc",
                "fields": [
                    {
                        "title": "",
                        "value": ":one: 10    `4`\n<@UE6EFEPTQ>, <@U5TCAFTD3>, <@UDJ2TKB99>, <@U5UN1ED7A>\n\n",
                        "short": false
                    },
                    {
                        "title": "",
                        "value": ":two: 11    `4`\n<@U5STGTB3J>, <@UE6EFEPTQ>, <@UDJ2TKB99>, <@U5UN1ED7A>\n\n",
                        "short": false
                    }
                ],
                "mrkdwn_in": [
                    "fields"
                ]
            },
            {
                "callback_id": "1827e018-a3ce-4911-9c25-f7f6b2fc4862",
                "fallback": "Open Slack to cast your vote in this Simple Poll",
                "id": 2,
                "color": "6ecadc",
                "actions": [
                    {
                        "id": "1",
                        "name": "vote",
                        "text": ":one:",
                        "type": "button",
                        "value": "1",
                        "style": ""
                    },
                    {
                        "id": "2",
                        "name": "vote",
                        "text": ":two:",
                        "type": "button",
                        "value": "2",
                        "style": ""
                    },
                    {
                        "id": "3",
                        "name": "delete-v2",
                        "text": "Delete Poll",
                        "type": "button",
                        "value": "",
                        "style": "danger",
                        "confirm": {
                            "text": "Are you sure you want to delete the Poll?",
                            "title": "Delete Poll?",
                            "ok_text": "Yes",
                            "dismiss_text": "No"
                        }
                    }
                ]
            },
            {
                "callback_id": "1827e018-a3ce-4911-9c25-f7f6b2fc4862",
                "fallback": "Open Slack to cast your vote in this Simple Poll",
                "footer": "Simple Poll        <https:\/\/simplepoll.rocks\/dashboard\/futureprogramming\/settings\/|Edit Settings>",
                "id": 3,
                "footer_icon": "https:\/\/simplepoll.rocks\/static\/main\/favicon.png",
                "color": "6ecadc"
            }
        ]
    }
]