[
    {
        "client_msg_id": "97150103-6bb3-4022-ac6e-b559f7dc2ac6",
        "type": "message",
        "text": "If we get enough we could book here: <https:\/\/www.oldbankofengland.co.uk\/christmas>",
        "user": "UE6EFEPTQ",
        "ts": "1543674465.010200",
        "attachments": [
            {
                "title": "The Old Bank of England - Fuller's Pub and Restaurant London",
                "title_link": "https:\/\/www.oldbankofengland.co.uk\/christmas",
                "text": "Give us a call, drop us an email, or simply pop in to book a table or party at The Old Bank of England",
                "fallback": "The Old Bank of England - Fuller's Pub and Restaurant London",
                "from_url": "https:\/\/www.oldbankofengland.co.uk\/christmas",
                "thumb_url": "https:\/\/www.oldbankofengland.co.uk\/-\/media\/mainsite\/fullers.png",
                "thumb_width": 158,
                "thumb_height": 100,
                "service_icon": "https:\/\/www.oldbankofengland.co.uk\/favicon.ico",
                "service_name": "oldbankofengland.co.uk",
                "id": 1,
                "original_url": "https:\/\/www.oldbankofengland.co.uk\/christmas"
            }
        ]
    }
]