[
    {
        "client_msg_id": "8F11BF91-F909-4DAB-9B01-FB9C256889CE",
        "type": "message",
        "text": "bummed I missed the first London meet-up but happy that I found his channel and I’ll defo come to the next one!",
        "user": "UAU0KCMGB",
        "ts": "1545945210.001500",
        "reactions": [
            {
                "name": "+1",
                "users": [
                    "U5TCAFTD3"
                ],
                "count": 1
            }
        ]
    }
]