[
    {
        "user": "U5TCAFTD3",
        "type": "message",
        "subtype": "channel_join",
        "ts": "1538565234.000200",
        "text": "<@U5TCAFTD3> has joined the channel"
    },
    {
        "user": "U5STGTB3J",
        "type": "message",
        "subtype": "channel_join",
        "ts": "1538575542.000200",
        "text": "<@U5STGTB3J> has joined the channel",
        "inviter": "U5TCAFTD3"
    },
    {
        "client_msg_id": "06db5371-fb6d-4af1-97ac-0ed071328d00",
        "type": "message",
        "text": "I just arrived in London so hoping to organize a meetup sometime soon :slightly_smiling_face:",
        "user": "U5TCAFTD3",
        "ts": "1538575566.000100"
    },
    {
        "user": "UCQ4BBFQ9",
        "type": "message",
        "subtype": "channel_join",
        "ts": "1538575591.000200",
        "text": "<@UCQ4BBFQ9> has joined the channel",
        "inviter": "U5TCAFTD3"
    },
    {
        "user": "UCS1K3QTH",
        "type": "message",
        "subtype": "channel_join",
        "ts": "1538575591.000400",
        "text": "<@UCS1K3QTH> has joined the channel",
        "inviter": "U5TCAFTD3"
    },
    {
        "user": "U9F8M41AM",
        "type": "message",
        "subtype": "channel_join",
        "ts": "1538575591.000600",
        "text": "<@U9F8M41AM> has joined the channel",
        "inviter": "U5TCAFTD3"
    },
    {
        "user": "U6KQ2S410",
        "type": "message",
        "subtype": "channel_join",
        "ts": "1538589298.000200",
        "text": "<@U6KQ2S410> has joined the channel"
    },
    {
        "client_msg_id": "6D2C8074-F5B5-412C-B816-3DEAB01E9700",
        "type": "message",
        "text": "<@U5TCAFTD3> Yep, I’m in. Also in helping you setting it up. There are some typical meet-up location options I can tell you about. Maybe we should meet for a coffee soon and spend an afternoon talking about that?",
        "user": "U5STGTB3J",
        "ts": "1538627871.000100",
        "thread_ts": "1538627871.000100",
        "reply_count": 1,
        "reply_users_count": 1,
        "latest_reply": "1539194115.000100",
        "reply_users": [
            "U5UN1ED7A"
        ],
        "replies": [
            {
                "user": "U5UN1ED7A",
                "ts": "1539194115.000100"
            }
        ],
        "reactions": [
            {
                "name": "+1",
                "users": [
                    "U5TCAFTD3"
                ],
                "count": 1
            }
        ]
    }
]