[
    {
        "client_msg_id": "0f1e94ae-5a77-463f-830e-0f58e6c3f807",
        "type": "message",
        "text": "Well the Future Programming Christmas Party Poll was inconclusive and poorly responded to, so unless there's a clamour, I guess we'll leave it up to <@U5TCAFTD3> to organise the next gathering in the new year.. :smile:",
        "user": "UE6EFEPTQ",
        "ts": "1544438164.024700"
    },
    {
        "client_msg_id": "38E0708C-CE33-4377-87B6-C9B32BA652F2",
        "type": "message",
        "text": "Oh my! Better neutralize this experience quickly with some quotes from people who knew him better:\n<https:\/\/www.wired.com\/story\/how-doug-engelbart-pulled-off-the-mother-of-all-demos\/>",
        "user": "U5STGTB3J",
        "ts": "1544438851.026100",
        "attachments": [
            {
                "service_name": "WIRED",
                "title": "How Doug Engelbart Pulled off the Mother of All Demos",
                "title_link": "https:\/\/www.wired.com\/story\/how-doug-engelbart-pulled-off-the-mother-of-all-demos\/",
                "text": "In this excerpt from Valley of Genius, author Adam Fisher sketches how Doug Engelbart came up with many of the ideas of modern computing.",
                "fallback": "WIRED: How Doug Engelbart Pulled off the Mother of All Demos",
                "image_url": "https:\/\/media.wired.com\/photos\/5c0b25164b774b39cde4063f\/2:1\/w_2500,c_limit\/First-Mouse-h_14392708.jpg",
                "image_width": 500,
                "image_height": 250,
                "from_url": "https:\/\/www.wired.com\/story\/how-doug-engelbart-pulled-off-the-mother-of-all-demos\/",
                "image_bytes": 241194,
                "service_icon": "https:\/\/www.wired.com\/favicon.ico",
                "id": 1,
                "original_url": "https:\/\/www.wired.com\/story\/how-doug-engelbart-pulled-off-the-mother-of-all-demos\/"
            }
        ],
        "thread_ts": "1544263458.012800",
        "parent_user_id": "UEGFXUK3M"
    },
    {
        "client_msg_id": "cd7ab2e8-3942-498e-a0d1-9f86206cfaa2",
        "type": "message",
        "text": "my christmas calendar is pretty packed, new year would be easier. Also, I’d definitely recommend the “just book a table at a pub” approach, a lot less effort :slightly_smiling_face:",
        "user": "UBRS4E6B1",
        "ts": "1544442406.026900"
    },
    {
        "client_msg_id": "D1E6B0DC-AC7C-44C1-B6DF-2D2F24E6F42F",
        "type": "message",
        "text": "Haha, thanks <@U5STGTB3J>! :smile:",
        "user": "UEGFXUK3M",
        "ts": "1544442448.027400",
        "thread_ts": "1544263458.012800",
        "parent_user_id": "UEGFXUK3M"
    },
    {
        "client_msg_id": "eb90f39a-542e-4144-9b00-6e754bd9555f",
        "type": "message",
        "text": ":thumbsup: will give that a try next year",
        "user": "U5TCAFTD3",
        "ts": "1544442473.027800"
    },
    {
        "client_msg_id": "33c512ad-225e-4c35-a3a1-5421d67e95ce",
        "type": "message",
        "text": "I'm heading to this meetup on Thursday. I've never been before but it sounds fun to collaborate on a Haskell project <https:\/\/www.meetup.com\/hoodlums\/events\/hrbdtnyxqbrb\/>",
        "user": "U5TCAFTD3",
        "ts": "1544442643.028600",
        "attachments": [
            {
                "service_name": "Meetup",
                "title": "Hoodlums Meetup",
                "title_link": "https:\/\/www.meetup.com\/hoodlums\/events\/hrbdtnyxqbrb\/",
                "text": "Thu, Dec 13, 2018, 6:30 PM: Hoodlums meetups follow a \"Coding Dojo\" style - we pick an interesting problem and solve it as a group. Bring a laptop. We have WiFi and a projector... and when we're done",
                "fallback": "Meetup: Hoodlums Meetup",
                "image_url": "https:\/\/secure.meetupstatic.com\/photos\/event\/b\/c\/8\/e\/600_17388270.jpeg",
                "from_url": "https:\/\/www.meetup.com\/hoodlums\/events\/hrbdtnyxqbrb\/",
                "image_width": 250,
                "image_height": 250,
                "image_bytes": 10125,
                "service_icon": "https:\/\/www.meetup.com\/mu_static\/en-US\/m_swarm_120x120.4f86abc9.png",
                "id": 1,
                "original_url": "https:\/\/www.meetup.com\/hoodlums\/events\/hrbdtnyxqbrb\/"
            }
        ]
    }
]