[
    {
        "client_msg_id": "E3B741B9-8A9E-47B2-B495-CA4502869A6B",
        "type": "message",
        "text": "Need to let off some steam here rather than in public. A journalist on the panel discussing MOAD: “engineers can’t do philosophy”, DE “was not a great thinker”, said DE’s use of the term bootstrapping was vague. I had to interject and describe his ABC Bootstrapping framework as an example. This guy clearly hasn’t read a single thing written by DE and has only watched the video. Yet sitting here criticising the idea of the demo. How can such a high level event and institution parade such ignorance? Not that DE is some sort of angel but at least have a panel with relevant expertise not mouthing off!",
        "user": "UEGFXUK3M",
        "ts": "1544358132.021500",
        "thread_ts": "1544263458.012800",
        "parent_user_id": "UEGFXUK3M"
    },
    {
        "client_msg_id": "9342B440-248C-411E-A30D-92695FC0EFB5",
        "type": "message",
        "text": ":face_with_symbols_on_mouth::face_with_symbols_on_mouth::face_with_symbols_on_mouth:",
        "user": "UEGFXUK3M",
        "ts": "1544358167.021800",
        "thread_ts": "1544263458.012800",
        "parent_user_id": "UEGFXUK3M"
    },
    {
        "client_msg_id": "27C281B7-D1D0-4ECE-B21E-ECB2F51F47DB",
        "type": "message",
        "text": "Assuming DE was a solutionist who did not acknowledge the limitations of technology in solving societal problems etc. ",
        "user": "UEGFXUK3M",
        "ts": "1544358307.023200",
        "thread_ts": "1544263458.012800",
        "parent_user_id": "UEGFXUK3M"
    }
]