[
    {
        "client_msg_id": "da50b811-21f6-4a09-8ed4-62c0fe6c0743",
        "type": "message",
        "text": "Thanks to y'all who came out last night! It was a blast :tada:\n\n<@UDPV407CZ> <@U5STGTB3J> <@UCQ4BBFQ9> <@UCSJ44X1S> <@UDJ2TKB99> <@UBRS4E6B1> <@U71PMQ1V0> <@UD72R4WTU>",
        "user": "U5TCAFTD3",
        "ts": "1543496965.000700",
        "edited": {
            "user": "U5TCAFTD3",
            "ts": "1543497766.000000"
        },
        "reactions": [
            {
                "name": "+1",
                "users": [
                    "UDJ2TKB99",
                    "U6KQ2S410",
                    "UDPV407CZ"
                ],
                "count": 3
            }
        ]
    },
    {
        "type": "message",
        "text": "london FoC dinner #1",
        "files": [
            {
                "id": "FEEC7QL48",
                "created": 1543496987,
                "timestamp": 1543496987,
                "name": "image.png",
                "title": "Pasted image at 2018-11-29, 1:09 PM",
                "mimetype": "image\/png",
                "filetype": "png",
                "pretty_type": "PNG",
                "user": "U5TCAFTD3",
                "editable": false,
                "size": 1815945,
                "mode": "hosted",
                "is_external": false,
                "external_type": "",
                "is_public": true,
                "public_url_shared": false,
                "display_as_bot": false,
                "username": "",
                "url_private": "https:\/\/files.slack.com\/files-pri\/T5TCAFTA9-FEEC7QL48\/image.png?t=xoxe-197418537349-653683177169-653683177233-23343e578426a323e5fb905bbe2173fe",
                "url_private_download": "https:\/\/files.slack.com\/files-pri\/T5TCAFTA9-FEEC7QL48\/download\/image.png?t=xoxe-197418537349-653683177169-653683177233-23343e578426a323e5fb905bbe2173fe",
                "thumb_64": "https:\/\/files.slack.com\/files-tmb\/T5TCAFTA9-FEEC7QL48-4c9a8856c5\/image_64.png?t=xoxe-197418537349-653683177169-653683177233-23343e578426a323e5fb905bbe2173fe",
                "thumb_80": "https:\/\/files.slack.com\/files-tmb\/T5TCAFTA9-FEEC7QL48-4c9a8856c5\/image_80.png?t=xoxe-197418537349-653683177169-653683177233-23343e578426a323e5fb905bbe2173fe",
                "thumb_360": "https:\/\/files.slack.com\/files-tmb\/T5TCAFTA9-FEEC7QL48-4c9a8856c5\/image_360.png?t=xoxe-197418537349-653683177169-653683177233-23343e578426a323e5fb905bbe2173fe",
                "thumb_360_w": 270,
                "thumb_360_h": 360,
                "thumb_480": "https:\/\/files.slack.com\/files-tmb\/T5TCAFTA9-FEEC7QL48-4c9a8856c5\/image_480.png?t=xoxe-197418537349-653683177169-653683177233-23343e578426a323e5fb905bbe2173fe",
                "thumb_480_w": 360,
                "thumb_480_h": 480,
                "thumb_160": "https:\/\/files.slack.com\/files-tmb\/T5TCAFTA9-FEEC7QL48-4c9a8856c5\/image_160.png?t=xoxe-197418537349-653683177169-653683177233-23343e578426a323e5fb905bbe2173fe",
                "thumb_720": "https:\/\/files.slack.com\/files-tmb\/T5TCAFTA9-FEEC7QL48-4c9a8856c5\/image_720.png?t=xoxe-197418537349-653683177169-653683177233-23343e578426a323e5fb905bbe2173fe",
                "thumb_720_w": 540,
                "thumb_720_h": 720,
                "thumb_800": "https:\/\/files.slack.com\/files-tmb\/T5TCAFTA9-FEEC7QL48-4c9a8856c5\/image_800.png?t=xoxe-197418537349-653683177169-653683177233-23343e578426a323e5fb905bbe2173fe",
                "thumb_800_w": 800,
                "thumb_800_h": 1067,
                "thumb_960": "https:\/\/files.slack.com\/files-tmb\/T5TCAFTA9-FEEC7QL48-4c9a8856c5\/image_960.png?t=xoxe-197418537349-653683177169-653683177233-23343e578426a323e5fb905bbe2173fe",
                "thumb_960_w": 720,
                "thumb_960_h": 960,
                "thumb_1024": "https:\/\/files.slack.com\/files-tmb\/T5TCAFTA9-FEEC7QL48-4c9a8856c5\/image_1024.png?t=xoxe-197418537349-653683177169-653683177233-23343e578426a323e5fb905bbe2173fe",
                "thumb_1024_w": 768,
                "thumb_1024_h": 1024,
                "image_exif_rotation": 1,
                "original_w": 906,
                "original_h": 1208,
                "permalink": "https:\/\/futureofcoding.slack.com\/files\/U5TCAFTD3\/FEEC7QL48\/image.png",
                "permalink_public": "https:\/\/slack-files.com\/T5TCAFTA9-FEEC7QL48-13a9ac7b9a",
                "has_rich_preview": false
            }
        ],
        "upload": true,
        "user": "U5TCAFTD3",
        "display_as_bot": false,
        "ts": "1543496995.000800",
        "thread_ts": "1543496995.000800",
        "reply_count": 1,
        "reply_users_count": 1,
        "latest_reply": "1543868216.011000",
        "reply_users": [
            "UCQ4BBFQ9"
        ],
        "replies": [
            {
                "user": "UCQ4BBFQ9",
                "ts": "1543868216.011000"
            }
        ]
    },
    {
        "user": "UEF2KDY7M",
        "type": "message",
        "subtype": "channel_join",
        "ts": "1543499783.001700",
        "text": "<@UEF2KDY7M> has joined the channel"
    },
    {
        "user": "UEF95M2RH",
        "type": "message",
        "subtype": "channel_join",
        "ts": "1543511188.002000",
        "text": "<@UEF95M2RH> has joined the channel"
    },
    {
        "user": "UE6EFEPTQ",
        "type": "message",
        "subtype": "channel_join",
        "ts": "1543531990.002200",
        "text": "<@UE6EFEPTQ> has joined the channel"
    },
    {
        "client_msg_id": "c8259ed0-5bc7-4a69-9a2e-0ef1228da200",
        "type": "message",
        "text": "Hi just discovered this channel and I'm properly #fomo about missing the meetup!!",
        "user": "UE6EFEPTQ",
        "ts": "1543532008.002700"
    },
    {
        "client_msg_id": "5821936e-eebc-4827-85e8-a285d2602623",
        "type": "message",
        "text": "when's the next one? :smile:",
        "user": "UE6EFEPTQ",
        "ts": "1543532057.003000"
    },
    {
        "client_msg_id": "b7766237-6711-4b51-a11d-b1f6ce52dd4f",
        "type": "message",
        "text": "Christmas party maybe? :christmas_tree: :mother_christmas::skin-tone-3:",
        "user": "UE6EFEPTQ",
        "ts": "1543532129.003400"
    }
]