[
    {
        "client_msg_id": "6efe72a4-1baf-4d83-be46-fde8534d13f2",
        "type": "message",
        "text": ":fork_and_knife:I'm planning a group dinner for future of programming folks in London for Nov 28th! Time and location TBD.\n\nIf you'd be interested in joining, please add an emoji to this message or comment on it (in its thread) or message me directly <!channel>",
        "user": "U5TCAFTD3",
        "ts": "1540904327.000500",
        "thread_ts": "1540904327.000500",
        "reply_count": 1,
        "reply_users_count": 1,
        "latest_reply": "1542206120.000100",
        "reply_users": [
            "U5TCAFTD3"
        ],
        "replies": [
            {
                "user": "U5TCAFTD3",
                "ts": "1542206120.000100"
            }
        ],
        "reactions": [
            {
                "name": "knife_fork_plate",
                "users": [
                    "UDJ2TKB99",
                    "U5STGTB3J",
                    "UDPV407CZ",
                    "UCQ4BBFQ9",
                    "UDCLA1HU4",
                    "UD72R4WTU"
                ],
                "count": 6
            }
        ]
    },
    {
        "user": "UBRS4E6B1",
        "type": "message",
        "subtype": "channel_join",
        "ts": "1540904557.000700",
        "text": "<@UBRS4E6B1> has joined the channel",
        "inviter": "U5TCAFTD3"
    }
]