[
    {
        "client_msg_id": "fe415b48-0c63-40ec-b362-fa0fe80cddd3",
        "type": "message",
        "text": "Is anyone coming to the Mother of All Demos event at Somerset House tomorrow? <@UBRS4E6B1> will be giving a short talk as part of the program\n\n&gt; A day of talks, performances and workshops marking the 50th anniversary of internet pioneer Douglas Engelbart’s original 1968 presentation of the key elements that would shape modern computing.\n\n<https:\/\/www.somersethouse.org.uk\/whats-on\/mother-all-demos-kassem-mosse-atau-tanaka-ted-hunt>",
        "user": "UEGFXUK3M",
        "ts": "1544263458.012800",
        "attachments": [
            {
                "service_name": "Somerset House",
                "title": "Mother of All Demos: Kassem Mosse, Atau Tanaka &amp; Ted Hunt",
                "title_link": "https:\/\/www.somersethouse.org.uk\/whats-on\/mother-all-demos-kassem-mosse-atau-tanaka-ted-hunt",
                "text": "Marking the 50th anniversary of internet pioneer Douglas Engelbart’s 1968 presentation.",
                "fallback": "Somerset House: Mother of All Demos: Kassem Mosse, Atau Tanaka &amp; Ted Hunt",
                "image_url": "https:\/\/www.somersethouse.org.uk\/sites\/default\/files\/Mother%20of%20all%20Demos.jpg",
                "ts": 1541608662,
                "from_url": "https:\/\/www.somersethouse.org.uk\/whats-on\/mother-all-demos-kassem-mosse-atau-tanaka-ted-hunt",
                "image_width": 556,
                "image_height": 250,
                "image_bytes": 90088,
                "service_icon": "https:\/\/www.somersethouse.org.uk\/sites\/all\/themes\/omega\/omega\/apple-touch-icon.png",
                "id": 1,
                "original_url": "https:\/\/www.somersethouse.org.uk\/whats-on\/mother-all-demos-kassem-mosse-atau-tanaka-ted-hunt"
            }
        ],
        "thread_ts": "1544263458.012800",
        "reply_count": 6,
        "reply_users_count": 2,
        "latest_reply": "1544442448.027400",
        "reply_users": [
            "U5STGTB3J",
            "UEGFXUK3M"
        ],
        "replies": [
            {
                "user": "U5STGTB3J",
                "ts": "1544264012.015000"
            },
            {
                "user": "UEGFXUK3M",
                "ts": "1544358132.021500"
            },
            {
                "user": "UEGFXUK3M",
                "ts": "1544358167.021800"
            },
            {
                "user": "UEGFXUK3M",
                "ts": "1544358307.023200"
            },
            {
                "user": "U5STGTB3J",
                "ts": "1544438851.026100"
            },
            {
                "user": "UEGFXUK3M",
                "ts": "1544442448.027400"
            }
        ]
    },
    {
        "client_msg_id": "9204EBF2-5AE7-4D42-900E-A2E84FC3BF51",
        "type": "message",
        "text": "Dang! That sounds awesome. Can’t believe I didn’t hear about this sooner. Unfortunately I can’t make it tomorrow, but I’ll be all ears for first-hand reports and hopefully some links to videos, if they plan to record and publish them.",
        "user": "U5STGTB3J",
        "ts": "1544264012.015000",
        "thread_ts": "1544263458.012800",
        "parent_user_id": "UEGFXUK3M",
        "reactions": [
            {
                "name": "+1",
                "users": [
                    "UEGFXUK3M"
                ],
                "count": 1
            }
        ]
    }
]