[
    {
        "client_msg_id": "F53AD59B-3A16-4568-BBA9-A52BC243FE67",
        "type": "message",
        "text": "Any of those dates can work for me, and I’m omnivorous (I’ve enjoyed Grab Thai in the past in case it helps crystallize that decision)",
        "user": "UDJ2TKB99",
        "ts": "1550137842.014800",
        "thread_ts": "1550069221.007900",
        "parent_user_id": "U5TCAFTD3"
    },
    {
        "client_msg_id": "b4e4a9e5-033e-420f-b9c3-07659d22db4e",
        "type": "message",
        "text": "I think I can do any of those dates :+1:",
        "user": "UDQBTJ211",
        "ts": "1550164828.015300",
        "thread_ts": "1550069221.007900",
        "parent_user_id": "U5TCAFTD3"
    }
]