[
    {
        "client_msg_id": "ea1db519-725c-40e4-af5b-4cbb8ab2c9cf",
        "type": "message",
        "text": "Ok, I'm going to say no for the 14th, partly because of attendance and because I'd like to host at Monzo which can't do that day...",
        "user": "U5TCAFTD3",
        "ts": "1550069213.007500"
    },
    {
        "client_msg_id": "9d049428-20fe-4746-ab1d-7f273dc60aaf",
        "type": "message",
        "text": "Logistics for the next meetup... I put in *bold* the things I'd particularly like input on <!channel>\n\n1. Location: Monzo's office (35 Wilson St, London EC2A 2ER), courtesy of <@UERML9JUE>\n2. Date: *pick one of: March 4, 5, 11, 12, 13*\n3. Time: 7pm\n4. Food: *pick one of:* <https:\/\/citypantry.com\/menus\/search?postcode=EC2A%201PX&amp;date=2019-03-05T19:30>\n5. Cost: no more than $20 for food and drink\n6. Format: casual chatting, group introductions, *maybe 1-2 people will share some of their work\/prototypes\/etc*",
        "user": "U5TCAFTD3",
        "ts": "1550069221.007900",
        "edited": {
            "user": "U5TCAFTD3",
            "ts": "1552478162.000000"
        },
        "thread_ts": "1550069221.007900",
        "reply_count": 10,
        "reply_users_count": 8,
        "latest_reply": "1552478188.005900",
        "reply_users": [
            "U5STGTB3J",
            "UEF95M2RH",
            "UAU0KCMGB",
            "UE6EFEPTQ",
            "UDJ2TKB99",
            "UDQBTJ211",
            "UBRS4E6B1",
            "U5TCAFTD3"
        ],
        "replies": [
            {
                "user": "U5STGTB3J",
                "ts": "1550069907.009400"
            },
            {
                "user": "UEF95M2RH",
                "ts": "1550074061.010400"
            },
            {
                "user": "UEF95M2RH",
                "ts": "1550074089.010600"
            },
            {
                "user": "UAU0KCMGB",
                "ts": "1550075633.012500"
            },
            {
                "user": "UE6EFEPTQ",
                "ts": "1550086648.012900"
            },
            {
                "user": "UE6EFEPTQ",
                "ts": "1550086739.013100"
            },
            {
                "user": "UDJ2TKB99",
                "ts": "1550137842.014800"
            },
            {
                "user": "UDQBTJ211",
                "ts": "1550164828.015300"
            },
            {
                "user": "UBRS4E6B1",
                "ts": "1550316508.017400"
            },
            {
                "user": "U5TCAFTD3",
                "ts": "1552478188.005900"
            }
        ]
    },
    {
        "client_msg_id": "34f6d819-3242-48b0-85b7-b1b428618265",
        "type": "message",
        "text": "that sounds terrific steve",
        "user": "UEG9ECNSU",
        "ts": "1550069311.008300"
    },
    {
        "client_msg_id": "dcc61640-1c22-4823-8537-65d7bfa7deaf",
        "type": "message",
        "text": "all of those dates work for me i think",
        "user": "UEG9ECNSU",
        "ts": "1550069319.008500",
        "reactions": [
            {
                "name": "+1",
                "users": [
                    "U5TCAFTD3"
                ],
                "count": 1
            }
        ]
    },
    {
        "client_msg_id": "8CE0AADD-A5DD-4693-87A1-AE25A7B44A0A",
        "type": "message",
        "text": "March 4, 5, 12 work for me.",
        "user": "U5STGTB3J",
        "ts": "1550069907.009400",
        "thread_ts": "1550069221.007900",
        "parent_user_id": "U5TCAFTD3"
    },
    {
        "client_msg_id": "5385ee38-617a-4f8c-aece-04cb68ba5319",
        "type": "message",
        "text": "I think I can make any of those days, assuming we decide early enough that I can block the date\/time out in the calendar =)…",
        "user": "UDPV407CZ",
        "ts": "1550071272.010300"
    },
    {
        "client_msg_id": "1f88ea18-8cb9-474a-afb9-ad93c49ff4b1",
        "type": "message",
        "text": "Prefer March 4, 11, or 13 (ie. not Tuesdays), but I could make any of them. No food prefs other than being vegetarian.",
        "user": "UEF95M2RH",
        "ts": "1550074061.010400",
        "thread_ts": "1550069221.007900",
        "parent_user_id": "U5TCAFTD3",
        "reactions": [
            {
                "name": "+1",
                "users": [
                    "U5TCAFTD3"
                ],
                "count": 1
            }
        ]
    },
    {
        "client_msg_id": "82e274b6-0cac-465a-94ca-4cea39b911f4",
        "type": "message",
        "text": "You might consider <http:\/\/doodle.com|doodle.com> for scheduling, it has worked well for me in the past.",
        "user": "UEF95M2RH",
        "ts": "1550074089.010600",
        "thread_ts": "1550069221.007900",
        "parent_user_id": "U5TCAFTD3"
    },
    {
        "client_msg_id": "FB2A8EF9-03F3-4A87-B8C2-A3DF7BA66B1A",
        "type": "message",
        "text": "I can make it any of those days. Would be keen to present (shortly, if you want) <http:\/\/fizzygum.org|fizzygum.org> or LiveCodeLab if there is any appetite for that",
        "user": "UAU0KCMGB",
        "ts": "1550075633.012500",
        "thread_ts": "1550069221.007900",
        "parent_user_id": "U5TCAFTD3",
        "reactions": [
            {
                "name": "+1",
                "users": [
                    "U5TCAFTD3"
                ],
                "count": 1
            }
        ]
    },
    {
        "client_msg_id": "8fe4ba1e-5fe1-4005-8d06-110cd8f8430b",
        "type": "message",
        "text": "also prefer not Tuesdays",
        "user": "UE6EFEPTQ",
        "ts": "1550086648.012900",
        "thread_ts": "1550069221.007900",
        "parent_user_id": "U5TCAFTD3"
    },
    {
        "client_msg_id": "d0eacafd-7bd5-4784-837f-b47e1f5817b0",
        "type": "message",
        "text": "4th 13th are best for me",
        "user": "UE6EFEPTQ",
        "ts": "1550086739.013100",
        "thread_ts": "1550069221.007900",
        "parent_user_id": "U5TCAFTD3"
    }
]