[
    {
        "client_msg_id": "2613172a-dcac-41c5-9c18-72bada10a552",
        "type": "message",
        "text": "<@U5TCAFTD3> still up for this tomorrow?",
        "user": "UEGFXUK3M",
        "ts": "1548681799.003900",
        "thread_ts": "1547499507.002300",
        "parent_user_id": "UEGFXUK3M"
    },
    {
        "client_msg_id": "11d76992-02c0-4bb0-9232-a251bfa77b0e",
        "type": "message",
        "text": "Yep, I'm planning on joining",
        "user": "U5TCAFTD3",
        "ts": "1548682790.004100",
        "thread_ts": "1547499507.002300",
        "parent_user_id": "UEGFXUK3M"
    }
]