[
    {
        "client_msg_id": "f908749e-971c-46f6-9457-b937a23da4ce",
        "type": "message",
        "text": "Ah sorry!",
        "user": "U5TCAFTD3",
        "ts": "1551437743.000100",
        "thread_ts": "1550750301.001500",
        "parent_user_id": "U5TCAFTD3"
    },
    {
        "client_msg_id": "58fb5000-9ba4-4905-bf45-0ab1a511c845",
        "type": "message",
        "text": ":confetti_ball:The next Future of Coding London Meetup is (finally) confirmed! :confetti_ball:\n\nDate: March 13\nTime: 6-9:30pm\nLocation: Monzo - 35 Wilson St, London EC2A 2ER\nRSVP by putting your food order and recent favorite link in this spreadsheet <https:\/\/docs.google.com\/spreadsheets\/d\/1f5whpvga4GbKBhe9QSb46eKoueIAU26wGMvO4fKQ1rQ\/edit#gid=0>\n\n<!channel>",
        "user": "U5TCAFTD3",
        "ts": "1551439891.001600",
        "edited": {
            "user": "U5TCAFTD3",
            "ts": "1552478153.000000"
        },
        "thread_ts": "1551439891.001600",
        "reply_count": 8,
        "reply_users_count": 4,
        "latest_reply": "1552478203.006100",
        "reply_users": [
            "U5TCAFTD3",
            "UDPV407CZ",
            "UE6EFEPTQ",
            "UGMLQCKQU"
        ],
        "replies": [
            {
                "user": "U5TCAFTD3",
                "ts": "1551439949.001700"
            },
            {
                "user": "U5TCAFTD3",
                "ts": "1551440058.001900"
            },
            {
                "user": "UDPV407CZ",
                "ts": "1551444007.002500"
            },
            {
                "user": "U5TCAFTD3",
                "ts": "1551447698.002800"
            },
            {
                "user": "UDPV407CZ",
                "ts": "1551449577.003000"
            },
            {
                "user": "UE6EFEPTQ",
                "ts": "1551476821.003300"
            },
            {
                "user": "UGMLQCKQU",
                "ts": "1551617028.003800"
            },
            {
                "user": "U5TCAFTD3",
                "ts": "1552478203.006100"
            }
        ],
        "reactions": [
            {
                "name": "tada",
                "users": [
                    "UEGFXUK3M",
                    "UDPV407CZ",
                    "UAU0KCMGB",
                    "UE6EFEPTQ",
                    "UGMLQCKQU",
                    "UCSJ44X1S"
                ],
                "count": 6
            },
            {
                "name": "+1",
                "users": [
                    "UDJ2TKB99",
                    "UCSJ44X1S"
                ],
                "count": 2
            }
        ]
    },
    {
        "client_msg_id": "6df7dfe3-d7e5-4a9a-9423-b3a399cb722f",
        "type": "message",
        "text": "I'm going to tag all the people who indicated this date would work for them <@UEF95M2RH> <@UAU0KCMGB> <@UE6EFEPTQ> <@UDJ2TKB99> <@UDQBTJ211> <@UEG9ECNSU> <@UDPV407CZ>",
        "user": "U5TCAFTD3",
        "ts": "1551439949.001700",
        "thread_ts": "1551439891.001600",
        "parent_user_id": "U5TCAFTD3"
    },
    {
        "client_msg_id": "32e477d7-eba9-4328-aacb-e58ae17e3e9a",
        "type": "message",
        "text": "As well as everyone who came (or wanted to come) to the last meetup <@UEH6T3RJB> <@UEH6CUPD5> <@UDCLA1HU4> <@U71PMQ1V0> <@UD72R4WTU> <@UCSJ44X1S> <@UEGFXUK3M> <@UEGPS3145>",
        "user": "U5TCAFTD3",
        "ts": "1551440058.001900",
        "thread_ts": "1551439891.001600",
        "parent_user_id": "U5TCAFTD3"
    },
    {
        "user": "U71PMQ1V0",
        "type": "message",
        "subtype": "channel_join",
        "ts": "1551440065.002200",
        "text": "<@U71PMQ1V0> has joined the channel",
        "inviter": "U5TCAFTD3"
    },
    {
        "client_msg_id": "2c331ebc-521b-4c50-90a4-60e1ec1b713e",
        "type": "message",
        "text": "<@U5TCAFTD3> Hope I’m not too late to RSVP :)…",
        "user": "UDPV407CZ",
        "ts": "1551444007.002500",
        "thread_ts": "1551439891.001600",
        "parent_user_id": "U5TCAFTD3"
    },
    {
        "client_msg_id": "6ebc7330-d4cc-428c-88dc-812c59400b20",
        "type": "message",
        "text": "We have virtually unlimited space for this one so the deadline won't be until the night before (or whenever we have to order food)",
        "user": "U5TCAFTD3",
        "ts": "1551447698.002800",
        "thread_ts": "1551439891.001600",
        "parent_user_id": "U5TCAFTD3"
    },
    {
        "client_msg_id": "c06c04e0-5f57-48d4-808e-53bdd1a206da",
        "type": "message",
        "text": "Great =)…",
        "user": "UDPV407CZ",
        "ts": "1551449577.003000",
        "thread_ts": "1551439891.001600",
        "parent_user_id": "U5TCAFTD3"
    },
    {
        "client_msg_id": "84ebdd80-59c6-4e9d-9ab7-05fd7e6eb05e",
        "type": "message",
        "text": "<@U5TCAFTD3> maybe ping the <#C5T9GPWFL|general> Channel as well? you know what happened last time.. :-]",
        "user": "UE6EFEPTQ",
        "ts": "1551476821.003300",
        "thread_ts": "1551439891.001600",
        "parent_user_id": "U5TCAFTD3"
    }
]