[
    {
        "client_msg_id": "9156e564-bdd4-402b-9f1c-f7d3de715b5c",
        "type": "message",
        "text": "How about we go for Middle Wednesday? :smile: (the nearest wednesday to the 15th)",
        "user": "UE6EFEPTQ",
        "ts": "1552646638.027100",
        "thread_ts": "1552557030.022000",
        "parent_user_id": "U5TCAFTD3"
    },
    {
        "client_msg_id": "bbe85691-1da6-48c6-b136-6d14fb98be7d",
        "type": "message",
        "text": "so <@UERML9JUE> can we have Wed 17th of April? :smile:",
        "user": "UE6EFEPTQ",
        "ts": "1552646653.027300",
        "edited": {
            "user": "UE6EFEPTQ",
            "ts": "1552646740.000000"
        },
        "thread_ts": "1552557030.022000",
        "parent_user_id": "U5TCAFTD3"
    },
    {
        "client_msg_id": "d098fe23-b782-403f-93f7-b72fb158bb5f",
        "type": "message",
        "text": "(sorry for assuming Monzo liked us!)",
        "user": "UE6EFEPTQ",
        "ts": "1552646687.027500",
        "thread_ts": "1552557030.022000",
        "parent_user_id": "U5TCAFTD3"
    },
    {
        "client_msg_id": "25e90d5a-174b-4b13-9806-e3dded898ae3",
        "type": "message",
        "text": "(but then why wouldn't they, we're lovely)",
        "user": "UE6EFEPTQ",
        "ts": "1552646698.027700",
        "thread_ts": "1552557030.022000",
        "parent_user_id": "U5TCAFTD3"
    },
    {
        "client_msg_id": "825726a5-3c45-4306-ba6f-7031d59b0a19",
        "type": "message",
        "text": "and <@U5TCAFTD3> I sensed you weren't keen to open the group up to the unwashed masses on <http:\/\/meetup.com|meetup.com>?",
        "user": "UE6EFEPTQ",
        "ts": "1552646779.028000",
        "thread_ts": "1552557030.022000",
        "parent_user_id": "U5TCAFTD3"
    },
    {
        "client_msg_id": "18F28A89-4C64-4823-979D-40B474EAF1F5",
        "type": "message",
        "text": "Wednesdays aren't ideal since we have a company-wide meeting 5–6. But we can do 6:15–9:15. I'll check if the date's available...",
        "user": "UERML9JUE",
        "ts": "1552654165.029700",
        "edited": {
            "user": "UERML9JUE",
            "ts": "1552654195.000000"
        },
        "thread_ts": "1552557030.022000",
        "parent_user_id": "U5TCAFTD3"
    },
    {
        "client_msg_id": "c3db0d13-f7f3-40f2-a920-148ffc0535e0",
        "type": "message",
        "text": "Oh, sorry I was kinda being cheeky. We should Poll The Users first!",
        "user": "UE6EFEPTQ",
        "ts": "1552655436.030000",
        "thread_ts": "1552557030.022000",
        "parent_user_id": "U5TCAFTD3"
    },
    {
        "client_msg_id": "425532A0-F3AF-4A86-83B9-913C2A0D1F99",
        "type": "message",
        "text": "Not at all! Yeah, let's see what people's appetite is for it first. There's an internally public calendar for events so it's easy for me to check whether something should work :blush: ",
        "user": "UERML9JUE",
        "ts": "1552657674.031400",
        "thread_ts": "1552557030.022000",
        "parent_user_id": "U5TCAFTD3"
    },
    {
        "client_msg_id": "18ecaa40-c065-4067-8c5c-01e636e64a75",
        "type": "message",
        "text": "I'll let <@U5TCAFTD3> weigh in before doing anything else!",
        "user": "UE6EFEPTQ",
        "ts": "1552658352.031600",
        "thread_ts": "1552557030.022000",
        "parent_user_id": "U5TCAFTD3"
    }
]