[
    {
        "client_msg_id": "b466e550-c752-410f-b498-975f45817610",
        "type": "message",
        "text": "Great meetup. Can we do it every month?",
        "user": "UE6EFEPTQ",
        "ts": "1552556403.019000"
    },
    {
        "client_msg_id": "66b03422-af9c-4d27-89ea-a37a662e088d",
        "type": "message",
        "text": "That's a bit more than I can take on at the moment. I'm thinking every few months",
        "user": "U5TCAFTD3",
        "ts": "1552556815.019800"
    },
    {
        "client_msg_id": "1667758d-8996-4856-bc29-27fe9be8e03a",
        "type": "message",
        "text": "once you get the hang of it, it'll be easier.. :smile:",
        "user": "UE6EFEPTQ",
        "ts": "1552556956.020100"
    },
    {
        "client_msg_id": "c711f760-eea9-43be-a6a1-277312023c8f",
        "type": "message",
        "text": "or take turns with Tim R?",
        "user": "UE6EFEPTQ",
        "ts": "1552556966.020400"
    },
    {
        "client_msg_id": "42faf5d0-aac7-4f83-92b2-4976284e7f80",
        "type": "message",
        "text": "or .. maybe I could get involved",
        "user": "UE6EFEPTQ",
        "ts": "1552556985.020700"
    },
    {
        "client_msg_id": "2faa722f-4679-43d4-a417-9ac7c4bc7ee1",
        "type": "message",
        "text": "WE NEED A COMMITTEE!",
        "user": "UE6EFEPTQ",
        "ts": "1552556991.020900"
    },
    {
        "client_msg_id": "cc183a18-c772-4d0a-8508-7a08b353ffa0",
        "type": "message",
        "text": "Haha that's a reasonable idea. Take some of the work off my plate and spread it around. Anyone else want to volunteer to help plan events?",
        "user": "U5TCAFTD3",
        "ts": "1552557030.022000",
        "thread_ts": "1552557030.022000",
        "reply_count": 20,
        "reply_users_count": 4,
        "latest_reply": "1553024984.033500",
        "reply_users": [
            "UEG9ECNSU",
            "UE6EFEPTQ",
            "UERML9JUE",
            "U5TCAFTD3"
        ],
        "replies": [
            {
                "user": "UEG9ECNSU",
                "ts": "1552559938.024000"
            },
            {
                "user": "UE6EFEPTQ",
                "ts": "1552580561.025900"
            },
            {
                "user": "UE6EFEPTQ",
                "ts": "1552580647.026100"
            },
            {
                "user": "UERML9JUE",
                "ts": "1552589671.026900"
            },
            {
                "user": "UE6EFEPTQ",
                "ts": "1552646638.027100"
            },
            {
                "user": "UE6EFEPTQ",
                "ts": "1552646653.027300"
            },
            {
                "user": "UE6EFEPTQ",
                "ts": "1552646687.027500"
            },
            {
                "user": "UE6EFEPTQ",
                "ts": "1552646698.027700"
            },
            {
                "user": "UE6EFEPTQ",
                "ts": "1552646779.028000"
            },
            {
                "user": "UERML9JUE",
                "ts": "1552654165.029700"
            },
            {
                "user": "UE6EFEPTQ",
                "ts": "1552655436.030000"
            },
            {
                "user": "UERML9JUE",
                "ts": "1552657674.031400"
            },
            {
                "user": "UE6EFEPTQ",
                "ts": "1552658352.031600"
            },
            {
                "user": "U5TCAFTD3",
                "ts": "1553017795.031800"
            },
            {
                "user": "U5TCAFTD3",
                "ts": "1553017847.032000"
            },
            {
                "user": "UE6EFEPTQ",
                "ts": "1553024892.032700"
            },
            {
                "user": "UE6EFEPTQ",
                "ts": "1553024919.032900"
            },
            {
                "user": "UE6EFEPTQ",
                "ts": "1553024950.033100"
            },
            {
                "user": "UE6EFEPTQ",
                "ts": "1553024964.033300"
            },
            {
                "user": "UE6EFEPTQ",
                "ts": "1553024984.033500"
            }
        ]
    },
    {
        "client_msg_id": "8974706e-7adb-42aa-9b28-a8084b212a29",
        "type": "message",
        "text": "<!channel> ^^",
        "user": "UE6EFEPTQ",
        "ts": "1552557095.022500"
    },
    {
        "client_msg_id": "71f3df0a-06e5-4939-a792-91e9bf6de551",
        "type": "message",
        "text": "&gt; By using <!channel>, you are about to notify 38 people in 7 timezones. Are you sure?",
        "user": "UE6EFEPTQ",
        "ts": "1552557103.022800"
    },
    {
        "client_msg_id": "f677b7ed-4ba8-47b3-9319-81c5cef74c98",
        "type": "message",
        "text": "7 timezones?????",
        "user": "UE6EFEPTQ",
        "ts": "1552557110.023000"
    },
    {
        "client_msg_id": "434ba324-3001-4a99-9ccf-26d19bc5be9c",
        "type": "message",
        "text": "Yeah; East London, West London, South London, North, London, The Thames, Greenwich Observatory, Downing Street (black hole)",
        "user": "UEGFXUK3M",
        "ts": "1552558934.023600",
        "reactions": [
            {
                "name": "smile",
                "users": [
                    "UEG9ECNSU",
                    "U5TCAFTD3",
                    "UGYRJPTQC",
                    "UE6EFEPTQ",
                    "UDPV407CZ",
                    "UGX9MS77V"
                ],
                "count": 6
            }
        ]
    },
    {
        "client_msg_id": "d870439d-cabf-4307-9e1c-04390f480e38",
        "type": "message",
        "text": "what is the process\/work required to plan one of these things? is it mostly looking for space?",
        "user": "UEG9ECNSU",
        "ts": "1552559938.024000",
        "thread_ts": "1552557030.022000",
        "parent_user_id": "U5TCAFTD3"
    },
    {
        "client_msg_id": "dfe8ca8b-a719-4b34-9369-86622e591eff",
        "type": "message",
        "text": "Cheers, it was a great meetup! I just wanted to ask if anyone had run into a scarf at the meetup, it is shaped like a long isosceles triangle with brown and yellow squares - mysteriously vanished during the course of the evening, perhaps it ended up attached to someone's coat? : P",
        "user": "UEH6T3RJB",
        "ts": "1552561968.025400"
    },
    {
        "client_msg_id": "e1e516e7-6456-4adf-bb0e-dd1d7549f631",
        "type": "message",
        "text": "I think <@UERML9JUE> does that? So it's just telling people to order food? And ordering food. And asking for presentations.",
        "user": "UE6EFEPTQ",
        "ts": "1552580561.025900",
        "thread_ts": "1552557030.022000",
        "parent_user_id": "U5TCAFTD3"
    },
    {
        "client_msg_id": "e9b6e2c0-564c-4235-998e-312b22697632",
        "type": "message",
        "text": "And choosing the date, but that's not important if we go for montly meetings: just choosing the best \/day\/ that's the issue (First Wednesday, Last Thursday, etc)",
        "user": "UE6EFEPTQ",
        "ts": "1552580647.026100",
        "thread_ts": "1552557030.022000",
        "parent_user_id": "U5TCAFTD3"
    },
    {
        "client_msg_id": "0241007C-6A27-45E1-A979-DBA3BAAB6430",
        "type": "message",
        "text": "Yeah, I think Monzo would be happy to host again :blush: ",
        "user": "UERML9JUE",
        "ts": "1552589671.026900",
        "thread_ts": "1552557030.022000",
        "parent_user_id": "U5TCAFTD3"
    }
]