[
    {
        "client_msg_id": "683d5721-0acb-4215-bedc-46846d6feac9",
        "type": "message",
        "text": "Debuting an ambient piece on Friday <https:\/\/www.facebook.com\/events\/2266998866876801>",
        "user": "UEGFXUK3M",
        "ts": "1560089948.000400",
        "attachments": [
            {
                "title": "Music, Installations &amp; Designs from Augmented Instruments Lab",
                "title_link": "https:\/\/www.facebook.com\/events\/2266998866876801",
                "text": "Music event in London, United Kingdom by Lia Mice and I K L E C T I K on Friday, June 14 2019 with 315 people interested and 59 people going.",
                "fallback": "Music, Installations &amp; Designs from Augmented Instruments Lab",
                "from_url": "https:\/\/www.facebook.com\/events\/2266998866876801",
                "thumb_url": "https:\/\/scontent-iad3-1.xx.fbcdn.net\/v\/t1.0-0\/c78.0.200.200a\/p200x200\/58711652_10156466289639075_5582879596950323200_n.jpg?_nc_cat=102&_nc_ht=scontent-iad3-1.xx&oh=20455fd75b8087009663aca03471b320&oe=5D8B0A20",
                "thumb_width": 200,
                "thumb_height": 200,
                "service_icon": "https:\/\/static.xx.fbcdn.net\/rsrc.php\/yz\/r\/KFyVIAWzntM.ico",
                "service_name": "facebook.com",
                "id": 1,
                "original_url": "https:\/\/www.facebook.com\/events\/2266998866876801"
            }
        ]
    },
    {
        "client_msg_id": "15ba518f-5c7d-4550-8ee0-e31fc0de666d",
        "type": "message",
        "text": "Great venue &amp; lineup",
        "user": "UEGFXUK3M",
        "ts": "1560089957.000700",
        "thread_ts": "1560089957.000700",
        "reply_count": 1,
        "reply_users_count": 1,
        "latest_reply": "1560090674.001300",
        "reply_users": [
            "U5STGTB3J"
        ],
        "replies": [
            {
                "user": "U5STGTB3J",
                "ts": "1560090674.001300"
            }
        ]
    },
    {
        "client_msg_id": "60488CC9-6988-44DE-A46A-C6432CD13CCE",
        "type": "message",
        "text": "Sounds great! Bought a ticket and asked some friends.",
        "user": "U5STGTB3J",
        "ts": "1560090674.001300",
        "thread_ts": "1560089957.000700",
        "parent_user_id": "UEGFXUK3M"
    }
]