[
    {
        "client_msg_id": "49A0362F-F092-4281-B6C2-F53840172DAD",
        "type": "message",
        "text": "Saw that Jonathan Blow will be speaking at casual connect game conf, £420, so, ahem, skipping it.\nBut maybe <@U5TCAFTD3> should see if he’s interested in giving a future of coding talk \/ podcast with an audience? :wink:",
        "user": "UBRS4E6B1",
        "ts": "1555716063.002700",
        "thread_ts": "1555716063.002700",
        "reply_count": 1,
        "reply_users_count": 1,
        "latest_reply": "1555760769.003300",
        "reply_users": [
            "U5TCAFTD3"
        ],
        "replies": [
            {
                "user": "U5TCAFTD3",
                "ts": "1555760769.003300"
            }
        ],
        "reactions": [
            {
                "name": "+1",
                "users": [
                    "UEG9ECNSU",
                    "UDQBTJ211",
                    "UK22Z72L8"
                ],
                "count": 3
            }
        ]
    }
]