[
    {
        "client_msg_id": "dcf18400-7136-4f11-9e55-9e1ed97d55b2",
        "type": "message",
        "text": "Hi all, I’ll be in London April 19 - May 3 if anyone wants to get together",
        "user": "U6KQ2S410",
        "ts": "1553823223.000800",
        "thread_ts": "1553823223.000800",
        "reply_count": 17,
        "reply_users_count": 4,
        "latest_reply": "1554371151.013000",
        "reply_users": [
            "UE6EFEPTQ",
            "U6KQ2S410",
            "UEGFXUK3M",
            "U5STGTB3J"
        ],
        "replies": [
            {
                "user": "UE6EFEPTQ",
                "ts": "1553855422.001400"
            },
            {
                "user": "UE6EFEPTQ",
                "ts": "1553855452.001600"
            },
            {
                "user": "UE6EFEPTQ",
                "ts": "1553855493.001900"
            },
            {
                "user": "U6KQ2S410",
                "ts": "1553869344.002300"
            },
            {
                "user": "UEGFXUK3M",
                "ts": "1554163816.007400"
            },
            {
                "user": "UEGFXUK3M",
                "ts": "1554163989.007600"
            },
            {
                "user": "UE6EFEPTQ",
                "ts": "1554209207.008800"
            },
            {
                "user": "UEGFXUK3M",
                "ts": "1554215613.009000"
            },
            {
                "user": "UEGFXUK3M",
                "ts": "1554215624.009200"
            },
            {
                "user": "UEGFXUK3M",
                "ts": "1554215668.009400"
            },
            {
                "user": "UEGFXUK3M",
                "ts": "1554215675.009600"
            },
            {
                "user": "U6KQ2S410",
                "ts": "1554228769.009800"
            },
            {
                "user": "UEGFXUK3M",
                "ts": "1554232321.010600"
            },
            {
                "user": "UEGFXUK3M",
                "ts": "1554232650.010800"
            },
            {
                "user": "UE6EFEPTQ",
                "ts": "1554240221.011000"
            },
            {
                "user": "UEGFXUK3M",
                "ts": "1554363429.012300"
            },
            {
                "user": "U5STGTB3J",
                "ts": "1554371151.013000"
            }
        ],
        "reactions": [
            {
                "name": "raised_hand_with_fingers_splayed::skin-tone-3",
                "users": [
                    "UE6EFEPTQ",
                    "UEF95M2RH",
                    "U5STGTB3J",
                    "UEGFXUK3M"
                ],
                "count": 4
            }
        ]
    }
]