[
    {
        "client_msg_id": "a75c2ca5-4d61-4ca0-934b-42f0475d2c95",
        "type": "message",
        "text": "Hi, new here, very inexperienced, but very keen to get amongst the discussions in London. :wave:",
        "user": "UJ7QVJ6MA",
        "ts": "1556378366.000800",
        "reactions": [
            {
                "name": "wave",
                "users": [
                    "U5TCAFTD3",
                    "UEGFXUK3M"
                ],
                "count": 2
            }
        ]
    }
]