[
    {
        "client_msg_id": "318372d9-d588-4a70-a730-9c242266fc5b",
        "type": "message",
        "text": "Latest newsletter from Music Hackspace London in case anyone wants to explore their upcoming events; <https:\/\/mailchi.mp\/710cf7aedf24\/musichackspace_august_september2018-1358929>",
        "user": "UEGFXUK3M",
        "ts": "1553178797.034000",
        "attachments": [
            {
                "title": "New series announced &gt;&gt; Electronics to make art and music + more at Music Hackspace",
                "title_link": "https:\/\/mailchi.mp\/710cf7aedf24\/musichackspace_august_september2018-1358929",
                "text": "Artist, musician, and electronics wizz Dr Tom Richards (Mini Oramics, Nonclassical) will be teaching the foundations of electronics in this new workshop series. Divided into two courses, participants will be guided through different component types, reading schematics, and translating them into real prototypes.",
                "fallback": "New series announced &gt;&gt; Electronics to make art and music + more at Music Hackspace",
                "image_url": "https:\/\/gallery.mailchimp.com\/9372e6fc9f714737aeff7cc65\/images\/213ab3e3-ab9e-4952-9177-3595bf8d901b.jpg",
                "from_url": "https:\/\/mailchi.mp\/710cf7aedf24\/musichackspace_august_september2018-1358929",
                "image_width": 444,
                "image_height": 250,
                "image_bytes": 99379,
                "service_icon": "https:\/\/mailchi.mp\/favicon.ico",
                "service_name": "mailchi.mp",
                "id": 1,
                "original_url": "https:\/\/mailchi.mp\/710cf7aedf24\/musichackspace_august_september2018-1358929"
            }
        ]
    }
]