[
    {
        "client_msg_id": "0103359b-0192-4f33-bdb7-e64ae58e54a0",
        "type": "message",
        "text": ":raised_hand_with_fingers_splayed::skin-tone-3:",
        "user": "UE6EFEPTQ",
        "ts": "1553855422.001400",
        "thread_ts": "1553823223.000800",
        "parent_user_id": "U6KQ2S410"
    },
    {
        "client_msg_id": "f463e3cc-c1be-4f66-8c88-e51c7b1357c4",
        "type": "message",
        "text": "I feel the formation of the Grumpy Old Gits' Society..",
        "user": "UE6EFEPTQ",
        "ts": "1553855452.001600",
        "thread_ts": "1553823223.000800",
        "parent_user_id": "U6KQ2S410"
    },
    {
        "client_msg_id": "4207a466-6d01-4869-aa45-6ea523e7f8d1",
        "type": "message",
        "text": "International Grumpy Old Gits' Society, sorry",
        "user": "UE6EFEPTQ",
        "ts": "1553855493.001900",
        "thread_ts": "1553823223.000800",
        "parent_user_id": "U6KQ2S410"
    },
    {
        "client_msg_id": "EED0A6E2-C6F6-4E2D-B28C-0F8EC276467A",
        "type": "message",
        "text": ":+1:",
        "user": "U6KQ2S410",
        "ts": "1553869344.002300",
        "edited": {
            "user": "U6KQ2S410",
            "ts": "1553869679.000000"
        },
        "thread_ts": "1553823223.000800",
        "parent_user_id": "U6KQ2S410"
    }
]