[
    {
        "client_msg_id": "157b5607-6a2c-447c-9476-338400a2017f",
        "type": "message",
        "text": "Planning events, like many things, are about 10x more work than you'd think in ways you wouldn't expect. For example, for the last meetup, I had to remind a number of people multiple times to put in their food order. Or <@UERML9JUE> could tell you about the dozens of conversations we had about getting the space confined at Monzo. If others wanted to volunteer to help put these on, we could split up the tasks a bit: food, programming (in the non-coding sense), venue, date. Want to start with a casual online meeting in the next week or two for those potentially interested in helping and see how it goes?",
        "user": "U5TCAFTD3",
        "ts": "1553017795.031800",
        "thread_ts": "1552557030.022000",
        "parent_user_id": "U5TCAFTD3",
        "reactions": [
            {
                "name": "point_up",
                "users": [
                    "UERML9JUE"
                ],
                "count": 1
            },
            {
                "name": "+1::skin-tone-3",
                "users": [
                    "UE6EFEPTQ"
                ],
                "count": 1
            }
        ]
    },
    {
        "client_msg_id": "fb2fbc31-c124-4191-a4fb-772672f10998",
        "type": "message",
        "text": "As for using <http:\/\/meetup.com|meetup.com>, I'd be totally open to it. I wonder if it also allows one to specify food order",
        "user": "U5TCAFTD3",
        "ts": "1553017847.032000",
        "thread_ts": "1552557030.022000",
        "parent_user_id": "U5TCAFTD3"
    },
    {
        "client_msg_id": "917167eb-69b4-468e-91a7-d5a4498ab053",
        "type": "message",
        "text": "I'm not aware of food order functionality",
        "user": "UE6EFEPTQ",
        "ts": "1553024892.032700",
        "thread_ts": "1552557030.022000",
        "parent_user_id": "U5TCAFTD3"
    },
    {
        "client_msg_id": "62f69365-4aff-4756-b34e-730597f8b491",
        "type": "message",
        "text": "I'm happy to take on a Meetup Committee role",
        "user": "UE6EFEPTQ",
        "ts": "1553024919.032900",
        "thread_ts": "1552557030.022000",
        "parent_user_id": "U5TCAFTD3"
    },
    {
        "client_msg_id": "51a51e6d-70e0-4821-8631-71508a08198a",
        "type": "message",
        "text": "I've been organiser of many meetups in my long career",
        "user": "UE6EFEPTQ",
        "ts": "1553024950.033100",
        "thread_ts": "1552557030.022000",
        "parent_user_id": "U5TCAFTD3"
    },
    {
        "client_msg_id": "49111d12-483f-44b2-bdb4-797b3243c630",
        "type": "message",
        "text": "And a few socials",
        "user": "UE6EFEPTQ",
        "ts": "1553024964.033300",
        "thread_ts": "1552557030.022000",
        "parent_user_id": "U5TCAFTD3"
    },
    {
        "client_msg_id": "289a2b2b-4cb1-496d-862d-9a69e3964db3",
        "type": "message",
        "text": "Not to say that I wasn't crap at it, every time, mind you",
        "user": "UE6EFEPTQ",
        "ts": "1553024984.033500",
        "thread_ts": "1552557030.022000",
        "parent_user_id": "U5TCAFTD3"
    }
]