[
    {
        "client_msg_id": "b406ca42-4b5f-47ac-930b-17124754ba89",
        "type": "message",
        "text": "Oh damn, let me ask if I can get a few extra places",
        "user": "UEGFXUK3M",
        "ts": "1547547872.002900",
        "thread_ts": "1547499507.002300",
        "parent_user_id": "UEGFXUK3M"
    },
    {
        "client_msg_id": "882aa3ce-72a7-469a-91bd-04a5965d4a98",
        "type": "message",
        "text": "Apparently the eventbrite is just for numbers",
        "user": "UEGFXUK3M",
        "ts": "1547555779.003100",
        "thread_ts": "1547499507.002300",
        "parent_user_id": "UEGFXUK3M"
    },
    {
        "client_msg_id": "33078c84-2ba3-41fc-ada2-669318dcc251",
        "type": "message",
        "text": "So turn up if you like!",
        "user": "UEGFXUK3M",
        "ts": "1547555783.003300",
        "thread_ts": "1547499507.002300",
        "parent_user_id": "UEGFXUK3M"
    }
]