[
    {
        "client_msg_id": "1f930495-7a05-4dca-a212-f5ff5182f046",
        "type": "message",
        "text": "I'm starting to organize the next London Future of Coding Meetup <!channel>! Could I get a quick thumbs-up, thumbs-down for the night of March 14th?",
        "user": "U5TCAFTD3",
        "ts": "1549904044.003900",
        "thread_ts": "1549904044.003900",
        "reply_count": 3,
        "reply_users_count": 3,
        "latest_reply": "1549927078.005600",
        "reply_users": [
            "UDJ2TKB99",
            "UCQ4BBFQ9",
            "UEH5JQS0J"
        ],
        "replies": [
            {
                "user": "UDJ2TKB99",
                "ts": "1549905260.005000"
            },
            {
                "user": "UCQ4BBFQ9",
                "ts": "1549911230.005300"
            },
            {
                "user": "UEH5JQS0J",
                "ts": "1549927078.005600"
            }
        ],
        "reactions": [
            {
                "name": "+1",
                "users": [
                    "UDQBTJ211",
                    "UDCLA1HU4",
                    "UEGFXUK3M",
                    "UEG9ECNSU",
                    "UEF95M2RH",
                    "U5STGTB3J",
                    "UEF2KDY7M"
                ],
                "count": 7
            },
            {
                "name": "-1",
                "users": [
                    "UDJ2TKB99",
                    "UCQ4BBFQ9",
                    "UEH5JQS0J"
                ],
                "count": 3
            }
        ]
    },
    {
        "client_msg_id": "6F5424C8-E53C-41A6-A02C-108A8DACF824",
        "type": "message",
        "text": "I’m keen to meet up again, though I have plans that one date",
        "user": "UDJ2TKB99",
        "ts": "1549905260.005000",
        "thread_ts": "1549904044.003900",
        "parent_user_id": "U5TCAFTD3"
    },
    {
        "client_msg_id": "1c05f5b6-1f23-4ec0-99b0-e9b43f2393ad",
        "type": "message",
        "text": "^ Exactly the same :stuck_out_tongue:",
        "user": "UCQ4BBFQ9",
        "ts": "1549911230.005300",
        "thread_ts": "1549904044.003900",
        "parent_user_id": "U5TCAFTD3"
    },
    {
        "client_msg_id": "e744b1db-6d5d-4232-a8a8-a54af0232000",
        "type": "message",
        "text": "I’m coming back to London on 19th",
        "user": "UEH5JQS0J",
        "ts": "1549927078.005600",
        "thread_ts": "1549904044.003900",
        "parent_user_id": "U5TCAFTD3"
    }
]