[
    {
        "client_msg_id": "030e11cd-000b-4004-a392-b02ff1bacb37",
        "type": "message",
        "text": "I vote that we combine the above - meeting up with Jonathan - with the next London group meetup",
        "user": "UE6EFEPTQ",
        "ts": "1554114968.003200"
    },
    {
        "type": "message",
        "text": "\/poll \"shall we all meet Jonathan?\" \"Yayy! can't wait\" \"Na, can't stand the grumpy old git\"",
        "user": "UE6EFEPTQ",
        "ts": "1554115026.003300"
    },
    {
        "type": "message",
        "subtype": "bot_message",
        "text": "",
        "ts": "1554115026.003400",
        "bot_id": "B7205UT0R",
        "attachments": [
            {
                "fallback": "Open Slack to cast your vote in this Simple Poll",
                "title": "shall we all meet Jonathan?",
                "id": 1,
                "color": "6ecadc",
                "fields": [
                    {
                        "title": "",
                        "value": ":one: Yayy! can't wait    `8`\n<@UE6EFEPTQ>, <@U5STGTB3J>, <@UGX9MS77V>, <@UEGFXUK3M>, <@UGYGY18UX>, <@UDJ2TKB99>, <@UBRS4E6B1>, <@UFBQNBYER>\n\n",
                        "short": false
                    },
                    {
                        "title": "",
                        "value": ":two: Na, can't stand the grumpy old git    `1`\n<@U6KQ2S410>\n\n",
                        "short": false
                    }
                ],
                "mrkdwn_in": [
                    "fields"
                ]
            },
            {
                "callback_id": "c2590e6f-fd36-4f6c-b2cc-ddda5b75b193",
                "fallback": "Open Slack to cast your vote in this Simple Poll",
                "id": 2,
                "color": "6ecadc",
                "actions": [
                    {
                        "id": "1",
                        "name": "vote",
                        "text": ":one:",
                        "type": "button",
                        "value": "1",
                        "style": ""
                    },
                    {
                        "id": "2",
                        "name": "vote",
                        "text": ":two:",
                        "type": "button",
                        "value": "2",
                        "style": ""
                    },
                    {
                        "id": "3",
                        "name": "delete-v2",
                        "text": "Delete Poll",
                        "type": "button",
                        "value": "",
                        "style": "danger",
                        "confirm": {
                            "text": "Are you sure you want to delete the Poll?",
                            "title": "Delete Poll?",
                            "ok_text": "Yes",
                            "dismiss_text": "No"
                        }
                    }
                ]
            },
            {
                "callback_id": "c2590e6f-fd36-4f6c-b2cc-ddda5b75b193",
                "fallback": "Open Slack to cast your vote in this Simple Poll",
                "footer": "Simple Poll        <https:\/\/simplepoll.rocks\/dashboard\/futureofcoding\/settings\/|Edit Settings>",
                "id": 3,
                "footer_icon": "https:\/\/simplepoll.rocks\/static\/main\/favicon.png",
                "color": "6ecadc"
            }
        ]
    },
    {
        "client_msg_id": "A6294D4E-3A92-4503-BAFD-386478417D28",
        "type": "message",
        "text": "<@UE6EFEPTQ> Even if you want to turn this “grumpy old” thing into your brand, maybe you should offer a third option for people who think differently, but don’t want to insult Jonathan at the same time? ;-)",
        "user": "U5STGTB3J",
        "ts": "1554118707.005500"
    },
    {
        "client_msg_id": "A042D5AA-B3E1-494C-9B65-647E524D3E50",
        "type": "message",
        "text": "I’m happy to meet you both, as part of an official meetup or not.",
        "user": "U5STGTB3J",
        "ts": "1554118734.006200"
    },
    {
        "client_msg_id": "ee236833-c3aa-4ddb-8271-d6e1d8149749",
        "type": "message",
        "text": "it was a joke. ha ha :smile:",
        "user": "UE6EFEPTQ",
        "ts": "1554119591.006400"
    },
    {
        "client_msg_id": "d3ee568e-479c-434b-b491-cf9723e468e7",
        "type": "message",
        "text": "I only want a list of attendees, no one has to insult Jonathan!",
        "user": "UE6EFEPTQ",
        "ts": "1554119616.006900"
    },
    {
        "client_msg_id": "5918c1d3-7dfc-4e25-8382-9a47135893f8",
        "type": "message",
        "text": "Hi <@U6KQ2S410>, would you have time \/ interest in visiting us at the <http:\/\/instrumentslab.org|instrumentslab.org> and discussing programming in the context of our maker platform <http:\/\/bela.io|bela.io>?",
        "user": "UEGFXUK3M",
        "ts": "1554163816.007400",
        "thread_ts": "1553823223.000800",
        "parent_user_id": "U6KQ2S410"
    },
    {
        "client_msg_id": "4c5d430a-423e-4fc8-8de1-93242250103b",
        "type": "message",
        "text": "We can show you lots of funky digital musical instruments!",
        "user": "UEGFXUK3M",
        "ts": "1554163989.007600",
        "thread_ts": "1553823223.000800",
        "parent_user_id": "U6KQ2S410"
    },
    {
        "client_msg_id": "94924a80-16ba-4600-aeb5-314b14c736a2",
        "type": "message",
        "text": "Since the last meetup, I have realised that I have been having my structure editor \/ AST phase already for years, and didn't realise it! Hooray",
        "user": "UEGFXUK3M",
        "ts": "1554164164.008300"
    },
    {
        "client_msg_id": "0400fe9c-da2b-4418-9b58-e4aca8088666",
        "type": "message",
        "text": "Now to make a structured mode in emacs for tidalcycles.org...",
        "user": "UEGFXUK3M",
        "ts": "1554164183.008700"
    }
]