[
    {
        "client_msg_id": "09ddcab7-bb60-4adc-b3d3-1c5acdb04fb4",
        "type": "message",
        "text": "<!channel> ok apologies. Our venue fell through for March 4 so I'm now shooting for March 13 there. Hope to confirm soon...",
        "user": "U5TCAFTD3",
        "ts": "1550750301.001500",
        "thread_ts": "1550750301.001500",
        "reply_count": 2,
        "reply_users_count": 2,
        "latest_reply": "1551437743.000100",
        "reply_users": [
            "UBRS4E6B1",
            "U5TCAFTD3"
        ],
        "replies": [
            {
                "user": "UBRS4E6B1",
                "ts": "1551263489.002000"
            },
            {
                "user": "U5TCAFTD3",
                "ts": "1551437743.000100"
            }
        ]
    }
]