[
    {
        "client_msg_id": "c6cecf74-8236-4fde-93ae-12cf8bd48a9e",
        "type": "message",
        "text": "Going to give a demo of how I make music using code at the meetup on Wednesday",
        "user": "UEGFXUK3M",
        "ts": "1552307959.004600"
    },
    {
        "client_msg_id": "6bf7dbc3-4301-4d09-9266-cffebbb6cde9",
        "type": "message",
        "text": "But for context here's what it looks like in a live venue (just posted this, recorded last month at Goldsmiths University) <https:\/\/www.youtube.com\/watch?v=Db0QJo1eaoI>",
        "user": "UEGFXUK3M",
        "ts": "1552307986.005200",
        "attachments": [
            {
                "service_name": "YouTube",
                "service_url": "https:\/\/www.youtube.com\/",
                "title": "Lil Data &amp; Rumblesan - TidalCycles Live Coding at London Algorave for TOPLAP15 - 15 Feb 2019",
                "title_link": "https:\/\/www.youtube.com\/watch?v=Db0QJo1eaoI",
                "author_name": "Lil Data",
                "author_link": "https:\/\/www.youtube.com\/channel\/UC_9jWF3Xr0KuIIuIIV_q5hA",
                "thumb_url": "https:\/\/i.ytimg.com\/vi\/Db0QJo1eaoI\/hqdefault.jpg",
                "thumb_width": 480,
                "thumb_height": 360,
                "fallback": "YouTube Video: Lil Data & Rumblesan - TidalCycles Live Coding at London Algorave for TOPLAP15 - 15 Feb 2019",
                "video_html": "<iframe width=\"400\" height=\"225\" src=\"https:\/\/www.youtube.com\/embed\/Db0QJo1eaoI?feature=oembed&autoplay=1&iv_load_policy=3\" frameborder=\"0\" allow=\"accelerometer; autoplay; encrypted-media; gyroscope; picture-in-picture\" allowfullscreen><\/iframe>",
                "video_html_width": 400,
                "video_html_height": 225,
                "from_url": "https:\/\/www.youtube.com\/watch?v=Db0QJo1eaoI",
                "service_icon": "https:\/\/a.slack-edge.com\/2089\/img\/unfurl_icons\/youtube.png",
                "id": 1,
                "original_url": "https:\/\/www.youtube.com\/watch?v=Db0QJo1eaoI"
            }
        ],
        "reactions": [
            {
                "name": "sparkles",
                "users": [
                    "UAU0KCMGB",
                    "UEG9ECNSU",
                    "U5TCAFTD3"
                ],
                "count": 3
            }
        ]
    }
]