[
    {
        "client_msg_id": "d9361e3b-869b-4208-ada7-4c6bb9358226",
        "type": "message",
        "text": "looks amazing, can we all turn up? :smile:",
        "user": "UE6EFEPTQ",
        "ts": "1554209207.008800",
        "thread_ts": "1553823223.000800",
        "parent_user_id": "U6KQ2S410"
    },
    {
        "client_msg_id": "4bbd54f4-89bf-4666-95f2-1578727bcb5f",
        "type": "message",
        "text": "Absolutely :slightly_smiling_face:",
        "user": "UEGFXUK3M",
        "ts": "1554215613.009000",
        "thread_ts": "1553823223.000800",
        "parent_user_id": "U6KQ2S410"
    },
    {
        "client_msg_id": "bc15b53d-67d9-4d53-9942-76496cdbc395",
        "type": "message",
        "text": "More than happy to host something at QM!",
        "user": "UEGFXUK3M",
        "ts": "1554215624.009200",
        "thread_ts": "1553823223.000800",
        "parent_user_id": "U6KQ2S410"
    },
    {
        "client_msg_id": "2e2a7e54-d947-4de5-a73a-d52123e3acf2",
        "type": "message",
        "text": "We could even run a Bela workshop for everyone if there's interest..! Perhaps that could be a separate \/ future event",
        "user": "UEGFXUK3M",
        "ts": "1554215668.009400",
        "thread_ts": "1553823223.000800",
        "parent_user_id": "U6KQ2S410"
    },
    {
        "client_msg_id": "73ccf497-961f-40a3-adbd-119e9437387b",
        "type": "message",
        "text": "Let me know if interested anyway",
        "user": "UEGFXUK3M",
        "ts": "1554215675.009600",
        "thread_ts": "1553823223.000800",
        "parent_user_id": "U6KQ2S410"
    },
    {
        "client_msg_id": "4aff2905-9476-4aaf-8db1-647be799320c",
        "type": "message",
        "text": "Thanks for the invitation <@UEGFXUK3M>, always happy to talk. Honestly there are other people here who are more engaged with music tech than I am (notably <@UBRS4E6B1>), so I think a meetup would be fun.",
        "user": "U6KQ2S410",
        "ts": "1554228769.009800",
        "thread_ts": "1553823223.000800",
        "parent_user_id": "U6KQ2S410",
        "reactions": [
            {
                "name": "musical_score",
                "users": [
                    "UE6EFEPTQ"
                ],
                "count": 1
            }
        ]
    },
    {
        "client_msg_id": "2a8d807e-6bfa-4b69-b5ba-8d13ba05fd97",
        "type": "message",
        "text": "Hmm. It would be great to host \"a\" meetup, but if this becomes \"the\" next london meetup, I might be concerned about hosting it at Queen Mary University. Unfortunately we have a lot of construction work going on, and so access to spaces is really chaotic.",
        "user": "UEGFXUK3M",
        "ts": "1554232321.010600",
        "thread_ts": "1553823223.000800",
        "parent_user_id": "U6KQ2S410"
    },
    {
        "client_msg_id": "581459fb-85ac-44f8-bf27-22a55dde15e5",
        "type": "message",
        "text": "So, I would suggest organising \"the\" meetup somewhere with less drilling going on (!), and perhaps we can arrange a lab visit for a smaller group?",
        "user": "UEGFXUK3M",
        "ts": "1554232650.010800",
        "thread_ts": "1553823223.000800",
        "parent_user_id": "U6KQ2S410"
    },
    {
        "client_msg_id": "0c4cdef6-7dca-49f4-97a1-aab417ebe81b",
        "type": "message",
        "text": "how small?",
        "user": "UE6EFEPTQ",
        "ts": "1554240221.011000",
        "thread_ts": "1553823223.000800",
        "parent_user_id": "U6KQ2S410"
    }
]