[
    {
        "client_msg_id": "56820220-722b-47e8-bf12-4e4b52317a6d",
        "type": "message",
        "text": "Note - I've changed the location address to Monzo's side entrance: 35 Wilson St, London EC2A 2ER",
        "user": "U5TCAFTD3",
        "ts": "1552478188.005900",
        "thread_ts": "1550069221.007900",
        "parent_user_id": "U5TCAFTD3"
    },
    {
        "client_msg_id": "8902214f-c53d-478a-bc88-dcc6bad01d6f",
        "type": "message",
        "text": "Note - I've changed the location address to Monzo's side entrance: 35 Wilson St, London EC2A 2ER",
        "user": "U5TCAFTD3",
        "ts": "1552478203.006100",
        "thread_ts": "1551439891.001600",
        "parent_user_id": "U5TCAFTD3"
    },
    {
        "client_msg_id": "515305d1-9f3a-4924-b024-973e5056a947",
        "type": "message",
        "text": "<!channel> excited to see y'all tonight! Just note that I've changed the address above to Monzo's side entrance which they use for social events. The correct address is 35 Wilson St, London EC2A 2ER. (It's just around the corner from the old address.)",
        "user": "U5TCAFTD3",
        "ts": "1552478270.007600",
        "reactions": [
            {
                "name": "+1",
                "users": [
                    "UAU0KCMGB"
                ],
                "count": 1
            }
        ]
    },
    {
        "client_msg_id": "ad888389-d8c7-4fb4-91b9-a13dcab6232b",
        "type": "message",
        "text": "do we show up at 6?",
        "user": "UEG9ECNSU",
        "ts": "1552478305.007800"
    },
    {
        "client_msg_id": "38bb3f80-144b-4ab5-862c-ea4aaa7f3af7",
        "type": "message",
        "text": "Yep!",
        "user": "U5TCAFTD3",
        "ts": "1552478319.008000",
        "reactions": [
            {
                "name": "+1",
                "users": [
                    "UEG9ECNSU",
                    "UAU0KCMGB",
                    "UDPV407CZ"
                ],
                "count": 3
            }
        ]
    },
    {
        "client_msg_id": "63165d18-df05-4c39-bbff-95347b01a372",
        "type": "message",
        "text": "Train might translate into 15\/20 mins delay on my side &gt;_&lt;…",
        "user": "UDPV407CZ",
        "ts": "1552490429.009000",
        "edited": {
            "user": "UDPV407CZ",
            "ts": "1552490436.000000"
        }
    },
    {
        "client_msg_id": "8a6f0978-a154-4d81-8dcf-a852fccb3a4d",
        "type": "message",
        "text": "Philip &amp; I probably also about 15 mins late",
        "user": "UEH6T3RJB",
        "ts": "1552498343.009500"
    },
    {
        "client_msg_id": "FEE0A9BC-CC23-4E70-8E20-3227FE5EE5E5",
        "type": "message",
        "text": "Anyone here? Or am I early?",
        "user": "UEG9ECNSU",
        "ts": "1552500771.010000"
    },
    {
        "client_msg_id": "298e464b-5aa0-4374-b55e-5e0f8082a7f4",
        "type": "message",
        "text": "<@UEG9ECNSU> you still waiting?",
        "user": "UEF95M2RH",
        "ts": "1552501173.010700"
    },
    {
        "client_msg_id": "fb58cd83-7069-45d1-bb70-7182a10c1472",
        "type": "message",
        "text": "There are folks here, but I'm not sure anybody's at the door",
        "user": "UEF95M2RH",
        "ts": "1552501194.011300"
    },
    {
        "client_msg_id": "8b543e52-5a21-474e-be08-22b93ffd42e4",
        "type": "message",
        "text": "I expect I'll get there a little after 7",
        "user": "UDJ2TKB99",
        "ts": "1552501883.011900"
    },
    {
        "client_msg_id": "c68c89df-2218-4b84-8229-66e8502d2ca6",
        "type": "message",
        "text": "I've been caught up at work so might not make it but still hoping to :crossed_fingers: ",
        "user": "UDQBTJ211",
        "ts": "1552504846.012800"
    },
    {
        "client_msg_id": "067ED1CB-0E1C-4682-974C-247F092D21D7",
        "type": "message",
        "text": ":wave: Thanks to everyone who came to the meetup tonight, it was great to meet so many like-minded folks :blush: I'm sorry I didn't get a chance to talk to more people!",
        "user": "UERML9JUE",
        "ts": "1552515290.015100"
    },
    {
        "client_msg_id": "FA06BCA1-EDC5-4C14-82D9-8F4B1DD1A2B1",
        "type": "message",
        "text": "I hope y'all had fun, thanks to <@U5TCAFTD3> for organising (I just arranged the space!)",
        "user": "UERML9JUE",
        "ts": "1552515324.016100"
    },
    {
        "client_msg_id": "1DF8FC8C-6BC6-4DDD-A678-8FDCE90BCE7F",
        "type": "message",
        "text": "Same here! Had a great time and thought both talks were great. Nice meeting everyone ",
        "user": "UEG9ECNSU",
        "ts": "1552515834.017100"
    },
    {
        "client_msg_id": "6C26AD81-7B98-44EC-978C-64C5194A9ED3",
        "type": "message",
        "text": "Would love to see that photo btw hahah",
        "user": "UEG9ECNSU",
        "ts": "1552515847.017600"
    },
    {
        "client_msg_id": "6a7dc5d3-b555-4341-9acc-6dd86686a7fe",
        "type": "message",
        "text": "Thanks everyone for a great meetup! Link dump incoming...",
        "user": "UEGFXUK3M",
        "ts": "1552517416.018100"
    },
    {
        "client_msg_id": "5dcbd2cb-851d-4f11-b8f6-8211c5b2e9cd",
        "type": "message",
        "text": "- My music <http:\/\/zip.pcmusic.info>\n- TOPLAP <https:\/\/toplap.org\/>\n- TOPLAP mailing list <https:\/\/we.lurk.org>\n- TOPLAP Rocket Chat (Slack) <http:\/\/talk.lurk.org>\n- TOPLAP discourse forum <http:\/\/toplap.lurk.org>\n- Algorave <https:\/\/algorave.com\/>\n- Algorave @ SXSW <https:\/\/www.sxsw.com\/world\/in-depth\/2019\/algoraves-put-live-performance-into-programming\/>\n- Conference <http:\/\/iclc.livecodenetwork.org\/>\n- ACM functional art workshop (FARM) <http:\/\/functional-art.org\/>\n- Tidal <https:\/\/tidalcycles.org>\n- Gibber <http:\/\/gibber.cc>\n- Gibberwocky <http:\/\/gibberwocky.cc\/>\n- Stenophone <https:\/\/github.com\/jarmitage\/stenophone>\n- Music Hackspace London <http:\/\/musichackspace.org\/>\n- Orca 2D text language <https:\/\/github.com\/hundredrabbits\/Orca>\n- Guitar tab transcribed to tidal <https:\/\/gist.github.com\/jarmitage\/53e76b9057f99b3f94c1361267ab8a13>\n- Beethoven in Tidal <https:\/\/gist.github.com\/jarmitage\/01f8bd13b11b9710b76231e6969c0eff>",
        "user": "UEGFXUK3M",
        "ts": "1552517664.018300",
        "reactions": [
            {
                "name": "musical_note",
                "users": [
                    "UERML9JUE",
                    "UEG9ECNSU"
                ],
                "count": 2
            },
            {
                "name": "tada",
                "users": [
                    "UERML9JUE",
                    "UEG9ECNSU"
                ],
                "count": 2
            }
        ]
    }
]