[
    {
        "client_msg_id": "1dfade6f-5460-4e13-b67c-7f42e279f6b6",
        "type": "message",
        "text": "<!channel> I'm targeting March 4 so block that off in your calendar. Confirmation and more details to follow shortly, hopefully by Monday",
        "user": "U5TCAFTD3",
        "ts": "1550306289.016900",
        "reactions": [
            {
                "name": "+1",
                "users": [
                    "UDPV407CZ",
                    "UEGFXUK3M",
                    "UEG9ECNSU",
                    "UAU0KCMGB"
                ],
                "count": 4
            }
        ]
    },
    {
        "client_msg_id": "DC23DC08-ED6E-44C4-8836-64E8751EB818",
        "type": "message",
        "text": "4th is good!",
        "user": "UBRS4E6B1",
        "ts": "1550316508.017400",
        "thread_ts": "1550069221.007900",
        "parent_user_id": "U5TCAFTD3"
    }
]