[
    {
        "client_msg_id": "76005c21-5327-4336-92ed-42d873d700cb",
        "type": "message",
        "text": "TidalCycles (<@UF89Z7SRF>’s project) meetup soon if anyone wants to try some musical live coding: <http:\/\/musichackspace.org\/events\/january-tidalcycles-meetup-2\/>",
        "user": "UEGFXUK3M",
        "ts": "1547499507.002300",
        "attachments": [
            {
                "service_name": "Music Hackspace",
                "title": "January TidalCycles Meetup - Music Hackspace",
                "title_link": "http:\/\/musichackspace.org\/events\/january-tidalcycles-meetup-2\/",
                "text": "Our TidalCycles meetups are a series of informal, participatory meetups focusing on Alex Mclean’s open source, accessible livecoding platform. They’re very loosely structured, with occasional short talks and performances. No programming experience is necessary for these meetups. They are open to all abilities and are an excellent opportunity to learn how to start making music …",
                "fallback": "Music Hackspace: January TidalCycles Meetup - Music Hackspace",
                "thumb_url": "http:\/\/musichackspace.org\/wp-content\/uploads\/2018\/03\/event-image-2-e1521474781782.jpg",
                "from_url": "http:\/\/musichackspace.org\/events\/january-tidalcycles-meetup-2\/",
                "thumb_width": 600,
                "thumb_height": 400,
                "id": 1,
                "original_url": "http:\/\/musichackspace.org\/events\/january-tidalcycles-meetup-2\/"
            }
        ],
        "thread_ts": "1547499507.002300",
        "reply_count": 9,
        "reply_users_count": 2,
        "latest_reply": "1548782659.004300",
        "reply_users": [
            "U5TCAFTD3",
            "UEGFXUK3M"
        ],
        "replies": [
            {
                "user": "U5TCAFTD3",
                "ts": "1547535297.002500"
            },
            {
                "user": "U5TCAFTD3",
                "ts": "1547535316.002700"
            },
            {
                "user": "UEGFXUK3M",
                "ts": "1547547872.002900"
            },
            {
                "user": "UEGFXUK3M",
                "ts": "1547555779.003100"
            },
            {
                "user": "UEGFXUK3M",
                "ts": "1547555783.003300"
            },
            {
                "user": "U5TCAFTD3",
                "ts": "1547634270.003500"
            },
            {
                "user": "UEGFXUK3M",
                "ts": "1548681799.003900"
            },
            {
                "user": "U5TCAFTD3",
                "ts": "1548682790.004100"
            },
            {
                "user": "UEGFXUK3M",
                "ts": "1548782659.004300"
            }
        ]
    },
    {
        "client_msg_id": "ac2b98f6-6edd-4e12-9a35-d7c9811ab4a8",
        "type": "message",
        "text": "Looks awesome! ",
        "user": "U5TCAFTD3",
        "ts": "1547535297.002500",
        "thread_ts": "1547499507.002300",
        "parent_user_id": "UEGFXUK3M"
    },
    {
        "client_msg_id": "21de4eec-79ae-41bc-8544-19e88ef421d8",
        "type": "message",
        "text": "Is says sold out on eventbrite :(",
        "user": "U5TCAFTD3",
        "ts": "1547535316.002700",
        "thread_ts": "1547499507.002300",
        "parent_user_id": "UEGFXUK3M"
    }
]