[
    {
        "client_msg_id": "37283C78-6789-41A5-BC82-E78820EF0453",
        "type": "message",
        "text": "Well so far it seems like it’s just you and <@U6KQ2S410> (<@UBRS4E6B1> is already highly familiar with our work!)",
        "user": "UEGFXUK3M",
        "ts": "1554363429.012300",
        "thread_ts": "1553823223.000800",
        "parent_user_id": "U6KQ2S410"
    },
    {
        "client_msg_id": "268953D1-6CEF-4AF6-A815-E9A26A75F97D",
        "type": "message",
        "text": "I’d be interested in a lab visit!",
        "user": "U5STGTB3J",
        "ts": "1554371151.013000",
        "thread_ts": "1553823223.000800",
        "parent_user_id": "U6KQ2S410",
        "reactions": [
            {
                "name": "+1",
                "users": [
                    "UEGFXUK3M"
                ],
                "count": 1
            }
        ]
    }
]