[
    {
        "client_msg_id": "f4f7d56e-96d2-481c-854a-16a43f0144ce",
        "type": "message",
        "text": "<!channel> The first Meetup event is up! <https:\/\/www.meetup.com\/Boston-Future-of-Coding\/events\/257579516\/>",
        "user": "U9ULPG0UA",
        "ts": "1546115053.001000",
        "attachments": [
            {
                "service_name": "Meetup",
                "title": "Organization &amp; Discussion",
                "title_link": "https:\/\/www.meetup.com\/Boston-Future-of-Coding\/events\/257579516\/",
                "text": "Tue, Jan 22, 2019, 6:00 PM: In this first meetup of Boston of Future of Coding, we will discuss the format and organization for future meetups. We also plan on discussing topics related to the future",
                "fallback": "Meetup: Organization &amp; Discussion",
                "image_url": "https:\/\/secure.meetupstatic.com\/photos\/event\/4\/2\/a\/7\/600_477377063.jpeg",
                "fields": [
                    {
                        "title": "Where",
                        "value": "Cambridge Innovation Center 1 Broadway Cambridge, MA",
                        "short": true
                    },
                    {
                        "title": "When",
                        "value": "Tue, Jan 22, 2019, 6:00 PM",
                        "short": true
                    }
                ],
                "from_url": "https:\/\/www.meetup.com\/Boston-Future-of-Coding\/events\/257579516\/",
                "image_width": 444,
                "image_height": 250,
                "image_bytes": 53068,
                "service_icon": "https:\/\/www.meetup.com\/mu_static\/en-US\/m_swarm_120x120.4f86abc9.png",
                "id": 1,
                "original_url": "https:\/\/www.meetup.com\/Boston-Future-of-Coding\/events\/257579516\/"
            }
        ],
        "reactions": [
            {
                "name": "+1",
                "users": [
                    "UCZ68HXUL"
                ],
                "count": 1
            }
        ]
    },
    {
        "client_msg_id": "735ec3a8-a58f-4c79-8d62-cc1e971dd0d2",
        "type": "message",
        "text": "Sorry I haven't checked this chat in a while",
        "user": "U9ULPG0UA",
        "ts": "1546115092.001500"
    },
    {
        "client_msg_id": "9c91569e-d7c8-4644-bacc-d3072944b717",
        "type": "message",
        "text": "The first event is capped at 12 people",
        "user": "U9ULPG0UA",
        "ts": "1546115104.002000"
    },
    {
        "client_msg_id": "1e7d8728-b984-4e35-887e-fb44434bb0e9",
        "type": "message",
        "text": "Due to space restrictions. There are already 7 people signed up to go, so I think we'll need more space for the February meetup",
        "user": "U9ULPG0UA",
        "ts": "1546115155.003600"
    },
    {
        "client_msg_id": "5515b548-c418-49f8-90c3-6fe71202ece3",
        "type": "message",
        "text": "The CIC has bigger rooms",
        "user": "U9ULPG0UA",
        "ts": "1546115165.003900"
    }
]