[
    {
        "user": "U9ULPG0UA",
        "type": "message",
        "subtype": "channel_join",
        "ts": "1541690730.000200",
        "text": "<@U9ULPG0UA> has joined the channel"
    },
    {
        "user": "U9ULPG0UA",
        "type": "message",
        "subtype": "channel_purpose",
        "ts": "1541690730.000300",
        "text": "<@U9ULPG0UA> set the channel purpose: Discussion for getting a Boston branch started",
        "purpose": "Discussion for getting a Boston branch started"
    },
    {
        "user": "U5TCAFTD3",
        "type": "message",
        "subtype": "channel_join",
        "ts": "1541690730.000500",
        "text": "<@U5TCAFTD3> has joined the channel",
        "inviter": "U9ULPG0UA"
    },
    {
        "user": "UBN1G4C1J",
        "type": "message",
        "subtype": "channel_join",
        "ts": "1541691228.001100",
        "text": "<@UBN1G4C1J> has joined the channel"
    },
    {
        "client_msg_id": "f77547a3-ce02-4f5a-b85d-5c8ec73f414e",
        "type": "message",
        "text": "Let me know if anyone has ideas for speakers or locations",
        "user": "U9ULPG0UA",
        "ts": "1541691273.002600"
    },
    {
        "user": "U6KQ2S410",
        "type": "message",
        "subtype": "channel_join",
        "ts": "1541692795.002800",
        "text": "<@U6KQ2S410> has joined the channel"
    },
    {
        "user": "UE0H4170F",
        "type": "message",
        "subtype": "channel_join",
        "ts": "1541734779.000200",
        "text": "<@UE0H4170F> has joined the channel"
    }
]