[
    {
        "client_msg_id": "3ba7b5d3-78b4-4190-bc26-64ae506a520f",
        "type": "message",
        "text": "We have a Meetup group now! Join at <https:\/\/www.meetup.com\/Boston-Future-of-Coding\/>",
        "user": "U9ULPG0UA",
        "ts": "1543118547.000500",
        "attachments": [
            {
                "service_name": "Meetup",
                "title": "Boston Future of Coding (Boston, MA)",
                "title_link": "https:\/\/www.meetup.com\/Boston-Future-of-Coding\/",
                "text": "Boston Future of Coding is a community of people who are interested in improving the way that we program and structure computer systems. We want to foster a community of people who believe that progra",
                "fallback": "Meetup: Boston Future of Coding (Boston, MA)",
                "image_url": "https:\/\/secure.meetupstatic.com\/photos\/event\/3\/d\/2\/1\/600_476595649.jpeg",
                "from_url": "https:\/\/www.meetup.com\/Boston-Future-of-Coding\/",
                "image_width": 444,
                "image_height": 250,
                "image_bytes": 340573,
                "service_icon": "https:\/\/www.meetup.com\/mu_static\/en-US\/m_swarm_120x120.4f86abc9.png",
                "id": 1,
                "original_url": "https:\/\/www.meetup.com\/Boston-Future-of-Coding\/"
            }
        ]
    },
    {
        "user": "UDJ8A6RNH",
        "type": "message",
        "subtype": "channel_join",
        "ts": "1543119543.000800",
        "text": "<@UDJ8A6RNH> has joined the channel"
    }
]