[
    {
        "client_msg_id": "9f6ffec8-8725-4c82-8375-a48bd11b7056",
        "type": "message",
        "text": "<@U6KQ2S410> - would there be a charge to host meetups at your coworking space?",
        "user": "U5TCAFTD3",
        "ts": "1543832244.002900"
    },
    {
        "client_msg_id": "27B218F1-A8F9-4475-B4EF-59F9EB2A0D3F",
        "type": "message",
        "text": "Yes but just $100. When are you looking for? Problem is I’m leaving town for 3 months on the 20th",
        "user": "U6KQ2S410",
        "ts": "1543857380.004900"
    },
    {
        "client_msg_id": "ac4787a9-a6ba-4c67-8673-71ed7bc715d5",
        "type": "message",
        "text": "Ok, thanks!",
        "user": "U5TCAFTD3",
        "ts": "1543857454.005500"
    },
    {
        "client_msg_id": "21f4cfd2-0af2-41ed-a2b8-bda5973aec20",
        "type": "message",
        "text": "<@UEDJ8KK3R>  would you be open to having this at your office?",
        "user": "U5TCAFTD3",
        "ts": "1543857486.006100"
    },
    {
        "client_msg_id": "f97563f8-d8fa-44a2-9b35-736ba7939f5c",
        "type": "message",
        "text": "(It seems like a nice spot as well)",
        "user": "U5TCAFTD3",
        "ts": "1543857496.006400",
        "thread_ts": "1543857496.006400",
        "reply_count": 1,
        "reply_users_count": 1,
        "latest_reply": "1543868362.009200",
        "reply_users": [
            "UEDJ8KK3R"
        ],
        "replies": [
            {
                "user": "UEDJ8KK3R",
                "ts": "1543868362.009200"
            }
        ]
    },
    {
        "client_msg_id": "35bdf9be-3626-4b88-83fb-5806ce96b40e",
        "type": "message",
        "text": "I might be able to host at WPIs Seaport building: <https:\/\/www.wpi.edu\/about\/locations\/seaport-303-congress-street-boston>",
        "user": "UE0H4170F",
        "ts": "1543857580.006900",
        "attachments": [
            {
                "service_name": "WPI",
                "title": "Seaport (303 Congress Street, Boston)",
                "title_link": "https:\/\/www.wpi.edu\/about\/locations\/seaport-303-congress-street-boston",
                "text": "WPI Seaport is a 6,400-square-foot facility that accommodates tech suites, meeting areas, open-concept spaces, and working spaces. Opened in January 2018, WPI Seaport’s location in Boston’s Innovation District offers convenient space for students, faculty, staff, and alumni to connect with industry, academic, and government partners and agencies.",
                "fallback": "WPI: Seaport (303 Congress Street, Boston)",
                "image_url": "https:\/\/www.wpi.edu\/sites\/default\/files\/2018\/01\/18\/Seaport_Locations_page-4764ed6bad40406fa55957caf868723f.jpg",
                "from_url": "https:\/\/www.wpi.edu\/about\/locations\/seaport-303-congress-street-boston",
                "image_width": 417,
                "image_height": 250,
                "image_bytes": 50569,
                "service_icon": "https:\/\/www.wpi.edu\/sites\/default\/files\/favicon.ico",
                "id": 1,
                "original_url": "https:\/\/www.wpi.edu\/about\/locations\/seaport-303-congress-street-boston"
            }
        ]
    },
    {
        "client_msg_id": "de64a33a-3155-4b8a-811e-c54658b5ed3d",
        "type": "message",
        "text": "is there a timeframe in mind?",
        "user": "UE0H4170F",
        "ts": "1543857592.007300"
    },
    {
        "type": "message",
        "subtype": "thread_broadcast",
        "text": "I could probably get the ok from my boss, but it depends how many people we'd have. The boardroom gets cramped past 10-12",
        "user": "UEDJ8KK3R",
        "ts": "1543868362.009200",
        "thread_ts": "1543857496.006400",
        "root": {
            "client_msg_id": "f97563f8-d8fa-44a2-9b35-736ba7939f5c",
            "type": "message",
            "text": "(It seems like a nice spot as well)",
            "user": "U5TCAFTD3",
            "ts": "1543857496.006400",
            "thread_ts": "1543857496.006400",
            "reply_count": 1,
            "reply_users_count": 1,
            "latest_reply": "1543868362.009200",
            "reply_users": [
                "UEDJ8KK3R"
            ],
            "replies": [
                {
                    "user": "UEDJ8KK3R",
                    "ts": "1543868362.009200"
                }
            ]
        },
        "client_msg_id": "ac25af10-ba82-4d2a-94c7-d3764c7d6002"
    },
    {
        "client_msg_id": "c00da60b-c61b-4f71-a990-d84365dd1d60",
        "type": "message",
        "text": "I checked with the WPI Seaport staff and am down to at least host an inaugural event. Assuming we want chairs for everyone, the space can hold 60 people max, which is less than the number of meetup group members, but I assume some (most?) of those people won’t show. Let me know if there’s interest and a particular week in mind and I’ll check on more exact availability. I’m out of town for the no-doubt-to-be-extremely-awesome International Live Coding Conference the week of Jan. 13th–20th, so that’s off the table.",
        "user": "UE0H4170F",
        "ts": "1543895503.013200"
    }
]