[
    {
        "client_msg_id": "214b5f55-a4ea-4c4e-9fdd-13617fc95b06",
        "type": "message",
        "text": "live coding Algorave performances in Worcester on March 14th, using a bunch of different languages \/ systems: <https:\/\/www.facebook.com\/events\/250326762560224\/>",
        "user": "UE0H4170F",
        "ts": "1551651871.000600",
        "attachments": [
            {
                "title": "Algorave",
                "title_link": "https:\/\/www.facebook.com\/events\/250326762560224\/",
                "fallback": "Algorave",
                "image_url": "https:\/\/scontent-iad3-1.xx.fbcdn.net\/v\/t1.0-0\/c82.0.200.200a\/p200x200\/52345705_2208564849232293_5185949976563286016_n.jpg?_nc_cat=104&_nc_ht=scontent-iad3-1.xx&oh=e2f4109bc409069674ae5819f98740d7&oe=5D1BE61A",
                "from_url": "https:\/\/www.facebook.com\/events\/250326762560224\/",
                "image_width": 200,
                "image_height": 200,
                "image_bytes": 17183,
                "service_icon": "https:\/\/static.xx.fbcdn.net\/rsrc.php\/yz\/r\/KFyVIAWzntM.ico",
                "service_name": "facebook.com",
                "id": 1,
                "original_url": "https:\/\/www.facebook.com\/events\/250326762560224\/"
            }
        ]
    },
    {
        "user": "UFQQ3P867",
        "type": "message",
        "subtype": "channel_join",
        "ts": "1551681764.000900",
        "text": "<@UFQQ3P867> has joined the channel",
        "reactions": [
            {
                "name": "wave",
                "users": [
                    "UBN1G4C1J",
                    "UCZ68HXUL"
                ],
                "count": 2
            }
        ]
    }
]