[
    {
        "client_msg_id": "DEB209A5-4B7B-43F5-AFF8-AEC9EE379F7D",
        "type": "message",
        "text": "I would love a Boston meetup—I actually know of a few event spaces in the cambridge \/ somerville area if you need help with that",
        "user": "UHWC9PXBL",
        "ts": "1559662555.001300"
    },
    {
        "client_msg_id": "4D4A480A-9558-41DA-9897-93D84CBCB671",
        "type": "message",
        "text": "I also think it's impossible to overrate the importance of recording meetup talks so id be interested in knowing if anyone in the area has a camera\/microphone ",
        "user": "UHWC9PXBL",
        "ts": "1559662615.003000"
    },
    {
        "client_msg_id": "8c1574a6-2730-449a-a18d-ab687e52fc2e",
        "type": "message",
        "text": "awesome <@UHWC9PXBL> I’m moving in the next few days, but let’s circle back this weekend \/ early next week?",
        "user": "UGLSY9X3J",
        "ts": "1559699398.000500"
    }
]