[
    {
        "user": "UGMH4H202",
        "type": "message",
        "subtype": "channel_join",
        "ts": "1551561444.000200",
        "text": "<@UGMH4H202> has joined the channel"
    },
    {
        "client_msg_id": "7ec0d8e8-1df7-42cd-bae1-467348632b30",
        "type": "message",
        "text": "hi all!\n<https:\/\/futureofcoding.slack.com\/archives\/CC2JRGVLK\/p1551561431002000>",
        "user": "UGMH4H202",
        "ts": "1551561575.000900",
        "attachments": [
            {
                "from_url": "https:\/\/futureofcoding.slack.com\/archives\/CC2JRGVLK\/p1551561431002000",
                "fallback": "[March 2nd, 2019 1:17 PM] mpnagle: hi all!\n\nmy name's michael nagle (informally i go by my last name, nagle.)\n\ni spent a few years in bret victor &amp; john maloney's lab groups at harc \/ ycr (<https:\/\/harc.ycr.org>) and currently \"lead\" learning &amp; research at coda (<http:\/\/www.coda.io|www.coda.io>)\n\ni am coming to boston soon and saw the future of coding boston community so wanted to say hello. (based in the east bay.)\n\nnice to meet you all!",
                "ts": "1551561431.002000",
                "author_id": "UGMH4H202",
                "author_subname": "nagle",
                "channel_id": "CC2JRGVLK",
                "channel_name": "introductions",
                "is_msg_unfurl": true,
                "text": "hi all!\n\nmy name's michael nagle (informally i go by my last name, nagle.)\n\ni spent a few years in bret victor &amp; john maloney's lab groups at harc \/ ycr (<https:\/\/harc.ycr.org>) and currently \"lead\" learning &amp; research at coda (<http:\/\/www.coda.io|www.coda.io>)\n\ni am coming to boston soon and saw the future of coding boston community so wanted to say hello. (based in the east bay.)\n\nnice to meet you all!",
                "author_name": "nagle",
                "author_link": "https:\/\/futureofcoding.slack.com\/team\/UGMH4H202",
                "author_icon": "https:\/\/secure.gravatar.com\/avatar\/309b287ba3e8e59a57c1297f3bf89a3e.jpg?s=48&d=https%3A%2F%2Fcfr.slack-edge.com%2F00b63%2Fimg%2Favatars%2Fava_0015-48.png",
                "mrkdwn_in": [
                    "text"
                ],
                "id": 1,
                "original_url": "https:\/\/futureofcoding.slack.com\/archives\/CC2JRGVLK\/p1551561431002000",
                "footer": "Posted in #introductions"
            }
        ]
    },
    {
        "user": "UGLSY9X3J",
        "type": "message",
        "subtype": "channel_join",
        "ts": "1551584939.000200",
        "text": "<@UGLSY9X3J> has joined the channel"
    }
]