[
    {
        "user": "U9F8M41AM",
        "type": "message",
        "subtype": "channel_join",
        "ts": "1529680571.000138",
        "text": "<@U9F8M41AM> has joined the channel"
    },
    {
        "client_msg_id": "77c61fb4-de24-493e-bbe7-9ce17ddd1f40",
        "type": "message",
        "text": "<!channel> I'd also like to get a quick sense of who'd be interested in coming to the meet up, because it probably only makes sense to have it if it's more than just me and maybe <@U6R16B5NY>. Could you comment below if you want to join, and your date preference?",
        "user": "U5TCAFTD3",
        "ts": "1529681370.000446"
    },
    {
        "client_msg_id": "12f529b4-a87b-4268-aa34-cfb57af9a13f",
        "type": "message",
        "text": "I'm down to come by. Might be travelling for work some days in July though so can't be certain at this point that I'll make it.",
        "user": "UAVBSJGG5",
        "ts": "1529681451.000285",
        "reactions": [
            {
                "name": "+1",
                "users": [
                    "U5TCAFTD3"
                ],
                "count": 1
            }
        ]
    }
]