[
    {
        "user": "U5TCAFTD3",
        "type": "message",
        "subtype": "channel_join",
        "ts": "1529529416.000513",
        "text": "<@U5TCAFTD3> has joined the channel"
    },
    {
        "user": "U6FBH9H26",
        "type": "message",
        "subtype": "channel_join",
        "ts": "1529529417.000128",
        "text": "<@U6FBH9H26> has joined the channel",
        "inviter": "U5TCAFTD3"
    },
    {
        "user": "U5T9JLUAE",
        "type": "message",
        "subtype": "channel_join",
        "ts": "1529529417.000174",
        "text": "<@U5T9JLUAE> has joined the channel",
        "inviter": "U5TCAFTD3"
    },
    {
        "user": "UB57GEDGC",
        "type": "message",
        "subtype": "channel_join",
        "ts": "1529529417.000212",
        "text": "<@UB57GEDGC> has joined the channel",
        "inviter": "U5TCAFTD3"
    },
    {
        "user": "U6S1R1M6K",
        "type": "message",
        "subtype": "channel_join",
        "ts": "1529529417.000266",
        "text": "<@U6S1R1M6K> has joined the channel",
        "inviter": "U5TCAFTD3"
    },
    {
        "user": "U5ZBLAKN1",
        "type": "message",
        "subtype": "channel_join",
        "ts": "1529529417.000299",
        "text": "<@U5ZBLAKN1> has joined the channel",
        "inviter": "U5TCAFTD3"
    },
    {
        "user": "U5U4S45HC",
        "type": "message",
        "subtype": "channel_join",
        "ts": "1529529417.000341",
        "text": "<@U5U4S45HC> has joined the channel",
        "inviter": "U5TCAFTD3"
    },
    {
        "user": "U5YTP98TT",
        "type": "message",
        "subtype": "channel_join",
        "ts": "1529529535.000161",
        "text": "<@U5YTP98TT> has joined the channel",
        "inviter": "U5TCAFTD3"
    },
    {
        "user": "U6R16B5NY",
        "type": "message",
        "subtype": "channel_join",
        "ts": "1529529557.000472",
        "text": "<@U6R16B5NY> has joined the channel",
        "inviter": "U5TCAFTD3"
    },
    {
        "user": "U7PH857FB",
        "type": "message",
        "subtype": "channel_join",
        "ts": "1529529689.000247",
        "text": "<@U7PH857FB> has joined the channel",
        "inviter": "U5TCAFTD3"
    },
    {
        "user": "U89NPJGEA",
        "type": "message",
        "subtype": "channel_join",
        "ts": "1529529689.000287",
        "text": "<@U89NPJGEA> has joined the channel",
        "inviter": "U5TCAFTD3"
    },
    {
        "user": "UASNE4JBG",
        "type": "message",
        "subtype": "channel_join",
        "ts": "1529529689.000323",
        "text": "<@UASNE4JBG> has joined the channel",
        "inviter": "U5TCAFTD3"
    },
    {
        "user": "U7LSWT76G",
        "type": "message",
        "subtype": "channel_join",
        "ts": "1529529689.000359",
        "text": "<@U7LSWT76G> has joined the channel",
        "inviter": "U5TCAFTD3"
    },
    {
        "user": "U9ULPG0UA",
        "type": "message",
        "subtype": "channel_join",
        "ts": "1529529773.000408",
        "text": "<@U9ULPG0UA> has joined the channel"
    },
    {
        "client_msg_id": "95cd4886-1d9c-49ac-be5c-e2371600437f",
        "type": "message",
        "text": "Hello <!channel>! For our next meeting, the folks at Workbench (shoutout to <@UB57GEDGC>) have offered us a conference room. \n\nI wanted to do a quick poll on dates to see when works best for y'all. The options for July are the 18th, 23rd, and 24th, and we'll shoot for 6pm. Please comment if you have a preference, so we can book the room :slightly_smiling_face:",
        "user": "U5TCAFTD3",
        "ts": "1529529907.000727",
        "reactions": [
            {
                "name": "100",
                "users": [
                    "UB57GEDGC"
                ],
                "count": 1
            },
            {
                "name": "+1",
                "users": [
                    "UB57GEDGC"
                ],
                "count": 1
            }
        ]
    },
    {
        "client_msg_id": "be00068a-e10b-464c-9918-99a697910481",
        "type": "message",
        "text": "Are the sessions recorded? I'm in Boston so unfortunately I can't make it",
        "user": "U9ULPG0UA",
        "ts": "1529529995.000498"
    },
    {
        "client_msg_id": "d2227fa2-4de0-45be-a6db-713ac6c4e5ef",
        "type": "message",
        "text": "Ah bummer. We haven't been recorded them, but maybe we'll do that one day... At the moment, the meetups are pretty informal, so I'm not sure they'd be that interesting as recordings",
        "user": "U5TCAFTD3",
        "ts": "1529530060.000187"
    },
    {
        "client_msg_id": "f90714e4-fa09-4f78-af4d-18f100bdd072",
        "type": "message",
        "text": "But, as you may already know, I've heard that Nicky Case is running a group with a similar-ish theme in Boston, so maybe join that...?",
        "user": "U5TCAFTD3",
        "ts": "1529530103.000366"
    },
    {
        "client_msg_id": "f4c2f573-c94a-4eb4-b224-8d7063ad6b00",
        "type": "message",
        "text": "Do you have any more info? I can't find anything about it onli",
        "user": "U9ULPG0UA",
        "ts": "1529530285.000301"
    },
    {
        "client_msg_id": "618e7055-3f85-45ed-9a32-f8079a09cfba",
        "type": "message",
        "text": "Online",
        "user": "U9ULPG0UA",
        "ts": "1529530289.000065"
    },
    {
        "client_msg_id": "9a371889-1a0b-490f-b480-e013572a6923",
        "type": "message",
        "text": "His email is on his website, so maybe just email him if you're interested. I only heard about it through mutual friends, so I'm not sure if it's a public thing yet",
        "user": "U5TCAFTD3",
        "ts": "1529530359.000208"
    },
    {
        "user": "UAVBSJGG5",
        "type": "message",
        "subtype": "channel_join",
        "ts": "1529530917.000370",
        "text": "<@UAVBSJGG5> has joined the channel"
    }
]