[
    {
        "client_msg_id": "77781209-2b51-4a4d-816a-dd0f5ba77355",
        "type": "message",
        "text": "for folks around tonight, we are hosting a talk at universe from a toy designer at littlebits on the power of play <http:\/\/offline.onuniverse.com>",
        "user": "U7PH857FB",
        "ts": "1544119329.000800",
        "attachments": [
            {
                "title": "Universe Offline",
                "title_link": "http:\/\/offline.onuniverse.com\/",
                "text": "\"The opposite of play isn't work, it's depression\" - Dr. Stuart Brown. Ryan Mather, a toy designer at littleBits and FlipTales. He will take you on a journey exploring play-based learning beginning with a Dutch philosopher named Johann, and ending in Anji, China, where a play-based revolution in early-childhood education is underway. You'll walk away with insights to enhance the everyday work you do through a playful approach.",
                "fallback": "Universe Offline",
                "image_url": "https:\/\/onuniverse-assets.imgix.net\/3E01E09D-AA63-441D-BCB1-A65FA32F0E5B.jpg?w=375&q=40&dpr=2",
                "image_width": 125,
                "image_height": 250,
                "from_url": "http:\/\/offline.onuniverse.com\/",
                "image_bytes": 87448,
                "service_icon": "http:\/\/offline.onuniverse.com\/static\/favicons\/universetablet\/apple-touch-icon.png",
                "service_name": "offline.onuniverse.com",
                "id": 1,
                "original_url": "http:\/\/offline.onuniverse.com"
            }
        ]
    },
    {
        "client_msg_id": "d138af20-36da-4128-a9fe-3fe1d19a891d",
        "type": "message",
        "text": "all are welcome!",
        "user": "U7PH857FB",
        "ts": "1544119335.001200"
    }
]