[
    {
        "client_msg_id": "3dca1417-ab58-4f4c-9ed2-d5d529b1f619",
        "type": "message",
        "text": "Welcome to the <#CBC968C1M|nyc> channel<@U85HCL7JP>! Coming to the meetup today?",
        "user": "U5TCAFTD3",
        "ts": "1532353384.000524"
    },
    {
        "client_msg_id": "b12079db-4f1c-45e6-9a79-d23cd562ed6a",
        "type": "message",
        "text": "<!channel> - just wanted to remind everyone that the meetup is today at 6pm at Work-Bench (110 5th Ave, New York, NY 10011) :tada:",
        "user": "U5TCAFTD3",
        "ts": "1532353495.000456",
        "reactions": [
            {
                "name": "+1",
                "users": [
                    "UB57GEDGC",
                    "UASNE4JBG"
                ],
                "count": 2
            }
        ]
    },
    {
        "client_msg_id": "15d51d8e-e1fc-4bb4-8bb5-774f980a9f4f",
        "type": "message",
        "text": "Hey <@U5TCAFTD3>, sadly I'm not in NYC. I just wanted to stay in the loop and know more about what's going on in the meetup",
        "user": "U85HCL7JP",
        "ts": "1532364420.000469",
        "reactions": [
            {
                "name": "+1",
                "users": [
                    "U5TCAFTD3"
                ],
                "count": 1
            }
        ]
    },
    {
        "client_msg_id": "bb54842e-fe88-4c84-81bb-bc92b6addb17",
        "type": "message",
        "text": "So any information you can share later, would be great!",
        "user": "U85HCL7JP",
        "ts": "1532364434.000260"
    },
    {
        "client_msg_id": "57bb8117-8bf4-4bff-bce5-8df8d4faf88f",
        "type": "message",
        "text": "Last minute details - It's 110 5th ave. When you get here, you may have to sign in at the lobby. Say you're going to \"work-bench.\" Then come up to the 5th floor and we're in the conference room directly ahead",
        "user": "U5TCAFTD3",
        "ts": "1532381326.000016"
    },
    {
        "client_msg_id": "2D039538-18FF-4453-82E8-9326EC776F60",
        "type": "message",
        "text": "<@U5TCAFTD3> how long have meetings gone lately?",
        "user": "U6FBH9H26",
        "ts": "1532382768.000036"
    },
    {
        "client_msg_id": "72fd7e6f-1d99-4235-b044-09ae02175c77",
        "type": "message",
        "text": "60-90 minutes",
        "user": "U5TCAFTD3",
        "ts": "1532382798.000093"
    },
    {
        "client_msg_id": "a3a7e1a8-9be6-451f-bf02-cb517bd6bbea",
        "type": "message",
        "text": "depends on how much we have to say to each other :slightly_smiling_face:",
        "user": "U5TCAFTD3",
        "ts": "1532382812.000278"
    },
    {
        "client_msg_id": "9E8931F1-D02A-4F86-AEB9-37847BB91A45",
        "type": "message",
        "text": "and has a regular cadence developed yet?",
        "user": "U6FBH9H26",
        "ts": "1532382853.000213"
    },
    {
        "client_msg_id": "565f9644-01b2-4902-9552-922bfc26aa12",
        "type": "message",
        "text": "haha still working on it!",
        "user": "U5TCAFTD3",
        "ts": "1532382872.000232"
    },
    {
        "client_msg_id": "eeb6003b-afad-491b-b783-38479cf2d40f",
        "type": "message",
        "text": "you coming today?",
        "user": "U5TCAFTD3",
        "ts": "1532382885.000325"
    },
    {
        "client_msg_id": "E6AA7460-A8B1-48EA-96AA-411153E71E1C",
        "type": "message",
        "text": "considering it? i’m close at least.",
        "user": "U6FBH9H26",
        "ts": "1532382920.000126"
    },
    {
        "client_msg_id": "F8A7E3FB-3FED-4BD9-9A34-45F1851733E6",
        "type": "message",
        "text": "nah, i think maybe next time! too much important stuff going on now i should focus on.",
        "user": "U6FBH9H26",
        "ts": "1532383075.000360",
        "reactions": [
            {
                "name": "-1",
                "users": [
                    "U5TCAFTD3"
                ],
                "count": 1
            }
        ]
    },
    {
        "client_msg_id": "5D824994-7CED-4134-BF2E-B610BEF9C679",
        "type": "message",
        "text": "Come by!",
        "user": "U5TCAFTD3",
        "ts": "1532383618.000196"
    }
]