[
    {
        "client_msg_id": "2421be15-1bbc-4323-8f29-6d3ef0595fa2",
        "type": "message",
        "text": "i showed my team the dynamicland zine and everyone is jealous :joy:",
        "user": "UASNE4JBG",
        "ts": "1537289264.000100"
    },
    {
        "client_msg_id": "04619e8f-5c28-497b-85f1-28ad3288e2d5",
        "type": "message",
        "text": "Thanks for inviting me to the meetup yesterday and listening to my rambling. I thought I'd link the video I showed in case anyone was interested: <https:\/\/www.youtube.com\/watch?v=r_LPqaxXvaA>\nIt's pretty basic until around 10 mins, and then it gets more interesting.",
        "user": "UCGR73CAY",
        "ts": "1537310005.000100",
        "attachments": [
            {
                "service_name": "YouTube",
                "service_url": "https:\/\/www.youtube.com\/",
                "title": "Mech Programming Language",
                "title_link": "https:\/\/www.youtube.com\/watch?v=r_LPqaxXvaA",
                "author_name": "coreymontella",
                "author_link": "https:\/\/www.youtube.com\/user\/coreymontella",
                "thumb_url": "https:\/\/i.ytimg.com\/vi\/r_LPqaxXvaA\/hqdefault.jpg",
                "thumb_width": 480,
                "thumb_height": 360,
                "fallback": "YouTube Video: Mech Programming Language",
                "video_html": "<iframe width=\"400\" height=\"225\" src=\"https:\/\/www.youtube.com\/embed\/r_LPqaxXvaA?feature=oembed&autoplay=1&iv_load_policy=3\" frameborder=\"0\" allow=\"autoplay; encrypted-media\" allowfullscreen><\/iframe>",
                "video_html_width": 400,
                "video_html_height": 225,
                "from_url": "https:\/\/www.youtube.com\/watch?v=r_LPqaxXvaA",
                "service_icon": "https:\/\/a.slack-edge.com\/2089\/img\/unfurl_icons\/youtube.png",
                "id": 1,
                "original_url": "https:\/\/www.youtube.com\/watch?v=r_LPqaxXvaA"
            }
        ]
    },
    {
        "client_msg_id": "1988c0b6-5a05-4ab0-82ef-70ff1e01050d",
        "type": "message",
        "text": "Here is the book on Lucid I mentioned at the meetup: <http:\/\/worrydream.com\/refs\/Wadge%20-%20Lucid,%20the%20Dataflow%20Programming%20Language.pdf>",
        "user": "UCGR73CAY",
        "ts": "1537312672.000100",
        "reactions": [
            {
                "name": "+1",
                "users": [
                    "UCDBW1H26"
                ],
                "count": 1
            },
            {
                "name": "pray",
                "users": [
                    "UCNL0UQ90"
                ],
                "count": 1
            }
        ]
    }
]