[
    {
        "client_msg_id": "53503DDE-5925-45DF-9B05-88F2BECF334C",
        "type": "message",
        "text": "<!channel> Excited to see y’all *tonight at 6pm at Work-Bench (110 5th Ave, New York, NY 10011)*",
        "user": "U5TCAFTD3",
        "ts": "1537196665.000100",
        "reactions": [
            {
                "name": "+1",
                "users": [
                    "UCGR73CAY",
                    "UCDBW1H26"
                ],
                "count": 2
            }
        ]
    },
    {
        "client_msg_id": "e0773cf4-c124-4205-a203-271a66409532",
        "type": "message",
        "text": "<@U5TCAFTD3> Do you know what the parking situation is?",
        "user": "UCGR73CAY",
        "ts": "1537200124.000100"
    },
    {
        "client_msg_id": "17c1e76e-03a8-460e-ba4b-36c2665479eb",
        "type": "message",
        "text": "just on street? Or is there a garage near by?",
        "user": "UCGR73CAY",
        "ts": "1537200132.000100"
    },
    {
        "client_msg_id": "9376937b-1360-4eae-92e5-9050940d2f67",
        "type": "message",
        "text": "ah I'm sorry, I have no experience parking in union sq",
        "user": "U5TCAFTD3",
        "ts": "1537200176.000100"
    },
    {
        "client_msg_id": "888cb4f0-e45e-4a7f-879a-7f82678b11b4",
        "type": "message",
        "text": "It's a super busy area so my guess would be that a garage is a better bet, but I have no clue",
        "user": "U5TCAFTD3",
        "ts": "1537200200.000100"
    },
    {
        "client_msg_id": "eb8a01b8-13e2-4c23-8903-1f0743ce0d15",
        "type": "message",
        "text": "thanks np",
        "user": "UCGR73CAY",
        "ts": "1537200244.000100"
    },
    {
        "type": "message",
        "text": "Hey, sorry to say I hit some of the weather from the hurricane on the way and decided to turn around, it was pretty nasty",
        "user": "UCGR73CAY",
        "ts": "1537213388.000100"
    },
    {
        "type": "message",
        "text": "So I'm sorry to say I won't be able to make it :disappointed: ",
        "user": "UCGR73CAY",
        "ts": "1537213415.000100"
    },
    {
        "type": "message",
        "text": "Maybe we can do some Q&amp;A about Eve sometime if anyone is interested?",
        "user": "UCGR73CAY",
        "ts": "1537213604.000100",
        "thread_ts": "1537213604.000100",
        "reply_count": 1,
        "reply_users_count": 1,
        "latest_reply": "1537220276.000100",
        "reply_users": [
            "UAVBSJGG5"
        ],
        "replies": [
            {
                "user": "UAVBSJGG5",
                "ts": "1537220276.000100"
            }
        ]
    },
    {
        "client_msg_id": "32B305CD-0D8E-40B4-8227-9E6F1BD78A77",
        "type": "message",
        "text": "Ah bummer",
        "user": "U5TCAFTD3",
        "ts": "1537213622.000100"
    },
    {
        "client_msg_id": "C736D6CC-D4B4-4B4A-9BB4-77DEEAC0964D",
        "type": "message",
        "text": "...maybe we can video conference you in...?",
        "user": "U5TCAFTD3",
        "ts": "1537213633.000100"
    },
    {
        "client_msg_id": "047b9df7-f873-42d2-9c80-02a7439f6862",
        "type": "message",
        "text": "(Less important logistical question: is there room for bikes inside?)",
        "user": "UBKNXPBAB",
        "ts": "1537214887.000100"
    },
    {
        "client_msg_id": "7E5DCBF8-AB03-4EE1-A11B-D161AFA371D8",
        "type": "message",
        "text": "I’m not sure but I bet it’s likely",
        "user": "U5TCAFTD3",
        "ts": "1537218533.000100"
    },
    {
        "client_msg_id": "05A9E785-C861-44DB-832C-9E8BBCAFC334",
        "type": "message",
        "text": "I’ll ask...",
        "user": "U5TCAFTD3",
        "ts": "1537218537.000100"
    },
    {
        "client_msg_id": "83b3ad74-aba3-431e-9d2d-7225201a5534",
        "type": "message",
        "text": "I'm killing time in Union square if anyone else is doing the same and wants to say hi message me!",
        "user": "UCNL0UQ90",
        "ts": "1537218714.000100"
    },
    {
        "client_msg_id": "732FE64B-0BC6-4F34-8088-61D1C3CD0DA3",
        "type": "message",
        "text": "Sorry, no space for bikes upstairs :(",
        "user": "U5TCAFTD3",
        "ts": "1537219229.000200"
    },
    {
        "client_msg_id": "7892AA46-DBB3-428E-AD75-A5049E152B1C",
        "type": "message",
        "text": "Come on up to work-bench early if you want. I’ll be there",
        "user": "U5TCAFTD3",
        "ts": "1537219251.000100"
    },
    {
        "client_msg_id": "212AC05C-F126-434F-8EF9-057D6354427A",
        "type": "message",
        "text": "I’m on my way now",
        "user": "U5TCAFTD3",
        "ts": "1537219257.000100"
    },
    {
        "client_msg_id": "392a861d-3e11-484c-a819-b30bb703d64b",
        "type": "message",
        "text": "Ok see you there then",
        "user": "UCNL0UQ90",
        "ts": "1537219317.000200"
    },
    {
        "client_msg_id": "37bdbf2e-2391-4b79-8647-de3aa817ef8c",
        "type": "message",
        "text": "Unfortunately it looks like i won't be able to get out of work in time. If we can keep these going I think 3rd time will be the one.",
        "user": "UAVBSJGG5",
        "ts": "1537219429.000100"
    },
    {
        "type": "message",
        "text": "I think a video conf could work... I have to get to my campus computer tho so let me head over there ",
        "user": "UCGR73CAY",
        "ts": "1537219692.000100"
    },
    {
        "client_msg_id": "7C1285EA-70F1-4FDB-AACA-12DAD5B37416",
        "type": "message",
        "text": "<!channel> It’s on the 5th floor FYI ",
        "user": "U5TCAFTD3",
        "ts": "1537220142.000100"
    },
    {
        "client_msg_id": "b320b359-dd12-428b-82cb-609c0eedac90",
        "type": "message",
        "text": "I would be interested! Actually was hoping to make it today to see if I could get mech set up.",
        "user": "UAVBSJGG5",
        "ts": "1537220276.000100",
        "thread_ts": "1537213604.000100",
        "parent_user_id": "UCGR73CAY"
    },
    {
        "client_msg_id": "d30fd323-175a-4caa-895c-3b5590be67f4",
        "type": "message",
        "text": "<https:\/\/hangouts.google.com\/call\/kZtBAQkumKvX3kj2gWVPAAEE>",
        "user": "UBKNXPBAB",
        "ts": "1537225741.000100"
    },
    {
        "client_msg_id": "ff1591ff-4095-40bb-8c61-f292ebd68de8",
        "type": "message",
        "text": "<http:\/\/incidentalcomplexity.com\/2016\/06\/03\/oct-nov\/>",
        "user": "UCGR73CAY",
        "ts": "1537229187.000100",
        "attachments": [
            {
                "title": "Eve Blog",
                "title_link": "http:\/\/incidentalcomplexity.com\/2016\/06\/03\/oct-nov\/",
                "text": "This is the development blog of the Eve programming language",
                "fallback": "Eve Blog",
                "from_url": "http:\/\/incidentalcomplexity.com\/2016\/06\/03\/oct-nov\/",
                "service_icon": "https:\/\/witheve.github.io\/assets\/images\/favicon.png",
                "service_name": "incidentalcomplexity.com",
                "id": 1,
                "original_url": "http:\/\/incidentalcomplexity.com\/2016\/06\/03\/oct-nov\/"
            }
        ]
    },
    {
        "client_msg_id": "6aa3f6f1-38ee-4d36-a5e1-edbb025565ac",
        "type": "message",
        "text": "<https:\/\/gitlab.com\/cmontella\/hivemind>",
        "user": "UCGR73CAY",
        "ts": "1537229720.000100",
        "attachments": [
            {
                "service_name": "GitLab",
                "title": "Corey Montella \/ hivemind",
                "title_link": "https:\/\/gitlab.com\/cmontella\/hivemind",
                "text": "An operating system for robots. <http:\/\/hivemindos.com>",
                "fallback": "GitLab: Corey Montella \/ hivemind",
                "thumb_url": "https:\/\/assets.gitlab-static.net\/assets\/gitlab_logo-7ae504fe4f68fdebb3c2034e36621930cd36ea87924c11ff65dbcb8ed50dca58.png",
                "from_url": "https:\/\/gitlab.com\/cmontella\/hivemind",
                "thumb_width": 128,
                "thumb_height": 128,
                "service_icon": "https:\/\/assets.gitlab-static.net\/assets\/touch-icon-iphone-5a9cee0e8a51212e70b90c87c12f382c428870c0ff67d1eb034d884b78d2dae7.png",
                "id": 1,
                "original_url": "https:\/\/gitlab.com\/cmontella\/hivemind"
            }
        ]
    },
    {
        "client_msg_id": "f5d30d3f-9632-4475-a311-307b7620def4",
        "type": "message",
        "text": "Hey that was great! Thanks to presenters, Steve, and everyone else.",
        "user": "UBKNXPBAB",
        "ts": "1537237692.000100",
        "reactions": [
            {
                "name": "clap",
                "users": [
                    "UASNE4JBG"
                ],
                "count": 1
            }
        ]
    },
    {
        "client_msg_id": "bc6cf574-d4bf-4a31-b09f-e81406dae676",
        "type": "message",
        "text": "Agreed, that was fantastic. Thanks everyone.",
        "user": "UCNL0UQ90",
        "ts": "1537240875.000100"
    }
]