[
    {
        "client_msg_id": "092A80F8-8A6A-44F6-900C-A3CF3D179C9A",
        "type": "message",
        "text": "<!channel> Preferences on next meetup date? 9\/17 (:one:) or 9\/24 (:two:)? Last meetup before I move to London :scream: Speak now or forever hold your peace!",
        "user": "U5TCAFTD3",
        "ts": "1536072563.000100",
        "edited": {
            "user": "U5TCAFTD3",
            "ts": "1536072595.000000"
        },
        "reactions": [
            {
                "name": "one",
                "users": [
                    "U5TCAFTD3",
                    "U7PH857FB",
                    "UBWT66AGN"
                ],
                "count": 3
            },
            {
                "name": "two",
                "users": [
                    "U5TCAFTD3",
                    "U6S1R1M6K",
                    "UCGR73CAY"
                ],
                "count": 3
            },
            {
                "name": "+1",
                "users": [
                    "UAVBSJGG5",
                    "UASNE4JBG"
                ],
                "count": 2
            }
        ]
    },
    {
        "client_msg_id": "7D6B4AA3-FA56-43B7-89B4-6C036063D8FF",
        "type": "message",
        "text": "(Tagging <@UAVBSJGG5> <@U6S1R1M6K> <@U7LSWT76G> <@UCGR73CAY>  and <@U9F8M41AM> because you mentioned coming to this one)",
        "user": "U5TCAFTD3",
        "ts": "1536072745.000100"
    },
    {
        "client_msg_id": "cbaebbba-8c1e-4c3c-9710-28a9e92b0f38",
        "type": "message",
        "text": "9\/24 would be my preference if possible :slightly_smiling_face:",
        "user": "U6S1R1M6K",
        "ts": "1536072783.000100"
    },
    {
        "client_msg_id": "9e05939b-fa24-409d-bb62-08739ef3870c",
        "type": "message",
        "text": "also happy to host",
        "user": "U6S1R1M6K",
        "ts": "1536072786.000100"
    },
    {
        "client_msg_id": "D556DA1E-493A-4226-ADFD-EF3ECF8DD35F",
        "type": "message",
        "text": "Thanks! (Can you mark the :two: emoji?) Going to host at work-bench again because it’s a more central location for everyone by union sq",
        "user": "U5TCAFTD3",
        "ts": "1536072880.000100"
    },
    {
        "client_msg_id": "90a0a991-0df4-4195-b518-cf961e4afd3d",
        "type": "message",
        "text": "I picked 9\/24 just because I'm moving apartments on 9\/15, but I can make either",
        "user": "UCGR73CAY",
        "ts": "1536076747.000100"
    },
    {
        "client_msg_id": "3e688d64-58e5-42b8-a0ac-3f6850749db5",
        "type": "message",
        "text": "I would love to come, but I’ll be in Europe from 9\/14 until November. :scream:  Hopefully I can catch you in London! And if these continue, I can attend starting in November.",
        "user": "U9F8M41AM",
        "ts": "1536077609.000100"
    },
    {
        "client_msg_id": "a5018008-b08c-4fef-a749-e7c5cac332ba",
        "type": "message",
        "text": "I’ll unfortunately only be back on Sept 26, so I think this one will be without me :disappointed:",
        "user": "U7LSWT76G",
        "ts": "1536078295.000100"
    }
]