[
    {
        "client_msg_id": "7d4b91c8-8876-4ad3-8e4c-a00c5d138937",
        "type": "message",
        "text": "Less than one week out! I wanted to see if anyone here wanted to present their own \"future of programming\" work at the meetup. Another idea could be to come up with a few topics or questions to discuss. (Or we can just keep it unstructured.)",
        "user": "U5TCAFTD3",
        "ts": "1531837070.000599"
    },
    {
        "client_msg_id": "31614f0b-61cb-49a2-8f68-d8a45a6db2fa",
        "type": "message",
        "text": "Welcome <@UAV037WKC> and <@UBN1G4C1J>!",
        "user": "U5TCAFTD3",
        "ts": "1531837092.000201"
    },
    {
        "client_msg_id": "126643ac-34fb-4625-a4de-e915496f4871",
        "type": "message",
        "text": "Will you be at the meetup on Monday?",
        "user": "U5TCAFTD3",
        "ts": "1531837098.000428"
    },
    {
        "client_msg_id": "63ce2d82-af8d-4b1a-a19c-089d65c3b8a1",
        "type": "message",
        "text": "Actually I am in Boston so I won’t be able to make it this time but may be available for future NYC events.",
        "user": "UBN1G4C1J",
        "ts": "1531853540.000178",
        "reactions": [
            {
                "name": "+1",
                "users": [
                    "U5TCAFTD3"
                ],
                "count": 1
            }
        ]
    },
    {
        "user": "U7TJ8PRDW",
        "type": "message",
        "subtype": "channel_join",
        "ts": "1531862819.000324",
        "text": "<@U7TJ8PRDW> has joined the channel",
        "inviter": "U5TCAFTD3"
    },
    {
        "client_msg_id": "81A13D14-734C-4EBD-A220-5BC73D337ACC",
        "type": "message",
        "text": "<@U7TJ8PRDW> - see you at the meetup?",
        "user": "U5TCAFTD3",
        "ts": "1531862846.000004"
    },
    {
        "client_msg_id": "E27E2AF1-E3DC-43EA-999F-B6FADDDF81CF",
        "type": "message",
        "text": "<@U5TCAFTD3> i will try to be there. I do not have anything to present but interested to learn and connect with others",
        "user": "UAV037WKC",
        "ts": "1531869490.000007",
        "reactions": [
            {
                "name": "+1",
                "users": [
                    "U5TCAFTD3"
                ],
                "count": 1
            }
        ]
    }
]