[
    {
        "client_msg_id": "b67c8535-ef6e-4b61-927f-3f5fe88d7e3d",
        "type": "message",
        "text": "Ok, I'm going to book for July 23rd at 6pm. Save the date :slightly_smiling_face:",
        "user": "U5TCAFTD3",
        "ts": "1529857657.000066",
        "thread_ts": "1529857657.000066",
        "reply_count": 1,
        "reply_users_count": 1,
        "latest_reply": "1529938288.000730",
        "reply_users": [
            "UASNE4JBG"
        ],
        "replies": [
            {
                "user": "UASNE4JBG",
                "ts": "1529938288.000730"
            }
        ],
        "reactions": [
            {
                "name": "+1",
                "users": [
                    "UAVBSJGG5",
                    "U89NPJGEA",
                    "UASNE4JBG"
                ],
                "count": 3
            }
        ]
    }
]