[
    {
        "client_msg_id": "719899e7-8446-4203-8453-8eec2b7059bd",
        "type": "message",
        "text": "<!channel> very excited for the meetup on Monday! It'll be my last one before moving to London so hope to see y'all there!\n\nWe'll have <@UCGR73CAY> presenting about *Mech* and *Eve* and *Jason Brennan* (<https:\/\/nearthespeedoflight.com\/>) talking about *Beach*.\n\n<@UCDBW1H26> is coming down from Boston!!!\n\nI also hope to see <@U7PH857FB>, <@U6S1R1M6K>, <@UBWT66AGN>, <@UAVBSJGG5>, maybe <@U5U4S45HC> (and others) there!\n\n(There doesn't seem to be that much support for ordering in food I guess we can do without)",
        "user": "U5TCAFTD3",
        "ts": "1536848256.000100",
        "edited": {
            "user": "U5TCAFTD3",
            "ts": "1536848371.000000"
        },
        "reactions": [
            {
                "name": "+1",
                "users": [
                    "UBWT66AGN"
                ],
                "count": 1
            }
        ]
    },
    {
        "client_msg_id": "30ff5c35-f10c-4076-881b-99ca8fef7514",
        "type": "message",
        "text": "I will be there, starting work early Monday to make sure I can make it.",
        "user": "UAVBSJGG5",
        "ts": "1536848728.000100",
        "reactions": [
            {
                "name": "raised_hands",
                "users": [
                    "U5TCAFTD3"
                ],
                "count": 1
            }
        ]
    },
    {
        "client_msg_id": "44764e55-c2d0-455b-9519-3907e78d43db",
        "type": "message",
        "text": "I'll also be there!",
        "user": "U5T9JLUAE",
        "ts": "1536849389.000100",
        "reactions": [
            {
                "name": "tada",
                "users": [
                    "U5TCAFTD3"
                ],
                "count": 1
            }
        ]
    },
    {
        "client_msg_id": "e6fbc872-69fe-4fc3-8dda-baaa8251dbda",
        "type": "message",
        "text": "hey <@U5TCAFTD3> sadly I can't make it :confused: still out of town, maybe <@U6R16B5NY> is around but not sure!",
        "user": "U6S1R1M6K",
        "ts": "1536875354.000100",
        "reactions": [
            {
                "name": "disappointed_relieved",
                "users": [
                    "U5TCAFTD3"
                ],
                "count": 1
            }
        ]
    }
]