[
    {
        "client_msg_id": "AB57F727-F3BC-4976-BA36-43E73820BF53",
        "type": "message",
        "text": "<!here> nice presentations and discussions yesterday. Thanks for organizing <@U5TCAFTD3> ",
        "user": "UAV037WKC",
        "ts": "1532443437.000377",
        "reactions": [
            {
                "name": "clap",
                "users": [
                    "UASNE4JBG"
                ],
                "count": 1
            }
        ]
    },
    {
        "client_msg_id": "e29af3c5-4c53-4382-bb2c-20fadb16e957",
        "type": "message",
        "text": "Thanks for coming <@U7PH857FB> <@U5ZBLAKN1> <@U5YTP98TT> <@UBWT66AGN> <@UAV037WKC> <@UASNE4JBG>! Lots of fun hearing about what's going on at Windmill (<http:\/\/windmill.engineering\/>), Hopscotch (<https:\/\/www.gethopscotch.com\/>) and Universe (<http:\/\/onuniverse.com\/>). And thanks <@UB57GEDGC> for hosting :slightly_smiling_face:",
        "user": "U5TCAFTD3",
        "ts": "1532444941.000270",
        "edited": {
            "user": "U5TCAFTD3",
            "ts": "1532444947.000000"
        },
        "reactions": [
            {
                "name": "tada",
                "users": [
                    "UBWT66AGN",
                    "UAV037WKC",
                    "UASNE4JBG",
                    "U5TCAFTD3"
                ],
                "count": 4
            },
            {
                "name": "100",
                "users": [
                    "UB57GEDGC"
                ],
                "count": 1
            }
        ]
    }
]