[
    {
        "client_msg_id": "47423efd-e669-402c-840a-c29d30c7c042",
        "type": "message",
        "text": "<@U5TCAFTD3> are you still in NY?",
        "user": "UAVBSJGG5",
        "ts": "1544893833.000500",
        "thread_ts": "1544893833.000500",
        "reply_count": 2,
        "reply_users_count": 1,
        "latest_reply": "1544893877.000800",
        "reply_users": [
            "U5TCAFTD3"
        ],
        "replies": [
            {
                "user": "U5TCAFTD3",
                "ts": "1544893851.000600"
            },
            {
                "user": "U5TCAFTD3",
                "ts": "1544893877.000800"
            }
        ]
    },
    {
        "client_msg_id": "fcb5eb21-491f-49e0-ab33-21b84c8e0768",
        "type": "message",
        "text": "I live in London now",
        "user": "U5TCAFTD3",
        "ts": "1544893851.000600",
        "thread_ts": "1544893833.000500",
        "parent_user_id": "UAVBSJGG5"
    },
    {
        "client_msg_id": "273876aa-86b4-4f32-b3fd-c92014fd4c92",
        "type": "message",
        "text": "I'll be in NY sometime next year but in the meantime maybe someone else will organize a meetup :)",
        "user": "U5TCAFTD3",
        "ts": "1544893877.000800",
        "thread_ts": "1544893833.000500",
        "parent_user_id": "UAVBSJGG5"
    }
]