[
    {
        "client_msg_id": "BB5D6085-D2B4-41F6-8C58-39DF746AC770",
        "type": "message",
        "text": "<@U5TCAFTD3> any update on the date for this meetup? I’m considering coming down from Boston",
        "user": "UCDBW1H26",
        "ts": "1536240447.000100",
        "reactions": [
            {
                "name": "heart",
                "users": [
                    "U5TCAFTD3"
                ],
                "count": 1
            }
        ]
    },
    {
        "client_msg_id": "4e6684b5-050f-466a-8d7a-16cf8151c3de",
        "type": "message",
        "text": "I was thinking that we maybe order in dinner at this meetup, maybe from Dig Inn (or some such). Thumbs up or thoughts?",
        "user": "U5TCAFTD3",
        "ts": "1536241644.000100",
        "reactions": [
            {
                "name": "+1",
                "users": [
                    "U5TCAFTD3",
                    "UBKNXPBAB"
                ],
                "count": 2
            },
            {
                "name": "-1",
                "users": [
                    "U5TCAFTD3"
                ],
                "count": 1
            }
        ]
    }
]