[
    {
        "client_msg_id": "091cd8fc-de3b-471f-88e9-1f27349e90c1",
        "type": "message",
        "text": "I’ve only watched sessions online. It’s important to me these days to keep asking what (and whom) the tools I’m building should be for, not just how they should work. Communities like Science and Technology Studies, critical accounts of online culture, and good journalism on tech and infrastructure are good for that.",
        "user": "UD3AK9JRF",
        "ts": "1552935872.002600",
        "thread_ts": "1552674041.002100",
        "parent_user_id": "UD3AK9JRF"
    },
    {
        "client_msg_id": "aea561af-04e6-40e2-ae88-e4b5444560e9",
        "type": "message",
        "text": "Gotcha",
        "user": "UFPPABQ7P",
        "ts": "1552935897.002800",
        "thread_ts": "1552674041.002100",
        "parent_user_id": "UD3AK9JRF"
    }
]