[
    {
        "client_msg_id": "fc95e7bb-db1d-4da5-847d-648d712f834e",
        "type": "message",
        "text": "<!channel> see you all *tonight at 6:30pm* at Reaktor, 9th floor, 38 West 21st Street 10010",
        "user": "U5TCAFTD3",
        "ts": "1557412853.002600",
        "edited": {
            "user": "U5TCAFTD3",
            "ts": "1557412898.000000"
        },
        "reactions": [
            {
                "name": "+1",
                "users": [
                    "UHP08C1DK",
                    "UFPPABQ7P",
                    "UE0ETTCG7",
                    "UD2UVTDNU",
                    "UHS9K1N6A"
                ],
                "count": 5
            }
        ]
    },
    {
        "client_msg_id": "19a38755-ceb2-4de8-8d69-0db9a2e8a9f9",
        "type": "message",
        "text": "If anyone has trouble getting into the officespace feel free to DM me :heart:",
        "user": "UFPPABQ7P",
        "ts": "1557436750.005800",
        "reactions": [
            {
                "name": "+1",
                "users": [
                    "U5TCAFTD3"
                ],
                "count": 1
            }
        ]
    },
    {
        "client_msg_id": "f2c43090-d518-41d9-b566-ed862a688b6d",
        "type": "message",
        "text": "<@UHTPRR5SM> <http:\/\/dbmsmusings.blogspot.com\/2019\/01\/its-time-to-move-on-from-two-phase.html>",
        "user": "UD2UVTDNU",
        "ts": "1557450875.006600",
        "attachments": [
            {
                "title": "It’s Time to Move on from Two Phase Commit",
                "title_link": "http:\/\/dbmsmusings.blogspot.com\/2019\/01\/its-time-to-move-on-from-two-phase.html",
                "text": "The two-phase commit protocol (2PC) has been used in enterprise software systems for over three decades . It has been an an incredibly impa...",
                "fallback": "It’s Time to Move on from Two Phase Commit",
                "image_url": "https:\/\/lh6.googleusercontent.com\/F7giuNAtrYsZz1ZYZPOuqXnnYYfUTiXq-IU-wKkiRbnKqhnEehTA1cIwdDTIQ5MylDjbsKhbjYLyZJkt-HFQQ50BaMtS2Vel_vr0II5vbjl2K6UX3tjQTnOb75ICgeo7IQDmIyeG",
                "from_url": "http:\/\/dbmsmusings.blogspot.com\/2019\/01\/its-time-to-move-on-from-two-phase.html",
                "image_width": 458,
                "image_height": 250,
                "image_bytes": 99552,
                "service_icon": "http:\/\/dbmsmusings.blogspot.com\/favicon.ico",
                "service_name": "dbmsmusings.blogspot.com",
                "id": 1,
                "original_url": "http:\/\/dbmsmusings.blogspot.com\/2019\/01\/its-time-to-move-on-from-two-phase.html"
            }
        ],
        "thread_ts": "1557450875.006600",
        "reply_count": 5,
        "reply_users_count": 2,
        "latest_reply": "1557464002.003400",
        "reply_users": [
            "UHTPRR5SM",
            "UD2UVTDNU"
        ],
        "replies": [
            {
                "user": "UHTPRR5SM",
                "ts": "1557454110.001200"
            },
            {
                "user": "UD2UVTDNU",
                "ts": "1557454576.001500"
            },
            {
                "user": "UD2UVTDNU",
                "ts": "1557454584.001700"
            },
            {
                "user": "UHTPRR5SM",
                "ts": "1557463997.003200"
            },
            {
                "user": "UHTPRR5SM",
                "ts": "1557464002.003400"
            }
        ],
        "reactions": [
            {
                "name": "ok_hand",
                "users": [
                    "UFPPABQ7P",
                    "UHTPRR5SM"
                ],
                "count": 2
            }
        ]
    },
    {
        "client_msg_id": "ce3fdaea-f78f-4ac6-8498-9afac4786ef0",
        "type": "message",
        "text": "Great meetup tonight y'all, thanks <@U5TCAFTD3> for organizing and Reaktor folks for hosting!",
        "user": "UD2UVTDNU",
        "ts": "1557453949.000700",
        "reactions": [
            {
                "name": "+1",
                "users": [
                    "UHTPRR5SM",
                    "U5TCAFTD3",
                    "UCNL0UQ90",
                    "U85MWBKEY",
                    "UFPPABQ7P",
                    "UE0ETTCG7"
                ],
                "count": 6
            }
        ]
    },
    {
        "client_msg_id": "C7565E66-4408-4699-A941-55CCD609BF95",
        "type": "message",
        "text": "Thanks!",
        "user": "UHTPRR5SM",
        "ts": "1557454110.001200",
        "thread_ts": "1557450875.006600",
        "parent_user_id": "UD2UVTDNU"
    },
    {
        "client_msg_id": "88ff4b20-4f4c-4fd0-bb6f-cd27b8266512",
        "type": "message",
        "text": "if you figure out what the thing that replaces 2PC is, let me know :joy:",
        "user": "UD2UVTDNU",
        "ts": "1557454576.001500",
        "thread_ts": "1557450875.006600",
        "parent_user_id": "UD2UVTDNU"
    },
    {
        "client_msg_id": "543b92ea-c161-47f1-b0d8-918aa748b4b1",
        "type": "message",
        "text": "i'll queue it up for another read as well",
        "user": "UD2UVTDNU",
        "ts": "1557454584.001700",
        "thread_ts": "1557450875.006600",
        "parent_user_id": "UD2UVTDNU"
    },
    {
        "type": "message",
        "text": "Here's the group photo for you all!",
        "files": [
            {
                "id": "FJMPK4XJA",
                "created": 1557460211,
                "timestamp": 1557460211,
                "name": "IMG_20190509_205457_exported_733_1557460038320.jpg",
                "title": "IMG_20190509_205457_exported_733_1557460038320.jpg",
                "mimetype": "image\/jpeg",
                "filetype": "jpg",
                "pretty_type": "JPEG",
                "user": "UFPPABQ7P",
                "editable": false,
                "size": 767733,
                "mode": "hosted",
                "is_external": false,
                "external_type": "",
                "is_public": true,
                "public_url_shared": false,
                "display_as_bot": false,
                "username": "",
                "url_private": "https:\/\/files.slack.com\/files-pri\/T5TCAFTA9-FJMPK4XJA\/img_20190509_205457_exported_733_1557460038320.jpg?t=xoxe-197418537349-653683177169-653683177233-23343e578426a323e5fb905bbe2173fe",
                "url_private_download": "https:\/\/files.slack.com\/files-pri\/T5TCAFTA9-FJMPK4XJA\/download\/img_20190509_205457_exported_733_1557460038320.jpg?t=xoxe-197418537349-653683177169-653683177233-23343e578426a323e5fb905bbe2173fe",
                "thumb_64": "https:\/\/files.slack.com\/files-tmb\/T5TCAFTA9-FJMPK4XJA-e71b580588\/img_20190509_205457_exported_733_1557460038320_64.jpg?t=xoxe-197418537349-653683177169-653683177233-23343e578426a323e5fb905bbe2173fe",
                "thumb_80": "https:\/\/files.slack.com\/files-tmb\/T5TCAFTA9-FJMPK4XJA-e71b580588\/img_20190509_205457_exported_733_1557460038320_80.jpg?t=xoxe-197418537349-653683177169-653683177233-23343e578426a323e5fb905bbe2173fe",
                "thumb_360": "https:\/\/files.slack.com\/files-tmb\/T5TCAFTA9-FJMPK4XJA-e71b580588\/img_20190509_205457_exported_733_1557460038320_360.jpg?t=xoxe-197418537349-653683177169-653683177233-23343e578426a323e5fb905bbe2173fe",
                "thumb_360_w": 360,
                "thumb_360_h": 270,
                "thumb_480": "https:\/\/files.slack.com\/files-tmb\/T5TCAFTA9-FJMPK4XJA-e71b580588\/img_20190509_205457_exported_733_1557460038320_480.jpg?t=xoxe-197418537349-653683177169-653683177233-23343e578426a323e5fb905bbe2173fe",
                "thumb_480_w": 480,
                "thumb_480_h": 360,
                "thumb_160": "https:\/\/files.slack.com\/files-tmb\/T5TCAFTA9-FJMPK4XJA-e71b580588\/img_20190509_205457_exported_733_1557460038320_160.jpg?t=xoxe-197418537349-653683177169-653683177233-23343e578426a323e5fb905bbe2173fe",
                "thumb_720": "https:\/\/files.slack.com\/files-tmb\/T5TCAFTA9-FJMPK4XJA-e71b580588\/img_20190509_205457_exported_733_1557460038320_720.jpg?t=xoxe-197418537349-653683177169-653683177233-23343e578426a323e5fb905bbe2173fe",
                "thumb_720_w": 720,
                "thumb_720_h": 540,
                "thumb_800": "https:\/\/files.slack.com\/files-tmb\/T5TCAFTA9-FJMPK4XJA-e71b580588\/img_20190509_205457_exported_733_1557460038320_800.jpg?t=xoxe-197418537349-653683177169-653683177233-23343e578426a323e5fb905bbe2173fe",
                "thumb_800_w": 800,
                "thumb_800_h": 600,
                "thumb_960": "https:\/\/files.slack.com\/files-tmb\/T5TCAFTA9-FJMPK4XJA-e71b580588\/img_20190509_205457_exported_733_1557460038320_960.jpg?t=xoxe-197418537349-653683177169-653683177233-23343e578426a323e5fb905bbe2173fe",
                "thumb_960_w": 960,
                "thumb_960_h": 720,
                "thumb_1024": "https:\/\/files.slack.com\/files-tmb\/T5TCAFTA9-FJMPK4XJA-e71b580588\/img_20190509_205457_exported_733_1557460038320_1024.jpg?t=xoxe-197418537349-653683177169-653683177233-23343e578426a323e5fb905bbe2173fe",
                "thumb_1024_w": 1024,
                "thumb_1024_h": 768,
                "image_exif_rotation": 1,
                "original_w": 4032,
                "original_h": 3024,
                "permalink": "https:\/\/futureofcoding.slack.com\/files\/UFPPABQ7P\/FJMPK4XJA\/img_20190509_205457_exported_733_1557460038320.jpg",
                "permalink_public": "https:\/\/slack-files.com\/T5TCAFTA9-FJMPK4XJA-4b28dc2519",
                "has_rich_preview": false
            }
        ],
        "upload": true,
        "user": "UFPPABQ7P",
        "display_as_bot": false,
        "ts": "1557460211.002900",
        "client_msg_id": "9770fc0d-2af8-48e2-a348-7e51a1d84f2a",
        "reactions": [
            {
                "name": "grin",
                "users": [
                    "UHS9K1N6A",
                    "UE0ETTCG7",
                    "UHP08C1DK",
                    "U5TCAFTD3",
                    "UD2UVTDNU"
                ],
                "count": 5
            }
        ]
    },
    {
        "client_msg_id": "ccacbc8b-9982-405c-92f6-d1c3582efeab",
        "type": "message",
        "text": "haha, will let you know",
        "user": "UHTPRR5SM",
        "ts": "1557463997.003200",
        "thread_ts": "1557450875.006600",
        "parent_user_id": "UD2UVTDNU"
    },
    {
        "client_msg_id": "8680e03a-972a-47aa-a5c4-86b767c35f1b",
        "type": "message",
        "text": "here's the other thing I mentioned <https:\/\/github.com\/grailbio\/reflow>",
        "user": "UHTPRR5SM",
        "ts": "1557464002.003400",
        "thread_ts": "1557450875.006600",
        "parent_user_id": "UD2UVTDNU"
    }
]