[
    {
        "client_msg_id": "bc23d9be-90c5-420f-a13b-61f7cd164eed",
        "type": "message",
        "text": "I'm moving to NYC next week. It's outside my area of expertise but I was thinking about going to the Games For Change Conference at Parsons. Anyone here attending?",
        "user": "UHZNB3HRP",
        "ts": "1559828772.001900",
        "edited": {
            "user": "UHZNB3HRP",
            "ts": "1559828795.000000"
        },
        "thread_ts": "1559828772.001900",
        "reply_count": 2,
        "reply_users_count": 2,
        "latest_reply": "1560011495.002700",
        "reply_users": [
            "U5TCAFTD3",
            "UHZNB3HRP"
        ],
        "replies": [
            {
                "user": "U5TCAFTD3",
                "ts": "1559976436.002500"
            },
            {
                "user": "UHZNB3HRP",
                "ts": "1560011495.002700"
            }
        ],
        "reactions": [
            {
                "name": "eyes",
                "users": [
                    "UFPPABQ7P"
                ],
                "count": 1
            }
        ]
    }
]