[
    {
        "client_msg_id": "72843a78-fc2b-4bb8-ad29-6250ffcd5ab9",
        "type": "message",
        "text": "I scoured <http:\/\/Meetup.com|Meetup.com> for existing Future of Coding NYC groups, and couldn't find something in that space. I'm thinking about establishing a group if one doesn't already exist that someone knows of",
        "user": "UFPPABQ7P",
        "ts": "1559407896.002600",
        "thread_ts": "1559407896.002600",
        "reply_count": 1,
        "reply_users_count": 1,
        "latest_reply": "1559485160.003100",
        "reply_users": [
            "UE0ETTCG7"
        ],
        "replies": [
            {
                "user": "UE0ETTCG7",
                "ts": "1559485160.003100"
            }
        ],
        "reactions": [
            {
                "name": "+1",
                "users": [
                    "UE0ETTCG7",
                    "UHP08C1DK"
                ],
                "count": 2
            }
        ]
    }
]