[
    {
        "client_msg_id": "d736f5fa-d7f4-4c79-b7b2-c0278a5925b7",
        "type": "message",
        "text": ":confetti_ball: <!channel> we are confirmed for the next NY meetup!\n\nDate: Thursday, May 9th\nTime: 6:30-9pm\n*(New)* Location: Reaktor, 9th floor, 38 West 21st Street 10010\n\nWe have room for ~10 people so hopefully that will be enough. Please thumbs up to this :thumbsup: if you are planning to attend.\n\nIf you want to present something you've been working on or a topic for discussion, DM me",
        "user": "U5TCAFTD3",
        "ts": "1556024182.003000",
        "edited": {
            "user": "U5TCAFTD3",
            "ts": "1557162149.000000"
        },
        "reactions": [
            {
                "name": "+1",
                "users": [
                    "U5TCAFTD3",
                    "UHS9K1N6A",
                    "UD2UVTDNU",
                    "UFPPABQ7P",
                    "UBWT66AGN",
                    "UHTPRR5SM",
                    "UE0ETTCG7",
                    "U6S1R1M6K",
                    "UAVBSJGG5",
                    "UHP08C1DK",
                    "UCNL0UQ90",
                    "UFER339ND",
                    "U85MWBKEY",
                    "UD69XQ9J8"
                ],
                "count": 14
            }
        ]
    }
]