[
    {
        "client_msg_id": "044132fe-1f90-4606-8123-a4de7a512116",
        "type": "message",
        "text": "For NYC folks, there is a School For Computational Poetry (SFCP) graduate showcase open house today and tomorrow.\nCould be fun for some of the people here <https:\/\/attending.io\/events\/spring2019>",
        "user": "UFPPABQ7P",
        "ts": "1557588698.006400",
        "attachments": [
            {
                "service_name": "Attending",
                "title": "Spring 2019 Student Showcase",
                "title_link": "https:\/\/attending.io\/events\/spring2019",
                "text": "This showcase is an open studio, a chance to observe the students’ journey of poetic computation and see their works in progr...",
                "fallback": "Attending: Spring 2019 Student Showcase",
                "image_url": "https:\/\/d2qtjyzobi7t54.cloudfront.net\/api\/file\/hsTz7wSAuSrRLQrS19Bg",
                "from_url": "https:\/\/attending.io\/events\/spring2019",
                "image_width": 434,
                "image_height": 250,
                "image_bytes": 295986,
                "service_icon": "https:\/\/attending.io\/favicon.ico",
                "id": 1,
                "original_url": "https:\/\/attending.io\/events\/spring2019"
            }
        ],
        "thread_ts": "1557588698.006400",
        "reply_count": 2,
        "reply_users_count": 2,
        "latest_reply": "1557773300.006800",
        "reply_users": [
            "UAVBSJGG5",
            "UFPPABQ7P"
        ],
        "replies": [
            {
                "user": "UAVBSJGG5",
                "ts": "1557716270.006600"
            },
            {
                "user": "UFPPABQ7P",
                "ts": "1557773300.006800"
            }
        ]
    }
]