[
    {
        "client_msg_id": "dbbe9a3b-eb2b-4f95-8001-dea95a2f6943",
        "type": "message",
        "text": "<!channel> Looking forward to seeing you all *this Thursday at 6:30pm (time changed)*. Excited to see <@UE0ETTCG7> (<https:\/\/repla.app>) and <@UHS9K1N6A> (<http:\/\/www.hyperfiddle.net\/>) presenting their work",
        "user": "U5TCAFTD3",
        "ts": "1557162227.001300",
        "edited": {
            "user": "U5TCAFTD3",
            "ts": "1557162936.000000"
        },
        "reactions": [
            {
                "name": "white_check_mark",
                "users": [
                    "UFPPABQ7P",
                    "UE0ETTCG7"
                ],
                "count": 2
            }
        ]
    }
]