[
    {
        "client_msg_id": "040106b1-06c5-4452-aaef-38191665320b",
        "type": "message",
        "text": "Thanks for stepping up to organize!\n\nQuick tip: in addition to group messages like this, it really helps to send personal direct messages to people to get them to actually show up ",
        "user": "U5TCAFTD3",
        "ts": "1549186604.013300",
        "thread_ts": "1549145931.013100",
        "parent_user_id": "UAVBSJGG5",
        "reactions": [
            {
                "name": "+1",
                "users": [
                    "UAVBSJGG5",
                    "UFPPABQ7P",
                    "UCXR52MU2",
                    "UGK6F0RAA"
                ],
                "count": 4
            }
        ]
    }
]