[
    {
        "client_msg_id": "8b40b9c0-f8ea-4883-a1d9-75668521fa2b",
        "type": "message",
        "text": "Let's try to make another meetup again, last one didn't have much interest but it was the holiday season. Since Steve left, there is no one really organizing these in NYC, but I think it nice to put a face to names and meet in person to discuss ideas. I'm thinking if it's less than ten of us we can use some of the public available spaces to host for now. Does the 12th or 13th work for people? Just drop a quick message here an we'll figure it out together.",
        "user": "UAVBSJGG5",
        "ts": "1549145931.013100",
        "edited": {
            "user": "UAVBSJGG5",
            "ts": "1549145991.000000"
        },
        "thread_ts": "1549145931.013100",
        "reply_count": 3,
        "reply_users_count": 2,
        "latest_reply": "1549298909.013900",
        "reply_users": [
            "U5TCAFTD3",
            "UFPPABQ7P"
        ],
        "replies": [
            {
                "user": "U5TCAFTD3",
                "ts": "1549186604.013300"
            },
            {
                "user": "UFPPABQ7P",
                "ts": "1549298861.013700"
            },
            {
                "user": "UFPPABQ7P",
                "ts": "1549298909.013900"
            }
        ]
    }
]