[
    {
        "client_msg_id": "b913ebb9-3016-4d43-808e-67ba121eaa34",
        "type": "message",
        "text": "Go for it!",
        "user": "U5TCAFTD3",
        "ts": "1559470830.002900"
    },
    {
        "client_msg_id": "2295a79b-8c98-470b-9aa5-4fb49b71a1ef",
        "type": "message",
        "text": "I'd be interested in this for sure!",
        "user": "UE0ETTCG7",
        "ts": "1559485160.003100",
        "thread_ts": "1559407896.002600",
        "parent_user_id": "UFPPABQ7P",
        "reactions": [
            {
                "name": "ok_hand",
                "users": [
                    "UFPPABQ7P"
                ],
                "count": 1
            }
        ]
    },
    {
        "client_msg_id": "a1c514f9-23c7-44ac-aed1-85079513117e",
        "type": "message",
        "text": "<@U5TCAFTD3> is there a meetup for Boston? I’m moving to downtown soon!",
        "user": "UGLSY9X3J",
        "ts": "1559492301.003600",
        "thread_ts": "1559492301.003600",
        "reply_count": 2,
        "reply_users_count": 1,
        "latest_reply": "1559492385.003900",
        "reply_users": [
            "U5TCAFTD3"
        ],
        "replies": [
            {
                "user": "U5TCAFTD3",
                "ts": "1559492349.003700"
            },
            {
                "user": "U5TCAFTD3",
                "ts": "1559492385.003900"
            }
        ]
    },
    {
        "client_msg_id": "5d68a5e7-ca7d-445d-bfe5-23b903b195e2",
        "type": "message",
        "text": "There's <#CDYTXF6UA|boston>",
        "user": "U5TCAFTD3",
        "ts": "1559492349.003700",
        "thread_ts": "1559492301.003600",
        "parent_user_id": "UGLSY9X3J"
    },
    {
        "client_msg_id": "9027bb0d-edee-418d-9159-956cad9b67e2",
        "type": "message",
        "text": "<@U9ULPG0UA> was organizing some stuff at some point",
        "user": "U5TCAFTD3",
        "ts": "1559492385.003900",
        "thread_ts": "1559492301.003600",
        "parent_user_id": "UGLSY9X3J"
    }
]