[
    {
        "client_msg_id": "42f52a14-f860-448e-b31d-dbc008908685",
        "type": "message",
        "text": "Thanks Steve. I get this feeling that the idea of it is way beyond the reality.",
        "user": "UHZNB3HRP",
        "ts": "1560011495.002700",
        "thread_ts": "1559828772.001900",
        "parent_user_id": "UHZNB3HRP"
    },
    {
        "client_msg_id": "522e98d6-1944-4ce5-ab42-9f2fa8842fa1",
        "type": "message",
        "text": "One more off topic....any recommendations for co-working spaces?",
        "user": "UHZNB3HRP",
        "ts": "1560054849.003600"
    }
]