[
    {
        "client_msg_id": "C9877B6C-2063-4F2F-B4B7-4BBC5B1AEAD5",
        "type": "message",
        "text": "I’ll be in NYC April 11-17 for Theorizing The Web. If anyone else is going, or otherwise up for hanging out, let’s make it happen. ",
        "user": "UD3AK9JRF",
        "ts": "1552674041.002100",
        "thread_ts": "1552674041.002100",
        "reply_count": 3,
        "reply_users_count": 2,
        "latest_reply": "1552935897.002800",
        "reply_users": [
            "UFPPABQ7P",
            "UD3AK9JRF"
        ],
        "replies": [
            {
                "user": "UFPPABQ7P",
                "ts": "1552674581.002300"
            },
            {
                "user": "UD3AK9JRF",
                "ts": "1552935872.002600"
            },
            {
                "user": "UFPPABQ7P",
                "ts": "1552935897.002800"
            }
        ],
        "reactions": [
            {
                "name": "sunglasses",
                "users": [
                    "UFPPABQ7P",
                    "UHJ996H2S"
                ],
                "count": 2
            }
        ]
    },
    {
        "client_msg_id": "6d2c2cf9-e0ad-4b54-a295-a543b3842278",
        "type": "message",
        "text": "Sure thing, have you been to a past TtW event?\n- My first time hearing about it",
        "user": "UFPPABQ7P",
        "ts": "1552674581.002300",
        "edited": {
            "user": "UFPPABQ7P",
            "ts": "1552674603.000000"
        },
        "thread_ts": "1552674041.002100",
        "parent_user_id": "UD3AK9JRF"
    }
]