[
    {
        "client_msg_id": "00fcb855-20fd-48c1-a8d7-e6b38f5f9a15",
        "type": "message",
        "text": "<!channel> given the level of interest, we decided to *switch venues* to Reaktor, 9th floor, 38 West 21st Street 10010. (I changed it in the message above as well.) Thanks <@UFPPABQ7P> for hosting!\n\nThe plan is to order in food from Seamless when we're there so hopefully that's not a logistical nightmare...\n\nAnd I'm still looking for presenters. Anyone who wants to share some work-in-progress or even just rough thoughts to spark conversation, DM me to discuss!",
        "user": "U5TCAFTD3",
        "ts": "1556638459.000800"
    }
]