[
    {
        "client_msg_id": "80234f37-52af-4e12-bc45-bf0451238abd",
        "type": "message",
        "text": "Hello all! I’m new to the Future of Coding community, but I do live in NYC and am working on something someone else might be interested in talking\/sketching out with me.\nI’m currently working on a protocol and simple Reactive Database which implements some of the designs behind Dynamicland’s RealTalk language in Rust. The basic concept is anything can make a claim about the world in the form `_ is powered on` (`\"TV:1\" is powered \"on\"`, `\"Toaster1\" is powered \"on\"`) or `_ is near _` (`\"TV:1\" is near \"Person:Steve\"`) and each claim can be queried on such as `When \/thing\/ is powered on, \/thing\/ is near \"Person:Steve\": print(thing); Wish (thing) was turned (\"off\")` which with this fact base would result in wishing that `TV:1` was powered off.",
        "user": "UFPPABQ7P",
        "ts": "1548456520.008200",
        "reactions": [
            {
                "name": "+1",
                "users": [
                    "UHTPRR5SM",
                    "UHZNB3HRP",
                    "U7TJ8PRDW"
                ],
                "count": 3
            }
        ]
    },
    {
        "client_msg_id": "7dd2c506-c295-493b-b297-abed0a959508",
        "type": "message",
        "text": "My project is called “talk-protocol” and I have a lot of progress on these queries being represented as macros in Rust, but I’m curious to discuss things like whether values and updated statements are pulled from the database or pushed to the clients and what the implications and benefits are of each approach.",
        "user": "UFPPABQ7P",
        "ts": "1548456640.010200"
    }
]