[
    {
        "client_msg_id": "92ff01b5-3e7e-4d4b-87d5-9885f3bf31d8",
        "type": "message",
        "text": "<@UAVBSJGG5> checking my calendar, I’m open for the 12th but not the 13th",
        "user": "UFPPABQ7P",
        "ts": "1549298861.013700",
        "thread_ts": "1549145931.013100",
        "parent_user_id": "UAVBSJGG5"
    },
    {
        "client_msg_id": "c78ed0fd-d0e5-45e2-8c5b-8e84f4561a60",
        "type": "message",
        "text": "I would also be happy to help organize and provide a meeting place at 21st and 5th\/6th Ave",
        "user": "UFPPABQ7P",
        "ts": "1549298909.013900",
        "thread_ts": "1549145931.013100",
        "parent_user_id": "UAVBSJGG5"
    }
]