[
    {
        "client_msg_id": "5ce753f0-e923-4b8b-9a74-bf8625566c11",
        "type": "message",
        "text": "Yo I'm in NYC. What's happening in town?",
        "user": "UJTD11MQR",
        "ts": "1558726291.000400",
        "thread_ts": "1558726291.000400",
        "reply_count": 1,
        "reply_users_count": 1,
        "latest_reply": "1558727848.000500",
        "reply_users": [
            "UFPPABQ7P"
        ],
        "replies": [
            {
                "user": "UFPPABQ7P",
                "ts": "1558727848.000500"
            }
        ]
    },
    {
        "client_msg_id": "e2abb98d-55c4-43d2-8e93-39098fcd8863",
        "type": "message",
        "text": "The next meetup on my calendar in NYC is with Rust NYC: <http:\/\/meetu.ps\/e\/GM942\/9YCqH\/d>\nIf you like hearing about compilers, macros, and memory management the talks might be up your alley",
        "user": "UFPPABQ7P",
        "ts": "1558727848.000500",
        "attachments": [
            {
                "service_name": "Meetup",
                "title": "May the lightning talks be with you",
                "title_link": "http:\/\/meetu.ps\/e\/GM942\/9YCqH\/d",
                "text": "Wed, May 29, 2019, 6:30 PM: This month's format will be a series of lightning talks. We are currently looking for lightning talk volunteers.Please submit your lightning talk on Github here :point_right: https:\/\/",
                "fallback": "Meetup: May the lightning talks be with you",
                "image_url": "https:\/\/secure.meetupstatic.com\/photos\/event\/b\/7\/8\/2\/600_434806978.jpeg",
                "fields": [
                    {
                        "title": "Where",
                        "value": "MongoDB 1633 Broadway New York, NY",
                        "short": true
                    },
                    {
                        "title": "When",
                        "value": "Wed, May 29, 2019, 6:30 PM",
                        "short": true
                    }
                ],
                "from_url": "http:\/\/meetu.ps\/e\/GM942\/9YCqH\/d",
                "image_width": 333,
                "image_height": 250,
                "image_bytes": 40319,
                "service_icon": "https:\/\/www.meetup.com\/mu_static\/en-US\/m_swarm_120x120.4f86abc9.png",
                "id": 1,
                "original_url": "http:\/\/meetu.ps\/e\/GM942\/9YCqH\/d"
            }
        ],
        "thread_ts": "1558726291.000400",
        "parent_user_id": "UJTD11MQR"
    }
]