[
    {
        "client_msg_id": "33997f03-2b27-4d73-81b6-64d06c68502c",
        "type": "message",
        "text": "There's an elm meetup today if anyone is interested",
        "user": "UAVBSJGG5",
        "ts": "1551987002.000800",
        "thread_ts": "1551987002.000800",
        "reply_count": 4,
        "reply_users_count": 2,
        "latest_reply": "1551997538.002100",
        "reply_users": [
            "UFPPABQ7P",
            "UAVBSJGG5"
        ],
        "replies": [
            {
                "user": "UFPPABQ7P",
                "ts": "1551987031.001100"
            },
            {
                "user": "UAVBSJGG5",
                "ts": "1551987150.001400"
            },
            {
                "user": "UAVBSJGG5",
                "ts": "1551987330.001800"
            },
            {
                "user": "UFPPABQ7P",
                "ts": "1551997538.002100"
            }
        ]
    },
    {
        "client_msg_id": "e9297d04-f6fa-4fce-a71d-77ebebe1fb57",
        "type": "message",
        "text": "Where at?",
        "user": "UFPPABQ7P",
        "ts": "1551987031.001100",
        "thread_ts": "1551987002.000800",
        "parent_user_id": "UAVBSJGG5"
    },
    {
        "type": "message",
        "text": "<@UFPPABQ7P>",
        "files": [
            {
                "id": "FGRF6QRT2",
                "created": 1551987145,
                "timestamp": 1551987145,
                "name": "Screenshot_20190307-143053.png",
                "title": "Screenshot_20190307-143053.png",
                "mimetype": "image\/png",
                "filetype": "png",
                "pretty_type": "PNG",
                "user": "UAVBSJGG5",
                "editable": false,
                "size": 242039,
                "mode": "hosted",
                "is_external": false,
                "external_type": "",
                "is_public": true,
                "public_url_shared": false,
                "display_as_bot": false,
                "username": "",
                "url_private": "https:\/\/files.slack.com\/files-pri\/T5TCAFTA9-FGRF6QRT2\/screenshot_20190307-143053.png?t=xoxe-197418537349-653683177169-653683177233-23343e578426a323e5fb905bbe2173fe",
                "url_private_download": "https:\/\/files.slack.com\/files-pri\/T5TCAFTA9-FGRF6QRT2\/download\/screenshot_20190307-143053.png?t=xoxe-197418537349-653683177169-653683177233-23343e578426a323e5fb905bbe2173fe",
                "thumb_64": "https:\/\/files.slack.com\/files-tmb\/T5TCAFTA9-FGRF6QRT2-df53a9e18e\/screenshot_20190307-143053_64.png?t=xoxe-197418537349-653683177169-653683177233-23343e578426a323e5fb905bbe2173fe",
                "thumb_80": "https:\/\/files.slack.com\/files-tmb\/T5TCAFTA9-FGRF6QRT2-df53a9e18e\/screenshot_20190307-143053_80.png?t=xoxe-197418537349-653683177169-653683177233-23343e578426a323e5fb905bbe2173fe",
                "thumb_360": "https:\/\/files.slack.com\/files-tmb\/T5TCAFTA9-FGRF6QRT2-df53a9e18e\/screenshot_20190307-143053_360.png?t=xoxe-197418537349-653683177169-653683177233-23343e578426a323e5fb905bbe2173fe",
                "thumb_360_w": 203,
                "thumb_360_h": 360,
                "thumb_480": "https:\/\/files.slack.com\/files-tmb\/T5TCAFTA9-FGRF6QRT2-df53a9e18e\/screenshot_20190307-143053_480.png?t=xoxe-197418537349-653683177169-653683177233-23343e578426a323e5fb905bbe2173fe",
                "thumb_480_w": 270,
                "thumb_480_h": 480,
                "thumb_160": "https:\/\/files.slack.com\/files-tmb\/T5TCAFTA9-FGRF6QRT2-df53a9e18e\/screenshot_20190307-143053_160.png?t=xoxe-197418537349-653683177169-653683177233-23343e578426a323e5fb905bbe2173fe",
                "thumb_720": "https:\/\/files.slack.com\/files-tmb\/T5TCAFTA9-FGRF6QRT2-df53a9e18e\/screenshot_20190307-143053_720.png?t=xoxe-197418537349-653683177169-653683177233-23343e578426a323e5fb905bbe2173fe",
                "thumb_720_w": 405,
                "thumb_720_h": 720,
                "thumb_800": "https:\/\/files.slack.com\/files-tmb\/T5TCAFTA9-FGRF6QRT2-df53a9e18e\/screenshot_20190307-143053_800.png?t=xoxe-197418537349-653683177169-653683177233-23343e578426a323e5fb905bbe2173fe",
                "thumb_800_w": 800,
                "thumb_800_h": 1422,
                "thumb_960": "https:\/\/files.slack.com\/files-tmb\/T5TCAFTA9-FGRF6QRT2-df53a9e18e\/screenshot_20190307-143053_960.png?t=xoxe-197418537349-653683177169-653683177233-23343e578426a323e5fb905bbe2173fe",
                "thumb_960_w": 540,
                "thumb_960_h": 960,
                "thumb_1024": "https:\/\/files.slack.com\/files-tmb\/T5TCAFTA9-FGRF6QRT2-df53a9e18e\/screenshot_20190307-143053_1024.png?t=xoxe-197418537349-653683177169-653683177233-23343e578426a323e5fb905bbe2173fe",
                "thumb_1024_w": 576,
                "thumb_1024_h": 1024,
                "image_exif_rotation": 1,
                "original_w": 1080,
                "original_h": 1920,
                "permalink": "https:\/\/futureofcoding.slack.com\/files\/UAVBSJGG5\/FGRF6QRT2\/screenshot_20190307-143053.png",
                "permalink_public": "https:\/\/slack-files.com\/T5TCAFTA9-FGRF6QRT2-980f137665",
                "has_rich_preview": false
            }
        ],
        "upload": true,
        "user": "UAVBSJGG5",
        "display_as_bot": false,
        "ts": "1551987150.001400",
        "thread_ts": "1551987002.000800",
        "parent_user_id": "UAVBSJGG5"
    },
    {
        "client_msg_id": "11d93d18-a97e-487b-8f92-34d987a0775c",
        "type": "message",
        "text": "I'll try to make it",
        "user": "UAVBSJGG5",
        "ts": "1551987330.001800",
        "thread_ts": "1551987002.000800",
        "parent_user_id": "UAVBSJGG5"
    },
    {
        "client_msg_id": "fbad5d51-6c02-474b-93b3-0c082cf828a1",
        "type": "message",
        "text": "I signed up!",
        "user": "UFPPABQ7P",
        "ts": "1551997538.002100",
        "thread_ts": "1551987002.000800",
        "parent_user_id": "UAVBSJGG5"
    }
]