[
    {
        "client_msg_id": "3f55d209-fe9c-4dff-83c9-d5ae4331c637",
        "type": "message",
        "text": "<!channel> - I'm headed to NYC next week and will be there until mid-May. I'm trying to schedule a meetup for May 8th or 9th, so maybe try and block those nights off if you want to attend... Looking forward to catching up with everyone soon!",
        "user": "U5TCAFTD3",
        "ts": "1555488055.001300",
        "edited": {
            "user": "U5TCAFTD3",
            "ts": "1555494097.000000"
        },
        "thread_ts": "1555488055.001300",
        "reply_count": 1,
        "reply_users_count": 1,
        "latest_reply": "1555521836.002000",
        "reply_users": [
            "UFPPABQ7P"
        ],
        "replies": [
            {
                "user": "UFPPABQ7P",
                "ts": "1555521836.002000"
            }
        ],
        "reactions": [
            {
                "name": "tada",
                "users": [
                    "U7PH857FB",
                    "UHP08C1DK",
                    "UFPPABQ7P",
                    "UHTPRR5SM"
                ],
                "count": 4
            }
        ]
    },
    {
        "client_msg_id": "cce528c0-7fec-4181-927a-808c670eafad",
        "type": "message",
        "text": "Looking forward to it!",
        "user": "UFPPABQ7P",
        "ts": "1555521836.002000",
        "thread_ts": "1555488055.001300",
        "parent_user_id": "U5TCAFTD3"
    }
]