[
    {
        "client_msg_id": "7ddb8a90-2544-457d-8198-b42cd1c1d1b9",
        "type": "message",
        "text": "I've been thinking some more and I worry that when I said, \"what about a year?,\" that it's actually just not enough time.  Part of my reasoning with that, is that rethinking software construction is also probably deeply connected to rethinking hardware architecture.  It's a big task and I'm not sure how far you can get even in a year.  And stretching it to be multi-year makes it almost completely unviable for 99% of the types of researchers that would be a good match for it.",
        "user": "UJCHWTMH6",
        "ts": "1558714632.007900"
    },
    {
        "client_msg_id": "f86bc3d2-5cd0-4119-afd2-73044dd6d264",
        "type": "message",
        "text": "Jonathan's  “Burning Man for software revolutionaries”(I love the title, by the way) seems to me to be the next best thing.  It shouldn't be connected to any other conference or meetup, otherwise you'll just get the values of that group leaching into it.",
        "user": "UJCHWTMH6",
        "ts": "1558714917.010200"
    },
    {
        "client_msg_id": "1975e9c2-56a7-423a-856f-963ded1de418",
        "type": "message",
        "text": "Jonathan over on the general channel said it quite well: _The vibe at SL is highly accomplished hackers interested in advanced techniques._  If I were to choose one conference to go to, it would be SL, mainly because of the people going, not as much for the content of the sessions (for me).",
        "user": "UJCHWTMH6",
        "ts": "1558715365.010300",
        "thread_ts": "1558559134.132200",
        "parent_user_id": "UJN1TAYEQ"
    },
    {
        "client_msg_id": "eb203741-f891-4cfa-8252-e43d7c945e01",
        "type": "message",
        "text": "So let's hold a Future of Coding conference, perhaps the first in a series. During the face-to-face meetings that will occur during this conference, we can discuss more ambitious plans to make things happen as a group. To make it \"more like Burning Man\", we'd like the conference to be highly participatory and interactive. Ideally, each participant is in a position to show off something that they are working on.",
        "user": "UJN1TAYEQ",
        "ts": "1558746828.014200",
        "reactions": [
            {
                "name": "+1",
                "users": [
                    "U79HM6726",
                    "UJ6LDMMN0",
                    "UJCHWTMH6",
                    "UBUFWBGNN"
                ],
                "count": 4
            }
        ]
    }
]