[
    {
        "client_msg_id": "bd6fb915-e7bf-4cf2-9956-ba0ef21c3aca",
        "type": "message",
        "text": "Thanks <@UJN1TAYEQ> for your thoughts, I have reread your replies and found them inspiring (I must have missed something on my first read...). Especially the importance to keep in mind on the high level goals.",
        "user": "UJ6LDMMN0",
        "ts": "1558438363.114700"
    },
    {
        "client_msg_id": "36db5ba4-26da-4d8f-ae4a-8542b18e42ff",
        "type": "message",
        "text": "And I totally agree with you when you say \"I'm skeptical about the existence of a universal programming language that satisfies all use cases.\" Maybe it is better to work on a foundation for several languages to emerge, each one with its own domain of efficiency.",
        "user": "UJ6LDMMN0",
        "ts": "1558438504.116900"
    },
    {
        "client_msg_id": "e626ccd2-e61e-4727-a9de-69373b26232a",
        "type": "message",
        "text": "The one thing I’ve learned in about 15 years of this sort of research is that we can’t do it alone. Some kind of group is essential. Along the lines of “scenius”, I’ve been looking at the way collaborative circles form in the arts: <https:\/\/alarmingdevelopment.org\/?p=1245>",
        "user": "U6KQ2S410",
        "ts": "1558457257.122000",
        "attachments": [
            {
                "service_name": "Alarming Development",
                "title": "Roadmap to the Renaissance",
                "title_link": "https:\/\/alarmingdevelopment.org\/?p=1245",
                "text": "How will we escape the current Dark Age of Programming? What will trigger a Software Renaissance? History tells us that major intellectual shifts usually arise not from lone geniuses but from subcu…",
                "fallback": "Alarming Development: Roadmap to the Renaissance",
                "thumb_url": "https:\/\/s0.wp.com\/i\/blank.jpg",
                "ts": 1552439611,
                "from_url": "https:\/\/alarmingdevelopment.org\/?p=1245",
                "thumb_width": 200,
                "thumb_height": 200,
                "id": 1,
                "original_url": "https:\/\/alarmingdevelopment.org\/?p=1245"
            }
        ],
        "reactions": [
            {
                "name": "heart",
                "users": [
                    "UGLSY9X3J",
                    "UJ6LDMMN0",
                    "UJK8MKYAZ",
                    "UJCHWTMH6",
                    "U85HCL7JP",
                    "UJN1TAYEQ"
                ],
                "count": 6
            }
        ]
    },
    {
        "client_msg_id": "68b67e68-fee5-42cd-b171-4980feeb0f3e",
        "type": "message",
        "text": "The Corporate Model:\nIncorporate the Future Of Coding Institute (FOCI) as a non-profit. The board of directors is responsible for corporate governance. The Research Advisory Council would include luminaries such as Alan Kay and Bret Victor, and would set the overall research directions for the Institute. There will be paid administrative staff, at minimum an executive director. FOCI will be located in a livable city with a significant tech industry, where there are opportunities for attracting talent, and for attracting funding: endowments from tech billionaires, financial support from the local tech industry business council, matching funds from multiple tiers of government. You get funding by providing economic and non-economic benefits to the local community. So FOCI does things. FOCI has a research staff, does research and publishes results (research papers, git repositories). It builds experimental coding tech and does empirical usability testing in a coding lab, with volunteers from the local community. It hosts seminars and conferences. It might run a public outreach program with public lectures aimed at the local tech community. Maybe there is also an educational program. I live in Kitchener\/Waterloo, which has all of these resources, and there are a growing number of independent local research institutes that follow this model. So I know that in principle it can be done, if you know how and have the connections.\n\nPROS: pretty sweet if you can pull it off. An independent research institute is a more sensible model for supporting ongoing basic research than a tech startup or a kickstarter campaign, which is expected to produce a usable product within a limited amount of time (after which the organization runs out of money and dies). CONS: a lot of work to get started.\n\nThe DIY\/Independent Model:\nA group of passionate individuals gets together, pools their resources, and you just do it, using whatever means are at your disposal to make something happen. I've been involved with a number of organizations that follow this DIY model,. My local orgs have included a makerspace (with a rented building), and an organization focused on digital literacy and STEAM programming for children and youth. Plus I run an open source research project on github and I'm on this forum. The Future of Coding organization, with its forum and branches in multiple cities, looks like a good starting point.\n\nPROS: lower startup costs. CONS: volunteer burnout.\n\nIn the comments, you might mention groups or organizations or even \"scenes\" that you consider a good model for advancing the goals of the proposed research centre.",
        "user": "UJN1TAYEQ",
        "ts": "1558491934.127800",
        "thread_ts": "1558491934.127800",
        "reply_count": 5,
        "reply_users_count": 3,
        "latest_reply": "1558553772.130600",
        "reply_users": [
            "UJ6LDMMN0",
            "UJCHWTMH6",
            "UJN1TAYEQ"
        ],
        "replies": [
            {
                "user": "UJ6LDMMN0",
                "ts": "1558503871.127900"
            },
            {
                "user": "UJCHWTMH6",
                "ts": "1558538699.128200"
            },
            {
                "user": "UJN1TAYEQ",
                "ts": "1558550098.130000"
            },
            {
                "user": "UJN1TAYEQ",
                "ts": "1558551581.130400"
            },
            {
                "user": "UJN1TAYEQ",
                "ts": "1558553772.130600"
            }
        ]
    },
    {
        "client_msg_id": "a2e1959a-d5cc-4270-b138-b20187b43e3f",
        "type": "message",
        "text": "A suggestion : starting with the independent model then scale up to a non-profit institute.",
        "user": "UJ6LDMMN0",
        "ts": "1558503871.127900",
        "thread_ts": "1558491934.127800",
        "parent_user_id": "UJN1TAYEQ"
    }
]