[
    {
        "user": "U5TCAFTD3",
        "type": "message",
        "subtype": "channel_join",
        "ts": "1558195096.000200",
        "text": "<@U5TCAFTD3> has joined the channel"
    },
    {
        "user": "UJCHWTMH6",
        "type": "message",
        "subtype": "channel_join",
        "ts": "1558196715.000400",
        "text": "<@UJCHWTMH6> has joined the channel"
    },
    {
        "user": "UJCHWTMH6",
        "type": "message",
        "subtype": "channel_purpose",
        "ts": "1558196797.000500",
        "text": "<@UJCHWTMH6> set the channel purpose: Create a research center specifically for the future of coding - a sort of Manhattan Project for the Future of Coding. Milestones not deadlines. No specific targets. Vision not goals.  Weekly reviews of progress and critical peer sessions (ala PARC).",
        "purpose": "Create a research center specifically for the future of coding - a sort of Manhattan Project for the Future of Coding. Milestones not deadlines. No specific targets. Vision not goals.  Weekly reviews of progress and critical peer sessions (ala PARC)."
    },
    {
        "client_msg_id": "ddbff216-cc52-4a69-9a16-cee29e08ff55",
        "type": "message",
        "text": "*A Manhattan Project for the Future of Coding*  30 people, more or less, working on maybe 20-40 ideas.  Researchers would have full ownership of their work. Milestones not deadlines. No specific targets. Vision not goals.  Weekly reviews of progress and critical peer sessions (ala PARC).  Baseball, not golf (to quote Alan Kay).",
        "user": "UJCHWTMH6",
        "ts": "1558197110.000900"
    },
    {
        "client_msg_id": "a9ddbecc-7e72-4326-900e-7d7845a71f25",
        "type": "message",
        "text": "Here's an exhibit of the type of space I'm thinking of (it could be in the US or elsewhere):\n<https:\/\/www.casa.it\/rustico-casale\/vendita\/perugia\/localita-ripa-alta-collazzone-700mq-33803004>\nPeople would be able to either stay on-site (room and board) or live off-prem and just work there.",
        "user": "UJCHWTMH6",
        "ts": "1558197156.001300",
        "thread_ts": "1558197156.001300",
        "reply_count": 3,
        "reply_users_count": 3,
        "latest_reply": "1558304808.070300",
        "reply_users": [
            "UJNJQD2AC",
            "UJN1TAYEQ",
            "UJCHWTMH6"
        ],
        "replies": [
            {
                "user": "UJNJQD2AC",
                "ts": "1558202248.000900"
            },
            {
                "user": "UJN1TAYEQ",
                "ts": "1558210909.001900"
            },
            {
                "user": "UJCHWTMH6",
                "ts": "1558304808.070300"
            }
        ]
    },
    {
        "user": "UE6EFEPTQ",
        "type": "message",
        "subtype": "channel_join",
        "ts": "1558197679.000200",
        "text": "<@UE6EFEPTQ> has joined the channel"
    },
    {
        "user": "UHEJD0CE4",
        "type": "message",
        "subtype": "channel_join",
        "ts": "1558198859.000400",
        "text": "<@UHEJD0CE4> has joined the channel"
    },
    {
        "user": "U8A5MS6R1",
        "type": "message",
        "subtype": "channel_join",
        "ts": "1558200375.000600",
        "text": "<@U8A5MS6R1> has joined the channel"
    },
    {
        "user": "UJNJQD2AC",
        "type": "message",
        "subtype": "channel_join",
        "ts": "1558202120.000800",
        "text": "<@UJNJQD2AC> has joined the channel"
    },
    {
        "client_msg_id": "67c1e97d-66be-41a1-a636-33ef43b25f48",
        "type": "message",
        "text": "Are you suggesting researcher in this group, live together somewhere?",
        "user": "UJNJQD2AC",
        "ts": "1558202248.000900",
        "thread_ts": "1558197156.001300",
        "parent_user_id": "UJCHWTMH6"
    },
    {
        "user": "UFEQUBNNT",
        "type": "message",
        "subtype": "channel_join",
        "ts": "1558203101.001200",
        "text": "<@UFEQUBNNT> has joined the channel"
    },
    {
        "user": "UETJZ9V0T",
        "type": "message",
        "subtype": "channel_join",
        "ts": "1558206322.001400",
        "text": "<@UETJZ9V0T> has joined the channel"
    },
    {
        "user": "UJ6LDMMN0",
        "type": "message",
        "subtype": "channel_join",
        "ts": "1558208763.001600",
        "text": "<@UJ6LDMMN0> has joined the channel"
    },
    {
        "user": "UJN1TAYEQ",
        "type": "message",
        "subtype": "channel_join",
        "ts": "1558210500.001800",
        "text": "<@UJN1TAYEQ> has joined the channel"
    },
    {
        "client_msg_id": "f098eb8b-d90d-4c8e-89e2-6d15caf486ad",
        "type": "message",
        "text": "Moving to another country for a year to work on this project would be impractical for many of us, for various reasons (finances, job, family). Will you entertain the idea of remote collaborators?",
        "user": "UJN1TAYEQ",
        "ts": "1558210909.001900",
        "thread_ts": "1558197156.001300",
        "parent_user_id": "UJCHWTMH6",
        "reactions": [
            {
                "name": "+1",
                "users": [
                    "UJNJQD2AC"
                ],
                "count": 1
            }
        ]
    },
    {
        "user": "UJVEN5G5D",
        "type": "message",
        "subtype": "channel_join",
        "ts": "1558212263.002200",
        "text": "<@UJVEN5G5D> has joined the channel"
    },
    {
        "user": "UGLSY9X3J",
        "type": "message",
        "subtype": "channel_join",
        "ts": "1558212407.002400",
        "text": "<@UGLSY9X3J> has joined the channel"
    },
    {
        "user": "UJK8MKYAZ",
        "type": "message",
        "subtype": "channel_join",
        "ts": "1558213896.002600",
        "text": "<@UJK8MKYAZ> has joined the channel"
    },
    {
        "client_msg_id": "10b4def4-c752-455a-9cee-ef1be04a63a8",
        "type": "message",
        "text": "This sounds like the dream. Two questions though. Would someone sponsor the work financially? Like, how would we work on this and provide for our families? Second, would we get further than PARC got? Alex Miller of Strange Loop recently said to me something along the lines of “Computation hasn’t advanced since the 70's”. “Worse is better” seems to be a real problem; how would the this project overcome that?",
        "user": "UJK8MKYAZ",
        "ts": "1558214223.007100",
        "reactions": [
            {
                "name": "+1",
                "users": [
                    "U79HM6726"
                ],
                "count": 1
            }
        ]
    },
    {
        "user": "UC21F8Q48",
        "type": "message",
        "subtype": "channel_join",
        "ts": "1558215087.007300",
        "text": "<@UC21F8Q48> has joined the channel"
    },
    {
        "user": "UJG7QQQJW",
        "type": "message",
        "subtype": "channel_join",
        "ts": "1558217136.007600",
        "text": "<@UJG7QQQJW> has joined the channel"
    },
    {
        "user": "UCGAK10LS",
        "type": "message",
        "subtype": "channel_join",
        "ts": "1558217802.007800",
        "text": "<@UCGAK10LS> has joined the channel"
    },
    {
        "type": "message",
        "text": "I don't think you get the same kind of outcomes through remote collaboration (not until we have robust AR telepresence anyway). There's something irreplaceable about a whiteboard meeting. And as far as jobs go, I think the idea is that this *would* be your job (questions about financing aside). I already have enough trouble dedicating significant time to work on FoC when I'm employed just 2-3 days a week atm. There are just too many distractions throughout a typical week, and escaping to some Tuscan villa in the middle of nowhere is the means to solve that.",
        "user": "UCGAK10LS",
        "ts": "1558218588.007900",
        "attachments": [
            {
                "fallback": "[May 19th, 2019 6:21 AM] doug: Moving to another country for a year to work on this project would be impractical for many of us, for various reasons (finances, job, family). Will you entertain the idea of remote collaborators?",
                "ts": "1558210909.001900",
                "author_id": "UJN1TAYEQ",
                "author_subname": "Doug Moen",
                "channel_id": "CJT25RWKE",
                "channel_name": "research-center",
                "is_msg_unfurl": true,
                "is_reply_unfurl": true,
                "text": "Moving to another country for a year to work on this project would be impractical for many of us, for various reasons (finances, job, family). Will you entertain the idea of remote collaborators?",
                "author_name": "Doug Moen",
                "author_link": "https:\/\/futureofcoding.slack.com\/team\/UJN1TAYEQ",
                "author_icon": "https:\/\/secure.gravatar.com\/avatar\/34185a5422416f82b3e4a62964f2866b.jpg?s=48&d=https%3A%2F%2Fa.slack-edge.com%2F00b63%2Fimg%2Favatars%2Fava_0008-48.png",
                "mrkdwn_in": [
                    "text"
                ],
                "color": "D0D0D0",
                "from_url": "https:\/\/futureofcoding.slack.com\/archives\/CJT25RWKE\/p1558210909001900?thread_ts=1558197156001300&cid=CJT25RWKE",
                "is_share": true,
                "footer": "From a thread in #research-center"
            }
        ],
        "reactions": [
            {
                "name": "+1",
                "users": [
                    "UC2A2ARPT"
                ],
                "count": 1
            }
        ]
    },
    {
        "client_msg_id": "c40add5d-c74e-43b7-874c-f9684f055560",
        "type": "message",
        "text": "But either way, this concept seems fanciful because surely most of us are not wealthy enough to fund ourselves for a year of philanthropic work like this (unless you're trying to make a startup). If a bitcoin billionaire felt like funding this I'd be packing my bags tomorrow.",
        "user": "UCGAK10LS",
        "ts": "1558218721.009800",
        "edited": {
            "user": "UCGAK10LS",
            "ts": "1558218784.000000"
        },
        "reactions": [
            {
                "name": "+1",
                "users": [
                    "UC2A2ARPT",
                    "U79HM6726"
                ],
                "count": 2
            }
        ]
    },
    {
        "client_msg_id": "c487dfa9-57ae-40b7-b41a-41759c9ca771",
        "type": "message",
        "text": "&gt; bitcoin billionaire\nThis is exactly what happened to the Eve project; however, in the end, it never achieved success, for, as far as I can tell, non-technical reasons. I highly recommend the talk “Against the Current” by Chris Granger. He and his team went down something like this path relatively recently, and achieved an incredible amount, but ultimately didn’t attain to their goal <https:\/\/www.youtube.com\/watch?v=WT2CMS0MxJ0>",
        "user": "UJK8MKYAZ",
        "ts": "1558221610.012900",
        "edited": {
            "user": "UJK8MKYAZ",
            "ts": "1558221632.000000"
        },
        "attachments": [
            {
                "service_name": "YouTube",
                "service_url": "https:\/\/www.youtube.com\/",
                "title": "\"Against the Current\" by Chris Granger (Part 1)",
                "title_link": "https:\/\/www.youtube.com\/watch?v=WT2CMS0MxJ0",
                "author_name": "Steven Krouse",
                "author_link": "https:\/\/www.youtube.com\/user\/stevekrouse",
                "thumb_url": "https:\/\/i.ytimg.com\/vi\/WT2CMS0MxJ0\/hqdefault.jpg",
                "thumb_width": 480,
                "thumb_height": 360,
                "fallback": "YouTube Video: \"Against the Current\" by Chris Granger (Part 1)",
                "video_html": "<iframe width=\"400\" height=\"225\" src=\"https:\/\/www.youtube.com\/embed\/WT2CMS0MxJ0?feature=oembed&autoplay=1&iv_load_policy=3\" frameborder=\"0\" allow=\"accelerometer; autoplay; encrypted-media; gyroscope; picture-in-picture\" allowfullscreen><\/iframe>",
                "video_html_width": 400,
                "video_html_height": 225,
                "from_url": "https:\/\/www.youtube.com\/watch?v=WT2CMS0MxJ0",
                "service_icon": "https:\/\/a.slack-edge.com\/2089\/img\/unfurl_icons\/youtube.png",
                "id": 1,
                "original_url": "https:\/\/www.youtube.com\/watch?v=WT2CMS0MxJ0"
            }
        ]
    },
    {
        "client_msg_id": "070fc9c6-04c7-43b1-818b-eaa0213cb2f1",
        "type": "message",
        "text": "I don’t say this to discourage, only to caution in the hopes we might not fall into the same mistakes.",
        "user": "UJK8MKYAZ",
        "ts": "1558221684.014100"
    },
    {
        "user": "UHP08C1DK",
        "type": "message",
        "subtype": "channel_join",
        "ts": "1558222447.014300",
        "text": "<@UHP08C1DK> has joined the channel"
    },
    {
        "client_msg_id": "8547b814-870e-4369-bc8a-9e4b6b5bdb71",
        "type": "message",
        "text": "<@UCGAK10LS> said \"I don't think you get the same kind of outcomes through remote collaboration (not until we have robust AR telepresence anyway). There's something irreplaceable about a whiteboard meeting.\"\n\nWhile this is true, it's also true that in order to attract the best talent to this project (without using remote collaboration), then you'll need to be able to pay salaries.",
        "user": "UJN1TAYEQ",
        "ts": "1558223039.014600",
        "edited": {
            "user": "UJN1TAYEQ",
            "ts": "1558223132.000000"
        }
    },
    {
        "client_msg_id": "fd76b675-1f66-4cd7-b7cc-4c01035abea0",
        "type": "message",
        "text": "Re: Remote vs local. This could also be a chance for the open source philosophy to shine. While I’m not sure all that I think  about open-source all the way down, it has enabled amazing things. I’m reminded in particular of an epidemic outbreak of disease that was rapidly quelled because researchers all around the world posted their results on GitHub and were able to work in parallel.\nThat said, local is definitely more productive. There’s just not question that the quality of interaction and focus is better when you’re in the same room.",
        "user": "UJK8MKYAZ",
        "ts": "1558223719.017600"
    },
    {
        "client_msg_id": "db1d43c9-594d-4b6d-803e-fb7b3de318a2",
        "type": "message",
        "text": "Remote: I've been following the WebGPU project, which is an ambitious open source collaboration between people from Google, Mozilla, Microsoft and Apple. No single corporation is \"in charge\". They are geographically distributed, communicating via github, email, etc, but they have weekly video\/voice conferences, and less frequent face-to-face meetings. That's probably a common model. (Rust is a pretty successful language project. Did they use a similar model?)",
        "user": "UJN1TAYEQ",
        "ts": "1558225455.021200",
        "thread_ts": "1558225455.021200",
        "reply_count": 3,
        "reply_users_count": 2,
        "latest_reply": "1558249129.030300",
        "reply_users": [
            "UCGAK10LS",
            "UJ6LDMMN0"
        ],
        "replies": [
            {
                "user": "UCGAK10LS",
                "ts": "1558229078.029700"
            },
            {
                "user": "UCGAK10LS",
                "ts": "1558229152.029900"
            },
            {
                "user": "UJ6LDMMN0",
                "ts": "1558249129.030300"
            }
        ]
    },
    {
        "client_msg_id": "ffdd9166-87e3-4455-a4f4-6b784907ea29",
        "type": "message",
        "text": "Local: A good model is to create a non-profit research organization funded by a large grant from a tech billionaire. In my city, the Perimeter Institute is a successful research organization (in theoretical physics) that is funded by this model. For doing research, as opposed to product development, you need to fund multiple years of research without producing commercially profitable results. So a VC-funded startup or kickstarter funding is not a path to sustainable long term research funding.",
        "user": "UJN1TAYEQ",
        "ts": "1558228003.025200"
    },
    {
        "client_msg_id": "559115a1-fb45-4dcf-85a8-53ae09c6a456",
        "type": "message",
        "text": "The WebGPU team contains sub-teams from the same company though. So it's not 100% remote collaboration, it's more like a team with multiple offices. Rust is (or was) mostly driven by Mozillians who work at the same HQ.",
        "user": "UCGAK10LS",
        "ts": "1558229078.029700",
        "thread_ts": "1558225455.021200",
        "parent_user_id": "UJN1TAYEQ"
    },
    {
        "client_msg_id": "f6233a6a-7758-4e5e-b6c8-5dffa77fdc49",
        "type": "message",
        "text": "And these cases prove that remote collaboration can \"work\", but we already knew that (many companies do it). This doesn't provide any evidence that one approach is *more effective* than the other.",
        "user": "UCGAK10LS",
        "ts": "1558229152.029900",
        "thread_ts": "1558225455.021200",
        "parent_user_id": "UJN1TAYEQ"
    },
    {
        "user": "UE1JQM9HQ",
        "type": "message",
        "subtype": "channel_join",
        "ts": "1558248140.030200",
        "text": "<@UE1JQM9HQ> has joined the channel"
    },
    {
        "client_msg_id": "939f4845-0b5f-4512-9ad6-3e8770a162f0",
        "type": "message",
        "text": "And the work on WebGPU is like very technical and concrete: standardizing some already working concepts to work in the existing browsers using GPU existing capacities. It is mainly a work on compromise between major web actors. It is very different than work on somithing vague like \"the future of coding\", with all kinds of ideas popping up here and there that need to be managed to produce some concrete and useable outputs. I don't say remote won't work, sucessful remote work for WebGPU team don't mean it is transposable to our case.",
        "user": "UJ6LDMMN0",
        "ts": "1558249129.030300",
        "thread_ts": "1558225455.021200",
        "parent_user_id": "UJN1TAYEQ"
    }
]