[
    {
        "client_msg_id": "57702207-69a8-4498-b817-9a825a0e7915",
        "type": "message",
        "text": "When all of the participants are re-inventing the world, they all have 4 hours of material to present, myself included. Lightning talks are really hard to write, but I think they serve a valuable purpose.",
        "user": "UJN1TAYEQ",
        "ts": "1559043678.020800",
        "thread_ts": "1558794199.020100",
        "parent_user_id": "UHWC9PXBL"
    },
    {
        "client_msg_id": "C0D610ED-890C-4EF8-B48D-D808C3F0C2C7",
        "type": "message",
        "text": "yeah, I feel like traditional talk lengths are the worst of both worlds",
        "user": "UHWC9PXBL",
        "ts": "1559069402.021800",
        "thread_ts": "1558794199.020100",
        "parent_user_id": "UHWC9PXBL"
    }
]