[
    {
        "client_msg_id": "29ccb4e0-9957-4129-a0f7-dafe377d822b",
        "type": "message",
        "text": "I think we should also have much longer sessions.\n\nIn the LIVE programming workshop I gave a quick 30 minutes session on Lamdu, only from its live-programming side. I’d need 4 times that to show and explain the different aspects of Lamdu that we’ve already implemented, and this is without describing and discussing future plans for stuff we haven’t yet implemented like structured source control and more. Maybe it should be a Lamdu+Hazel combined session because otherwise it would be repeating everything twice..",
        "user": "U79HM6726",
        "ts": "1558855918.020300",
        "thread_ts": "1558794199.020100",
        "parent_user_id": "UHWC9PXBL"
    }
]