[
    {
        "client_msg_id": "c6e31965-cc4a-4cd3-b01a-5ac08f728d3c",
        "type": "message",
        "text": "<@UJN1TAYEQ> I want to give a thorough answer to this, but, in a word, I got the chance to befriend 2-3 brilliant folks and talk with them at length about our common interests and their expertise. I keep up with them constantly through slack and mailing lists, and, taking advantage of their mentorship and free sharing of information, I feel like I've gained 5 years' worth of knowledge in 6 months. <@UHS9K1N6A> is one of them, and I found this Slack transitively through him.",
        "user": "UJK8MKYAZ",
        "ts": "1558624509.133100",
        "thread_ts": "1558547233.129700",
        "parent_user_id": "U6KQ2S410"
    },
    {
        "client_msg_id": "86ab87e3-1316-43bb-9c36-1a34804fc89e",
        "type": "message",
        "text": "An official preconference looks like a lot of work, including fronting money for a hotel conference room, selling tickets, call for papers, etc. If someone wants to do that, I'll attend.\n\nAn easier option is to run an \"unsession\". You just need to add the FOC unsession to the wiki on the strange loop 2019 wiki page, which doesn't exist yet. Here's the 2018 version: <https:\/\/github.com\/strangeloop\/StrangeLoop2018\/wiki\/Unsessions>",
        "user": "UJN1TAYEQ",
        "ts": "1558637883.133300",
        "thread_ts": "1558559134.132200",
        "parent_user_id": "UJN1TAYEQ"
    },
    {
        "client_msg_id": "8b80da60-e16f-43cb-ba9f-0b096b62eae4",
        "type": "message",
        "text": "Anyway, based on the recommendations, I have added Strange Loop to my calendar.",
        "user": "UJN1TAYEQ",
        "ts": "1558637982.133500",
        "thread_ts": "1558559134.132200",
        "parent_user_id": "UJN1TAYEQ"
    }
]