[
    {
        "user": "U5STGTB3J",
        "type": "message",
        "subtype": "channel_join",
        "ts": "1558258588.030600",
        "text": "<@U5STGTB3J> has joined the channel"
    },
    {
        "user": "UAL7940NM",
        "type": "message",
        "subtype": "channel_join",
        "ts": "1558259253.030800",
        "text": "<@UAL7940NM> has joined the channel"
    },
    {
        "client_msg_id": "f539b895-e5cc-4eb7-900c-32b5220ec73e",
        "type": "message",
        "text": "paradoxically, a bigger institute with 10 people has more chance of being funded (at 10x the cost!) than an individual",
        "user": "UE6EFEPTQ",
        "ts": "1558260286.039200"
    },
    {
        "client_msg_id": "b7f209a2-99c6-4598-b0a3-476e24c19929",
        "type": "message",
        "text": "so I'm +1 on this, as long as I can be one of the 10 people!",
        "user": "UE6EFEPTQ",
        "ts": "1558260305.039700"
    },
    {
        "client_msg_id": "4eb53912-8362-448e-b128-cc2fee40903e",
        "type": "message",
        "text": "and it's in London",
        "user": "UE6EFEPTQ",
        "ts": "1558260352.039900"
    },
    {
        "client_msg_id": "380f0a5e-d880-45f0-be73-07f6c3041955",
        "type": "message",
        "text": ":smile:",
        "user": "UE6EFEPTQ",
        "ts": "1558260354.040100"
    },
    {
        "client_msg_id": "41f11e2a-9a15-4094-97d7-60b6ca818fbe",
        "type": "message",
        "text": "I do remote working for my day job, and it's 80% as good as being there, as long as you have regular physical meetups",
        "user": "UE6EFEPTQ",
        "ts": "1558260414.041500"
    },
    {
        "client_msg_id": "fb46d371-f187-4219-bd8a-b4e8dd083abd",
        "type": "message",
        "text": "and don't hesitate to 'jump on a video call'",
        "user": "UE6EFEPTQ",
        "ts": "1558260450.041800"
    },
    {
        "client_msg_id": "56D55175-7CB2-43AF-96F5-2F6E214BEB3D",
        "type": "message",
        "text": "Hey <@UJCHWTMH6>, inspired after attending <http:\/\/recurse.com\/>, I’ve been trying to bring a similar concept to life for two years now — much smaller in scope and objective, but not shy of a similar vision. We managed to do a super-small but insightful prototype event in Hamburg, then an exceptionally well-planned “minimum viable experience” in Berlin (<https:\/\/www.eventbrite.de\/e\/levelup-sprint-ios-development-registration-46756773769?ref=eios>) which turned out to not happen. As a result of that we changed direction slightly (I guess it’s called “pivot”), dropped the plan to turn this into a business, and had a successful event in Budapest with 10 attendees in November last year. And now we’re planning to iterate on that with an upcoming event near Helsinki in July.\n\nAt this point I can say that we know how to run a good event, yet we still have no idea how to turn this into a viable business. It’s mostly a labor of love and passion at the moment, “paid” only by the positive change attendees leave the weekend with and the strong feeling of connection we can create in a small group after just three days.\n\nIn these last three years my perspective went from “Ah, I can build a better Recurse Center \/ recreate something like Dynamicland in Europe” to “Hmm, that’s why they decided to do things that way” to “Fuck, this is really, really difficult!”\n\nI sincerely hope you have a good idea of what you’re getting into and am happy to share the things I learned along the way. I would love to see more places like this to exist around the world, where good people with good ideas can work on the future. But there are reasons for why not many places like this exist, and why the ones that do are struggling.",
        "user": "U5STGTB3J",
        "ts": "1558262640.065000",
        "attachments": [
            {
                "service_name": "Recurse Center",
                "title": "The Recurse Center",
                "title_link": "http:\/\/recurse.com\/",
                "text": "The Recurse Center is a self-directed, community-driven educational retreat for programmers in New York City.",
                "fallback": "Recurse Center: The Recurse Center",
                "thumb_url": "https:\/\/d29xw0ra2h4o4u.cloudfront.net\/assets\/logo_square-051508b5ecf8868635aea567bb86f423f4d1786776e5dfce4adf2bc7edf05804.png",
                "from_url": "http:\/\/recurse.com\/",
                "thumb_width": 250,
                "thumb_height": 250,
                "service_icon": "https:\/\/d29xw0ra2h4o4u.cloudfront.net\/assets\/favicon-fd33bcf9469496ce49e8d76911c3d3c05e6ca4240f8fa614655b7d98f5a01969.ico",
                "id": 1,
                "original_url": "http:\/\/recurse.com\/"
            },
            {
                "service_name": "Eventbrite",
                "title": "LevelUP Sprint: iOS Development",
                "title_link": "https:\/\/www.eventbrite.de\/e\/levelup-sprint-ios-development-registration-46756773769?ref=eios",
                "text": "NO MORE TICKETS AVAILABLEJoin waitlist or  subscribe to our newsletter for updates. ***************************** LevelUP Learning Sprint Join us for a 5-day Learning Sprint about iOS development in Berlin, Germany from Monday, July 2nd to Friday July 6th. Ten programmers. Five days. One mission: grow. What is a Learning Sprint? It’s a new format that brings together passionate programmers to share their knowledge in a peer-to-peer learning experience. It’s for intermediate and advanced practitioners who want to improve their skills and techniques in a collaborative and fun learning environment. A Learning Sprint is project-driven and self-directed. You bring your own project and have a rough plan of what you want to accomplish during the sprint. It’s the ideal environment to spend time on that side project you always wanted to work on. Making progress on your project is going to be the most concrete goal you will work towards. However, it will just be the foundation of your learning journey at LevelUP. The real power of LevelUP is the group. Nine other highly motivated peers will join you on this journey and make this sprint a unique and valuable experience. Peer-to-peer learning works without teachers, because everybody is a teacher. We believe that you will learn more and better working directly with other experienced practitioners on the projects you are passionate about.  This sprint’s theme: iOS Development Each Learning Sprint has a theme. This one is about iOS Development. The sprint is not about teaching you iOS Development, it’s about getting better at it. Join a group of experienced iOS developers, hack away on your projects, share tips and techniques, and get dramatically better at building apps for Apple platforms. Bring your published app and work on a new feature. Or finally start that refactoring effort or architecture change. Or take the week to experiment with the new features and APIs Apple just launched at WWDC. Collaborate with other iOS developers and learn their tricks and techniques. And as a bonus, you can receive feedback, pair-program, debug, or analyze the performance of your app with a former Apple Technology Evangelist. Learn Present your ideas and work to others and receive valuable feedback. Discover what others are working on and be inspired by their ideas and perspectives. Learn how others work, about their process, and apply tips or groundbreaking changes to your own workflow. Tap into the unique knowledge and experience other participants bring with them. Teach Share what you know, even if you don’t feel like an expert. If you know something others don’t, you can be their expert. Improve your teaching skills and gain deeper understanding by explaining them to others. Enjoy sessions of pair programming, white boarding, and rubber-ducking, and get ready to learn and teach at the same time. Communicate Collaborate with a small and focused group of motivated practitioners. Participate in a safe and open space where everybody feels welcome and included. Become aware of your own biases and learn to detect and prevent subtle communication mishaps we all get wrong sometimes. Improve your communication skills along the way, almost automatically. Experience Connect with diverse personalities with different backgrounds, perspectives, and levels of experience. Improve your skills through real practice and discover how effective and fun learning can be. Enjoy a fabulous time doing what you love with interesting people. Become part of our Passionate Programmers community, make new friends, and stay in touch. Come to spend time on a project you always wanted to work on. Leave as a better learner, teacher, communicator — and have fun and make new friends along the way. How does it work? We start with getting to know each other, the projects we want to work on, and establish our learning goals. Each morning starts with a quick check-in to find out where everyone stands and where we want to go, and how we can help each other making progress. In six time-boxed one-hour sessions you get to spend time pair-programming, white-boarding, rubber-ducking, studying, collaborating, or focusing on your project. In between there’ll be ample time for a proper lunch break and lots of great discussions. At the end of each day, we wrap up with a quick check-out to reflect on what we learned. At the end of the sprint we present to each other what we built during the week, recap what we learned, and then celebrate our achievements. We wrap up Friday night with the chance to get to know some other members of the Passionate Programmers community. Having finished a LevelUP Learning Sprint, you’ll become part of our community and can stay in touch with your sprint team as well as other passionate programmers on our Slack channel. Facilitators Two experienced and independent facilitators will help you get the most out of your sprint. They will provide guidance, coaching, and just a little bit of structure to set everyone up for a productive week. They will moderate daily check-ins and check-outs, help with planning each day’s sessions, encourage collaboration, and assist you with anything you have questions about during the sprint. They also bring their own experience and knowledge to the sprint and you are welcome to work with them just as with everybody else in the group. Your facilitators for this sprint: Birgit Nieschalk, trainer, architect of human interaction, former IT project and partner manager. Ask her about: teaching and facilitation tools agile practices decoding your own and other’s behaviour (Insights Discovery®) getting unstuck Stefan Lesser, passionate programmer, app architect, and former Apple Technology Evangelist. Ask him about: software development and application architecture agile practices delivering technical presentations iOS development and other Apple platforms and technologies What’s included? 5 days in a professional co-working space in Berlin, Germany Dedicated rooms for the event with high-speed internet access A productive environment to focus and collaborate Guidance and coaching from two experienced facilitators Coffee, tea, water, and healthy snacks A wealth of new knowledge, insights, and perspectives from a diverse team A chance to make progress on that idea\/project you always wanted to work on An opportunity to form meaningful relationships with people sharing your passion During the sprint we will take photos and videos for marketing purposes and to share with other passionate programmers. Let us know before the sprint starts, should you feel uncomfortable with your picture being taken. Special Offer Be among the first participants of a LevelUP Learning Sprint and help us design the future of learning. Join us for pioneering this new format and take advantage of our special launch offer: €790,- incl. VAT When? Monday 2nd July - Friday 6th July | 9am - 6pm (Friday party open end) For your travel arrangements we recommend that you arrive in Berlin the Sunday before the event and don't leave until the Saturday after (don’t miss the party!). Where? juggleHUB CoworkingChristburger Straße 2310405 Berlin In Berlin's Prenzlauer Berg neighborhood, with easy access to the M6 and M10 tram lines. Tickets are limited to ten participants; you can join a waiting list, should tickets be sold out. Any questions? Email us. Learn more If you want to keep in touch and learn about future LevelUP Learning Sprints and other activities by and for Passionate Programmers subscribe to our newsletter.",
                "fallback": "Eventbrite: LevelUP Sprint: iOS Development",
                "image_url": "https:\/\/img.evbuc.com\/https%3A%2F%2Fcdn.evbuc.com%2Fimages%2F46003561%2F259423629009%2F1%2Foriginal.jpg?w=1000&auto=compress&rect=0%2C0%2C2000%2C1000&s=77f15bbc69419a722b918e31edf1faa4",
                "fields": [
                    {
                        "title": "Where",
                        "value": "Christburger Straße 23, 10405 Berlin, Germany",
                        "short": true
                    },
                    {
                        "title": "When",
                        "value": "Mon 2 Jul 2018 at 09:00",
                        "short": true
                    }
                ],
                "from_url": "https:\/\/www.eventbrite.de\/e\/levelup-sprint-ios-development-registration-46756773769?ref=eios",
                "image_width": 500,
                "image_height": 250,
                "image_bytes": 78928,
                "service_icon": "https:\/\/cdn.evbstatic.com\/s3-build\/perm_001\/eba891\/django\/images\/touch_icons\/apple-touch-icon-180x180.png",
                "id": 2,
                "original_url": "https:\/\/www.eventbrite.de\/e\/levelup-sprint-ios-development-registration-46756773769?ref=eios"
            }
        ]
    },
    {
        "client_msg_id": "6837beb1-7868-4995-a58b-79e07ae6380e",
        "type": "message",
        "text": "If your goal is to muck about with some people you like, I don’t see it being very hard at all. That seems to be the implicit goal of every project that doesn’t have an explicit one, especially projects accountable only to the whims of a few rich techies.",
        "user": "UD3AK9JRF",
        "ts": "1558297727.067000"
    },
    {
        "client_msg_id": "196525a9-087e-463b-b214-03298d77fed8",
        "type": "message",
        "text": "If you want to build a research center, will you have express research questions? Where do they come from, what politics inform them, what is out of scope? Who cares about the answers, how will you communicate them, who will judge them?",
        "user": "UD3AK9JRF",
        "ts": "1558297961.069000"
    },
    {
        "client_msg_id": "5820d92d-e8db-43b7-bd36-8f49cd5800f9",
        "type": "message",
        "text": "I’m not particularly interested in models that center the genius of individuals. Impact will come from attending to process, structure, power, and imagination.",
        "user": "UD3AK9JRF",
        "ts": "1558298207.070200"
    },
    {
        "client_msg_id": "28cbc894-d150-4c78-b820-42bf51d9e5b6",
        "type": "message",
        "text": "That's the biggest obstacle to this that I can think of.  Remote collaborators would be one way to ameliorate that.",
        "user": "UJCHWTMH6",
        "ts": "1558304808.070300",
        "thread_ts": "1558197156.001300",
        "parent_user_id": "UJCHWTMH6"
    },
    {
        "client_msg_id": "e0a97c93-9f5c-44c0-9b08-ec17619e24ff",
        "type": "message",
        "text": "At first, I thought that impact of The Research Centre would come from creating software that solves real problems, and that people will actually use.\n\nBut that's not quite right. The impact of Xerox PARC wasn't specifically in the Smalltalk-80 software, it was in the theoretical concepts they developed, such as Object Oriented Programming, and the Graphical User Interface. These are such good ideas that they have been continually reimplemented and refined by many different software projects.\n\nFor example, Steve Krouse has this vision of comprehensible Functional Reactive Programming, which is modular and composable, and also easy to understand. A good solution to this research problem might lead to lots of independent implementations in many languages.\n\nBut even that concept of impact needs further tweaking. The impact of Doug Englebart's NLS system is usually remembered in terms of certain technologies that he pioneered, such as windows, the mouse, hypertext, etc. But those things are subsidiary to the goals that Englebart set for his project, which was the augmentation of human intellect, on both a personal and on a group level, in order to tackle the important and pressing challenges of the world, using a bootstrapping process to accelerate innovation while maximizing results. [Eg, see \"Englebart's Unfinished Revolution\", <http:\/\/www.dougengelbart.org\/content\/view\/223\/>]\n\nSo I think the most important thing is to enumerate the goals of the next software revolution. And that will define what research problems need to be solved. And the solutions to those research problems will then be implemented by a lot of different software systems, leading to new software that solves real problems, that people will want to use.",
        "user": "UJN1TAYEQ",
        "ts": "1558308408.072000",
        "attachments": [
            {
                "title": "30th Anniversary Event: \"Engelbart's Unfinished Revolution\" - Doug Engelbart Institute",
                "title_link": "http:\/\/www.dougengelbart.org\/content\/view\/223\/",
                "text": "Engelbart's Unfinished Revolution - Celebrating the 30th Anniversary of the Mouse and Doug's 1968 Demo",
                "fallback": "30th Anniversary Event: \"Engelbart's Unfinished Revolution\" - Doug Engelbart Institute",
                "from_url": "http:\/\/www.dougengelbart.org\/content\/view\/223\/",
                "service_icon": "http:\/\/www.dougengelbart.org\/images\/favicon.ico",
                "service_name": "dougengelbart.org",
                "id": 1,
                "original_url": "http:\/\/www.dougengelbart.org\/content\/view\/223\/"
            }
        ],
        "reactions": [
            {
                "name": "+1",
                "users": [
                    "UJ6LDMMN0",
                    "UD3AK9JRF"
                ],
                "count": 2
            }
        ]
    },
    {
        "client_msg_id": "67018426-9af6-4bae-8c8d-959e75491f8b",
        "type": "message",
        "text": "This is a followup to my point about picking the right high level goals. Englebart wanted to create systems for human collaboration on problem solving, while Alan Kay at PARC wanted to create a personal computer (the dynabook). Both research projects used similar technology (windows, the mouse, etc), but the projects had very different goals.\n\nBrett Victor has a nice analysis of why the goals matter, and about what might have been lost due to adopting the PARC approach over the NLS approach: <http:\/\/worrydream.com\/Engelbart\/>",
        "user": "UJN1TAYEQ",
        "ts": "1558310730.074400",
        "edited": {
            "user": "UJN1TAYEQ",
            "ts": "1558310932.000000"
        },
        "reactions": [
            {
                "name": "+1",
                "users": [
                    "UJ6LDMMN0",
                    "U79HM6726"
                ],
                "count": 2
            }
        ]
    }
]