[
    {
        "client_msg_id": "1315e79e-01ee-43aa-b780-08d890b8a71a",
        "type": "message",
        "text": "`FOCI will be located in a livable city with a significant tech industry, where there are opportunities for attracting talent\nThere's nothing wrong with that but this sounds like a standard research center and I'm not proposing that.  The reason that the equivalent in art, an artists colony, would always be remote is because it was proportional to how removed from the state of the current art they wanted to be.  Gaugin and Van Gogh, for example, insisted on moving out of Paris to get away from the current scene to start a new one.  The future of coding, in my opinion, will stem from fundamental changes to foundational concepts.  The question of, \"What can we build if we throw it all away,\" is not one that would ever be answered in San Francisco.",
        "user": "UJCHWTMH6",
        "ts": "1558538699.128200",
        "thread_ts": "1558491934.127800",
        "parent_user_id": "UJN1TAYEQ"
    },
    {
        "client_msg_id": "6e8db30c-ade3-4629-a33f-ffd9d7e96331",
        "type": "message",
        "text": "An annual festival can anchor a community. “Burning Man for software revolutionaries”",
        "user": "U6KQ2S410",
        "ts": "1558547233.129700",
        "thread_ts": "1558547233.129700",
        "reply_count": 4,
        "reply_users_count": 3,
        "latest_reply": "1558624509.133100",
        "reply_users": [
            "UC21F8Q48",
            "UJK8MKYAZ",
            "UJN1TAYEQ"
        ],
        "replies": [
            {
                "user": "UC21F8Q48",
                "ts": "1558547545.129800"
            },
            {
                "user": "UJK8MKYAZ",
                "ts": "1558550922.130200"
            },
            {
                "user": "UJN1TAYEQ",
                "ts": "1558554277.130800"
            },
            {
                "user": "UJK8MKYAZ",
                "ts": "1558624509.133100"
            }
        ],
        "reactions": [
            {
                "name": "heart",
                "users": [
                    "U79HM6726",
                    "U5TCAFTD3",
                    "UHWC9PXBL",
                    "UJCHWTMH6"
                ],
                "count": 4
            },
            {
                "name": "bulb",
                "users": [
                    "UDJ2TKB99",
                    "UJCHWTMH6"
                ],
                "count": 2
            }
        ]
    },
    {
        "client_msg_id": "1b3daf90-0faa-4025-9f20-3ae199004d70",
        "type": "message",
        "text": "LIVE festival.",
        "user": "UC21F8Q48",
        "ts": "1558547545.129800",
        "thread_ts": "1558547233.129700",
        "parent_user_id": "U6KQ2S410"
    },
    {
        "client_msg_id": "3595b1d0-7028-46ed-9ee1-409a1dfee6b4",
        "type": "message",
        "text": "The reason I described the \"standard research centre\" model is to get it on the table for discussion, and also because there is a well understood process for getting funding for such a beast. But I absolutely do want to discuss other models as well.",
        "user": "UJN1TAYEQ",
        "ts": "1558550098.130000",
        "thread_ts": "1558491934.127800",
        "parent_user_id": "UJN1TAYEQ"
    },
    {
        "client_msg_id": "df1f7db8-897c-48f2-982a-2fb4cdd84bac",
        "type": "message",
        "text": "The one Clojure Conj I’ve been to (last November) was absolutely career changing.",
        "user": "UJK8MKYAZ",
        "ts": "1558550922.130200",
        "thread_ts": "1558547233.129700",
        "parent_user_id": "U6KQ2S410"
    },
    {
        "client_msg_id": "59153d1e-1ee6-4d56-8078-716b58b26b51",
        "type": "message",
        "text": "&gt; The question of, \"What can we build if we throw it all away,\" is not one that would ever be answered in San Francisco.\n\nI'm not sure I believe this. Doug Englebart's NLS project, and the Smalltalk project, both came out of the Bay area. SF has plenty of counter-cultural organizations that challenge consensus reality, such as The Long Now Foundation, and the NoiseBridge makerspace, and the Burning Man Project. The concentration of talented and creative people probably means it is still a great scene, even today.\n\nWhat concerns me about San Francisco today is that it's too expensive. I'm thinking about the price I would have to pay to finance my own residency at a DIY FOC retreat. For the DIY approach, I think the benefit of the remote artist's colony model is cheap real estate.",
        "user": "UJN1TAYEQ",
        "ts": "1558551581.130400",
        "thread_ts": "1558491934.127800",
        "parent_user_id": "UJN1TAYEQ"
    },
    {
        "client_msg_id": "6f15818e-713c-464b-a8b7-4868b0fbb5b0",
        "type": "message",
        "text": "&gt; The future of coding, in my opinion, will stem from fundamental changes to foundational concepts.\n\nI agree. I'm not interested in pursuing my research from within an academic setting, or as a \"20% project\" as a Google employee, I see that as too constraining.\n\nHowever, a \"standard\" independent research centre is definitely capable of supporting this kind of research. At home, my favourite research centre is the Perimeter Institute. They are lavishly funded, and yet they also have research teams whose job is to burn down physics and rebuild it according to new principles. They have done foundational research on Loop Quantum Gravity, which aims to replace General Relativity with a new theory compatible with Quantum Mechanics. The latest public talk I attended by was by Faculty member Lee Smolin, talking about his project to burn down Quantum Mechanics, replacing or deleting one of the fundamental axioms so that the new theory can be consistent with realism (that the universe exists independent of human observers). They can do this kind of research because they aren't subject to the normal academic constraints of applying for grants from academic funding agencies. All of the filtering of what is and isn't acceptable research is done by people inside the Institute, not by external agencies.\n\nI think the real problem with this idea is finding people with the skills to get it off the ground.",
        "user": "UJN1TAYEQ",
        "ts": "1558553772.130600",
        "thread_ts": "1558491934.127800",
        "parent_user_id": "UJN1TAYEQ"
    },
    {
        "client_msg_id": "aa632dcd-7abf-4c58-ad3d-f1e0cf66f0f3",
        "type": "message",
        "text": "<@UJK8MKYAZ> What were the key features of Clojure Conj worth duplicating by our group?",
        "user": "UJN1TAYEQ",
        "ts": "1558554277.130800",
        "thread_ts": "1558547233.129700",
        "parent_user_id": "U6KQ2S410"
    },
    {
        "client_msg_id": "1f8c5f4a-8d90-4c22-99ce-18ec581c625d",
        "type": "message",
        "text": "I'm looking for a north american software conference that caters to people in the Future of Coding community, that I can attend. So far, Strange Loop looks like a candidate. Any recommendations?",
        "user": "UJN1TAYEQ",
        "ts": "1558559134.132200",
        "thread_ts": "1558559134.132200",
        "reply_count": 5,
        "reply_users_count": 4,
        "latest_reply": "1558715365.010300",
        "reply_users": [
            "UC21F8Q48",
            "UC2A2ARPT",
            "UJN1TAYEQ",
            "UJCHWTMH6"
        ],
        "replies": [
            {
                "user": "UC21F8Q48",
                "ts": "1558560323.132300"
            },
            {
                "user": "UC2A2ARPT",
                "ts": "1558561814.132600"
            },
            {
                "user": "UJN1TAYEQ",
                "ts": "1558637883.133300"
            },
            {
                "user": "UJN1TAYEQ",
                "ts": "1558637982.133500"
            },
            {
                "user": "UJCHWTMH6",
                "ts": "1558715365.010300"
            }
        ]
    },
    {
        "client_msg_id": "f21d3b38-0bfd-4f5e-bc51-d6b7b004e3db",
        "type": "message",
        "text": "Maybe one should organize a FoC Strange Loop preconference event. <https:\/\/www.thestrangeloop.com\/preconf.html>",
        "user": "UC21F8Q48",
        "ts": "1558560323.132300",
        "attachments": [
            {
                "title": "Preconf - Strange Loop",
                "title_link": "https:\/\/www.thestrangeloop.com\/preconf.html",
                "text": "Strange Loop (Sept 12-14, 2019 - St. Louis) is a conference for software developers covering programming langs, databases, distributed systems, security, machine learning, creativity, and more!",
                "fallback": "Preconf - Strange Loop",
                "thumb_url": "https:\/\/s3.amazonaws.com\/strangeloop\/uploadedimgs\/prod\/strange_loop_logo_final_color_no_year_square.jpg",
                "from_url": "https:\/\/www.thestrangeloop.com\/preconf.html",
                "thumb_width": 1700,
                "thumb_height": 1700,
                "service_icon": "https:\/\/www.thestrangeloop.com\/favicon.ico",
                "service_name": "thestrangeloop.com",
                "id": 1,
                "original_url": "https:\/\/www.thestrangeloop.com\/preconf.html"
            }
        ],
        "thread_ts": "1558559134.132200",
        "parent_user_id": "UJN1TAYEQ",
        "reactions": [
            {
                "name": "thinking_face",
                "users": [
                    "U5TCAFTD3"
                ],
                "count": 1
            }
        ]
    },
    {
        "client_msg_id": "7cfa6db3-8ab4-4e56-9418-b1298af2132b",
        "type": "message",
        "text": "Strange Loop is excellent.",
        "user": "UC2A2ARPT",
        "ts": "1558561814.132600",
        "thread_ts": "1558559134.132200",
        "parent_user_id": "UJN1TAYEQ"
    }
]