[
    {
        "client_msg_id": "520309f9-eeef-481d-b9ae-ff151a4fae90",
        "type": "message",
        "text": "\"Future of Coding\" ™ is a name that <@U5TCAFTD3> sort of \"owns\", so that would have to be driven by him I guess.\nOn the other hand, I *much* prefer anyway to call it \"The Future of Programming Conference\" if the CfP puts equal weight to approaches for non-techies! :smile:",
        "user": "UE6EFEPTQ",
        "ts": "1558780454.017200"
    },
    {
        "client_msg_id": "AABEB30D-0346-4914-BE20-749DA582ECE2",
        "type": "message",
        "text": "I would be especially interested in a conference where every participant gives a 5 minute lightning talk, blog post, paper, video or whatever so that we have an excuse\/context to strike up conversation ",
        "user": "UHWC9PXBL",
        "ts": "1558794199.020100",
        "thread_ts": "1558794199.020100",
        "reply_count": 3,
        "reply_users_count": 3,
        "latest_reply": "1559069402.021800",
        "reply_users": [
            "U79HM6726",
            "UJN1TAYEQ",
            "UHWC9PXBL"
        ],
        "replies": [
            {
                "user": "U79HM6726",
                "ts": "1558855918.020300"
            },
            {
                "user": "UJN1TAYEQ",
                "ts": "1559043678.020800"
            },
            {
                "user": "UHWC9PXBL",
                "ts": "1559069402.021800"
            }
        ]
    }
]