[
    {
        "client_msg_id": "db626b89-7daf-4370-aee4-b0235df85ecf",
        "type": "message",
        "text": "Has anyone attended the *Salon des Refusés* program?  Maybe it could be expanded to include lightning talks and other types of events.\n<https:\/\/2019.programming-conference.org\/track\/sdr-2019-papers>",
        "user": "UJCHWTMH6",
        "ts": "1559145037.024700",
        "attachments": [
            {
                "title": "Salon des Refusés 2019  - ‹Programming› 2019",
                "title_link": "https:\/\/2019.programming-conference.org\/track\/sdr-2019-papers",
                "text": "Salon des Refusés (“exhibition of rejects”) was an 1863 exhibition of artworks rejected from the official Paris Salon. The jury of Paris Salon required near-photographic realism and classified works according to a strict genre hierarchy. Paintings by many, later famous, modernists such as Édouard Manet were rejected and appeared in what became known as the Salon des Refusés. This workshop is the programming language research equivalent of Salon des Refusés. We provide venue for exploring new ideas and new ways of doing computer science. Many interesting ideas about programming might strug ...",
                "fallback": "Salon des Refusés 2019  - ‹Programming› 2019",
                "image_url": "https:\/\/2019.programming-conference.org\/getImage\/carousel\/DSC02930cropped.JPG?1524816517000",
                "from_url": "https:\/\/2019.programming-conference.org\/track\/sdr-2019-papers",
                "image_width": 548,
                "image_height": 250,
                "image_bytes": 275227,
                "service_icon": "https:\/\/2019.programming-conference.org\/favicon.ico",
                "service_name": "2019.programming-conference.org",
                "id": 1,
                "original_url": "https:\/\/2019.programming-conference.org\/track\/sdr-2019-papers"
            }
        ],
        "thread_ts": "1559145037.024700",
        "reply_count": 2,
        "reply_users_count": 1,
        "latest_reply": "1559145531.025600",
        "reply_users": [
            "UJK8MKYAZ"
        ],
        "replies": [
            {
                "user": "UJK8MKYAZ",
                "ts": "1559145479.025200"
            },
            {
                "user": "UJK8MKYAZ",
                "ts": "1559145531.025600"
            }
        ],
        "reactions": [
            {
                "name": "+1",
                "users": [
                    "U79HM6726"
                ],
                "count": 1
            }
        ]
    },
    {
        "client_msg_id": "abf27386-15ee-4bfb-b162-b776f682755b",
        "type": "message",
        "text": "Wow that looks cool.",
        "user": "UJK8MKYAZ",
        "ts": "1559145479.025200",
        "thread_ts": "1559145037.024700",
        "parent_user_id": "UJCHWTMH6"
    },
    {
        "client_msg_id": "393d4692-da94-4664-8ede-ebcdb2bc2c56",
        "type": "message",
        "text": "Oh, it’s over.",
        "user": "UJK8MKYAZ",
        "ts": "1559145531.025600",
        "thread_ts": "1559145037.024700",
        "parent_user_id": "UJCHWTMH6"
    },
    {
        "client_msg_id": "12608b26-de99-4ad9-b51a-10b72cadd849",
        "type": "message",
        "text": "I see that <@U5TCAFTD3> gave a talk on \"Visual Denotative Programming\".",
        "user": "UJN1TAYEQ",
        "ts": "1559151995.026300"
    },
    {
        "client_msg_id": "f49b82d7-99ae-406f-bee2-e5ea29dcb1ca",
        "type": "message",
        "text": "Yeah I just went! It was awesome! <@UEH6T3RJB> and <@UEJDZRQB1> are organizers",
        "user": "U5TCAFTD3",
        "ts": "1559152057.027700",
        "thread_ts": "1559152057.027700",
        "reply_count": 3,
        "reply_users_count": 3,
        "latest_reply": "1559207752.000300",
        "reply_users": [
            "UGLSY9X3J",
            "UHEJD0CE4",
            "U5TCAFTD3"
        ],
        "replies": [
            {
                "user": "UGLSY9X3J",
                "ts": "1559164442.034300"
            },
            {
                "user": "UHEJD0CE4",
                "ts": "1559204522.000100"
            },
            {
                "user": "U5TCAFTD3",
                "ts": "1559207752.000300"
            }
        ]
    },
    {
        "client_msg_id": "9b51875e-f445-45df-a261-4610b0b328ab",
        "type": "message",
        "text": "I like the title \"Minimum Viable Revolution\".",
        "user": "UJN1TAYEQ",
        "ts": "1559152109.027900"
    },
    {
        "client_msg_id": "2c86196b-a8f1-4245-a7a7-089dd9e8d4e0",
        "type": "message",
        "text": "Ha!  How did I miss that?!  So Steve (and others), what do you think?  Is this the right place to do the kind of event we're talking about?",
        "user": "UJCHWTMH6",
        "ts": "1559157733.029300"
    },
    {
        "client_msg_id": "bea178a3-c541-4b34-b5b4-da83d04bcc7d",
        "type": "message",
        "text": "Salon is a workshop at the &lt;programming&gt; conference that takes paper submissions. You would want to propose an independent event to be held at the conference. <https:\/\/2020.programming-conference.org\/home>",
        "user": "U6KQ2S410",
        "ts": "1559158165.032400",
        "attachments": [
            {
                "title": "‹Programming› 2020",
                "title_link": "https:\/\/2020.programming-conference.org\/home",
                "text": "The International Conference on the Art, Science, and Engineering of Programming is a new conference focused on programming topics including the experience of programming. We have named it ‹Programming› for short. ‹Programming› seeks for papers that advance knowledge of programming on any relevant topic, including programming practice and experience. After Brussels, Nice, and Genova, this fourth edition will take place in Porto, Portugal, Mon 23 - Thu 26 March, 2020, a charming city that will embrace you as soon as you arrive! The main venue will be the Faculty of Engineering of Universi ...",
                "fallback": "‹Programming› 2020",
                "from_url": "https:\/\/2020.programming-conference.org\/home",
                "service_icon": "https:\/\/2020.programming-conference.org\/favicon.ico",
                "service_name": "2020.programming-conference.org",
                "id": 1,
                "original_url": "https:\/\/2020.programming-conference.org\/home"
            }
        ],
        "reactions": [
            {
                "name": "+1",
                "users": [
                    "UJCHWTMH6"
                ],
                "count": 1
            }
        ]
    },
    {
        "client_msg_id": "0faa166c-909e-4393-8eae-a4060a3066e1",
        "type": "message",
        "text": "Are there videos from it? Or links to the accepted papers? The “Minimal Viable Revolution” presentation sounds interesting",
        "user": "U79HM6726",
        "ts": "1559159608.033400",
        "thread_ts": "1559159608.033400",
        "reply_count": 1,
        "reply_users_count": 1,
        "latest_reply": "1559161585.034000",
        "reply_users": [
            "U8A5MS6R1"
        ],
        "replies": [
            {
                "user": "U8A5MS6R1",
                "ts": "1559161585.034000"
            }
        ]
    },
    {
        "client_msg_id": "66ca5b73-5392-4a3a-9b03-ed0fe15cbfba",
        "type": "message",
        "text": "They’ll be publishing final versions of the papers at some point",
        "user": "U6KQ2S410",
        "ts": "1559159740.033800",
        "reactions": [
            {
                "name": "+1",
                "users": [
                    "U79HM6726",
                    "UGLSY9X3J"
                ],
                "count": 2
            }
        ]
    },
    {
        "client_msg_id": "901ca4c0-58be-4a8d-b2cf-6fe8260f2c49",
        "type": "message",
        "text": "You can see papers from 2017 and 2018 here: <https:\/\/www.shift-society.org\/salon\/papers\/>",
        "user": "U8A5MS6R1",
        "ts": "1559161585.034000",
        "attachments": [
            {
                "title": "Salon des Refusés 2017 and 2018",
                "title_link": "https:\/\/www.shift-society.org\/salon\/papers\/",
                "text": "Dialectics for new computer science",
                "fallback": "Salon des Refusés 2017 and 2018",
                "image_url": "https:\/\/www.shift-society.org\/salon\/lib\/card-red.jpg",
                "from_url": "https:\/\/www.shift-society.org\/salon\/papers\/",
                "image_width": 500,
                "image_height": 250,
                "image_bytes": 153559,
                "service_name": "shift-society.org",
                "id": 1,
                "original_url": "https:\/\/www.shift-society.org\/salon\/papers\/"
            }
        ],
        "thread_ts": "1559159608.033400",
        "parent_user_id": "U79HM6726"
    },
    {
        "client_msg_id": "040ed074-8442-4f13-890b-4df08cfb4085",
        "type": "message",
        "text": "any bootleg recordings Steve? :slightly_smiling_face:",
        "user": "UGLSY9X3J",
        "ts": "1559164442.034300",
        "thread_ts": "1559152057.027700",
        "parent_user_id": "U5TCAFTD3"
    }
]