[
    {
        "client_msg_id": "12c50e7d-9b53-4a93-99c8-06962a9d8a09",
        "type": "message",
        "text": "Hi Steve, is this paper or slides available?",
        "user": "UHEJD0CE4",
        "ts": "1559204522.000100",
        "thread_ts": "1559152057.027700",
        "parent_user_id": "U5TCAFTD3"
    },
    {
        "client_msg_id": "673a1771-2e4f-4dbf-856b-d683bc0ae2f3",
        "type": "message",
        "text": "Here's my submission <https:\/\/futureofcoding.org\/essays\/dctp.html>",
        "user": "U5TCAFTD3",
        "ts": "1559207752.000300",
        "attachments": [
            {
                "service_name": "Future of Coding",
                "title": "The Misunderstood Roots of FRP Can Save Programming",
                "title_link": "https:\/\/futureofcoding.org\/essays\/dctp.html",
                "text": "Are you looking for the real computer revolution? Join the club! Future of Coding is a community, podcast, and research project organized by Steve Krouse.",
                "fallback": "Future of Coding: The Misunderstood Roots of FRP Can Save Programming",
                "thumb_url": "https:\/\/user-images.githubusercontent.com\/2288939\/57971688-1b7a6f80-7989-11e9-8866-330f00db1db9.jpg",
                "from_url": "https:\/\/futureofcoding.org\/essays\/dctp.html",
                "thumb_width": 313,
                "thumb_height": 313,
                "service_icon": "https:\/\/futureofcoding.org\/favicon.ico",
                "id": 1,
                "original_url": "https:\/\/futureofcoding.org\/essays\/dctp.html"
            }
        ],
        "thread_ts": "1559152057.027700",
        "parent_user_id": "U5TCAFTD3"
    }
]