[
    {
        "type": "message",
        "text": "Cool! I like this idea a lot. One way to frame is almost like a Steve-Blank-style get-out-of-the-building customer interview. I’d be curious to ask programmers about the emotions they feel about different languages they like and don’t like, and about how they’d describe their biggest frustrations with programming\n\nHowever I think who you interview is the most important question. I’d be more interested in customer interviews with non-programmers or beginner programmers than with expert programmers, but that’s a matter of taste I guess",
        "user": "U5TCAFTD3",
        "ts": "1509967933.000261",
        "thread_ts": "1509818118.000058",
        "parent_user_id": "U5STGTB3J"
    },
    {
        "type": "message",
        "text": "can't make it this time :( will have to go when I'm not as busy",
        "user": "U7TJ8PRDW",
        "ts": "1509997762.000479",
        "thread_ts": "1509930667.000052",
        "parent_user_id": "U7TJ8PRDW"
    },
    {
        "type": "message",
        "text": "Hey have a lot of work so don't think I'll make it have fun",
        "user": "U5T9JLUAE",
        "ts": "1510003468.000542",
        "reactions": [
            {
                "name": "disappointed_relieved",
                "users": [
                    "U5TCAFTD3"
                ],
                "count": 1
            }
        ]
    },
    {
        "type": "message",
        "text": "<@U5TCAFTD3> I screwed up today and can't make it.",
        "user": "U5U4S45HC",
        "ts": "1510009721.000010"
    }
]