[
    {
        "client_msg_id": "53E4B512-09D4-4C17-9ABE-50845E156404",
        "type": "message",
        "text": "It’s from Microsoft Research, and in the paper they say they’re integrating it into the Microsoft business intelligence product. I’ve never seen research applied so quickly at a company!",
        "user": "U5TCAFTD3",
        "ts": "1534593139.000100",
        "thread_ts": "1534358872.000100",
        "parent_user_id": "UBN9AFS0N"
    },
    {
        "client_msg_id": "39a4ca79-7352-4d1e-bd3d-5e7a0e7a6ac8",
        "type": "message",
        "text": "in the video they show how to export it to PowerBI, I guess their willingness to go the extra mile and show a real use case helped :slightly_smiling_face:",
        "user": "UBN9AFS0N",
        "ts": "1534594592.000100",
        "thread_ts": "1534358872.000100",
        "parent_user_id": "UBN9AFS0N"
    }
]