[
    {
        "client_msg_id": "812b9c89-c119-4fe0-8f58-13f802c9aba2",
        "type": "message",
        "text": "Slightly different take on the previous thread: Fortnite itself actually _is_ the future of programming! (Well, sorta.)\n\nShared-virtual-world games like Fortnite (and Minecraft before it) are successful primarily due to their status as digital social environments. In fact, these sorts of games are increasingly taking over the role of “third places”, or semi-public community hangout spaces (<https:\/\/medium.com\/s\/greatescape\/fortnite-is-so-much-more-than-a-game-3ca829f389f4>).\n\nOne of the big problems with these new digital third places is that they’re not open to improvement or modification by the people who spend their time there. The rules of Fortnite, and the map you play on, are determined by some distant corporation; even if everyone in a given player community would favor a certain adjustment to the rules, there’s no way for that community to implement their desired change short of petitioning the developers to implement it globally. Making digital third places approachably programmable from within would change this dynamic, while simultaneously giving a whole bunch of people both a motive and a means to learn to program.\n\nWe can look to MUDs as a key source of inspiration here. MUDs embody a tradition of allowing players to shape their shared digital world – including, in some cases, by scripting dynamic behaviors for NPCs and objects. Getting approachable scripting tools embedded in a widely used modern digital social environment would be a major coup in terms of giving users back some control over the digital spaces they inhabit.\n\nSituating a “future of programming” vision in this context also suggests a particular focus on building tools that enable communities of novice user-programmers to collaborate, self-govern, and learn together. Empowering individual users to shape the environment is necessary but not sufficient; the real leverage will come from empowering small communities of people with varying levels of skill and interest.\n\nYou can maybe think of the end goal here as something like a community code-garden, where most users know just enough about how to program the environment that they can chip in to help improve it in small ways here and there. Meanwhile, a few informally designated “local experts” will sometimes step up to take the lead on larger-scale changes or improvements.\n\nI keep meaning to write about this at greater length, but here’s a related Twitter thread I wrote when some of this stuff first clicked for me: <https:\/\/twitter.com\/maxkreminski\/status\/1030838313429528576>",
        "user": "UETJZ9V0T",
        "ts": "1546367047.227300",
        "attachments": [
            {
                "fallback": "<https:\/\/twitter.com\/maxkreminski|@maxkreminski>: calling it now: the next successful social media site will be a MUD with gardening instead of combat mechanics\n\npeople want to be in a place that they personally (alongside their friends) can exert effort to make better, even if only in small ways",
                "ts": 1534605980,
                "author_name": "Max Kreminski",
                "author_link": "https:\/\/twitter.com\/maxkreminski\/status\/1030838313429528576",
                "author_icon": "https:\/\/pbs.twimg.com\/profile_images\/1055737562520739840\/bv171Jac_normal.jpg",
                "author_subname": "@maxkreminski",
                "text": "calling it now: the next successful social media site will be a MUD with gardening instead of combat mechanics\n\npeople want to be in a place that they personally (alongside their friends) can exert effort to make better, even if only in small ways",
                "service_name": "twitter",
                "service_url": "https:\/\/twitter.com\/",
                "from_url": "https:\/\/twitter.com\/maxkreminski\/status\/1030838313429528576",
                "id": 1,
                "original_url": "https:\/\/twitter.com\/maxkreminski\/status\/1030838313429528576",
                "footer": "Twitter",
                "footer_icon": "https:\/\/a.slack-edge.com\/6e067\/img\/services\/twitter_pixel_snapped_32.png"
            }
        ],
        "thread_ts": "1546367047.227300",
        "reply_count": 10,
        "reply_users_count": 4,
        "latest_reply": "1553376340.433900",
        "reply_users": [
            "UC2A2ARPT",
            "UDYGH7K8V",
            "U8A5MS6R1",
            "UFV8P4472"
        ],
        "replies": [
            {
                "user": "UC2A2ARPT",
                "ts": "1546384563.234800"
            },
            {
                "user": "UC2A2ARPT",
                "ts": "1546384639.236000"
            },
            {
                "user": "UC2A2ARPT",
                "ts": "1546384699.236600"
            },
            {
                "user": "UC2A2ARPT",
                "ts": "1546384849.237000"
            },
            {
                "user": "UC2A2ARPT",
                "ts": "1546384971.237400"
            },
            {
                "user": "UC2A2ARPT",
                "ts": "1546385259.238400"
            },
            {
                "user": "UDYGH7K8V",
                "ts": "1546439464.254300"
            },
            {
                "user": "U8A5MS6R1",
                "ts": "1546761262.275200"
            },
            {
                "user": "UFV8P4472",
                "ts": "1553376049.433700"
            },
            {
                "user": "UFV8P4472",
                "ts": "1553376340.433900"
            }
        ],
        "reactions": [
            {
                "name": "heart",
                "users": [
                    "UCUSW7WVD",
                    "UC2A2ARPT",
                    "UBSMEUXAA",
                    "UEGFXUK3M",
                    "U5TCAFTD3",
                    "U8A5MS6R1"
                ],
                "count": 6
            }
        ]
    },
    {
        "client_msg_id": "a528cbef-b378-4ac1-a23e-8d4cac10e9a2",
        "type": "message",
        "text": "Hi all - I hope you have had a relaxing holiday season. I'm posting to remind everyone of the upcoming Salon des Refusés 2019 Call for Papers which you can read at <https:\/\/www.shift-society.org\/salon\/call-for-papers\/> . This is a pretty new venue for paradigm-busting new approaches to programming - check out some of the interesting contributions we've received in our first two years. There are lots of folk here who have posted thought-provoking and counterfactual views on how we need to reframe the task of programming so I feel sure we could get many great contributions and start some great conversations. In general we would be far more interested in some unpolished, rough work that is much more challenging to the status quo than some more well-worked out and mature work that is less disruptive - save that for other venues. A word to the wise - although the official deadline is next week a rumour on the grapevine suggests that this will end up being extended a couple of weeks : P - so don't shy away because you think there's too little time to get your ideas down. Looking forward to hearing what you are thinking about!",
        "user": "UEH6T3RJB",
        "ts": "1546368281.233500",
        "attachments": [
            {
                "title": "Salon des Refusés 2019",
                "title_link": "https:\/\/www.shift-society.org\/salon\/call-for-papers\/",
                "text": "Dialectics for new computer science",
                "fallback": "Salon des Refusés 2019",
                "image_url": "https:\/\/www.shift-society.org\/salon\/lib\/card-blue.jpg",
                "from_url": "https:\/\/www.shift-society.org\/salon\/call-for-papers\/",
                "image_width": 500,
                "image_height": 250,
                "image_bytes": 154033,
                "service_name": "shift-society.org",
                "id": 1,
                "original_url": "https:\/\/www.shift-society.org\/salon\/call-for-papers\/"
            }
        ],
        "thread_ts": "1546368281.233500",
        "reply_count": 2,
        "reply_users_count": 2,
        "latest_reply": "1546388989.252800",
        "reply_users": [
            "UCUSW7WVD",
            "UEH6T3RJB"
        ],
        "replies": [
            {
                "user": "UCUSW7WVD",
                "ts": "1546368577.233700"
            },
            {
                "user": "UEH6T3RJB",
                "ts": "1546388989.252800"
            }
        ],
        "reactions": [
            {
                "name": "+1",
                "users": [
                    "UC2A2ARPT",
                    "UDJ2TKB99",
                    "U8A5MS6R1"
                ],
                "count": 3
            }
        ]
    },
    {
        "client_msg_id": "446b18ee-f813-448c-b94a-280e9aa91c75",
        "type": "message",
        "text": "Are you helping organize it, <@UEH6T3RJB>?",
        "user": "UCUSW7WVD",
        "ts": "1546368577.233700",
        "thread_ts": "1546368281.233500",
        "parent_user_id": "UEH6T3RJB"
    },
    {
        "client_msg_id": "a78d67c9-f0d2-4379-a6dc-f256040a595c",
        "type": "message",
        "text": "<https:\/\/www.youtube.com\/watch?v=2_4ecWDohnk>",
        "user": "UCSJ44X1S",
        "ts": "1546382827.234000",
        "attachments": [
            {
                "service_name": "YouTube",
                "service_url": "https:\/\/www.youtube.com\/",
                "title": "The Future of Software Development",
                "title_link": "https:\/\/www.youtube.com\/watch?v=2_4ecWDohnk",
                "author_name": "a16z",
                "author_link": "https:\/\/www.youtube.com\/channel\/UC9cn0TuPq4dnbTY-CBsm8XA",
                "thumb_url": "https:\/\/i.ytimg.com\/vi\/2_4ecWDohnk\/hqdefault.jpg",
                "thumb_width": 480,
                "thumb_height": 360,
                "fallback": "YouTube Video: The Future of Software Development",
                "video_html": "<iframe width=\"400\" height=\"225\" src=\"https:\/\/www.youtube.com\/embed\/2_4ecWDohnk?feature=oembed&autoplay=1&iv_load_policy=3\" frameborder=\"0\" allow=\"accelerometer; autoplay; encrypted-media; gyroscope; picture-in-picture\" allowfullscreen><\/iframe>",
                "video_html_width": 400,
                "video_html_height": 225,
                "from_url": "https:\/\/www.youtube.com\/watch?v=2_4ecWDohnk",
                "service_icon": "https:\/\/a.slack-edge.com\/2089\/img\/unfurl_icons\/youtube.png",
                "id": 1,
                "original_url": "https:\/\/www.youtube.com\/watch?v=2_4ecWDohnk"
            }
        ],
        "thread_ts": "1546382827.234000",
        "reply_count": 83,
        "reply_users_count": 7,
        "latest_reply": "1546897496.277900",
        "reply_users": [
            "UEBG0NPDK",
            "UE6EFEPTQ",
            "UEDDR6L5Q",
            "UC2A2ARPT",
            "UEQ6M68H0",
            "U8A5MS6R1",
            "UA14TGLTC"
        ],
        "replies": [
            {
                "user": "UEBG0NPDK",
                "ts": "1546384844.236800"
            },
            {
                "user": "UEBG0NPDK",
                "ts": "1546384874.237200"
            },
            {
                "user": "UE6EFEPTQ",
                "ts": "1546385120.237800"
            },
            {
                "user": "UE6EFEPTQ",
                "ts": "1546385177.238000"
            },
            {
                "user": "UEBG0NPDK",
                "ts": "1546385257.238200"
            },
            {
                "user": "UEBG0NPDK",
                "ts": "1546385279.238600"
            },
            {
                "user": "UE6EFEPTQ",
                "ts": "1546385324.238900"
            },
            {
                "user": "UEBG0NPDK",
                "ts": "1546385352.239200"
            },
            {
                "user": "UEBG0NPDK",
                "ts": "1546385370.239400"
            },
            {
                "user": "UEDDR6L5Q",
                "ts": "1546385406.239600"
            },
            {
                "user": "UE6EFEPTQ",
                "ts": "1546385454.240100"
            },
            {
                "user": "UEBG0NPDK",
                "ts": "1546385560.240300"
            },
            {
                "user": "UE6EFEPTQ",
                "ts": "1546385561.240500"
            },
            {
                "user": "UEBG0NPDK",
                "ts": "1546385590.240700"
            },
            {
                "user": "UEBG0NPDK",
                "ts": "1546385913.240900"
            },
            {
                "user": "UE6EFEPTQ",
                "ts": "1546385966.241100"
            },
            {
                "user": "UE6EFEPTQ",
                "ts": "1546386002.241300"
            },
            {
                "user": "UE6EFEPTQ",
                "ts": "1546386060.241600"
            },
            {
                "user": "UEBG0NPDK",
                "ts": "1546386088.241800"
            },
            {
                "user": "UEBG0NPDK",
                "ts": "1546386096.242000"
            },
            {
                "user": "UEBG0NPDK",
                "ts": "1546386110.242200"
            },
            {
                "user": "UC2A2ARPT",
                "ts": "1546386207.242400"
            },
            {
                "user": "UE6EFEPTQ",
                "ts": "1546386276.242600"
            },
            {
                "user": "UE6EFEPTQ",
                "ts": "1546386308.242900"
            },
            {
                "user": "UE6EFEPTQ",
                "ts": "1546386433.243100"
            },
            {
                "user": "UE6EFEPTQ",
                "ts": "1546386466.243300"
            },
            {
                "user": "UEBG0NPDK",
                "ts": "1546386496.243500"
            },
            {
                "user": "UE6EFEPTQ",
                "ts": "1546386517.243800"
            },
            {
                "user": "UE6EFEPTQ",
                "ts": "1546386521.244000"
            },
            {
                "user": "UEBG0NPDK",
                "ts": "1546386536.244200"
            },
            {
                "user": "UEBG0NPDK",
                "ts": "1546386573.244500"
            },
            {
                "user": "UEBG0NPDK",
                "ts": "1546386608.244700"
            },
            {
                "user": "UEBG0NPDK",
                "ts": "1546386639.244900"
            },
            {
                "user": "UEBG0NPDK",
                "ts": "1546386646.245100"
            },
            {
                "user": "UEBG0NPDK",
                "ts": "1546386659.245300"
            },
            {
                "user": "UEBG0NPDK",
                "ts": "1546386692.245500"
            },
            {
                "user": "UE6EFEPTQ",
                "ts": "1546386793.245800"
            },
            {
                "user": "UEBG0NPDK",
                "ts": "1546386821.246000"
            },
            {
                "user": "UEBG0NPDK",
                "ts": "1546386884.246200"
            },
            {
                "user": "UEBG0NPDK",
                "ts": "1546386932.246400"
            },
            {
                "user": "UEBG0NPDK",
                "ts": "1546386942.246600"
            },
            {
                "user": "UE6EFEPTQ",
                "ts": "1546386959.246800"
            },
            {
                "user": "UE6EFEPTQ",
                "ts": "1546386965.247000"
            },
            {
                "user": "UEBG0NPDK",
                "ts": "1546386969.247200"
            },
            {
                "user": "UEBG0NPDK",
                "ts": "1546387004.247400"
            },
            {
                "user": "UEBG0NPDK",
                "ts": "1546387014.247600"
            },
            {
                "user": "UEBG0NPDK",
                "ts": "1546387018.247800"
            },
            {
                "user": "UEBG0NPDK",
                "ts": "1546387081.248000"
            },
            {
                "user": "UEBG0NPDK",
                "ts": "1546387121.248200"
            },
            {
                "user": "UE6EFEPTQ",
                "ts": "1546387163.248400"
            },
            {
                "user": "UEBG0NPDK",
                "ts": "1546387165.248600"
            },
            {
                "user": "UEBG0NPDK",
                "ts": "1546387183.248800"
            },
            {
                "user": "UEBG0NPDK",
                "ts": "1546387220.249000"
            },
            {
                "user": "UE6EFEPTQ",
                "ts": "1546387228.249200"
            },
            {
                "user": "UEBG0NPDK",
                "ts": "1546387257.249400"
            },
            {
                "user": "UEBG0NPDK",
                "ts": "1546387293.249600"
            },
            {
                "user": "UE6EFEPTQ",
                "ts": "1546387386.249800"
            },
            {
                "user": "UE6EFEPTQ",
                "ts": "1546387443.250000"
            },
            {
                "user": "UEBG0NPDK",
                "ts": "1546387453.250200"
            },
            {
                "user": "UE6EFEPTQ",
                "ts": "1546387456.250400"
            },
            {
                "user": "UEBG0NPDK",
                "ts": "1546387464.250600"
            },
            {
                "user": "UEBG0NPDK",
                "ts": "1546387470.250900"
            },
            {
                "user": "UEBG0NPDK",
                "ts": "1546387481.251100"
            },
            {
                "user": "UEBG0NPDK",
                "ts": "1546387499.251300"
            },
            {
                "user": "UEBG0NPDK",
                "ts": "1546387522.251500"
            },
            {
                "user": "UE6EFEPTQ",
                "ts": "1546387629.251700"
            },
            {
                "user": "UE6EFEPTQ",
                "ts": "1546387662.251900"
            },
            {
                "user": "UE6EFEPTQ",
                "ts": "1546387668.252100"
            },
            {
                "user": "UEBG0NPDK",
                "ts": "1546387724.252400"
            },
            {
                "user": "UE6EFEPTQ",
                "ts": "1546388239.252600"
            },
            {
                "user": "UEQ6M68H0",
                "ts": "1546417069.253200"
            },
            {
                "user": "U8A5MS6R1",
                "ts": "1546418186.253600"
            },
            {
                "user": "UE6EFEPTQ",
                "ts": "1546427869.254000"
            },
            {
                "user": "UEQ6M68H0",
                "ts": "1546460706.255000"
            },
            {
                "user": "UA14TGLTC",
                "ts": "1546529720.255400"
            },
            {
                "user": "UA14TGLTC",
                "ts": "1546530692.255600"
            },
            {
                "user": "UA14TGLTC",
                "ts": "1546531332.255800"
            },
            {
                "user": "UA14TGLTC",
                "ts": "1546531569.256000"
            },
            {
                "user": "UEQ6M68H0",
                "ts": "1546552317.263000"
            },
            {
                "user": "U8A5MS6R1",
                "ts": "1546667899.274000"
            },
            {
                "user": "UA14TGLTC",
                "ts": "1546672526.274400"
            },
            {
                "user": "UA14TGLTC",
                "ts": "1546672679.274600"
            },
            {
                "user": "U8A5MS6R1",
                "ts": "1546897496.277900"
            }
        ]
    },
    {
        "client_msg_id": "67641d3e-1e3f-4560-8073-6f54818fec90",
        "type": "message",
        "text": "[Riffing]\n\nHow might Second Life or MySpace factor in to this vision? Both were communities that allowed people to create their own personally representative spaces, via some measure of programming. I never tried Second Life myself, but I customized the fuck out of my MySpace page.",
        "user": "UC2A2ARPT",
        "ts": "1546384563.234800",
        "edited": {
            "user": "UC2A2ARPT",
            "ts": "1546385330.000000"
        },
        "thread_ts": "1546367047.227300",
        "parent_user_id": "UETJZ9V0T",
        "reactions": [
            {
                "name": "point_up",
                "users": [
                    "UDYGH7K8V"
                ],
                "count": 1
            }
        ]
    },
    {
        "type": "message",
        "text": "",
        "files": [
            {
                "id": "FF4DSFV6X",
                "created": 1546384634,
                "timestamp": 1546384634,
                "name": "341398_10150310192854594_913932540_o.jpg",
                "title": "Ivan's MySpace Page",
                "mimetype": "image\/jpeg",
                "filetype": "jpg",
                "pretty_type": "JPEG",
                "user": "UC2A2ARPT",
                "editable": false,
                "size": 329248,
                "mode": "hosted",
                "is_external": false,
                "external_type": "",
                "is_public": true,
                "public_url_shared": false,
                "display_as_bot": false,
                "username": "",
                "url_private": "https:\/\/files.slack.com\/files-pri\/T5TCAFTA9-FF4DSFV6X\/341398_10150310192854594_913932540_o.jpg?t=xoxe-197418537349-653683177169-653683177233-23343e578426a323e5fb905bbe2173fe",
                "url_private_download": "https:\/\/files.slack.com\/files-pri\/T5TCAFTA9-FF4DSFV6X\/download\/341398_10150310192854594_913932540_o.jpg?t=xoxe-197418537349-653683177169-653683177233-23343e578426a323e5fb905bbe2173fe",
                "thumb_64": "https:\/\/files.slack.com\/files-tmb\/T5TCAFTA9-FF4DSFV6X-e5c7b50528\/341398_10150310192854594_913932540_o_64.jpg?t=xoxe-197418537349-653683177169-653683177233-23343e578426a323e5fb905bbe2173fe",
                "thumb_80": "https:\/\/files.slack.com\/files-tmb\/T5TCAFTA9-FF4DSFV6X-e5c7b50528\/341398_10150310192854594_913932540_o_80.jpg?t=xoxe-197418537349-653683177169-653683177233-23343e578426a323e5fb905bbe2173fe",
                "thumb_360": "https:\/\/files.slack.com\/files-tmb\/T5TCAFTA9-FF4DSFV6X-e5c7b50528\/341398_10150310192854594_913932540_o_360.jpg?t=xoxe-197418537349-653683177169-653683177233-23343e578426a323e5fb905bbe2173fe",
                "thumb_360_w": 360,
                "thumb_360_h": 160,
                "thumb_480": "https:\/\/files.slack.com\/files-tmb\/T5TCAFTA9-FF4DSFV6X-e5c7b50528\/341398_10150310192854594_913932540_o_480.jpg?t=xoxe-197418537349-653683177169-653683177233-23343e578426a323e5fb905bbe2173fe",
                "thumb_480_w": 480,
                "thumb_480_h": 213,
                "thumb_160": "https:\/\/files.slack.com\/files-tmb\/T5TCAFTA9-FF4DSFV6X-e5c7b50528\/341398_10150310192854594_913932540_o_160.jpg?t=xoxe-197418537349-653683177169-653683177233-23343e578426a323e5fb905bbe2173fe",
                "thumb_720": "https:\/\/files.slack.com\/files-tmb\/T5TCAFTA9-FF4DSFV6X-e5c7b50528\/341398_10150310192854594_913932540_o_720.jpg?t=xoxe-197418537349-653683177169-653683177233-23343e578426a323e5fb905bbe2173fe",
                "thumb_720_w": 720,
                "thumb_720_h": 320,
                "thumb_800": "https:\/\/files.slack.com\/files-tmb\/T5TCAFTA9-FF4DSFV6X-e5c7b50528\/341398_10150310192854594_913932540_o_800.jpg?t=xoxe-197418537349-653683177169-653683177233-23343e578426a323e5fb905bbe2173fe",
                "thumb_800_w": 800,
                "thumb_800_h": 355,
                "thumb_960": "https:\/\/files.slack.com\/files-tmb\/T5TCAFTA9-FF4DSFV6X-e5c7b50528\/341398_10150310192854594_913932540_o_960.jpg?t=xoxe-197418537349-653683177169-653683177233-23343e578426a323e5fb905bbe2173fe",
                "thumb_960_w": 960,
                "thumb_960_h": 426,
                "thumb_1024": "https:\/\/files.slack.com\/files-tmb\/T5TCAFTA9-FF4DSFV6X-e5c7b50528\/341398_10150310192854594_913932540_o_1024.jpg?t=xoxe-197418537349-653683177169-653683177233-23343e578426a323e5fb905bbe2173fe",
                "thumb_1024_w": 1024,
                "thumb_1024_h": 455,
                "image_exif_rotation": 1,
                "original_w": 2000,
                "original_h": 888,
                "permalink": "https:\/\/futureofcoding.slack.com\/files\/UC2A2ARPT\/FF4DSFV6X\/341398_10150310192854594_913932540_o.jpg",
                "permalink_public": "https:\/\/slack-files.com\/T5TCAFTA9-FF4DSFV6X-b0a6612700",
                "has_rich_preview": false
            }
        ],
        "upload": true,
        "user": "UC2A2ARPT",
        "display_as_bot": false,
        "ts": "1546384639.236000",
        "thread_ts": "1546367047.227300",
        "parent_user_id": "UETJZ9V0T"
    },
    {
        "client_msg_id": "8709fed2-3756-4612-a9a0-3a7f33b6f174",
        "type": "message",
        "text": "What's definitely lacking from MySpace (and personal web pages in general) is that they aren't truly _shared_ spaces, in that two people aren't going to be independently working on the same exact spot in the community.",
        "user": "UC2A2ARPT",
        "ts": "1546384699.236600",
        "thread_ts": "1546367047.227300",
        "parent_user_id": "UETJZ9V0T"
    },
    {
        "client_msg_id": "cee2767f-aec6-4cd9-b83c-a21b9823f71d",
        "type": "message",
        "text": "Hah, I apparently decided I needed to speak at 2x speed for folks :stuck_out_tongue:",
        "user": "UEBG0NPDK",
        "ts": "1546384844.236800",
        "thread_ts": "1546382827.234000",
        "parent_user_id": "UCSJ44X1S"
    },
    {
        "client_msg_id": "cf9b918a-3165-444c-bb37-0310c5fd1d42",
        "type": "message",
        "text": "_But_, the structure imposed by MySpace and MUDs (and, I presume, Second Life) meant that you'd be inspired by seeing what other folks had done within the same creative constraints. That led to a lot of friendly competition and one-upping, which was fantastic.",
        "user": "UC2A2ARPT",
        "ts": "1546384849.237000",
        "thread_ts": "1546367047.227300",
        "parent_user_id": "UETJZ9V0T"
    },
    {
        "client_msg_id": "f003a129-bdc3-4663-b26f-578f572b527d",
        "type": "message",
        "text": "that was a really weird length time slot",
        "user": "UEBG0NPDK",
        "ts": "1546384874.237200",
        "thread_ts": "1546382827.234000",
        "parent_user_id": "UCSJ44X1S"
    },
    {
        "client_msg_id": "83abb7fa-d99d-4cd9-805a-cfe28ddf81f4",
        "type": "message",
        "text": "So even though two people weren't working on the same thing, they were working within the same tight confines. That's a sort of P2P interaction that I don't see nearly as much of when the possibility space is much wider (eg: games and software and the web, in the large).",
        "user": "UC2A2ARPT",
        "ts": "1546384971.237400",
        "edited": {
            "user": "UC2A2ARPT",
            "ts": "1546385026.000000"
        },
        "thread_ts": "1546367047.227300",
        "parent_user_id": "UETJZ9V0T"
    },
    {
        "client_msg_id": "69ac98cb-7c7c-445b-8205-ea803a2b0e28",
        "type": "message",
        "text": "I like the speaking style you've got - no 'um's, which I'm guilty of, and very animated",
        "user": "UE6EFEPTQ",
        "ts": "1546385120.237800",
        "thread_ts": "1546382827.234000",
        "parent_user_id": "UCSJ44X1S"
    },
    {
        "client_msg_id": "d340e297-e7df-46b6-a03c-78ab930c1d20",
        "type": "message",
        "text": "Actually, a minor side note: I use Immediate Mode (imgui) in my personal C app, and I'm a React dev for money; but I never connected imgui with React until just now! .. thanks <@UEBG0NPDK>!",
        "user": "UE6EFEPTQ",
        "ts": "1546385177.238000",
        "thread_ts": "1546382827.234000",
        "parent_user_id": "UCSJ44X1S"
    },
    {
        "client_msg_id": "4a1db358-90be-4b0b-9d7c-f5b26cd3774b",
        "type": "message",
        "text": "ah cool :slightly_smiling_face:",
        "user": "UEBG0NPDK",
        "ts": "1546385257.238200",
        "thread_ts": "1546382827.234000",
        "parent_user_id": "UCSJ44X1S"
    },
    {
        "client_msg_id": "09b08874-30fd-499c-af85-81cb26988b39",
        "type": "message",
        "text": "You could also make an argument that DeviantArt was a social network game with gardening mechanics. I certainly grew a lot of artwork _because of_ the collaboration and friendly competition on DA, that I wouldn't have made without it.\n\nIf we're looking for something like that, but for programmers, ShaderToy and CodePen spring to mind. But they don't seem to have quite the same emphasis on socialization that DA, MySpace, Second Life, and MUDs had. Bummer!",
        "user": "UC2A2ARPT",
        "ts": "1546385259.238400",
        "edited": {
            "user": "UC2A2ARPT",
            "ts": "1546385298.000000"
        },
        "thread_ts": "1546367047.227300",
        "parent_user_id": "UETJZ9V0T"
    },
    {
        "client_msg_id": "6b4dc2a9-6f38-47de-89b3-afadd3e53e58",
        "type": "message",
        "text": "yeah, I think they talked about imgui being an inspiration at some point years ago",
        "user": "UEBG0NPDK",
        "ts": "1546385279.238600",
        "thread_ts": "1546382827.234000",
        "parent_user_id": "UCSJ44X1S"
    },
    {
        "client_msg_id": "bd369a01-e33b-41a2-8090-35086c9cc5cd",
        "type": "message",
        "text": "also didn't realise that Datomic used Datalog, like you did, doh!",
        "user": "UE6EFEPTQ",
        "ts": "1546385324.238900",
        "thread_ts": "1546382827.234000",
        "parent_user_id": "UCSJ44X1S"
    },
    {
        "client_msg_id": "340c79f8-6104-415f-9440-b31b3de62c0a",
        "type": "message",
        "text": "you have to squint a little, but it's datalog semantics if not its syntax",
        "user": "UEBG0NPDK",
        "ts": "1546385352.239200",
        "thread_ts": "1546382827.234000",
        "parent_user_id": "UCSJ44X1S"
    },
    {
        "client_msg_id": "f9715a30-9283-4acd-8e11-2eb9d8eae044",
        "type": "message",
        "text": "with some important extensions",
        "user": "UEBG0NPDK",
        "ts": "1546385370.239400",
        "thread_ts": "1546382827.234000",
        "parent_user_id": "UCSJ44X1S"
    },
    {
        "type": "message",
        "text": "heh, I was talking to a dev friend about the similarity of react to imgui the other day. I'd been wondering what the more strict functional crowd thought of imgui (in C or elsewhere)...",
        "user": "UEDDR6L5Q",
        "ts": "1546385406.239600",
        "edited": {
            "user": "UEDDR6L5Q",
            "ts": "1546385435.000000"
        },
        "thread_ts": "1546382827.234000",
        "parent_user_id": "UCSJ44X1S"
    },
    {
        "client_msg_id": "c3a08869-5424-4345-bbee-959280cb5c27",
        "type": "message",
        "text": "I really love it, very refreshing way to spit out UI",
        "user": "UE6EFEPTQ",
        "ts": "1546385454.240100",
        "thread_ts": "1546382827.234000",
        "parent_user_id": "UCSJ44X1S"
    },
    {
        "client_msg_id": "895f8031-11de-4f4e-b650-9956f5406d66",
        "type": "message",
        "text": "I think there's actually a more fundamental idea underlying all the immediate mode ideas over the years: at it's core it's really the idea of reducing a domain to a datastructure and then feeding a complete representation of that domain to an interpreter",
        "user": "UEBG0NPDK",
        "ts": "1546385560.240300",
        "thread_ts": "1546382827.234000",
        "parent_user_id": "UCSJ44X1S"
    },
    {
        "client_msg_id": "a5b2be0e-c021-491d-8954-196ad9d84fac",
        "type": "message",
        "text": "(both imgui and react that is!) having spent years building Java UIs!",
        "user": "UE6EFEPTQ",
        "ts": "1546385561.240500",
        "thread_ts": "1546382827.234000",
        "parent_user_id": "UCSJ44X1S"
    },
    {
        "client_msg_id": "f67d0d77-a0bb-4a4e-9a49-17309c249c9b",
        "type": "message",
        "text": "it's a wonderful pattern for lots of problems :slightly_smiling_face:",
        "user": "UEBG0NPDK",
        "ts": "1546385590.240700",
        "thread_ts": "1546382827.234000",
        "parent_user_id": "UCSJ44X1S"
    },
    {
        "client_msg_id": "ab302c79-c1bb-4bbb-a5d6-0fc6f9d33e29",
        "type": "message",
        "text": "(fun tie in with another topic in that talk: the theory behind CRDTs shows us the duality between state and a set of operations that create that state. Imgui presents the domain as a series of operations, react does it via state. In either case, they're the same fundamental idea operating on the same domain.)",
        "user": "UEBG0NPDK",
        "ts": "1546385913.240900",
        "thread_ts": "1546382827.234000",
        "parent_user_id": "UCSJ44X1S"
    },
    {
        "client_msg_id": "d343a29d-f1db-40c5-802a-73b661836a71",
        "type": "message",
        "text": "Right .. but my \"boiling down\" of that key concept sidesteps event logs\/sourcing and just sees state--f()--&gt;state",
        "user": "UE6EFEPTQ",
        "ts": "1546385966.241100",
        "thread_ts": "1546382827.234000",
        "parent_user_id": "UCSJ44X1S"
    },
    {
        "client_msg_id": "d1188f6b-cf1e-4e47-be89-8213cffbc94b",
        "type": "message",
        "text": "I'm probably alone in that in this forum :smile:",
        "user": "UE6EFEPTQ",
        "ts": "1546386002.241300",
        "thread_ts": "1546382827.234000",
        "parent_user_id": "UCSJ44X1S"
    },
    {
        "client_msg_id": "4aec2c85-6352-4fbb-9cbe-532180f1e845",
        "type": "message",
        "text": "bit like datomic in that regard",
        "user": "UE6EFEPTQ",
        "ts": "1546386060.241600",
        "thread_ts": "1546382827.234000",
        "parent_user_id": "UCSJ44X1S"
    },
    {
        "client_msg_id": "5b8cf513-a944-470c-920c-3b04ee8c9686",
        "type": "message",
        "text": "datomic is built on a log I think",
        "user": "UEBG0NPDK",
        "ts": "1546386088.241800",
        "thread_ts": "1546382827.234000",
        "parent_user_id": "UCSJ44X1S"
    },
    {
        "client_msg_id": "172728d4-412d-4bef-a555-92efeb8b79cb",
        "type": "message",
        "text": "haven't looked at it in a long time",
        "user": "UEBG0NPDK",
        "ts": "1546386096.242000",
        "thread_ts": "1546382827.234000",
        "parent_user_id": "UCSJ44X1S"
    },
    {
        "client_msg_id": "894d4189-9044-4bb0-8626-f673408917a3",
        "type": "message",
        "text": "that being said, I don't think logs are fundamental either :slightly_smiling_face:",
        "user": "UEBG0NPDK",
        "ts": "1546386110.242200",
        "thread_ts": "1546382827.234000",
        "parent_user_id": "UCSJ44X1S"
    },
    {
        "client_msg_id": "dc693f50-3482-4776-909a-e3a014e40eb4",
        "type": "message",
        "text": "Couldn't you make the argument that event logs and CRDTs are just retained mode interfaces for state management? You're applying a series of transformations to a cached representation. The transformations (events\/CRDT updates) are the canonical representation.",
        "user": "UC2A2ARPT",
        "ts": "1546386207.242400",
        "thread_ts": "1546382827.234000",
        "parent_user_id": "UCSJ44X1S"
    },
    {
        "client_msg_id": "a8643491-ddde-41ac-a31d-7982d38e8f41",
        "type": "message",
        "text": "<https:\/\/res.infoq.com\/presentations\/Datomic-Database-Value\/en\/slides\/9.jpg>",
        "user": "UE6EFEPTQ",
        "ts": "1546386276.242600",
        "attachments": [
            {
                "fallback": "1024x768px image",
                "image_url": "https:\/\/res.infoq.com\/presentations\/Datomic-Database-Value\/en\/slides\/9.jpg",
                "image_width": 1024,
                "image_height": 768,
                "image_bytes": 62095,
                "from_url": "https:\/\/res.infoq.com\/presentations\/Datomic-Database-Value\/en\/slides\/9.jpg",
                "id": 1,
                "original_url": "https:\/\/res.infoq.com\/presentations\/Datomic-Database-Value\/en\/slides\/9.jpg"
            }
        ],
        "thread_ts": "1546382827.234000",
        "parent_user_id": "UCSJ44X1S"
    },
    {
        "client_msg_id": "dc165507-4e55-4350-a97d-595ba5809c03",
        "type": "message",
        "text": "This is how my own language (Onex) works, more or less",
        "user": "UE6EFEPTQ",
        "ts": "1546386308.242900",
        "thread_ts": "1546382827.234000",
        "parent_user_id": "UCSJ44X1S"
    },
    {
        "client_msg_id": "d9a6cbd7-4d2a-44b3-b60d-8dc8a4fb9ac1",
        "type": "message",
        "text": "I asked Rich Hickey when I met him once why store all the state forever, and he didn't have a passionate answer!",
        "user": "UE6EFEPTQ",
        "ts": "1546386433.243100",
        "thread_ts": "1546382827.234000",
        "parent_user_id": "UCSJ44X1S"
    },
    {
        "client_msg_id": "90c87a24-ca48-4cdc-9d0d-3fbff860c137",
        "type": "message",
        "text": "I don't see storing all events OR storing all state that ever happened as a necessary or fundamental concept",
        "user": "UE6EFEPTQ",
        "ts": "1546386466.243300",
        "thread_ts": "1546382827.234000",
        "parent_user_id": "UCSJ44X1S"
    },
    {
        "client_msg_id": "5b9c17f4-f41d-44cd-bdb2-b499e470fd73",
        "type": "message",
        "text": "the main advantage is enabling you to change your mind",
        "user": "UEBG0NPDK",
        "ts": "1546386496.243500",
        "edited": {
            "user": "UEBG0NPDK",
            "ts": "1546386500.000000"
        },
        "thread_ts": "1546382827.234000",
        "parent_user_id": "UCSJ44X1S"
    },
    {
        "client_msg_id": "5c7dcf99-64e0-4e84-aabe-271b990e70e2",
        "type": "message",
        "text": "argh. .. ok .. go on!",
        "user": "UE6EFEPTQ",
        "ts": "1546386517.243800",
        "thread_ts": "1546382827.234000",
        "parent_user_id": "UCSJ44X1S"
    },
    {
        "client_msg_id": "44892036-fff0-471d-88d8-581bd23b0a7c",
        "type": "message",
        "text": ":slightly_smiling_face:",
        "user": "UE6EFEPTQ",
        "ts": "1546386521.244000",
        "thread_ts": "1546382827.234000",
        "parent_user_id": "UCSJ44X1S"
    },
    {
        "client_msg_id": "be15e58f-8bf2-490d-9ec0-7b2cb9cebb63",
        "type": "message",
        "text": "with the log, I can choose an entirely different interpreter (in the information theory sense) and arrive at a valid alternate future",
        "user": "UEBG0NPDK",
        "ts": "1546386536.244200",
        "thread_ts": "1546382827.234000",
        "parent_user_id": "UCSJ44X1S"
    },
    {
        "client_msg_id": "38561ad8-0e44-45a2-891f-302329251726",
        "type": "message",
        "text": "relatedly, auditing is important in certain domains",
        "user": "UEBG0NPDK",
        "ts": "1546386573.244500",
        "thread_ts": "1546382827.234000",
        "parent_user_id": "UCSJ44X1S"
    },
    {
        "client_msg_id": "8ef4a261-bea2-4e14-8451-f371d5de424e",
        "type": "message",
        "text": "we had a version of Eve that was built entirely on a log and you could do some really neat stuff with it",
        "user": "UEBG0NPDK",
        "ts": "1546386608.244700",
        "thread_ts": "1546382827.234000",
        "parent_user_id": "UCSJ44X1S"
    },
    {
        "client_msg_id": "850a7e26-7163-4376-b68c-b95d2b99e9bc",
        "type": "message",
        "text": "e.g. we wrote a little game, and you could change parts of the game and the state would now be as if that change had always existed",
        "user": "UEBG0NPDK",
        "ts": "1546386639.244900",
        "thread_ts": "1546382827.234000",
        "parent_user_id": "UCSJ44X1S"
    },
    {
        "client_msg_id": "3529095c-f412-4663-9409-213e361b2c0b",
        "type": "message",
        "text": "debugging was *very* simple",
        "user": "UEBG0NPDK",
        "ts": "1546386646.245100",
        "thread_ts": "1546382827.234000",
        "parent_user_id": "UCSJ44X1S"
    },
    {
        "client_msg_id": "409299c9-03c1-4429-9c85-72fa0d5477b8",
        "type": "message",
        "text": "nothing could hide from you and there was no irreversible mistake",
        "user": "UEBG0NPDK",
        "ts": "1546386659.245300",
        "thread_ts": "1546382827.234000",
        "parent_user_id": "UCSJ44X1S"
    },
    {
        "client_msg_id": "308e5521-b107-4526-813e-b129f00a2f24",
        "type": "message",
        "text": "(barring effects that escape into the real world)",
        "user": "UEBG0NPDK",
        "ts": "1546386692.245500",
        "thread_ts": "1546382827.234000",
        "parent_user_id": "UCSJ44X1S"
    },
    {
        "client_msg_id": "98b1660a-ec78-4e58-84cc-8c5166fb8c8b",
        "type": "message",
        "text": "(just thinking that over..) :slightly_smiling_face:",
        "user": "UE6EFEPTQ",
        "ts": "1546386793.245800",
        "thread_ts": "1546382827.234000",
        "parent_user_id": "UCSJ44X1S"
    },
    {
        "client_msg_id": "101668e2-8061-4600-a005-6500d3dd9acf",
        "type": "message",
        "text": "one way of looking at it is that if you only store final states, then you're tying the meaning of events\/information to your current, likely incomplete, interpretation of those",
        "user": "UEBG0NPDK",
        "ts": "1546386821.246000",
        "thread_ts": "1546382827.234000",
        "parent_user_id": "UCSJ44X1S"
    },
    {
        "client_msg_id": "76560519-1e9a-4c80-b077-3f742251f293",
        "type": "message",
        "text": "and because of that you lose the ability to inspect that history or to interpret it differently",
        "user": "UEBG0NPDK",
        "ts": "1546386884.246200",
        "thread_ts": "1546382827.234000",
        "parent_user_id": "UCSJ44X1S"
    },
    {
        "client_msg_id": "678ec9d2-8595-417c-a855-5e298c19f40e",
        "type": "message",
        "text": "which makes \"why did this go wrong?\" pretty hard to answer",
        "user": "UEBG0NPDK",
        "ts": "1546386932.246400",
        "thread_ts": "1546382827.234000",
        "parent_user_id": "UCSJ44X1S"
    },
    {
        "client_msg_id": "3c0f2b25-3edb-480f-89d0-893b4de1798a",
        "type": "message",
        "text": "and it diminishes your ability to fix the mistake afterwards",
        "user": "UEBG0NPDK",
        "ts": "1546386942.246600",
        "thread_ts": "1546382827.234000",
        "parent_user_id": "UCSJ44X1S"
    },
    {
        "client_msg_id": "12697148-94a4-4ee6-8246-00e369f40b99",
        "type": "message",
        "text": "yeah, but \"barring effects that escape into the real world\"",
        "user": "UE6EFEPTQ",
        "ts": "1546386959.246800",
        "thread_ts": "1546382827.234000",
        "parent_user_id": "UCSJ44X1S"
    },
    {
        "client_msg_id": "2cd951ef-ae5d-4810-b044-83a7030ab972",
        "type": "message",
        "text": "isn't this just in dev\/debug?",
        "user": "UE6EFEPTQ",
        "ts": "1546386965.247000",
        "thread_ts": "1546382827.234000",
        "parent_user_id": "UCSJ44X1S"
    },
    {
        "client_msg_id": "3016c9f4-a573-4674-84eb-673f9dbed5cb",
        "type": "message",
        "text": "nope",
        "user": "UEBG0NPDK",
        "ts": "1546386969.247200",
        "thread_ts": "1546382827.234000",
        "parent_user_id": "UCSJ44X1S"
    },
    {
        "client_msg_id": "699a713b-fa45-493e-a5dc-06ace3f14527",
        "type": "message",
        "text": "you could selectively roll the whole system back, or play it forward with new rules, or what have you",
        "user": "UEBG0NPDK",
        "ts": "1546387004.247400",
        "thread_ts": "1546382827.234000",
        "parent_user_id": "UCSJ44X1S"
    },
    {
        "client_msg_id": "16447bf3-587f-4516-97d0-45bce996ae15",
        "type": "message",
        "text": "you can't take certain things back, e.g. sending an email",
        "user": "UEBG0NPDK",
        "ts": "1546387014.247600",
        "thread_ts": "1546382827.234000",
        "parent_user_id": "UCSJ44X1S"
    },
    {
        "client_msg_id": "b071e656-0713-4c27-aa5f-b4835feeac28",
        "type": "message",
        "text": "but everything else you could",
        "user": "UEBG0NPDK",
        "ts": "1546387018.247800",
        "thread_ts": "1546382827.234000",
        "parent_user_id": "UCSJ44X1S"
    },
    {
        "client_msg_id": "f3bade24-8849-4e73-b0e2-c1e755b0543f",
        "type": "message",
        "text": "imagine this in the context of a bank: let's say you had a bug that caused everyone with a certain type of card to get double charged",
        "user": "UEBG0NPDK",
        "ts": "1546387081.248000",
        "thread_ts": "1546382827.234000",
        "parent_user_id": "UCSJ44X1S"
    },
    {
        "client_msg_id": "067ca675-2aa7-4cd2-aa71-6c0d8f926f13",
        "type": "message",
        "text": "if you fix that bug and play the log forward, everyone's balance would now be correct",
        "user": "UEBG0NPDK",
        "ts": "1546387121.248200",
        "thread_ts": "1546382827.234000",
        "parent_user_id": "UCSJ44X1S"
    },
    {
        "client_msg_id": "80af0f12-f3c6-4a68-95a5-93cadd33a6f3",
        "type": "message",
        "text": "hmm ... (skeptical feelings but unfocused as a response) :slightly_smiling_face:",
        "user": "UE6EFEPTQ",
        "ts": "1546387163.248400",
        "thread_ts": "1546382827.234000",
        "parent_user_id": "UCSJ44X1S"
    },
    {
        "client_msg_id": "437df01f-e922-46e3-94df-bf6961442b82",
        "type": "message",
        "text": "the bank example is good because it's not a closed system",
        "user": "UEBG0NPDK",
        "ts": "1546387165.248600",
        "thread_ts": "1546382827.234000",
        "parent_user_id": "UCSJ44X1S"
    },
    {
        "client_msg_id": "e2ea9062-9d9d-47da-a14b-92316d16b9ec",
        "type": "message",
        "text": "and so forces you to think about the scary ways your system escapes into the real world",
        "user": "UEBG0NPDK",
        "ts": "1546387183.248800",
        "thread_ts": "1546382827.234000",
        "parent_user_id": "UCSJ44X1S",
        "reactions": [
            {
                "name": "heart",
                "users": [
                    "UCUSW7WVD"
                ],
                "count": 1
            }
        ]
    },
    {
        "client_msg_id": "278d68d5-041e-4c76-b98f-1cdbe760ed6b",
        "type": "message",
        "text": "what happens if the people who were transferred twice as much money then spent some of it?",
        "user": "UEBG0NPDK",
        "ts": "1546387220.249000",
        "thread_ts": "1546382827.234000",
        "parent_user_id": "UCSJ44X1S"
    },
    {
        "client_msg_id": "1f6f9a20-c967-431c-a0f7-fe01b85a362e",
        "type": "message",
        "text": "yus",
        "user": "UE6EFEPTQ",
        "ts": "1546387228.249200",
        "thread_ts": "1546382827.234000",
        "parent_user_id": "UCSJ44X1S"
    },
    {
        "client_msg_id": "b74ba4f2-d647-41ba-bd89-037c7c14caf1",
        "type": "message",
        "text": "banks today generally do what you'd expect: your balance goes negative",
        "user": "UEBG0NPDK",
        "ts": "1546387257.249400",
        "thread_ts": "1546382827.234000",
        "parent_user_id": "UCSJ44X1S"
    },
    {
        "client_msg_id": "f7133898-67d4-41b9-8623-5320f6cd78b3",
        "type": "message",
        "text": "if that's the intended result, then that one bug fix and log replay actually did resolve the issue, at the cost of pissing a lot of customers off",
        "user": "UEBG0NPDK",
        "ts": "1546387293.249600",
        "thread_ts": "1546382827.234000",
        "parent_user_id": "UCSJ44X1S"
    },
    {
        "client_msg_id": "e8566b71-cd06-43a4-9978-d73113437d01",
        "type": "message",
        "text": "I'll need to sleep on it and think about it in the shower tomorrow.. :smile:",
        "user": "UE6EFEPTQ",
        "ts": "1546387386.249800",
        "thread_ts": "1546382827.234000",
        "parent_user_id": "UCSJ44X1S"
    },
    {
        "client_msg_id": "c7f91e27-3985-4d48-8f29-4a268bc20ad2",
        "type": "message",
        "text": "it's a bit like Git only with live data",
        "user": "UE6EFEPTQ",
        "ts": "1546387443.250000",
        "edited": {
            "user": "UE6EFEPTQ",
            "ts": "1546387469.000000"
        },
        "thread_ts": "1546382827.234000",
        "parent_user_id": "UCSJ44X1S"
    },
    {
        "client_msg_id": "c34c666d-4d51-410e-8ff2-5feba4d1b471",
        "type": "message",
        "text": "yeah :slightly_smiling_face:",
        "user": "UEBG0NPDK",
        "ts": "1546387453.250200",
        "thread_ts": "1546382827.234000",
        "parent_user_id": "UCSJ44X1S"
    },
    {
        "client_msg_id": "e285652d-6207-4dd7-be7f-203d3e16455d",
        "type": "message",
        "text": "which scares me as Git is a nightmare!",
        "user": "UE6EFEPTQ",
        "ts": "1546387456.250400",
        "thread_ts": "1546382827.234000",
        "parent_user_id": "UCSJ44X1S"
    },
    {
        "client_msg_id": "97262744-cae7-4c92-a820-7bca0167a199",
        "type": "message",
        "text": "well, it's the principle",
        "user": "UEBG0NPDK",
        "ts": "1546387464.250600",
        "thread_ts": "1546382827.234000",
        "parent_user_id": "UCSJ44X1S"
    },
    {
        "client_msg_id": "8c8e265f-48db-43cc-9d14-424c0933de04",
        "type": "message",
        "text": "git is a bad interface",
        "user": "UEBG0NPDK",
        "ts": "1546387470.250900",
        "thread_ts": "1546382827.234000",
        "parent_user_id": "UCSJ44X1S"
    },
    {
        "client_msg_id": "0940dc20-53e9-4c35-8fe1-e0b8b1b68340",
        "type": "message",
        "text": "but the notion of versioning is very powerful",
        "user": "UEBG0NPDK",
        "ts": "1546387481.251100",
        "thread_ts": "1546382827.234000",
        "parent_user_id": "UCSJ44X1S"
    },
    {
        "client_msg_id": "e24a7ba6-3502-491a-9a92-d3e97e3ec0b8",
        "type": "message",
        "text": "don't know if this is the case anymore, but MMORPGs used to have to deal a fair amount with this stuff - world breaking bugs that then needed to have the affects reversed somehow",
        "user": "UEBG0NPDK",
        "ts": "1546387499.251300",
        "thread_ts": "1546382827.234000",
        "parent_user_id": "UCSJ44X1S"
    },
    {
        "client_msg_id": "afd87cc7-1c5f-4843-98ed-608afa365cee",
        "type": "message",
        "text": "they usually resorted to massive data-loss events (they just rolled the DB back to the last backup)",
        "user": "UEBG0NPDK",
        "ts": "1546387522.251500",
        "thread_ts": "1546382827.234000",
        "parent_user_id": "UCSJ44X1S"
    },
    {
        "client_msg_id": "f7ae0744-529d-4f19-9ec5-83f9c464c704",
        "type": "message",
        "text": "basic problem is when you have system A rolled  back to prior state\/version, and system B has already assimilated the 'wrong' state - its behaviour can't be determined when A is back in time",
        "user": "UE6EFEPTQ",
        "ts": "1546387629.251700",
        "thread_ts": "1546382827.234000",
        "parent_user_id": "UCSJ44X1S"
    },
    {
        "client_msg_id": "bd9b75a8-6bdb-4b12-8066-e2a02e2aa8fd",
        "type": "message",
        "text": "or are you going to CRDT yer way out of that somehow?",
        "user": "UE6EFEPTQ",
        "ts": "1546387662.251900",
        "edited": {
            "user": "UE6EFEPTQ",
            "ts": "1546387704.000000"
        },
        "thread_ts": "1546382827.234000",
        "parent_user_id": "UCSJ44X1S"
    },
    {
        "client_msg_id": "19ad2743-825a-4d6b-936b-cdbfc3277206",
        "type": "message",
        "text": ":smile:",
        "user": "UE6EFEPTQ",
        "ts": "1546387668.252100",
        "thread_ts": "1546382827.234000",
        "parent_user_id": "UCSJ44X1S"
    },
    {
        "client_msg_id": "48bbcc8f-99e2-4ab3-b15a-d7d7e44c91e2",
        "type": "message",
        "text": "depends entirely on the way the systems communicate :slightly_smiling_face:",
        "user": "UEBG0NPDK",
        "ts": "1546387724.252400",
        "thread_ts": "1546382827.234000",
        "parent_user_id": "UCSJ44X1S"
    },
    {
        "client_msg_id": "4b4ac29e-bbba-4cbe-9d95-80156ca3ad05",
        "type": "message",
        "text": "off to bed now, it's Wed 2nd here . . g'night!",
        "user": "UE6EFEPTQ",
        "ts": "1546388239.252600",
        "thread_ts": "1546382827.234000",
        "parent_user_id": "UCSJ44X1S"
    },
    {
        "client_msg_id": "e1d238f8-cb82-4416-b544-c55d0fcacaae",
        "type": "message",
        "text": "I am on the PC - <@UEJDZRQB1> is chair for this year",
        "user": "UEH6T3RJB",
        "ts": "1546388989.252800",
        "thread_ts": "1546368281.233500",
        "parent_user_id": "UEH6T3RJB"
    }
]