[
    {
        "user_id": "U5TCAFTD3",
        "user_name": "stevekrouse",
        "date": "1560073414",
        "change_type": "expanded",
        "app_type": "Slack API Tester",
        "app_id": "A02",
        "scope": "identify,read,post,client,apps,admin"
    },
    {
        "user_id": "U79HM6726",
        "user_name": "yairchu",
        "date": "1559859915",
        "change_type": "added",
        "service_id": "646513425939",
        "service_type": "Dropbox",
        "scope": "files:write:user,files:read"
    },
    {
        "user_id": "UHS9K1N6A",
        "user_name": "dustin.getz",
        "date": "1559241178",
        "change_type": "added",
        "app_type": "Donut",
        "app_id": "A11MJ51SR",
        "scope": "identity.basic"
    },
    {
        "user_id": "UAVCC2X70",
        "user_name": "dcook0819",
        "date": "1559159490",
        "change_type": "added",
        "app_type": "Donut",
        "app_id": "A11MJ51SR",
        "scope": "identity.basic"
    },
    {
        "user_id": "UJUGB1XGD",
        "user_name": "ohaitch",
        "date": "1558364182",
        "change_type": "added",
        "app_type": "Donut",
        "app_id": "A11MJ51SR",
        "scope": "identity.basic"
    },
    {
        "user_id": "UH25PNE56",
        "user_name": "kay9999",
        "date": "1556027841",
        "change_type": "added",
        "app_type": "Miro (formerly RealtimeBoard) Feed",
        "app_id": "A8VK125AS",
        "scope": "identity.basic,identity.email,identity.avatar"
    },
    {
        "user_id": "UCKRZS3DZ",
        "user_name": "gordeev.vladimir.v",
        "date": "1554369506",
        "change_type": "added",
        "app_type": "Donut",
        "app_id": "A11MJ51SR",
        "scope": "identity.basic"
    },
    {
        "user_id": "UCUSW7WVD",
        "user_name": "ak",
        "date": "1554316798",
        "change_type": "removed",
        "reason": "user_revoked_auth",
        "app_type": "Simple Poll",
        "app_id": "A0HFW7MR6",
        "scope": "identity.basic,identity.email"
    },
    {
        "user_id": "UCUSW7WVD",
        "user_name": "ak",
        "date": "1554316746",
        "change_type": "added",
        "app_type": "Simple Poll",
        "app_id": "A0HFW7MR6",
        "scope": "identity.basic,identity.email"
    },
    {
        "user_id": "U5TCAFTD3",
        "user_name": "stevekrouse",
        "date": "1553099125",
        "change_type": "removed",
        "service_id": "582890270819",
        "service_type": "Incoming WebHooks",
        "scope": "incoming-webhook",
        "channel": "C5T9GPWFL"
    },
    {
        "user_id": "U5TCAFTD3",
        "user_name": "stevekrouse",
        "date": "1553099082",
        "change_type": "added",
        "service_id": "582890270819",
        "service_type": "Incoming WebHooks",
        "scope": "incoming-webhook",
        "channel": "C5T9GPWFL"
    },
    {
        "user_id": "U5TCAFTD3",
        "user_name": "stevekrouse",
        "date": "1552493042",
        "change_type": "added",
        "app_type": "Coda",
        "app_id": "ABVFBJNKV",
        "scope": "identify,channels:history,users:read,users:read.email,users.profile:read,channels:write,chat:write:user,im:write"
    },
    {
        "user_id": "UEZE9M2TU",
        "user_name": "colton",
        "date": "1551779206",
        "change_type": "removed",
        "reason": "user_revoked_auth",
        "app_type": "Slack API Tester",
        "app_id": "A02",
        "scope": "identify,read,post,client,apps"
    },
    {
        "user_id": "UEZE9M2TU",
        "user_name": "colton",
        "date": "1551779164",
        "change_type": "expanded",
        "app_type": "Slack API Tester",
        "app_id": "A02",
        "scope": "identify,read,post,client,apps"
    },
    {
        "user_id": "UEZE9M2TU",
        "user_name": "colton",
        "date": "1551778362",
        "change_type": "added",
        "app_type": "Slack API Tester",
        "app_id": "A02",
        "scope": "identify,read,post,client,apps"
    },
    {
        "user_id": "U5TCAFTD3",
        "user_name": "stevekrouse",
        "date": "1551552944",
        "change_type": "added",
        "app_type": "Slack API Tester",
        "app_id": "A02",
        "scope": "identify,read,post,client,apps,admin"
    },
    {
        "user_id": "UD43R8ZFV",
        "user_name": "tswast",
        "date": "1549655779",
        "change_type": "added",
        "app_type": "Google Drive",
        "app_id": "A6NL8MJ6Q",
        "scope": "identify,bot,channels:read,files:read,team:read,users:read,users:read.email,chat:write:bot,links:read"
    },
    {
        "user_id": "U5TCAFTD3",
        "user_name": "stevekrouse",
        "date": "1548674622",
        "change_type": "added",
        "app_type": "Donut",
        "app_id": "A11MJ51SR",
        "scope": "identify,bot,users:read,users:read.email"
    },
    {
        "user_id": "U5TCAFTD3",
        "user_name": "stevekrouse",
        "date": "1545302885",
        "change_type": "added",
        "app_type": "Riot Bridge",
        "app_id": "A1BKR8Y8J",
        "scope": "identify,bot,channels:history,channels:read,team:read,users:read,users:read.email,chat:write:bot,files:write:user"
    },
    {
        "user_id": "U5TCAFTD3",
        "user_name": "stevekrouse",
        "date": "1538564819",
        "change_type": "added",
        "app_type": "GreetBot",
        "app_id": "A2LJCT3GR",
        "scope": "identify,bot,users:read,users:read.email"
    },
    {
        "user_id": "U5TCAFTD3",
        "user_name": "stevekrouse",
        "date": "1531837275",
        "change_type": "added",
        "app_type": "Zapier",
        "app_id": "A024R9PQM",
        "scope": "identify,channels:history,groups:history,channels:read,emoji:read,files:read,groups:read,reactions:read,search:read,stars:read,team:read,users:read,users:read.email,channels:write,chat:write:user,chat:write:bot,files:write:user,reminders:write,users.profile:write"
    },
    {
        "user_id": "U5TCAFTD3",
        "user_name": "stevekrouse",
        "date": "1512156448",
        "change_type": "added",
        "service_id": "280044654161",
        "service_type": "Twitter",
        "scope": "incoming-webhook"
    },
    {
        "user_id": "U7LSWT76G",
        "user_name": "emmanuel",
        "date": "1508429612",
        "change_type": "added",
        "app_type": "bubblebot_oauth",
        "app_id": "A1ZAJ9VU0",
        "scope": "identify,users:read,users:read.email"
    },
    {
        "user_id": "U5TCAFTD3",
        "user_name": "stevekrouse",
        "date": "1505314015",
        "change_type": "added",
        "app_type": "Simple Poll",
        "app_id": "A0HFW7MR6",
        "scope": "identify,commands,chat:write:bot,reactions:write"
    },
    {
        "user_id": 0,
        "user_name": "slack",
        "date": "1497393299",
        "change_type": "added",
        "service_id": "196655741632",
        "service_type": "Google Drive",
        "scope": "files:write:user"
    }
]