[
    {
        "client_msg_id": "b7670f10-9e31-4d85-a5d4-c37a7f526c12",
        "type": "message",
        "text": "My new friend <@UCDBW1H26>! Welcome welcome!",
        "user": "U5TCAFTD3",
        "ts": "1535033918.000100",
        "reactions": [
            {
                "name": "wave",
                "users": [
                    "UBN1G4C1J",
                    "U85HCL7JP",
                    "U8A5MS6R1"
                ],
                "count": 3
            }
        ]
    },
    {
        "user": "UCDBW1H26",
        "type": "message",
        "subtype": "channel_join",
        "ts": "1535033921.000200",
        "text": "<@UCDBW1H26> has joined the channel",
        "inviter": "U5TCAFTD3"
    }
]