[
    {
        "client_msg_id": "248C3FAA-E481-4C70-9443-DAD5EF053178",
        "type": "message",
        "text": "ok! Lunch. 12? 1? \n\nI'm trying to think of a recommendation. Off the top of my head there's 蒼龍唐玉堂 across from Roppongu Hills if you like Japanese style dandan noodles. Kind of heavy. There's also 旬の味 たき下 a japanese teishoku place although it's about a 10-15 minute walk from Roppongi down the same street as Savoy. Savoy is also great. I haven't been in years.",
        "user": "UC6997THT",
        "ts": "1534062245.000053",
        "thread_ts": "1533954969.000013",
        "parent_user_id": "UC6997THT"
    },
    {
        "client_msg_id": "2b129325-d2e0-407f-a79f-94ad84a80c3d",
        "type": "message",
        "text": "Hey all. Introductions? Ok, well, I made video games for 25+ years C64-&gt;PS3, worked on the Chrome GPU team at Google making WebGL, and stumbled on the Future of Coding podcast recently.\n\nI don't know if have anything to add but I am interested in the topic. I wrote a simple signal based visual programming system for a game I worked on. I worked with a visual programming system called \"Virtools\" in like 2004. I also got lucky and by chance got to visit Dynamicland last March. I would love to discuss all that stuff somewhere and learn more.",
        "user": "UC6997THT",
        "ts": "1534132827.000101",
        "reactions": [
            {
                "name": "+1",
                "users": [
                    "UA14TGLTC",
                    "U5TCAFTD3",
                    "UBSMEUXAA",
                    "UC2A2ARPT",
                    "UAL7940NM"
                ],
                "count": 5
            }
        ]
    },
    {
        "client_msg_id": "0C8588C1-A98E-4E82-83C5-F5C197757A2C",
        "type": "message",
        "text": "Let’s do 1pm. I put it in my calendar. The Teishoku place sounds good to me, or we can go to Savoy. Let’s play it by ear when I’m there.",
        "user": "U5STGTB3J",
        "ts": "1534136254.000108",
        "thread_ts": "1533954969.000013",
        "parent_user_id": "UC6997THT"
    }
]