[
    {
        "client_msg_id": "1FBDA915-13BB-4C6E-867D-366939C04D8C",
        "type": "message",
        "text": "Welcome <@UCAG2TM32> :open_hands: ",
        "user": "U5TCAFTD3",
        "ts": "1534795207.000100"
    },
    {
        "user": "UCAG2TM32",
        "type": "message",
        "subtype": "channel_join",
        "ts": "1534795209.000200",
        "text": "<@UCAG2TM32> has joined the channel",
        "inviter": "U5TCAFTD3"
    },
    {
        "client_msg_id": "CCA52374-8D61-4F18-8960-92E96276829C",
        "type": "message",
        "text": "Feel free to introduce yourself :)",
        "user": "U5TCAFTD3",
        "ts": "1534795217.000100"
    }
]