[
    {
        "client_msg_id": "3E8A1AD9-FCC2-40CE-9874-A2C9C8D32708",
        "type": "message",
        "text": "Welcome <@UCL9Q87P0>!! For those not familiar with his work, he has a lot of great stuff on his website <https:\/\/rsnous.com\/> as well as an amazing recent piece on dynamicland <https:\/\/rsnous.com\/posts\/notes-from-dynamicland-geokit\/>",
        "user": "U5TCAFTD3",
        "ts": "1535723509.000100"
    },
    {
        "user": "UCL9Q87P0",
        "type": "message",
        "subtype": "channel_join",
        "ts": "1535723512.000200",
        "text": "<@UCL9Q87P0> has joined the channel",
        "inviter": "U5TCAFTD3",
        "reactions": [
            {
                "name": "wave",
                "users": [
                    "UBN1G4C1J",
                    "UC21F8Q48",
                    "U8A5MS6R1",
                    "U85HCL7JP",
                    "UBSMEUXAA",
                    "UC2A2ARPT",
                    "UBUFWBGNN",
                    "UA14TGLTC",
                    "UETJZ9V0T"
                ],
                "count": 9
            }
        ]
    }
]