[
    {
        "client_msg_id": "238eb12a-1a56-47a3-9199-cf1daf7204b6",
        "type": "message",
        "text": ":heart: postman! welcome",
        "user": "UDYGH7K8V",
        "ts": "1543080674.089500",
        "thread_ts": "1543026670.088800",
        "parent_user_id": "UEASWGGMR"
    },
    {
        "client_msg_id": "e678ca37-1e92-4735-a677-a588af3da3ab",
        "type": "message",
        "text": "Thank you Dylan!",
        "user": "UEASWGGMR",
        "ts": "1543122014.090100",
        "thread_ts": "1543026670.088800",
        "parent_user_id": "UEASWGGMR"
    }
]