[
    {
        "client_msg_id": "9cc6b7ec-9168-42dd-a122-d4e0747c6a2d",
        "type": "message",
        "text": "Hi folks!  I've been a developer for a couple decades and have been doing research mathematics in finite group theory and art hacks on the side for some time.  I'm currently shifting my career away from commercial software development and pursuing my own research harder.  At the moment obsessed with program synthesis...which is how I found this forum.",
        "user": "UD43Q7N66",
        "ts": "1538335940.000100",
        "thread_ts": "1538335940.000100",
        "reply_count": 5,
        "reply_users_count": 3,
        "latest_reply": "1538589938.000100",
        "reply_users": [
            "UCKRZS3DZ",
            "UD43Q7N66",
            "UC21F8Q48"
        ],
        "replies": [
            {
                "user": "UCKRZS3DZ",
                "ts": "1538337124.000100"
            },
            {
                "user": "UD43Q7N66",
                "ts": "1538337871.000100"
            },
            {
                "user": "UC21F8Q48",
                "ts": "1538362435.000100"
            },
            {
                "user": "UD43Q7N66",
                "ts": "1538588594.000100"
            },
            {
                "user": "UC21F8Q48",
                "ts": "1538589938.000100"
            }
        ],
        "reactions": [
            {
                "name": "wave",
                "users": [
                    "UCKRZS3DZ",
                    "U8A5MS6R1",
                    "U5TCAFTD3",
                    "U85HCL7JP",
                    "UCXR52MU2",
                    "UC2A2ARPT",
                    "U5STGTB3J",
                    "UCQ4BBFQ9"
                ],
                "count": 8
            }
        ]
    },
    {
        "client_msg_id": "3f96a44b-676a-4275-b02a-e8fb0f264c40",
        "type": "message",
        "text": "Hey Adam, glad that you joined!\n\nWhat kind of program synthesis are you interested in? Could you tell more about it?",
        "user": "UCKRZS3DZ",
        "ts": "1538337124.000100",
        "thread_ts": "1538335940.000100",
        "parent_user_id": "UD43Q7N66",
        "reactions": [
            {
                "name": "+1::skin-tone-3",
                "users": [
                    "UAL7940NM"
                ],
                "count": 1
            }
        ]
    },
    {
        "type": "message",
        "subtype": "thread_broadcast",
        "text": "Thanks!  Well, I'm new to the field, so in part I'm just gathering impressions from what others have done.  I caught Nadia Polikarpova and James Koppel's *great* talks at Strange Loop this week.  I'm also tinkering with building my own synthesis system from the ground up, starting with a very minimal reversible machine.  My hunch is that there ought to be an advantage in enumerative and search aspects of the problem if the search space has a nice algebraic structure.",
        "user": "UD43Q7N66",
        "ts": "1538337871.000100",
        "thread_ts": "1538335940.000100",
        "root": {
            "client_msg_id": "9cc6b7ec-9168-42dd-a122-d4e0747c6a2d",
            "type": "message",
            "text": "Hi folks!  I've been a developer for a couple decades and have been doing research mathematics in finite group theory and art hacks on the side for some time.  I'm currently shifting my career away from commercial software development and pursuing my own research harder.  At the moment obsessed with program synthesis...which is how I found this forum.",
            "user": "UD43Q7N66",
            "ts": "1538335940.000100",
            "thread_ts": "1538335940.000100",
            "reply_count": 5,
            "reply_users_count": 3,
            "latest_reply": "1538589938.000100",
            "reply_users": [
                "UCKRZS3DZ",
                "UD43Q7N66",
                "UC21F8Q48"
            ],
            "replies": [
                {
                    "user": "UCKRZS3DZ",
                    "ts": "1538337124.000100"
                },
                {
                    "user": "UD43Q7N66",
                    "ts": "1538337871.000100"
                },
                {
                    "user": "UC21F8Q48",
                    "ts": "1538362435.000100"
                },
                {
                    "user": "UD43Q7N66",
                    "ts": "1538588594.000100"
                },
                {
                    "user": "UC21F8Q48",
                    "ts": "1538589938.000100"
                }
            ]
        },
        "client_msg_id": "ab6fb66e-782f-4bec-bad0-fb926c105c3a"
    },
    {
        "client_msg_id": "7a3fcef7-f107-45d6-8567-b763791abde3",
        "type": "message",
        "text": "Have you heard of version space algebras?",
        "user": "UC21F8Q48",
        "ts": "1538362435.000100",
        "thread_ts": "1538335940.000100",
        "parent_user_id": "UD43Q7N66"
    },
    {
        "client_msg_id": "6cdab3e5-56af-492d-8e3b-d5b9bc6da9a3",
        "type": "message",
        "text": "I learned about this group from the Future of Programming unsession at strangeloop. I'm interested in ways that make computing more accessible for everyone. I'm working on a DSL for reactive pixel art called Pikov <https:\/\/github.com\/google\/pikov> Currently the reactive behavior is just Markov chains, but I'm interested in ways to incorporate transitions based on events in a natural visual programming interface.",
        "user": "UD43R8ZFV",
        "ts": "1538363321.000100",
        "attachments": [
            {
                "service_name": "GitHub",
                "title": "google\/pikov",
                "title_link": "https:\/\/github.com\/google\/pikov",
                "text": "Tool to create and edit Pikov pixel art Markov chain animations. - google\/pikov",
                "fallback": "GitHub: google\/pikov",
                "from_url": "https:\/\/github.com\/google\/pikov",
                "thumb_url": "https:\/\/avatars0.githubusercontent.com\/u\/1342004?s=400&v=4",
                "thumb_width": 250,
                "thumb_height": 250,
                "service_icon": "https:\/\/a.slack-edge.com\/bfaba\/img\/unfurl_icons\/github.png",
                "id": 1,
                "original_url": "https:\/\/github.com\/google\/pikov"
            }
        ],
        "thread_ts": "1538363321.000100",
        "reply_count": 1,
        "reply_users_count": 1,
        "latest_reply": "1538588703.000100",
        "reply_users": [
            "UD43Q7N66"
        ],
        "replies": [
            {
                "user": "UD43Q7N66",
                "ts": "1538588703.000100"
            }
        ],
        "reactions": [
            {
                "name": "wave",
                "users": [
                    "U5TCAFTD3",
                    "UA14TGLTC",
                    "U85HCL7JP",
                    "U8A5MS6R1",
                    "U5STGTB3J",
                    "UCKRZS3DZ",
                    "UCXR52MU2",
                    "UBSMEUXAA",
                    "UC2A2ARPT",
                    "UCQ4BBFQ9",
                    "UERTM1JPR"
                ],
                "count": 11
            }
        ]
    }
]