[
    {
        "client_msg_id": "3459906e-e19c-435e-ac6b-a5ecbe5c0f35",
        "type": "message",
        "text": "Hi! My name is Rae and I just graduated from Columbia University with a CS degree. I think I landed here based on a podcast and came down a rabbit hole finding myself agreeing with this thought “why haven’t we thought about the future of programming more?” I’m currently doing a lot of software engineering interviews atm and a project on tagging patient stories and medical terms (think webMD but like chatbot style almost) - a NLP model is already well trained for this, I’m just building an interface on top of it.",
        "user": "UCXR52MU2",
        "ts": "1537804565.000100",
        "reactions": [
            {
                "name": "wave",
                "users": [
                    "UA14TGLTC",
                    "U5TCAFTD3",
                    "U85HCL7JP",
                    "U8A5MS6R1",
                    "UBSMEUXAA",
                    "UC2A2ARPT",
                    "U5STGTB3J",
                    "UCQ4BBFQ9"
                ],
                "count": 8
            }
        ]
    }
]