[
    {
        "client_msg_id": "94f656c4-8d33-4804-aaf7-a18a4247699a",
        "type": "message",
        "text": "Hello everyone! Many thanks to <@U5STGTB3J> for inviting me to this place. My name is Joel and I live in Cambridge, UK, where I completed my CS undergraduate degree last summer. For the past year I've been a software engineer in a local startup. But it is my working on my blog (<https:\/\/programmingmadecomplicated.wordpress.com>) and on the general vision that we share here, that gives me true fulfillment - especially since nobody I've met in real life expresses any sort of interest or enthusiasm about this sort of thing. Fortunately I've found many who do online, and I'll eagerly attend any meetups in the UK.\n\nOrigin story is, in a nutshell: I wanted to make games as a kid so I learned GameMaker. I then traded the ability to make games for learning to Code Properly and now I want my creativity-outlet back :angry:\n\nI would try different programming languages and libraries, different paradigms, design patterns, and all sorts of elaborate schemes to manage the complexity of code in my various barely-started game projects. I enlisted as a main developer for an online fan game project, and couldn't deliver the goods. I eventually developed some sort of philosophical paralysis about programming in general, questioning my life choices and wondering if I could ever tolerate the career path I was headed towards, until I was snapped out of it from finding Alan Kay, Bret Victor and VPRI on the 'net roughly two years ago. Finally I realised that one of my basic foundations, that of \"language being primary \/ fundamental\", was in reality a limiting box of artificial creation :slightly_smiling_face:\nAnd now I really, really want to explore bootstrapping and try to bootstrap a graphical system somehow using shapes instead of source code.\n\n(meanwhile, at work I just do normal frustrating software-engineer stuff :neutral_face: but I will not stay there forever.)",
        "user": "UCQ4BBFQ9",
        "ts": "1536612610.000100",
        "attachments": [
            {
                "title": "Programming, Made Complicated",
                "title_link": "https:\/\/programmingmadecomplicated.wordpress.com\/",
                "text": "A depth-first plunge into software and mathematics.",
                "fallback": "Programming, Made Complicated",
                "from_url": "https:\/\/programmingmadecomplicated.wordpress.com\/",
                "thumb_url": "https:\/\/s0.wp.com\/i\/blank.jpg",
                "thumb_width": 200,
                "thumb_height": 200,
                "service_icon": "https:\/\/s2.wp.com\/i\/webclip.png",
                "service_name": "Programming, Made Complicated",
                "id": 1,
                "original_url": "https:\/\/programmingmadecomplicated.wordpress.com"
            }
        ],
        "thread_ts": "1536612610.000100",
        "reply_count": 3,
        "reply_users_count": 3,
        "latest_reply": "1536790443.000100",
        "reply_users": [
            "U8A5MS6R1",
            "UC2A2ARPT",
            "UAL7940NM"
        ],
        "replies": [
            {
                "user": "U8A5MS6R1",
                "ts": "1536613899.000100"
            },
            {
                "user": "UC2A2ARPT",
                "ts": "1536618524.000100"
            },
            {
                "user": "UAL7940NM",
                "ts": "1536790443.000100"
            }
        ],
        "reactions": [
            {
                "name": "wave",
                "users": [
                    "U8A5MS6R1",
                    "U5STGTB3J",
                    "U85HCL7JP",
                    "UC2A2ARPT",
                    "UA14TGLTC",
                    "UCKRZS3DZ",
                    "U5TCAFTD3"
                ],
                "count": 7
            }
        ]
    },
    {
        "client_msg_id": "8e84078a-d75b-49a6-8100-a4a792ac89bd",
        "type": "message",
        "text": "Welcome, Joel!",
        "user": "U8A5MS6R1",
        "ts": "1536613899.000100",
        "thread_ts": "1536612610.000100",
        "parent_user_id": "UCQ4BBFQ9",
        "reactions": [
            {
                "name": "smiley",
                "users": [
                    "UCQ4BBFQ9"
                ],
                "count": 1
            }
        ]
    },
    {
        "client_msg_id": "6c0ede85-cda7-4953-8afd-071c674ae706",
        "type": "message",
        "text": "Welcome! I'm an outspoken proponent of visual programming languages, so if you ever feel like shooting the shit about shapes vs source code, hit me up.",
        "user": "UC2A2ARPT",
        "ts": "1536618524.000100",
        "edited": {
            "user": "UC2A2ARPT",
            "ts": "1536618541.000000"
        },
        "thread_ts": "1536612610.000100",
        "parent_user_id": "UCQ4BBFQ9",
        "reactions": [
            {
                "name": "grinning",
                "users": [
                    "UCQ4BBFQ9"
                ],
                "count": 1
            }
        ]
    }
]