[
    {
        "client_msg_id": "660d3892-2c3a-4c95-bf21-cb170ba5c671",
        "type": "message",
        "text": "Hi all, I'm Noah.  Gosh, there's a lot of interesting work represented here.  I'm an untrained, uneducated freelance web dev in Tennessee who, about 3 years ago, thought: \"wouldn't be cool if you could actually see programs?\"  Since then I've discovered Fred Brooks, Bret Victor, VISSOFT, and, well, Computer Science in general.  And recently, <@U5TCAFTD3> and the community he has begun to catalogue and connect!  Hats off to you.  My initial goal has refined, but is largely unchanged: create massive visualizations of software behaviour for experienced workaday programmers.  My current stab looks like this:\n\nTarget language: JavaScript (preferable ES6)\nAnalysis method: instrumentation and dynamic analysis\nDrawing: WebGL\nTarget elements of software behaviour: data flow within control flow",
        "user": "UEXN47YUV",
        "ts": "1545286160.124000",
        "edited": {
            "user": "UEXN47YUV",
            "ts": "1545286463.000000"
        },
        "thread_ts": "1545286160.124000",
        "reply_count": 1,
        "reply_users_count": 1,
        "latest_reply": "1545298094.124900",
        "reply_users": [
            "U5TCAFTD3"
        ],
        "replies": [
            {
                "user": "U5TCAFTD3",
                "ts": "1545298094.124900"
            }
        ],
        "reactions": [
            {
                "name": "wave",
                "users": [
                    "UDJ2TKB99",
                    "UA14TGLTC",
                    "UEQ7QL15F",
                    "U5STGTB3J",
                    "U5TCAFTD3",
                    "UDYGH7K8V",
                    "UE6EFEPTQ",
                    "UC2A2ARPT",
                    "U85HCL7JP",
                    "UCKRZS3DZ",
                    "UCXR52MU2",
                    "UCSJ44X1S"
                ],
                "count": 12
            }
        ]
    }
]