[
    {
        "client_msg_id": "d5f211c5-4fde-462e-b53c-f9fe33a33d50",
        "type": "message",
        "text": "Hi <@UEF95M2RH>! The CMU crowd is growing",
        "user": "UC1TYP06P",
        "ts": "1543654737.009300",
        "thread_ts": "1543512843.133200",
        "parent_user_id": "UEF95M2RH"
    },
    {
        "client_msg_id": "e0149c44-1907-48ba-a55c-61dbbccdbb8c",
        "type": "message",
        "text": "Also….is Arc still a thing?",
        "user": "UC1TYP06P",
        "ts": "1543654745.009500",
        "thread_ts": "1543512843.133200",
        "parent_user_id": "UEF95M2RH"
    },
    {
        "client_msg_id": "8b68d1d4-5a4e-456d-9631-b4c71530aec9",
        "type": "message",
        "text": "4-10 people on the planet care about the Forum, for what that's worth.",
        "user": "UCUSW7WVD",
        "ts": "1543655254.009700",
        "thread_ts": "1543512843.133200",
        "parent_user_id": "UEF95M2RH"
    },
    {
        "client_msg_id": "d5c0c920-60d8-42b7-9aa8-0b072213f1d7",
        "type": "message",
        "text": "Hi, I'm Jack Armitage. I am a PhD student in Media &amp; Arts Technologies in the Augmented Instruments Lab, Centre for Digital Music, Queen Mary University of London.\n\nI have been studying music technology and musical instrument design for around 10 years. My undergrad was BSc Music, Multimedia &amp; Electronics at the University of Leeds, and after that I was a research engineer at <http:\/\/www.roli.com|www.roli.com> and later <http:\/\/www.fxpansion.com|www.fxpansion.com> working on instrument quality and developing visuo-tactile materials and interfaces. My PhD focuses on craft in digital musical instrument design, and how one's \"ability to craft\" is impacted by the tools, methods and technologies used (<https:\/\/scholar.google.co.uk\/citations?user=APvoBhUAAAAJ&amp;hl=en>).\n\nI was somehow exposed to Bret Victor's Inventing on Principle around 2012 at the end of my undergrad, and from there I became quite obsessed with the history of 'The New Medium'. While working in the music technology industry I was seeing everything through Bret Victor and Alan Kay's eyes; 10's of expert designers and engineers spending 10's of thousands of pounds and 6 months to explore singular, basic ideas, and as a result not having any time or money - or even awareness - of possible 'bigger ideas' that could be explored.\n\nI started my PhD wanting to solve these problems by creating new tools and programming languages that treat instrument designers as artists (see 'Artists and the Art of the Luthier' by Bill Buxton). However I made the mistake of interviewing violin makers in my first study, which has taken me down the rabbit hole of embodied craft practice, which I am now trying to reconcile with digital technology :slightly_smiling_face:. In my spare time I compose and produce music, and 'live code' music onstage using Haskell (<http:\/\/tidalcycles.org>). My latest music project just launched on Tuesday: <http:\/\/offer.band>\n\nBased in London, always happy to talk over email or meet up for a coffee, and host visits to the Instruments Lab (<http:\/\/instrumentslab.org>). Thank you <@U5TCAFTD3> for inviting me to the recent London meetup and subsequently to this group. I am very intrigued to learn more about the people in this group!",
        "user": "UEGFXUK3M",
        "ts": "1543666388.010700",
        "edited": {
            "user": "UEGFXUK3M",
            "ts": "1543667510.000000"
        },
        "attachments": [
            {
                "title": "Offer - Day Away",
                "title_link": "http:\/\/offer.band\/",
                "text": "Day Away is the debut single from Offer, released 27th November 2018. Offer is Lil Data (PC Music) and Harry Burgess (Adult Jazz)",
                "fallback": "Offer - Day Away",
                "thumb_url": "https:\/\/cdn.offer.band\/file\/offerband\/dayaway.jpg",
                "from_url": "http:\/\/offer.band\/",
                "thumb_width": 1400,
                "thumb_height": 1400,
                "service_icon": "http:\/\/cdn.offer.band\/file\/offerband\/favicon.ico",
                "service_name": "offer.band",
                "id": 2,
                "original_url": "http:\/\/offer.band"
            }
        ],
        "reactions": [
            {
                "name": "clap",
                "users": [
                    "UCKRZS3DZ",
                    "UEH6T3RJB",
                    "U85HCL7JP",
                    "UE0H4170F",
                    "UDYGH7K8V",
                    "UA14TGLTC",
                    "U5TCAFTD3",
                    "UE0ETTCG7",
                    "UCSJ44X1S",
                    "UERTM1JPR"
                ],
                "count": 10
            },
            {
                "name": "wave",
                "users": [
                    "UC21F8Q48",
                    "UCGAK10LS",
                    "U5STGTB3J",
                    "UC2A2ARPT",
                    "UCSJ44X1S"
                ],
                "count": 5
            },
            {
                "name": "+1",
                "users": [
                    "UEKEQGB9C"
                ],
                "count": 1
            }
        ]
    },
    {
        "client_msg_id": "96812acd-29cd-4e85-8634-222846b84369",
        "type": "message",
        "text": "join the <#CD618THB6|london> channel! :smile: <@UEGFXUK3M>",
        "user": "UE6EFEPTQ",
        "ts": "1543674390.011900",
        "reactions": [
            {
                "name": "heavy_check_mark",
                "users": [
                    "UEGFXUK3M"
                ],
                "count": 1
            }
        ]
    },
    {
        "client_msg_id": "e33c20f1-47b7-4410-8eee-2a17d1eff365",
        "type": "message",
        "text": "I dig the new track <@UEGFXUK3M>",
        "user": "UE0H4170F",
        "ts": "1543678160.012500",
        "thread_ts": "1543678160.012500",
        "reply_count": 1,
        "reply_users_count": 1,
        "latest_reply": "1543678537.012700",
        "reply_users": [
            "UEGFXUK3M"
        ],
        "replies": [
            {
                "user": "UEGFXUK3M",
                "ts": "1543678537.012700"
            }
        ]
    },
    {
        "client_msg_id": "873f02d9-f372-456e-947d-4aaa8f70e83f",
        "type": "message",
        "text": "Thank you very much <@UE0H4170F>!",
        "user": "UEGFXUK3M",
        "ts": "1543678537.012700",
        "thread_ts": "1543678160.012500",
        "parent_user_id": "UE0H4170F"
    }
]