[
    {
        "client_msg_id": "e2e87d99-4178-40fc-a742-fe6bed88c390",
        "type": "message",
        "text": "Hello! I am a frontend developer from Kharkiv (Ukraine). I contribute to open source projects and work on my own framework called Rete.js. <http:\/\/rete.js.org>\n\nI started learning programming more than 5 years ago, studied languages ​​ PHP -&gt; JS -&gt; C++ -&gt; C# -&gt; Java -&gt; ES6\/TS. Now basically I programming on JavaScript.\n\nAt the moment I see the benefit for myself in languages ​​such as JS\/TS and C++, but one of the problems still remains - writing the code. Perhaps someone will argue that you need to have a good knowledge  of programming language. I agree, good knowledge will allow you to write quality code, but there are problems with reading someone else's code that is written in a different style (or has poor quality).\n\nBeing inspired by UE4, Substance Designer and Plant factory I decided to write my own library for creating such editors in the browser (dataflow programming). At that time (as now) I didn’t find a universal and customizable framework\/library. I have started writing a library called D3-Node-Editor (March, 2017) and after a year of development I revised many approaches and rewrote it to the new architecture and called Rete.js. <https:\/\/github.com\/retejs\/rete>\n\nAre there somebody who have experience in Dataflow programming and know the current unsolved problems? I'm going to postgraduate studies to working with dataflow and my framework, but my scientific director (I hope I correctly translated to english phrase \"научный руководитель\") says that a dissertation must contains scientific novelty, and framework is only a tool. So I am not sure whether to continue studying at the university in order to do this, since among professors no one has much experience with visual programming.",
        "user": "UD98CHSLS",
        "ts": "1545495836.016500",
        "thread_ts": "1545495836.016500",
        "reply_count": 9,
        "reply_users_count": 2,
        "latest_reply": "1545640640.024800",
        "reply_users": [
            "UA14TGLTC",
            "UCKRZS3DZ"
        ],
        "replies": [
            {
                "user": "UA14TGLTC",
                "ts": "1545509928.019700"
            },
            {
                "user": "UA14TGLTC",
                "ts": "1545510054.020000"
            },
            {
                "user": "UA14TGLTC",
                "ts": "1545510112.020200"
            },
            {
                "user": "UA14TGLTC",
                "ts": "1545511525.020500"
            },
            {
                "user": "UA14TGLTC",
                "ts": "1545511743.020800"
            },
            {
                "user": "UA14TGLTC",
                "ts": "1545511908.021000"
            },
            {
                "user": "UA14TGLTC",
                "ts": "1545511928.021200"
            },
            {
                "user": "UCKRZS3DZ",
                "ts": "1545640513.023700"
            },
            {
                "user": "UA14TGLTC",
                "ts": "1545640640.024800"
            }
        ],
        "reactions": [
            {
                "name": "wave",
                "users": [
                    "U5TCAFTD3",
                    "UC21F8Q48",
                    "UEGFXUK3M",
                    "UC2A2ARPT",
                    "UE6EFEPTQ",
                    "UA14TGLTC",
                    "UEZPBFZPC",
                    "U5STGTB3J",
                    "UCXR52MU2",
                    "UCKRZS3DZ",
                    "U85HCL7JP",
                    "UBSMEUXAA",
                    "UEQ7QL15F"
                ],
                "count": 13
            }
        ]
    },
    {
        "client_msg_id": "2716c1cc-f974-493c-b4bc-afb53ba2ee5b",
        "type": "message",
        "text": "You have come to a good place <@UD98CHSLS>.  Cannot sat that I'm up to date, but I have some dataflow adjacent interests with Propagator Networks <https:\/\/www.youtube.com\/watch?v=O3tVctB_VSU> and Bidirectional Transformations <http:\/\/bx-community.wikidot.com\/bx2019:home>.  (People tell me it's best to have professors whose interests are in the same ballpark as one's own.  I wasn't so lucky myself.)  Are you more interested in the interface design of node-based tools or are you interested more interested in theory?",
        "user": "UA14TGLTC",
        "ts": "1545509928.019700",
        "attachments": [
            {
                "service_name": "YouTube",
                "service_url": "https:\/\/www.youtube.com\/",
                "title": "Gerry Sussman - We Really Don't Know How to Compute!",
                "title_link": "https:\/\/www.youtube.com\/watch?v=O3tVctB_VSU",
                "author_name": "Colin McDonnell",
                "author_link": "https:\/\/www.youtube.com\/user\/colinmcd94",
                "thumb_url": "https:\/\/i.ytimg.com\/vi\/O3tVctB_VSU\/hqdefault.jpg",
                "thumb_width": 480,
                "thumb_height": 360,
                "fallback": "YouTube Video: Gerry Sussman - We Really Don't Know How to Compute!",
                "video_html": "<iframe width=\"400\" height=\"300\" src=\"https:\/\/www.youtube.com\/embed\/O3tVctB_VSU?feature=oembed&autoplay=1&iv_load_policy=3\" frameborder=\"0\" allow=\"accelerometer; autoplay; encrypted-media; gyroscope; picture-in-picture\" allowfullscreen><\/iframe>",
                "video_html_width": 400,
                "video_html_height": 300,
                "from_url": "https:\/\/www.youtube.com\/watch?v=O3tVctB_VSU",
                "service_icon": "https:\/\/a.slack-edge.com\/2089\/img\/unfurl_icons\/youtube.png",
                "id": 1,
                "original_url": "https:\/\/www.youtube.com\/watch?v=O3tVctB_VSU"
            }
        ],
        "thread_ts": "1545495836.016500",
        "parent_user_id": "UD98CHSLS"
    },
    {
        "client_msg_id": "69d5ee49-fa54-4fac-a95e-46902a15f720",
        "type": "message",
        "text": "I think there's a lot of promise in both directions.  Though I think academics often favor the theoretical, actually because they do, there's even more room to do cool things with interfaces.",
        "user": "UA14TGLTC",
        "ts": "1545510054.020000",
        "thread_ts": "1545495836.016500",
        "parent_user_id": "UD98CHSLS"
    },
    {
        "client_msg_id": "ac5885cf-05d2-4c31-a1f7-17b8cafaf0e6",
        "type": "message",
        "text": "On the real mathy side, I've been following John Baez <https:\/\/johncarlosbaez.wordpress.com\/2018\/09\/18\/what-is-applied-category-theory\/>.",
        "user": "UA14TGLTC",
        "ts": "1545510112.020200",
        "attachments": [
            {
                "service_name": "Azimuth",
                "service_url": "http:\/\/johncarlosbaez.wordpress.com",
                "title": "What is Applied Category Theory?",
                "title_link": "https:\/\/johncarlosbaez.wordpress.com\/2018\/09\/18\/what-is-applied-category-theory\/",
                "author_name": "John Baez",
                "author_link": "https:\/\/johncarlosbaez.wordpress.com\/author\/johncarlosbaez\/",
                "thumb_url": "https:\/\/i0.wp.com\/uploads-ssl.webflow.com\/5b1d427ae0c922e912eda447\/5b9841b30fc5f60bf827d3bb_Screen%20Shot%202018-09-11%20at%206.28.46%20PM.png?fit=200%2C150&ssl=1",
                "thumb_width": 145,
                "thumb_height": 150,
                "text": "Tai-Danae Bradley has a new free &ldquo;booklet&rdquo; on applied category theory.  It was inspired by the workshop Applied Category Theory 2018, which she attended, and I think it makes a great complement to Fong and Spivak&rsquo;s book Seven Sketches and my online course based on that book:\n&bull; Tai-Danae Bradley, What is Applied Category Theory?\n\n  Abstract. This is a collection of introductory, expository notes on applied category theory, inspired by the 2018 Applied Category Theory Workshop, and in these notes we take a leisurely stroll through two themes (functorial semantics and compositionality), two constructions (monoidal categories and decorated cospans) and two examples (chemical reaction networks and natural language processing) within the field.\n\nCheck it out!",
                "fallback": "Azimuth Link: What is Applied Category&nbsp;Theory?",
                "from_url": "https:\/\/johncarlosbaez.wordpress.com\/2018\/09\/18\/what-is-applied-category-theory\/",
                "service_icon": "https:\/\/s2.wp.com\/i\/webclip.png",
                "id": 1,
                "original_url": "https:\/\/johncarlosbaez.wordpress.com\/2018\/09\/18\/what-is-applied-category-theory\/"
            }
        ],
        "thread_ts": "1545495836.016500",
        "parent_user_id": "UD98CHSLS"
    },
    {
        "client_msg_id": "150bb00d-bfeb-4613-af07-07bf500b5da1",
        "type": "message",
        "text": "On the interface side, oh man, I don't know.  Neos is a gloriously hackitily beautiful.  <https:\/\/www.youtube.com\/watch?v=LKxSUrV1cR4>",
        "user": "UA14TGLTC",
        "ts": "1545511525.020500",
        "attachments": [
            {
                "service_name": "YouTube",
                "service_url": "https:\/\/www.youtube.com\/",
                "title": "Introduction to Neos VR - Basics Tutorials (by Ryan Roye)",
                "title_link": "https:\/\/www.youtube.com\/watch?v=LKxSUrV1cR4",
                "author_name": "Frooxius",
                "author_link": "https:\/\/www.youtube.com\/user\/Tailscpp",
                "thumb_url": "https:\/\/i.ytimg.com\/vi\/LKxSUrV1cR4\/hqdefault.jpg",
                "thumb_width": 480,
                "thumb_height": 360,
                "fallback": "YouTube Video: Introduction to Neos VR - Basics Tutorials (by Ryan Roye)",
                "video_html": "<iframe width=\"400\" height=\"225\" src=\"https:\/\/www.youtube.com\/embed\/LKxSUrV1cR4?feature=oembed&autoplay=1&iv_load_policy=3\" frameborder=\"0\" allow=\"accelerometer; autoplay; encrypted-media; gyroscope; picture-in-picture\" allowfullscreen><\/iframe>",
                "video_html_width": 400,
                "video_html_height": 225,
                "from_url": "https:\/\/www.youtube.com\/watch?v=LKxSUrV1cR4",
                "service_icon": "https:\/\/a.slack-edge.com\/2089\/img\/unfurl_icons\/youtube.png",
                "id": 1,
                "original_url": "https:\/\/www.youtube.com\/watch?v=LKxSUrV1cR4"
            }
        ],
        "thread_ts": "1545495836.016500",
        "parent_user_id": "UD98CHSLS"
    },
    {
        "client_msg_id": "89be6666-7b1a-4873-ab74-5ff8ffb76c13",
        "type": "message",
        "text": "Click around there and you will see some weird stuff.  One of my VR shocks has been just how much more space there is to put interface elements.",
        "user": "UA14TGLTC",
        "ts": "1545511743.020800",
        "thread_ts": "1545495836.016500",
        "parent_user_id": "UD98CHSLS"
    },
    {
        "client_msg_id": "dac628db-61c3-4d01-864f-6e78e7df6934",
        "type": "message",
        "text": "For example, with the right affordances, navigating graphs with thousands and tens of thousands of nodes is like a walk in the park.",
        "user": "UA14TGLTC",
        "ts": "1545511908.021000",
        "thread_ts": "1545495836.016500",
        "parent_user_id": "UD98CHSLS"
    },
    {
        "client_msg_id": "ccb0966b-0786-4527-8411-d83399460686",
        "type": "message",
        "text": "I totally, would have not thought this when I was starting.",
        "user": "UA14TGLTC",
        "ts": "1545511928.021200",
        "thread_ts": "1545495836.016500",
        "parent_user_id": "UD98CHSLS"
    }
]