[
    {
        "client_msg_id": "0e911e89-1efe-445f-8771-936cb49ce148",
        "type": "message",
        "text": "Welcome welcome <@UC60LT03Y> :wave:",
        "user": "U5TCAFTD3",
        "ts": "1533738030.000096"
    },
    {
        "user": "UC60LT03Y",
        "type": "message",
        "subtype": "channel_join",
        "ts": "1533738032.000539",
        "text": "<@UC60LT03Y> has joined the channel",
        "inviter": "U5TCAFTD3",
        "reactions": [
            {
                "name": "wave",
                "users": [
                    "U6XFQKWFN",
                    "U85HCL7JP"
                ],
                "count": 2
            }
        ]
    }
]