[
    {
        "client_msg_id": "DDF55291-65FE-4FC1-98E8-A89BA6523FC8",
        "type": "message",
        "text": "Hello everyone.  I am middle age woman who had many directions in life from studying math to becoming a visual artist, stage director and actress. Recently I am self educating myself on programming and facing the problem that I feel a lot of people will be facing since getting into “knowing” what to do with a computer and in the computer is unavoidable. There is a need of thinking in more abstract terms that would allow learning through common logic of human mind rather than education done in unfamiliar to non-computer oriented mind language that describes another unknown language that talks to unknown and sometime “scary” beast - computer. Languages I have learn so far are Javascript, Elixir, Python, (html,css ), some Golang. While I am introducing myself to languages I am growing in understanding on difficulties and trying to bring into my mind solutions how things could be explained in more “human terms” and logic. I hope participating in this group will introduce new paths for people to cross the gap from not knowing into knowing what to do and how to approach computer programming.  ",
        "user": "UEBU4L0BD",
        "ts": "1543246698.111700",
        "thread_ts": "1543246698.111700",
        "reply_count": 1,
        "reply_users_count": 1,
        "latest_reply": "1549345440.134400",
        "reply_users": [
            "UEQ6M68H0"
        ],
        "replies": [
            {
                "user": "UEQ6M68H0",
                "ts": "1549345440.134400"
            }
        ],
        "reactions": [
            {
                "name": "wave",
                "users": [
                    "UCUSW7WVD",
                    "UCKRZS3DZ",
                    "U5TCAFTD3",
                    "U5STGTB3J",
                    "U8A5MS6R1",
                    "UDQKHNP51",
                    "UDHAKT0P3",
                    "UE6EFEPTQ",
                    "UBSMEUXAA",
                    "UDJ2TKB99",
                    "UDCLT064X",
                    "UC2A2ARPT",
                    "UA14TGLTC",
                    "UCXR52MU2",
                    "UERTM1JPR",
                    "UDRF3ALP4",
                    "UCSJ44X1S"
                ],
                "count": 17
            }
        ]
    },
    {
        "client_msg_id": "d5c95329-dabb-4b6b-881b-ff7a3da1bb5a",
        "type": "message",
        "text": "<@UDCLT064X> That’s interesting! Typically what happens is the reverse (people going from curl to Postman because they couldn’t get curl to work). We also have a curl importer that tries to translate the command into a Postman request. Could you ask her to try that? Over the past 5 years of building Postman, I have realized that debugging an API call is actually a pretty hard problem with so many layers of technology involved. I read Mindstorms a while back and been trying to use that to guide users on how they can better understand what’s going on and peel these layers back.",
        "user": "UEASWGGMR",
        "ts": "1543256264.114000",
        "thread_ts": "1543026670.088800",
        "parent_user_id": "UEASWGGMR"
    },
    {
        "client_msg_id": "319fba91-e41b-4d4a-bdb4-4a589b7fe7e8",
        "type": "message",
        "text": ":thumbsup::skin-tone-3:",
        "user": "UE6EFEPTQ",
        "ts": "1543258271.114500",
        "thread_ts": "1543258271.114500",
        "reply_count": 1,
        "reply_users_count": 1,
        "latest_reply": "1543258930.114600",
        "reply_users": [
            "U5TCAFTD3"
        ],
        "replies": [
            {
                "user": "U5TCAFTD3",
                "ts": "1543258930.114600"
            }
        ]
    },
    {
        "client_msg_id": "7e178b8f-63f7-4d19-bb5d-f1604273cf7f",
        "type": "message",
        "text": "This would've been better as a emoji reaction",
        "user": "U5TCAFTD3",
        "ts": "1543258930.114600",
        "thread_ts": "1543258271.114500",
        "parent_user_id": "UE6EFEPTQ",
        "reactions": [
            {
                "name": "rolling_on_the_floor_laughing",
                "users": [
                    "UE6EFEPTQ"
                ],
                "count": 1
            }
        ]
    },
    {
        "client_msg_id": "7d1b9b33-0335-43ca-80cb-a0e2e0c7cb44",
        "type": "message",
        "text": "I work making integrations between SaaS apps for buisness and use postman. My favorite feature is the share one as a person needs zero set up to get up and running. No back and forth phone calls and looking for curl typos or writing token acquire scripts.",
        "user": "UAVBSJGG5",
        "ts": "1543259042.114800",
        "edited": {
            "user": "UAVBSJGG5",
            "ts": "1543259052.000000"
        },
        "thread_ts": "1543026670.088800",
        "parent_user_id": "UEASWGGMR"
    },
    {
        "client_msg_id": "13cbce6c-8fb1-4b44-a6ed-b4b08d40a637",
        "type": "message",
        "text": "<@UEASWGGMR> I’m actually constantly suggesting various pieces of software to her, but my suggestions tend to fall on deaf ears (she works remotely so I can’t just commandeer her laptop).  FWIW, I don’t think the issues in this particular case would have been solved by a curl importer. IIRC the first issue was that the curl command had been copy-pasted in a few places and somehow the straight quotation marks got transformed into curly quotation marks.",
        "user": "UDCLT064X",
        "ts": "1543260989.115300",
        "thread_ts": "1543026670.088800",
        "parent_user_id": "UEASWGGMR"
    }
]