[
    {
        "client_msg_id": "7959dfa9-cbff-4d65-a458-149678101786",
        "type": "message",
        "text": "Let's do lunch on the 20th.\nI'm a big fan of trying out new places and eat pretty much anything, so if you have a recommendation that would be awesome. We can also keep it simple and just meet at an Ippudo or go to Savoy, my favorite pizza place…",
        "user": "U5STGTB3J",
        "ts": "1534002307.000006",
        "thread_ts": "1533954969.000013",
        "parent_user_id": "UC6997THT"
    }
]