[
    {
        "client_msg_id": "14e96aa5-5e5f-44f0-b41f-1b8f68dd1457",
        "type": "message",
        "text": "Hi everyone, I'm working on the <http:\/\/Object.Network> - and I've just been polishing that site in the hope that it'll be understandable by all you co-conspirators, revolutionaries and like-minded eccentrics!",
        "user": "UE6EFEPTQ",
        "ts": "1542659185.076400",
        "attachments": [
            {
                "title": "The Object Network",
                "title_link": "http:\/\/Object.Network\/",
                "text": "About the Object Network",
                "fallback": "The Object Network",
                "from_url": "http:\/\/Object.Network\/",
                "service_icon": "http:\/\/Object.Network\/favicon.ico",
                "service_name": "Object.Network",
                "id": 1,
                "original_url": "http:\/\/Object.Network"
            }
        ],
        "thread_ts": "1542659185.076400",
        "reply_count": 4,
        "reply_users_count": 2,
        "latest_reply": "1542706262.084000",
        "reply_users": [
            "U85MWBKEY",
            "UE6EFEPTQ"
        ],
        "replies": [
            {
                "user": "U85MWBKEY",
                "ts": "1542670540.081800"
            },
            {
                "user": "UE6EFEPTQ",
                "ts": "1542671042.082000"
            },
            {
                "user": "U85MWBKEY",
                "ts": "1542672397.083700"
            },
            {
                "user": "UE6EFEPTQ",
                "ts": "1542706262.084000"
            }
        ],
        "reactions": [
            {
                "name": "wave",
                "users": [
                    "U8A5MS6R1",
                    "U85HCL7JP",
                    "U5TCAFTD3",
                    "UE6EFEPTQ",
                    "UDLFL2HD4",
                    "UA14TGLTC",
                    "UE1JQM9HQ",
                    "UDCLT064X",
                    "UCXR52MU2",
                    "U5STGTB3J",
                    "UERTM1JPR",
                    "UFLN9JFRT"
                ],
                "count": 12
            },
            {
                "name": "hugging_face",
                "users": [
                    "UE6EFEPTQ",
                    "UFLN9JFRT"
                ],
                "count": 2
            }
        ]
    },
    {
        "client_msg_id": "A7F6DA6D-4B26-4EFB-A7F6-0AE2CED701EA",
        "type": "message",
        "text": "This is a really cool idea, timely too with Airtable and Coda getting popular. \n\nHow do you plan to incentivize manufacturers  to adhere to the spec\/principles? If you can figure out a specific, tangible value proposition for them you could kickstart adoption. For a marketplace like this I suspect the supply side will be more important to early adoption than the developer community. ",
        "user": "U85MWBKEY",
        "ts": "1542670540.081800",
        "thread_ts": "1542659185.076400",
        "parent_user_id": "UE6EFEPTQ"
    },
    {
        "client_msg_id": "acffcf8d-9085-4517-8953-badd9fef7a31",
        "type": "message",
        "text": "Thanks, Aidan! It's all open source\/standards, so I'm not facing those challenges (assuming I understand what you're saying, but it's not language I'm familiar with!! :smile: )",
        "user": "UE6EFEPTQ",
        "ts": "1542671042.082000",
        "thread_ts": "1542659185.076400",
        "parent_user_id": "UE6EFEPTQ"
    },
    {
        "client_msg_id": "3BECB9A3-4DE6-4E44-9ECF-2A2030AE72AF",
        "type": "message",
        "text": "Yeah just thinking out loud about how to get adoption :). Would love to see something like this everywhere IRL. most open source projects end up being 80\/20 evangelism - development.",
        "user": "U85MWBKEY",
        "ts": "1542672397.083700",
        "thread_ts": "1542659185.076400",
        "parent_user_id": "UE6EFEPTQ"
    }
]