[
    {
        "client_msg_id": "a383450b-a977-4668-92d7-5e1ae9c7292f",
        "type": "message",
        "text": "Aloha, everyone! A few years ago, I co-founded a company with the specific mission of reinventing the development experience. On the practical side, this means that we build a new kind of an IDE called the Glamorous Toolkit. However, our main focus is on the human behavior, and as we build our environment, we create several new techniques. We call the overall approach moldable development based on the idea that the environment must adapt to the context of our system. I can say that I now program fundamentally different than I did 5 years ago.\n\nGlamorous Toolkit is implemented in Pharo and it comes with a complete graphical stack that has some interesting properties. For example, it includes a live documentation and notebook technology right in the IDE. We reached a first alpha version a couple of months ago. I'd love to talk about it and other people's experience. Some details can be found here: <https:\/\/feenk.com\/gt>",
        "user": "UE1JQM9HQ",
        "ts": "1542043472.061900",
        "edited": {
            "user": "UE1JQM9HQ",
            "ts": "1542043491.000000"
        },
        "attachments": [
            {
                "title": "Glamorous Toolkit",
                "title_link": "https:\/\/feenk.com\/gt",
                "text": "The Glamorous Toolkit is the moldable development environment for Pharo",
                "fallback": "Glamorous Toolkit",
                "from_url": "https:\/\/feenk.com\/gt",
                "service_name": "feenk.com",
                "id": 1,
                "original_url": "https:\/\/feenk.com\/gt"
            }
        ],
        "reactions": [
            {
                "name": "wave",
                "users": [
                    "U85HCL7JP",
                    "UE0ETTCG7",
                    "UDCLT064X",
                    "U8A5MS6R1",
                    "UA14TGLTC",
                    "UDJ2TKB99",
                    "UC21F8Q48",
                    "UCXR52MU2",
                    "UC2A2ARPT",
                    "U5STGTB3J",
                    "UERTM1JPR",
                    "UEZPBFZPC"
                ],
                "count": 12
            }
        ]
    }
]