[
    {
        "client_msg_id": "cea65ac8-49aa-46e8-9e5c-1d6a0db40740",
        "type": "message",
        "text": "Hi everyone,\n\nI'm Phil and I suffer from the same the disease that many of you do. I know, just know, that there could be a much better, much easier, much more powerful way to write software than the way we're doing it at the moment.",
        "user": "UEKEQGB9C",
        "ts": "1543866565.015800",
        "reactions": [
            {
                "name": "wave",
                "users": [
                    "U5TCAFTD3",
                    "UEGFXUK3M",
                    "UDJ2TKB99",
                    "U8A5MS6R1",
                    "UA14TGLTC",
                    "U85HCL7JP",
                    "U5STGTB3J",
                    "UCKRZS3DZ",
                    "UEG9ECNSU",
                    "UC2A2ARPT"
                ],
                "count": 10
            }
        ]
    },
    {
        "client_msg_id": "ccb2e2e5-fd9a-4898-b639-b1b156af0fe0",
        "type": "message",
        "text": "And I want to do something about it ... if only I could figure out what.",
        "user": "UEKEQGB9C",
        "ts": "1543866678.017400"
    },
    {
        "client_msg_id": "3b2df753-9127-4662-b380-a0bb0d5df63c",
        "type": "message",
        "text": "I muse and throw up random thoughts about this stuff both on my blog here : <http:\/\/sdi.thoughtstorms.info\/> and in Quora answers, now aggregated here : <https:\/\/www.quora.com\/q\/qqylyzqgpwisoecc>",
        "user": "UEKEQGB9C",
        "ts": "1543866770.019100"
    },
    {
        "client_msg_id": "0b8d93ba-5c4f-4b87-bed7-14227ee82b67",
        "type": "message",
        "text": "My first love language as an undergrad was Smalltalk. My weapon of choice today is Clojure. I generally like the stuff that I'm sure most people like : Lisps, Smalltalk, Parc, HARC.\n\nMy current thinking on new languages \/ areas of investigation \/ demands in my manifesto are these :\n\n1) expressing computation is a solved problem. We have Lambda calculus, Lisp-like functions, Smalltalk-like messages. These are fine. We don't need to worry about these.\n\nThe areas we need to explore further are in expressing complex data-structures, \"architecture\" and constraints. My recent thinking on OO is that what makes OO \"hard\" is that we don't have good ways of expressing larger scale assemblages of objects. And there's too much focus on the individual class, rather than the collective of how classes or objects act together.\n\n2) A second problem is that programming languages make us do the work in an order that suits them. Our job as programmers is to give a number of constraints to the computer that define a program. The problem is that the computer makes us give the constraints in the order and format that is convenient for it. Often requiring us to fit into architectural restrictions that we don't, in fact, care about but which are part of the fussy housekeeping of the system ... eg. why am I jumping between different files to fill in information about model, about view, about database, about client UI? Etc? Why can't I express what's important to me, in one place, in the order that suits me, and have the computer go back and wire these together?\n\nThe first of these thoughts is making me interested in grammars. And the way that ML or Haskell define complex data-schema with algebraic data-types in an almost Backus-Naur style. Can we use something like this to declare assemblages of objects? (See a discussion here : <https:\/\/www.quora.com\/q\/qqylyzqgpwisoecc\/Whats-wrong-with-OO> )\n\nThe second of these thoughts has me looking into logic programming in Prolog and Minikanren where we \"flatten\" our program into a sequence of facts and rules which can be added in more or less any order, leaving the inference engine running around drawing out the implications. (See my discussion with Alexander Tchitchigin in the comments of this : <https:\/\/www.quora.com\/What-is-the-programming-language-you-are-looking-for-and-why\/answer\/Phil-Jones> )",
        "user": "UEKEQGB9C",
        "ts": "1543869198.036500",
        "edited": {
            "user": "UEKEQGB9C",
            "ts": "1543964251.000000"
        },
        "thread_ts": "1543869198.036500",
        "reply_count": 6,
        "reply_users_count": 4,
        "latest_reply": "1550366974.005200",
        "reply_users": [
            "UEH6T3RJB",
            "UCSJ44X1S",
            "UEKEQGB9C",
            "UD6EXQVM0"
        ],
        "replies": [
            {
                "user": "UEH6T3RJB",
                "ts": "1544525745.049600"
            },
            {
                "user": "UCSJ44X1S",
                "ts": "1544568924.065600"
            },
            {
                "user": "UEKEQGB9C",
                "ts": "1545393644.001800"
            },
            {
                "user": "UEKEQGB9C",
                "ts": "1545393760.002000"
            },
            {
                "user": "UCSJ44X1S",
                "ts": "1545415368.004200"
            },
            {
                "user": "UD6EXQVM0",
                "ts": "1550366974.005200"
            }
        ],
        "reactions": [
            {
                "name": "clap",
                "users": [
                    "UEH6T3RJB",
                    "UERTM1JPR"
                ],
                "count": 2
            }
        ]
    }
]