[
    {
        "client_msg_id": "0546c2dd-752c-4663-a6f6-21372c91c3f7",
        "type": "message",
        "text": "Hey folks, I'm Jasim and for a long time I thought that programming was just expressions, mutation, loops, and i\/o - and you had it all. \"Give me a Turing machine and I shall move mountains\" or something like that.\n\nBut one day I had enough - a Javascript framework I used at work was not performant, yet I couldn't dig down because its abstractions were opaque and non-programmable. And it was making it difficult to do my job, causing real stress. But I couldn't put my hands on what was actually wrong. Was it my lack of understanding, or had it to do with the tool itself? To get to its root I had to understand programming at a meta-level and that rabbit hole took me into CTM by Peter Van Roy, who describes it thus:\n\n&gt; We define programming, as a general human activity, to mean the act of extending or changing a system's functionality. Programming is a widespread activity that is done both by nonspecialists (eg: consumers who change the settings of their alarm clock or cellular phone) and specialists (computer programmers, the audience for this book).\n\nI see the _future of programming_ as this infinite game were things that previously needed specialists keep moving into non-specialist territory, yet the field keeps growing and constantly keeps giving birth to new specialisations.\n\nAnd I'm working on a product at a distant proximity to this: a tool for UI designers that makes their designs live by providing clean &amp; precise HTML and CSS as they design. It is called Protoship Codegen and is at <https:\/\/protoship.io>.\n\nI tweet at <http:\/\/twitter.com\/jasim_ab|twitter.com\/jasim_ab>, where I mostly advocate for the mainstreaming of Typed Functional Programming, am a regular listener of the podcast, and am excited to meet you all!",
        "user": "UEZPBFZPC",
        "ts": "1545392176.000600",
        "thread_ts": "1545392176.000600",
        "reply_count": 9,
        "reply_users_count": 3,
        "latest_reply": "1545394739.003200",
        "reply_users": [
            "U5TCAFTD3",
            "UEZPBFZPC",
            "UEDDR6L5Q"
        ],
        "replies": [
            {
                "user": "U5TCAFTD3",
                "ts": "1545392481.000700"
            },
            {
                "user": "U5TCAFTD3",
                "ts": "1545392523.000900"
            },
            {
                "user": "UEZPBFZPC",
                "ts": "1545393221.001100"
            },
            {
                "user": "UEZPBFZPC",
                "ts": "1545393526.001400"
            },
            {
                "user": "UEDDR6L5Q",
                "ts": "1545393550.001600"
            },
            {
                "user": "UEZPBFZPC",
                "ts": "1545393888.002300"
            },
            {
                "user": "UEDDR6L5Q",
                "ts": "1545394228.002500"
            },
            {
                "user": "UEZPBFZPC",
                "ts": "1545394483.002800"
            },
            {
                "user": "UEDDR6L5Q",
                "ts": "1545394739.003200"
            }
        ],
        "reactions": [
            {
                "name": "wave",
                "users": [
                    "UEGFXUK3M",
                    "UE6EFEPTQ",
                    "UCUSW7WVD",
                    "UE0ETTCG7",
                    "UA14TGLTC",
                    "UCSJ44X1S",
                    "UD98CHSLS",
                    "UCXR52MU2",
                    "U85HCL7JP",
                    "UES04SML7",
                    "U6S1R1M6K"
                ],
                "count": 11
            },
            {
                "name": "100",
                "users": [
                    "UCSJ44X1S"
                ],
                "count": 1
            }
        ]
    },
    {
        "client_msg_id": "66115404-0a10-4b87-a221-1c57dcce35cf",
        "type": "message",
        "text": "I really like that framing, where you have us \"future of coding\" people trailing the state of the art \/ bare metal, into infinity",
        "user": "U5TCAFTD3",
        "ts": "1545392481.000700",
        "thread_ts": "1545392176.000600",
        "parent_user_id": "UEZPBFZPC"
    },
    {
        "client_msg_id": "02b8867c-1c8f-4439-92ed-a774ecd5f296",
        "type": "message",
        "text": "Very cool product! Is it a machine learning thing? I'd be curious to hear how you'd compare\/contrast it with Webflow",
        "user": "U5TCAFTD3",
        "ts": "1545392523.000900",
        "thread_ts": "1545392176.000600",
        "parent_user_id": "UEZPBFZPC"
    },
    {
        "client_msg_id": "08cc006d-7155-405c-8d7a-3a3f01ec2e3a",
        "type": "message",
        "text": "Hey Steve, Future Of Coding is the kind of podcast I wished existed a long time ago, and it is even better to find a warm community around it. Thanks!\n\nWe do ML (ReasonML), but not Machine Learning :slightly_smiling_face: Two reasons:\n1) we learned the hard way that heuristics makes the product unusable. If the results are not predictable, users have a hard time building habits around it. We want a 1:1 cause\/effect relationship between the design and the output.\n\n2) many attempts in this space treat ML as a blackbox - take an entire design and feed it into an algorithm and hope for good results. We're generating code that can be put in use for building complex web applications, not just websites. This means the generated code should aspire to be as perfect as possible, and programmers should be able to grok it immediately. There are areas were ML will be useful in a fine-grained manner; a scalpel than a hammer, but at the moment we're able to produce great results with a good old fashioned expert system.",
        "user": "UEZPBFZPC",
        "ts": "1545393221.001100",
        "thread_ts": "1545392176.000600",
        "parent_user_id": "UEZPBFZPC",
        "reactions": [
            {
                "name": "heart",
                "users": [
                    "U5TCAFTD3"
                ],
                "count": 1
            }
        ]
    },
    {
        "client_msg_id": "89da4b87-0b9e-4fd0-88f4-86126f9b60a2",
        "type": "message",
        "text": "Webflow helps designers design directly on the web (huge fan of the product and the team), but it starts at content-centric websites (landing pages etc.) and is moving towards specialized applications with CMS and E-Commerce. We're for the cases where UI designers design complex web applications and they need to put them into production by integrating into their production codebase.",
        "user": "UEZPBFZPC",
        "ts": "1545393526.001400",
        "thread_ts": "1545392176.000600",
        "parent_user_id": "UEZPBFZPC"
    },
    {
        "client_msg_id": "39fc5f8e-cdbe-4e03-ad66-92c081acf801",
        "type": "message",
        "text": "I agree with Steve, I really like your framing. It's probably applicable to the progression of technology in general: the democratisation of complexity\/new abilities\/...",
        "user": "UEDDR6L5Q",
        "ts": "1545393550.001600",
        "thread_ts": "1545392176.000600",
        "parent_user_id": "UEZPBFZPC"
    },
    {
        "client_msg_id": "aac0efad-f33b-484b-8445-4ac69cd02e86",
        "type": "message",
        "text": "<@UCSJ44X1S> on first glance, that Behavioural Programming, as far as I can grok it from a quick skim, is a version of what I'm getting at, yes.",
        "user": "UEKEQGB9C",
        "ts": "1545393644.001800",
        "thread_ts": "1543869198.036500",
        "parent_user_id": "UEKEQGB9C"
    },
    {
        "client_msg_id": "780cd5de-e45a-4d36-b037-3aeaa038bdc4",
        "type": "message",
        "text": "It looks a bit like Aspect Oriented Programming to me ... something that tries to kludge what you want into an older way of programming. I think I'd like a new language that is completely built around the principle, rather than a library or framework.",
        "user": "UEKEQGB9C",
        "ts": "1545393760.002000",
        "thread_ts": "1543869198.036500",
        "parent_user_id": "UEKEQGB9C"
    },
    {
        "client_msg_id": "79b82b23-be7d-4564-acc7-4c18f73dda24",
        "type": "message",
        "text": "Thanks <@UEDDR6L5Q>. I think in programming lingo we think of this as increasing the level of abstraction, but I like the people-centric aspect of that definition. I think I picked it up from an a16z podcast where the guest defined the success of their software in how it affects actual job descriptions of people, thus having a tangible effect on their actual lives.",
        "user": "UEZPBFZPC",
        "ts": "1545393888.002300",
        "thread_ts": "1545392176.000600",
        "parent_user_id": "UEZPBFZPC"
    },
    {
        "client_msg_id": "8303aa12-0712-42a6-b589-34ae710f0241",
        "type": "message",
        "text": "The lens of considering the effect on people (vs a tech-first approach) was one of the big takeaways from my ergonomics\/human factors course. It's surprising how unintuitive it is for many\/most\/all(?) designers! (That's not intended as a pejorative btw, more a musing on the human condition.)\n\nI've started to flesh out some of my thoughts on what we often call 'levels of abstraction' in the last few posts in <#C5T9GPWFL|general> - re its subcategories and the distinction between 'more' and 'better' abstraction - so I'll avoid repeating myself here :stuck_out_tongue: .\n(also, sorry, I assume that 'a16z' is an abbreviation like 'i18n', but I don't know what it stands for..?)",
        "user": "UEDDR6L5Q",
        "ts": "1545394228.002500",
        "edited": {
            "user": "UEDDR6L5Q",
            "ts": "1545394669.000000"
        },
        "thread_ts": "1545392176.000600",
        "parent_user_id": "UEZPBFZPC"
    },
    {
        "client_msg_id": "726f24de-f8be-4b04-a44d-89cf5f6ef6cd",
        "type": "message",
        "text": "That's great, I'll comb through <#C5T9GPWFL|general>. Sorry about the acronym, it stands for Andressen-Horowitz. They were big backers of Eve (<http:\/\/witheve.com|witheve.com>) and have an investor's interest in the future of programming.",
        "user": "UEZPBFZPC",
        "ts": "1545394483.002800",
        "thread_ts": "1545392176.000600",
        "parent_user_id": "UEZPBFZPC"
    },
    {
        "client_msg_id": "490bba79-d31c-49d1-a13b-f445551e4e5a",
        "type": "message",
        "text": "Ah cool, thanks for elaborating! I wasn't aware of their podcast. That sounds like another useful lens to add to the collection.",
        "user": "UEDDR6L5Q",
        "ts": "1545394739.003200",
        "thread_ts": "1545392176.000600",
        "parent_user_id": "UEZPBFZPC",
        "reactions": [
            {
                "name": "+1",
                "users": [
                    "UEZPBFZPC"
                ],
                "count": 1
            }
        ]
    },
    {
        "client_msg_id": "c2caea58-5cc1-4238-b3fe-75dc4d210856",
        "type": "message",
        "text": "so glad to hear <@UDSVC5RK2>!",
        "user": "UEASWGGMR",
        "ts": "1545396561.003400",
        "thread_ts": "1543026670.088800",
        "parent_user_id": "UEASWGGMR"
    },
    {
        "client_msg_id": "7a89b4fb-70b6-480c-bc9c-c3a6e2418528",
        "type": "message",
        "text": "Yeah it seems kinda similar to AOT, now you mention it.",
        "user": "UCSJ44X1S",
        "ts": "1545415368.004200",
        "thread_ts": "1543869198.036500",
        "parent_user_id": "UEKEQGB9C"
    }
]