[
    {
        "client_msg_id": "aa0b87d3-07e8-4bc2-a698-e6354c77c5f2",
        "type": "message",
        "text": "Hello, I was recommended this slack on Hacker News. I am based in London, I'm a former programmer and keep it up in my spare time. I studied maths at uni. Website here <https:\/\/chris-knott.appspot.com>, GitHub here <https:\/\/github.com\/ChrisKnott>\n\nI am interested in why some clever people are put off programming but love other stuff like Excel. I particularly love things that make the abstract concrete.",
        "user": "UDQBTJ211",
        "ts": "1540808682.008000",
        "reactions": [
            {
                "name": "wave",
                "users": [
                    "U5TCAFTD3",
                    "UCKRZS3DZ",
                    "UDJ2TKB99",
                    "UDPV407CZ",
                    "UDRKY9D3R",
                    "U8A5MS6R1",
                    "U7C7B75R6",
                    "U85HCL7JP",
                    "UCQ4BBFQ9",
                    "U5STGTB3J"
                ],
                "count": 10
            }
        ]
    },
    {
        "client_msg_id": "6b6bef1c-088e-4d63-bd1a-bd884b18a7d9",
        "type": "message",
        "text": "Hey, I’m building a complex data visualiser for business\/non-tech people. My friend who’s working on it with me is a business guy, so I regularly have to work out how to make it more accessible =)… We’ve got some users and I’m really very interested in making computation more accessible. I’m based in Cambridge, UK.\nHappy to chat with anyone =)…",
        "user": "UDPV407CZ",
        "ts": "1540819564.009600",
        "edited": {
            "user": "UDPV407CZ",
            "ts": "1540819651.000000"
        },
        "thread_ts": "1540819564.009600",
        "reply_count": 2,
        "reply_users_count": 2,
        "latest_reply": "1540922762.016600",
        "reply_users": [
            "UCKRZS3DZ",
            "UDPV407CZ"
        ],
        "replies": [
            {
                "user": "UCKRZS3DZ",
                "ts": "1540821049.010100"
            },
            {
                "user": "UDPV407CZ",
                "ts": "1540922762.016600"
            }
        ],
        "reactions": [
            {
                "name": "wave",
                "users": [
                    "U5TCAFTD3",
                    "UCKRZS3DZ",
                    "U7C7B75R6",
                    "U85HCL7JP",
                    "UA14TGLTC",
                    "UCQ4BBFQ9",
                    "U5STGTB3J"
                ],
                "count": 7
            }
        ]
    },
    {
        "client_msg_id": "6bff19fb-cde2-44a5-b8c8-a47102bc51fc",
        "type": "message",
        "text": "Is there a way to look at what you do?",
        "user": "UCKRZS3DZ",
        "ts": "1540821049.010100",
        "thread_ts": "1540819564.009600",
        "parent_user_id": "UDPV407CZ"
    },
    {
        "client_msg_id": "93240797-f20f-43c0-b972-96971e0c2264",
        "type": "message",
        "text": "Hey, I'm a software developer based in Bucharest. I'm not working on anything I could call the future of programming yet. Although, this project shows my interest with increasing developer efficiency. It's a command line interface for documentation: <http:\/\/cli.elbear.com\/>\n\nOther than that, I'm interested in exploring how tooling for functional languages could be improved. Specifically, I think Haskell could have hugely better tooling thanks to its immutability and pure functions. The link to the MPS tutorial has been sitting in a browser tab for a few months (<https:\/\/confluence.jetbrains.com\/display\/MPSD20181\/Fast+Track+to+MPS>)",
        "user": "UDQKHNP51",
        "ts": "1540825576.013200",
        "thread_ts": "1540825576.013200",
        "reply_count": 4,
        "reply_users_count": 3,
        "latest_reply": "1551456235.000400",
        "reply_users": [
            "UC21F8Q48",
            "UDQKHNP51",
            "UD6EXQVM0"
        ],
        "replies": [
            {
                "user": "UC21F8Q48",
                "ts": "1540825835.013400"
            },
            {
                "user": "UDQKHNP51",
                "ts": "1540826683.013600"
            },
            {
                "user": "UD6EXQVM0",
                "ts": "1551070345.006000"
            },
            {
                "user": "UDQKHNP51",
                "ts": "1551456235.000400"
            }
        ],
        "reactions": [
            {
                "name": "wave",
                "users": [
                    "U5TCAFTD3",
                    "UA14TGLTC",
                    "UCKRZS3DZ",
                    "UCXR52MU2",
                    "U5STGTB3J",
                    "UD6EXQVM0"
                ],
                "count": 6
            }
        ]
    },
    {
        "client_msg_id": "95c7f1b9-c841-47af-9fe5-5dae1cf6d9a4",
        "type": "message",
        "text": "You may be interested in <https:\/\/www.cs.kent.ac.uk\/projects\/refactor-fp\/> and one of the resulting artifacts, the (apparently actively maintained) Haskell Refactorer <https:\/\/github.com\/alanz\/HaRe>",
        "user": "UC21F8Q48",
        "ts": "1540825835.013400",
        "thread_ts": "1540825576.013200",
        "parent_user_id": "UDQKHNP51"
    },
    {
        "client_msg_id": "3a38a8bd-cfbf-4b27-b394-8d8ce8bbd67c",
        "type": "message",
        "text": "thanks, Brian. I’ll have a look",
        "user": "UDQKHNP51",
        "ts": "1540826683.013600",
        "thread_ts": "1540825576.013200",
        "parent_user_id": "UDQKHNP51"
    }
]