[
    {
        "client_msg_id": "5ddd7602-0a76-4166-96a2-cb9005164a0f",
        "type": "message",
        "text": "hi! I'm Mariano Guerra, Software Engineer (actually Information Systems Engineer but close) from Argentina, currently living in Stuttgart, I like Distributed Systems, Swarm Intelligence\/Emergent Systems and more specific to this group, creating programming languages, I created \"standard\" ones like efene[1] and more visual ones, two of them products that I developed and are my current source of income, the old one Event Fabric[2]: a data flow\/scratch mix that ended up being more complex for customers to understand than what I expected. From the lessons learned from that one I developed a new one from scratch (no pun intended) called instadeq[3], which later I found out is part of a family of programming languages known as programming by demonstration (knowing about them before starting would have made it faster to develop it :slightly_smiling_face:).  Last October we migrated our customers from event fabric to instadeq and now we are focusing on launching the SaaS version of it.\n\n[1]  <http:\/\/efene.org\/>\n[2] <https:\/\/www.event-fabric.com\/>\n[3] <https:\/\/instadeq.com\/>",
        "user": "UBN9AFS0N",
        "ts": "1536154962.000100",
        "attachments": [
            {
                "title": "Instadeq",
                "title_link": "https:\/\/instadeq.com\/",
                "text": "Data Analysis and Visualization for Everyone",
                "fallback": "Instadeq",
                "thumb_url": "https:\/\/instadeq.com\/assets\/images\/devices-1200x630.png",
                "from_url": "https:\/\/instadeq.com\/",
                "thumb_width": 1200,
                "thumb_height": 630,
                "service_icon": "https:\/\/instadeq.com\/assets\/logos\/favicon.png",
                "service_name": "instadeq.com",
                "id": 1,
                "original_url": "https:\/\/instadeq.com\/"
            }
        ],
        "reactions": [
            {
                "name": "+1",
                "users": [
                    "UCKRZS3DZ",
                    "UA14TGLTC",
                    "U5TCAFTD3"
                ],
                "count": 3
            },
            {
                "name": "clap",
                "users": [
                    "UCUSW7WVD"
                ],
                "count": 1
            },
            {
                "name": "heart",
                "users": [
                    "UCUSW7WVD"
                ],
                "count": 1
            },
            {
                "name": "wave",
                "users": [
                    "UD6EXQVM0"
                ],
                "count": 1
            }
        ]
    },
    {
        "client_msg_id": "c136a4d6-0cce-4727-ae52-f329fcfe74af",
        "type": "message",
        "text": "Here's a video overview of instadeq: <https:\/\/www.youtube.com\/watch?v=LK9Lfo4dFLU>",
        "user": "UBN9AFS0N",
        "ts": "1536154992.000100",
        "edited": {
            "user": "UBN9AFS0N",
            "ts": "1536267294.000000"
        }
    },
    {
        "client_msg_id": "39526800-71d9-4810-b305-19c0c1c4be2a",
        "type": "message",
        "text": "you may be more interested in the feature tour of the programming by demontration part here: <https:\/\/instadeq.com\/tour\/workspaces\/>",
        "user": "UBN9AFS0N",
        "ts": "1536155016.000100",
        "attachments": [
            {
                "title": "Instadeq",
                "title_link": "https:\/\/instadeq.com\/tour\/workspaces\/",
                "text": "Data Analysis and Visualization for Everyone",
                "fallback": "Instadeq",
                "thumb_url": "https:\/\/instadeq.com\/assets\/images\/devices-1200x630.png",
                "from_url": "https:\/\/instadeq.com\/tour\/workspaces\/",
                "thumb_width": 1200,
                "thumb_height": 630,
                "service_icon": "https:\/\/instadeq.com\/assets\/logos\/favicon.png",
                "service_name": "instadeq.com",
                "id": 1,
                "original_url": "https:\/\/instadeq.com\/tour\/workspaces\/"
            }
        ]
    }
]