[
    {
        "user": "U5TCAFTD3",
        "type": "message",
        "subtype": "channel_join",
        "ts": "1533351444.000024",
        "text": "<@U5TCAFTD3> has joined the channel"
    },
    {
        "user": "U5TCAFTD3",
        "type": "message",
        "subtype": "channel_purpose",
        "ts": "1533351444.000039",
        "text": "<@U5TCAFTD3> set the channel purpose: Who you?",
        "purpose": "Who you?"
    },
    {
        "user": "U6XFQKWFN",
        "type": "message",
        "subtype": "channel_join",
        "ts": "1533351521.000017",
        "text": "<@U6XFQKWFN> has joined the channel",
        "inviter": "U5TCAFTD3"
    },
    {
        "user": "UA02YQNHK",
        "type": "message",
        "subtype": "channel_join",
        "ts": "1533351521.000022",
        "text": "<@UA02YQNHK> has joined the channel",
        "inviter": "U5TCAFTD3"
    },
    {
        "user": "U6DG0FHND",
        "type": "message",
        "subtype": "channel_join",
        "ts": "1533351521.000026",
        "text": "<@U6DG0FHND> has joined the channel",
        "inviter": "U5TCAFTD3"
    },
    {
        "user": "U85MWBKEY",
        "type": "message",
        "subtype": "channel_join",
        "ts": "1533351521.000030",
        "text": "<@U85MWBKEY> has joined the channel",
        "inviter": "U5TCAFTD3"
    },
    {
        "user": "U7DGBH40J",
        "type": "message",
        "subtype": "channel_join",
        "ts": "1533351521.000034",
        "text": "<@U7DGBH40J> has joined the channel",
        "inviter": "U5TCAFTD3"
    },
    {
        "user": "U8KUK98QP",
        "type": "message",
        "subtype": "channel_join",
        "ts": "1533351521.000038",
        "text": "<@U8KUK98QP> has joined the channel",
        "inviter": "U5TCAFTD3"
    },
    {
        "user": "UAHHWT22U",
        "type": "message",
        "subtype": "channel_join",
        "ts": "1533351521.000045",
        "text": "<@UAHHWT22U> has joined the channel",
        "inviter": "U5TCAFTD3"
    },
    {
        "user": "UBRS4E6B1",
        "type": "message",
        "subtype": "channel_join",
        "ts": "1533351521.000050",
        "text": "<@UBRS4E6B1> has joined the channel",
        "inviter": "U5TCAFTD3"
    },
    {
        "user": "U6KLWSPND",
        "type": "message",
        "subtype": "channel_join",
        "ts": "1533351521.000057",
        "text": "<@U6KLWSPND> has joined the channel",
        "inviter": "U5TCAFTD3"
    },
    {
        "user": "UADH3LFV0",
        "type": "message",
        "subtype": "channel_join",
        "ts": "1533351521.000065",
        "text": "<@UADH3LFV0> has joined the channel",
        "inviter": "U5TCAFTD3"
    },
    {
        "user": "U6XJ7EQ77",
        "type": "message",
        "subtype": "channel_join",
        "ts": "1533351521.000073",
        "text": "<@U6XJ7EQ77> has joined the channel",
        "inviter": "U5TCAFTD3"
    },
    {
        "user": "U9ULPG0UA",
        "type": "message",
        "subtype": "channel_join",
        "ts": "1533351521.000083",
        "text": "<@U9ULPG0UA> has joined the channel",
        "inviter": "U5TCAFTD3"
    },
    {
        "user": "UBQ50KQF8",
        "type": "message",
        "subtype": "channel_join",
        "ts": "1533351521.000087",
        "text": "<@UBQ50KQF8> has joined the channel",
        "inviter": "U5TCAFTD3"
    },
    {
        "user": "UC21F8Q48",
        "type": "message",
        "subtype": "channel_join",
        "ts": "1533351521.000089",
        "text": "<@UC21F8Q48> has joined the channel",
        "inviter": "U5TCAFTD3"
    },
    {
        "user": "UBM0S2AN4",
        "type": "message",
        "subtype": "channel_join",
        "ts": "1533351521.000097",
        "text": "<@UBM0S2AN4> has joined the channel",
        "inviter": "U5TCAFTD3"
    },
    {
        "user": "UA08K0M7W",
        "type": "message",
        "subtype": "channel_join",
        "ts": "1533351522.000004",
        "text": "<@UA08K0M7W> has joined the channel",
        "inviter": "U5TCAFTD3"
    },
    {
        "user": "UBRKVHMCL",
        "type": "message",
        "subtype": "channel_join",
        "ts": "1533351522.000008",
        "text": "<@UBRKVHMCL> has joined the channel",
        "inviter": "U5TCAFTD3"
    },
    {
        "user": "UBU3YES87",
        "type": "message",
        "subtype": "channel_join",
        "ts": "1533351522.000013",
        "text": "<@UBU3YES87> has joined the channel",
        "inviter": "U5TCAFTD3"
    },
    {
        "user": "U9C92716C",
        "type": "message",
        "subtype": "channel_join",
        "ts": "1533351522.000018",
        "text": "<@U9C92716C> has joined the channel",
        "inviter": "U5TCAFTD3"
    },
    {
        "user": "UAVCC2X70",
        "type": "message",
        "subtype": "channel_join",
        "ts": "1533351522.000024",
        "text": "<@UAVCC2X70> has joined the channel",
        "inviter": "U5TCAFTD3"
    },
    {
        "user": "UBWT66AGN",
        "type": "message",
        "subtype": "channel_join",
        "ts": "1533351522.000031",
        "text": "<@UBWT66AGN> has joined the channel",
        "inviter": "U5TCAFTD3"
    },
    {
        "user": "U85HCL7JP",
        "type": "message",
        "subtype": "channel_join",
        "ts": "1533351522.000036",
        "text": "<@U85HCL7JP> has joined the channel",
        "inviter": "U5TCAFTD3"
    },
    {
        "user": "U5Y7114NS",
        "type": "message",
        "subtype": "channel_join",
        "ts": "1533351522.000043",
        "text": "<@U5Y7114NS> has joined the channel",
        "inviter": "U5TCAFTD3"
    },
    {
        "user": "UAU0KCMGB",
        "type": "message",
        "subtype": "channel_join",
        "ts": "1533351522.000047",
        "text": "<@UAU0KCMGB> has joined the channel",
        "inviter": "U5TCAFTD3"
    },
    {
        "user": "U8A87T2NQ",
        "type": "message",
        "subtype": "channel_join",
        "ts": "1533351522.000053",
        "text": "<@U8A87T2NQ> has joined the channel",
        "inviter": "U5TCAFTD3"
    },
    {
        "user": "UAV037WKC",
        "type": "message",
        "subtype": "channel_join",
        "ts": "1533351522.000062",
        "text": "<@UAV037WKC> has joined the channel",
        "inviter": "U5TCAFTD3"
    },
    {
        "user": "UBAP530VB",
        "type": "message",
        "subtype": "channel_join",
        "ts": "1533351522.000069",
        "text": "<@UBAP530VB> has joined the channel",
        "inviter": "U5TCAFTD3"
    },
    {
        "user": "UC0U8RM9A",
        "type": "message",
        "subtype": "channel_join",
        "ts": "1533351522.000074",
        "text": "<@UC0U8RM9A> has joined the channel",
        "inviter": "U5TCAFTD3"
    },
    {
        "user": "U8A1PKFDM",
        "type": "message",
        "subtype": "channel_join",
        "ts": "1533351522.000078",
        "text": "<@U8A1PKFDM> has joined the channel",
        "inviter": "U5TCAFTD3"
    },
    {
        "user": "UBLHGN7RD",
        "type": "message",
        "subtype": "channel_join",
        "ts": "1533351522.000086",
        "text": "<@UBLHGN7RD> has joined the channel",
        "inviter": "U5TCAFTD3"
    },
    {
        "user": "U6LBL2CJ1",
        "type": "message",
        "subtype": "channel_join",
        "ts": "1533351522.000094",
        "text": "<@U6LBL2CJ1> has joined the channel",
        "inviter": "U5TCAFTD3"
    },
    {
        "user": "U7LSWT76G",
        "type": "message",
        "subtype": "channel_join",
        "ts": "1533351522.000099",
        "text": "<@U7LSWT76G> has joined the channel",
        "inviter": "U5TCAFTD3"
    },
    {
        "user": "U78TZ437S",
        "type": "message",
        "subtype": "channel_join",
        "ts": "1533351522.000106",
        "text": "<@U78TZ437S> has joined the channel",
        "inviter": "U5TCAFTD3"
    },
    {
        "user": "U6FBH9H26",
        "type": "message",
        "subtype": "channel_join",
        "ts": "1533351523.000001",
        "text": "<@U6FBH9H26> has joined the channel",
        "inviter": "U5TCAFTD3"
    },
    {
        "user": "UAL7940NM",
        "type": "message",
        "subtype": "channel_join",
        "ts": "1533351523.000005",
        "text": "<@UAL7940NM> has joined the channel",
        "inviter": "U5TCAFTD3"
    },
    {
        "user": "U8ZKN14BF",
        "type": "message",
        "subtype": "channel_join",
        "ts": "1533351523.000013",
        "text": "<@U8ZKN14BF> has joined the channel",
        "inviter": "U5TCAFTD3"
    },
    {
        "user": "U7ERJK07Q",
        "type": "message",
        "subtype": "channel_join",
        "ts": "1533351523.000021",
        "text": "<@U7ERJK07Q> has joined the channel",
        "inviter": "U5TCAFTD3"
    },
    {
        "user": "UABCBFXFB",
        "type": "message",
        "subtype": "channel_join",
        "ts": "1533351523.000028",
        "text": "<@UABCBFXFB> has joined the channel",
        "inviter": "U5TCAFTD3"
    },
    {
        "user": "UBJGA440K",
        "type": "message",
        "subtype": "channel_join",
        "ts": "1533351523.000031",
        "text": "<@UBJGA440K> has joined the channel",
        "inviter": "U5TCAFTD3"
    },
    {
        "user": "UAVRZE1UG",
        "type": "message",
        "subtype": "channel_join",
        "ts": "1533351523.000038",
        "text": "<@UAVRZE1UG> has joined the channel",
        "inviter": "U5TCAFTD3"
    },
    {
        "user": "UAT1JGUKE",
        "type": "message",
        "subtype": "channel_join",
        "ts": "1533351523.000043",
        "text": "<@UAT1JGUKE> has joined the channel",
        "inviter": "U5TCAFTD3"
    },
    {
        "user": "UAVBSJGG5",
        "type": "message",
        "subtype": "channel_join",
        "ts": "1533351523.000048",
        "text": "<@UAVBSJGG5> has joined the channel",
        "inviter": "U5TCAFTD3"
    },
    {
        "user": "U5T9JLUAE",
        "type": "message",
        "subtype": "channel_join",
        "ts": "1533351523.000055",
        "text": "<@U5T9JLUAE> has joined the channel",
        "inviter": "U5TCAFTD3"
    },
    {
        "user": "UBN1G4C1J",
        "type": "message",
        "subtype": "channel_join",
        "ts": "1533351523.000060",
        "text": "<@UBN1G4C1J> has joined the channel",
        "inviter": "U5TCAFTD3"
    },
    {
        "user": "UC1TYP06P",
        "type": "message",
        "subtype": "channel_join",
        "ts": "1533351523.000065",
        "text": "<@UC1TYP06P> has joined the channel",
        "inviter": "U5TCAFTD3"
    },
    {
        "user": "U71PMQ1V0",
        "type": "message",
        "subtype": "channel_join",
        "ts": "1533351523.000072",
        "text": "<@U71PMQ1V0> has joined the channel",
        "inviter": "U5TCAFTD3"
    },
    {
        "user": "U5SKCBN9E",
        "type": "message",
        "subtype": "channel_join",
        "ts": "1533351523.000083",
        "text": "<@U5SKCBN9E> has joined the channel",
        "inviter": "U5TCAFTD3"
    },
    {
        "user": "UBUFWBGNN",
        "type": "message",
        "subtype": "channel_join",
        "ts": "1533351523.000091",
        "text": "<@UBUFWBGNN> has joined the channel",
        "inviter": "U5TCAFTD3"
    },
    {
        "user": "U7PH857FB",
        "type": "message",
        "subtype": "channel_join",
        "ts": "1533351523.000103",
        "text": "<@U7PH857FB> has joined the channel",
        "inviter": "U5TCAFTD3"
    },
    {
        "user": "U6KQ2S410",
        "type": "message",
        "subtype": "channel_join",
        "ts": "1533351523.000107",
        "text": "<@U6KQ2S410> has joined the channel",
        "inviter": "U5TCAFTD3"
    },
    {
        "user": "U9F8M41AM",
        "type": "message",
        "subtype": "channel_join",
        "ts": "1533351523.000115",
        "text": "<@U9F8M41AM> has joined the channel",
        "inviter": "U5TCAFTD3"
    },
    {
        "user": "U9ZCZ91H7",
        "type": "message",
        "subtype": "channel_join",
        "ts": "1533351523.000123",
        "text": "<@U9ZCZ91H7> has joined the channel",
        "inviter": "U5TCAFTD3"
    },
    {
        "user": "UBKNXPBAB",
        "type": "message",
        "subtype": "channel_join",
        "ts": "1533351523.000129",
        "text": "<@UBKNXPBAB> has joined the channel",
        "inviter": "U5TCAFTD3"
    },
    {
        "user": "U7CED8QSH",
        "type": "message",
        "subtype": "channel_join",
        "ts": "1533351524.000006",
        "text": "<@U7CED8QSH> has joined the channel",
        "inviter": "U5TCAFTD3"
    },
    {
        "user": "U6R16B5NY",
        "type": "message",
        "subtype": "channel_join",
        "ts": "1533351524.000011",
        "text": "<@U6R16B5NY> has joined the channel",
        "inviter": "U5TCAFTD3"
    },
    {
        "user": "UB57GEDGC",
        "type": "message",
        "subtype": "channel_join",
        "ts": "1533351524.000019",
        "text": "<@UB57GEDGC> has joined the channel",
        "inviter": "U5TCAFTD3"
    },
    {
        "user": "U5UHJB50T",
        "type": "message",
        "subtype": "channel_join",
        "ts": "1533351524.000025",
        "text": "<@U5UHJB50T> has joined the channel",
        "inviter": "U5TCAFTD3"
    },
    {
        "user": "UAJ9DV971",
        "type": "message",
        "subtype": "channel_join",
        "ts": "1533351524.000032",
        "text": "<@UAJ9DV971> has joined the channel",
        "inviter": "U5TCAFTD3"
    },
    {
        "user": "UBN9AFS0N",
        "type": "message",
        "subtype": "channel_join",
        "ts": "1533351524.000037",
        "text": "<@UBN9AFS0N> has joined the channel",
        "inviter": "U5TCAFTD3"
    },
    {
        "user": "UBSECLTUG",
        "type": "message",
        "subtype": "channel_join",
        "ts": "1533351524.000041",
        "text": "<@UBSECLTUG> has joined the channel",
        "inviter": "U5TCAFTD3"
    },
    {
        "user": "U7ZKJ0ZRD",
        "type": "message",
        "subtype": "channel_join",
        "ts": "1533351524.000046",
        "text": "<@U7ZKJ0ZRD> has joined the channel",
        "inviter": "U5TCAFTD3"
    },
    {
        "user": "U7TJ8PRDW",
        "type": "message",
        "subtype": "channel_join",
        "ts": "1533351524.000052",
        "text": "<@U7TJ8PRDW> has joined the channel",
        "inviter": "U5TCAFTD3"
    },
    {
        "user": "UC11AF54J",
        "type": "message",
        "subtype": "channel_join",
        "ts": "1533351524.000057",
        "text": "<@UC11AF54J> has joined the channel",
        "inviter": "U5TCAFTD3"
    },
    {
        "user": "UA96X0MED",
        "type": "message",
        "subtype": "channel_join",
        "ts": "1533351524.000063",
        "text": "<@UA96X0MED> has joined the channel",
        "inviter": "U5TCAFTD3"
    },
    {
        "user": "U9ZANRMC1",
        "type": "message",
        "subtype": "channel_join",
        "ts": "1533351524.000071",
        "text": "<@U9ZANRMC1> has joined the channel",
        "inviter": "U5TCAFTD3"
    },
    {
        "user": "UASNE4JBG",
        "type": "message",
        "subtype": "channel_join",
        "ts": "1533351524.000081",
        "text": "<@UASNE4JBG> has joined the channel",
        "inviter": "U5TCAFTD3"
    },
    {
        "user": "U7C7B75R6",
        "type": "message",
        "subtype": "channel_join",
        "ts": "1533351524.000089",
        "text": "<@U7C7B75R6> has joined the channel",
        "inviter": "U5TCAFTD3"
    },
    {
        "user": "U6S1R1M6K",
        "type": "message",
        "subtype": "channel_join",
        "ts": "1533351524.000100",
        "text": "<@U6S1R1M6K> has joined the channel",
        "inviter": "U5TCAFTD3"
    },
    {
        "user": "UA8HY8R7B",
        "type": "message",
        "subtype": "channel_join",
        "ts": "1533351525.000005",
        "text": "<@UA8HY8R7B> has joined the channel",
        "inviter": "U5TCAFTD3"
    },
    {
        "user": "UC0CULEM8",
        "type": "message",
        "subtype": "channel_join",
        "ts": "1533351525.000011",
        "text": "<@UC0CULEM8> has joined the channel",
        "inviter": "U5TCAFTD3"
    },
    {
        "user": "U9KH0A86L",
        "type": "message",
        "subtype": "channel_join",
        "ts": "1533351525.000022",
        "text": "<@U9KH0A86L> has joined the channel",
        "inviter": "U5TCAFTD3"
    },
    {
        "user": "U9ZKD8T0R",
        "type": "message",
        "subtype": "channel_join",
        "ts": "1533351525.000034",
        "text": "<@U9ZKD8T0R> has joined the channel",
        "inviter": "U5TCAFTD3"
    },
    {
        "user": "U5UN1ED7A",
        "type": "message",
        "subtype": "channel_join",
        "ts": "1533351525.000041",
        "text": "<@U5UN1ED7A> has joined the channel",
        "inviter": "U5TCAFTD3"
    },
    {
        "user": "U6BRN7A0Y",
        "type": "message",
        "subtype": "channel_join",
        "ts": "1533351525.000069",
        "text": "<@U6BRN7A0Y> has joined the channel",
        "inviter": "U5TCAFTD3"
    },
    {
        "user": "UAZT04VT4",
        "type": "message",
        "subtype": "channel_join",
        "ts": "1533351525.000076",
        "text": "<@UAZT04VT4> has joined the channel",
        "inviter": "U5TCAFTD3"
    },
    {
        "user": "U7GTL7EH0",
        "type": "message",
        "subtype": "channel_join",
        "ts": "1533351525.000082",
        "text": "<@U7GTL7EH0> has joined the channel",
        "inviter": "U5TCAFTD3"
    },
    {
        "user": "U5YTP98TT",
        "type": "message",
        "subtype": "channel_join",
        "ts": "1533351525.000085",
        "text": "<@U5YTP98TT> has joined the channel",
        "inviter": "U5TCAFTD3"
    },
    {
        "user": "U9ZU3C9KM",
        "type": "message",
        "subtype": "channel_join",
        "ts": "1533351525.000102",
        "text": "<@U9ZU3C9KM> has joined the channel",
        "inviter": "U5TCAFTD3"
    },
    {
        "user": "UAS4GQCHX",
        "type": "message",
        "subtype": "channel_join",
        "ts": "1533351525.000105",
        "text": "<@UAS4GQCHX> has joined the channel",
        "inviter": "U5TCAFTD3"
    },
    {
        "user": "U9ZEFBU2V",
        "type": "message",
        "subtype": "channel_join",
        "ts": "1533351526.000010",
        "text": "<@U9ZEFBU2V> has joined the channel",
        "inviter": "U5TCAFTD3"
    },
    {
        "user": "U5ZBLAKN1",
        "type": "message",
        "subtype": "channel_join",
        "ts": "1533351526.000015",
        "text": "<@U5ZBLAKN1> has joined the channel",
        "inviter": "U5TCAFTD3"
    },
    {
        "user": "U6LER153L",
        "type": "message",
        "subtype": "channel_join",
        "ts": "1533351526.000019",
        "text": "<@U6LER153L> has joined the channel",
        "inviter": "U5TCAFTD3"
    },
    {
        "user": "UBTCHBJSV",
        "type": "message",
        "subtype": "channel_join",
        "ts": "1533351526.000027",
        "text": "<@UBTCHBJSV> has joined the channel",
        "inviter": "U5TCAFTD3"
    },
    {
        "user": "UBSMEUXAA",
        "type": "message",
        "subtype": "channel_join",
        "ts": "1533351526.000045",
        "text": "<@UBSMEUXAA> has joined the channel",
        "inviter": "U5TCAFTD3"
    },
    {
        "user": "U8A5MS6R1",
        "type": "message",
        "subtype": "channel_join",
        "ts": "1533351526.000061",
        "text": "<@U8A5MS6R1> has joined the channel",
        "inviter": "U5TCAFTD3"
    },
    {
        "user": "U6JQLL539",
        "type": "message",
        "subtype": "channel_join",
        "ts": "1533351526.000065",
        "text": "<@U6JQLL539> has joined the channel",
        "inviter": "U5TCAFTD3"
    },
    {
        "user": "UAJKEBGP8",
        "type": "message",
        "subtype": "channel_join",
        "ts": "1533351526.000069",
        "text": "<@UAJKEBGP8> has joined the channel",
        "inviter": "U5TCAFTD3"
    },
    {
        "user": "U96EREN84",
        "type": "message",
        "subtype": "channel_join",
        "ts": "1533351526.000073",
        "text": "<@U96EREN84> has joined the channel",
        "inviter": "U5TCAFTD3"
    },
    {
        "user": "U5STGTB3J",
        "type": "message",
        "subtype": "channel_join",
        "ts": "1533351526.000078",
        "text": "<@U5STGTB3J> has joined the channel",
        "inviter": "U5TCAFTD3"
    },
    {
        "user": "UBZ91GWJW",
        "type": "message",
        "subtype": "channel_join",
        "ts": "1533351526.000088",
        "text": "<@UBZ91GWJW> has joined the channel",
        "inviter": "U5TCAFTD3"
    },
    {
        "user": "UAST2M9EW",
        "type": "message",
        "subtype": "channel_join",
        "ts": "1533351527.000001",
        "text": "<@UAST2M9EW> has joined the channel",
        "inviter": "U5TCAFTD3"
    },
    {
        "user": "U6FKVSVCK",
        "type": "message",
        "subtype": "channel_join",
        "ts": "1533351527.000010",
        "text": "<@U6FKVSVCK> has joined the channel",
        "inviter": "U5TCAFTD3"
    },
    {
        "user": "U7D3W85GT",
        "type": "message",
        "subtype": "channel_join",
        "ts": "1533351527.000014",
        "text": "<@U7D3W85GT> has joined the channel",
        "inviter": "U5TCAFTD3"
    },
    {
        "user": "U5U4S45HC",
        "type": "message",
        "subtype": "channel_join",
        "ts": "1533351527.000020",
        "text": "<@U5U4S45HC> has joined the channel",
        "inviter": "U5TCAFTD3"
    },
    {
        "user": "U89NPJGEA",
        "type": "message",
        "subtype": "channel_join",
        "ts": "1533351527.000025",
        "text": "<@U89NPJGEA> has joined the channel",
        "inviter": "U5TCAFTD3"
    },
    {
        "user": "UA14TGLTC",
        "type": "message",
        "subtype": "channel_join",
        "ts": "1533351527.000056",
        "text": "<@UA14TGLTC> has joined the channel",
        "inviter": "U5TCAFTD3"
    },
    {
        "user": "U79HM6726",
        "type": "message",
        "subtype": "channel_join",
        "ts": "1533351527.000061",
        "text": "<@U79HM6726> has joined the channel",
        "inviter": "U5TCAFTD3"
    },
    {
        "client_msg_id": "AC2CDDBE-A74D-4083-AD25-FDF8BCFAF181",
        "type": "message",
        "text": "Welcome everyone to the introductions channel. Let’s welcome new members here",
        "user": "U5TCAFTD3",
        "ts": "1533351562.000032",
        "reactions": [
            {
                "name": "+1",
                "users": [
                    "U85HCL7JP",
                    "UA14TGLTC",
                    "U7D3W85GT"
                ],
                "count": 3
            }
        ]
    },
    {
        "client_msg_id": "606A452F-1F82-43EC-BD71-042930ED3BC7",
        "type": "message",
        "text": "First new member: <@UC21F8Q48> of Sketch-n-sketch! Welcome :open_hands:. Feel free to tell us a bit more about yourself if you’re so inclined  ",
        "user": "U5TCAFTD3",
        "ts": "1533351671.000018"
    },
    {
        "client_msg_id": "157b34c6-70bf-430b-a5f9-8aec8c4cedcf",
        "type": "message",
        "text": "Hi, I’m Brian. I’m a grad student working on Sketch-n-Sketch, a bimodal program editor that allows the programmer to edit their plain-text code _or_ to directly manipulate the program’s output and thereby trigger appropriate program updates. Our main target domain is programs that draw SVGs, because for manipulating graphical shapes there’s already a kind of “standard” mouse UI—think Inkscape or PowerPoint or Illustrator—and a first goal was to imitate the basic interactions of such a regular vector graphics editor, although using plain-text code as the underlying representation of the drawing rather than some hidden graphics-specific internal data structure. More broadly the goal is to figure out reasonable ways to back-propagate manipulations on the output into code transformations, and even more broadly the theme is exploring ways to add more direct manipulation interactions to the programming workflow (e.g. mouse manipulations on code as well as on output). Many of the techniques are not specific to SVG and we are looking at alternative domains. (5min demo vid: <https:\/\/www.youtube.com\/watch?v=M3P7z1o1ULY> Website: <https:\/\/ravichugh.github.io\/sketch-n-sketch\/>) Thanks for reading!",
        "user": "UC21F8Q48",
        "ts": "1533354907.000029",
        "attachments": [
            {
                "service_name": "YouTube",
                "service_url": "https:\/\/www.youtube.com\/",
                "title": "Coffee Mugs in Sketch-n-Sketch",
                "title_link": "https:\/\/www.youtube.com\/watch?v=M3P7z1o1ULY",
                "author_name": "Ravi Chugh",
                "author_link": "https:\/\/www.youtube.com\/user\/Ravichugh",
                "thumb_url": "https:\/\/i.ytimg.com\/vi\/M3P7z1o1ULY\/hqdefault.jpg",
                "thumb_width": 480,
                "thumb_height": 360,
                "fallback": "YouTube Video: Coffee Mugs in Sketch-n-Sketch",
                "video_html": "<iframe width=\"400\" height=\"225\" src=\"https:\/\/www.youtube.com\/embed\/M3P7z1o1ULY?feature=oembed&autoplay=1&iv_load_policy=3\" frameborder=\"0\" allow=\"autoplay; encrypted-media\" allowfullscreen><\/iframe>",
                "video_html_width": 400,
                "video_html_height": 225,
                "from_url": "https:\/\/www.youtube.com\/watch?v=M3P7z1o1ULY",
                "service_icon": "https:\/\/a.slack-edge.com\/2089\/img\/unfurl_icons\/youtube.png",
                "id": 1,
                "original_url": "https:\/\/www.youtube.com\/watch?v=M3P7z1o1ULY"
            }
        ],
        "thread_ts": "1533354907.000029",
        "reply_count": 1,
        "reply_users_count": 1,
        "latest_reply": "1533357367.000028",
        "reply_users": [
            "UA14TGLTC"
        ],
        "replies": [
            {
                "user": "UA14TGLTC",
                "ts": "1533357367.000028"
            }
        ],
        "reactions": [
            {
                "name": "wave",
                "users": [
                    "UA14TGLTC",
                    "U5TCAFTD3",
                    "U8A5MS6R1",
                    "UEQ7QL15F"
                ],
                "count": 4
            }
        ]
    },
    {
        "client_msg_id": "5daf90f1-55fa-428c-9e6c-72e7a8304234",
        "type": "message",
        "text": "Hi <@UC21F8Q48>! We had lunch at OOPSLA last year. Good to see you again",
        "user": "UC1TYP06P",
        "ts": "1533356184.000041",
        "thread_ts": "1533356184.000041",
        "reply_count": 1,
        "reply_users_count": 1,
        "latest_reply": "1533356342.000040",
        "reply_users": [
            "UC21F8Q48"
        ],
        "replies": [
            {
                "user": "UC21F8Q48",
                "ts": "1533356342.000040"
            }
        ]
    },
    {
        "client_msg_id": "4ce04172-2916-4eea-994d-3a74ba82942c",
        "type": "message",
        "text": ":wave: I confess I don’t remember what we discussed but I remember we talked. Glad to run into you again!",
        "user": "UC21F8Q48",
        "ts": "1533356342.000040",
        "thread_ts": "1533356184.000041",
        "parent_user_id": "UC1TYP06P"
    },
    {
        "client_msg_id": "a0d1bf6f-ab55-487d-ac09-b1fa1d00d80f",
        "type": "message",
        "text": "\"Dig Hole\" — good stuff.",
        "user": "UA14TGLTC",
        "ts": "1533357367.000028",
        "thread_ts": "1533354907.000029",
        "parent_user_id": "UC21F8Q48",
        "reactions": [
            {
                "name": "hole",
                "users": [
                    "UC21F8Q48"
                ],
                "count": 1
            }
        ]
    }
]