[
    {
        "client_msg_id": "715a113a-fcec-4045-96d9-c3d0e5940ab5",
        "type": "message",
        "text": "Hi all, I'm Jeremy, currently based in London where I am working for a Fintech. I have spent a lot of time recently thinking about topics related to this field and I plan to spend a growing amount of my time exploring the question of whether these ideas can be brought to life. Just like everyone else, I do not know what exactly this might turn into. My academic background is in maths and I have always had an interest in computers, and particularly the visual usage of these.\n\nAn example of what frustrated (frustrates) me growing up was walking around a video game world complete with environment, characters etc. and not having any control to modify or create any of the game myself, without going back to 'square 1' so to speak. I look forward to following the conversations as they develop here.\n\nP.S. I found this community through Steve's post on 'A Visual History of Eve' (<https:\/\/futureofcoding.org\/essays\/eve\/>).",
        "user": "UD72R4WTU",
        "ts": "1538900103.000100",
        "thread_ts": "1538900103.000100",
        "reply_count": 5,
        "reply_users_count": 2,
        "latest_reply": "1539038012.000100",
        "reply_users": [
            "UBSMEUXAA",
            "UD72R4WTU"
        ],
        "replies": [
            {
                "user": "UBSMEUXAA",
                "ts": "1539023605.000100"
            },
            {
                "user": "UD72R4WTU",
                "ts": "1539031411.000100"
            },
            {
                "user": "UBSMEUXAA",
                "ts": "1539037841.000100"
            },
            {
                "user": "UBSMEUXAA",
                "ts": "1539037861.000100"
            },
            {
                "user": "UBSMEUXAA",
                "ts": "1539038012.000100"
            }
        ],
        "reactions": [
            {
                "name": "wave",
                "users": [
                    "UCKRZS3DZ",
                    "U5TCAFTD3",
                    "U85HCL7JP",
                    "U7C7B75R6",
                    "UAL7940NM",
                    "U8A5MS6R1",
                    "UCXR52MU2",
                    "UCQ4BBFQ9",
                    "UA14TGLTC",
                    "U5STGTB3J"
                ],
                "count": 10
            }
        ]
    }
]