[
    {
        "client_msg_id": "f1766cd5-9d1f-442f-9ec9-564b28acfcc2",
        "type": "message",
        "text": "That sounds like a fun dissertation! Would like to see it in the future.",
        "user": "UCGAK10LS",
        "ts": "1542187167.067200",
        "thread_ts": "1542136066.065400",
        "parent_user_id": "UDYGH7K8V",
        "reactions": [
            {
                "name": "+1",
                "users": [
                    "U8A5MS6R1",
                    "UA8HY8R7B"
                ],
                "count": 2
            }
        ]
    },
    {
        "client_msg_id": "dfe9389c-829c-4f05-811e-b311e7bf771d",
        "type": "message",
        "text": "Hi all! I'm a Twitter fan of <@U5TCAFTD3> and the work of lots of people here.\n\nI've dabbled with programming environment projects like <http:\/\/dalsegno.ballingt.com\/> mostly because I was trying to copy some work <https:\/\/maryrosecook.com> was doing, finally signed up for this Slack while watching Chris Granger's LIVE talk. I'm excited about programming education (I volunteer with Software Carpentry and worked at the Recurse Center for 4 years) and have reached the point where I've been excited about possible programming futures for long enough to start being a little questioning, but I'm not cynical yet :slightly_smiling_face:\n\nOh I'm interesting and occasionally involved in the IPython\/Jupyter world, and I still like REPLs and wrote a new terminal frontend for bpython - I liked the rewind feature and made some changes to it that makes it more exciting for live-coding.",
        "user": "UE3KC0VK6",
        "ts": "1542223536.072500",
        "edited": {
            "user": "UE3KC0VK6",
            "ts": "1542223807.000000"
        },
        "attachments": [
            {
                "title": "Mary Rose Cook",
                "title_link": "https:\/\/maryrosecook.com\/",
                "text": "Essays, talks and projects by Mary Rose Cook",
                "fallback": "Mary Rose Cook",
                "from_url": "https:\/\/maryrosecook.com\/",
                "service_icon": "https:\/\/maryrosecook.com\/favicon.ico",
                "service_name": "maryrosecook.com",
                "id": 1,
                "original_url": "https:\/\/maryrosecook.com"
            }
        ],
        "thread_ts": "1542223536.072500",
        "reply_count": 1,
        "reply_users_count": 1,
        "latest_reply": "1542223613.072800",
        "reply_users": [
            "UE3KC0VK6"
        ],
        "replies": [
            {
                "user": "UE3KC0VK6",
                "ts": "1542223613.072800"
            }
        ],
        "reactions": [
            {
                "name": "wave",
                "users": [
                    "U8A5MS6R1",
                    "UCUSW7WVD",
                    "U85HCL7JP",
                    "U5TCAFTD3",
                    "UA14TGLTC",
                    "UCKRZS3DZ",
                    "UDRKY9D3R",
                    "UE0ETTCG7",
                    "U5T9JLUAE",
                    "UDCLT064X",
                    "U5STGTB3J",
                    "UERTM1JPR",
                    "UCSJ44X1S"
                ],
                "count": 13
            }
        ]
    },
    {
        "client_msg_id": "bd46dfcf-c72a-45e0-8503-b4a71b42b05d",
        "type": "message",
        "text": "Currently in SF working at Dropbox, I spend some time in NYC too.",
        "user": "UE3KC0VK6",
        "ts": "1542223613.072800",
        "thread_ts": "1542223536.072500",
        "parent_user_id": "UE3KC0VK6"
    }
]