[
    {
        "client_msg_id": "c6b7b23c-2d4c-4d66-9b57-a080759563a6",
        "type": "message",
        "text": "&gt; a reminder: if inexperienced creators are using your tool to churn out loads of half-baked garbage, your tool is a phenomenal success\n\nHahahaha, yeah <@UC2A2ARPT>, the first tweet I see is gold",
        "user": "UER7F60EP",
        "ts": "1544782463.092200",
        "reactions": [
            {
                "name": "grin",
                "users": [
                    "UCKRZS3DZ",
                    "UC2A2ARPT",
                    "UBSMEUXAA",
                    "UA14TGLTC",
                    "UEQG5HC1W"
                ],
                "count": 5
            }
        ]
    },
    {
        "client_msg_id": "74ac350c-c4d5-44a4-a72a-9f9fe5b19cc3",
        "type": "message",
        "text": "Welcome Max! Glad to have more CM folks around :smile:",
        "user": "UDYGH7K8V",
        "ts": "1544792385.093500",
        "thread_ts": "1544754436.089700",
        "parent_user_id": "UETJZ9V0T"
    },
    {
        "client_msg_id": "90fb574c-9e32-4bc8-a344-7aa2e23de010",
        "type": "message",
        "text": "Hey Max, I love your article about what would programming look like if it was like sculpting instead of painting: <https:\/\/mkremins.github.io\/blog\/sculpting-possibility-space\/>.",
        "user": "UDRKY9D3R",
        "ts": "1544798261.093900",
        "attachments": [
            {
                "title": "Sculpting possibility space",
                "title_link": "https:\/\/mkremins.github.io\/blog\/sculpting-possibility-space\/",
                "text": "One of the best and most unexpectedly compelling things I read last month was Jason Brennan’s post on the value of stating the obvious. So, in the spirit of stating the obvious, I’m going to try to describe a very simple shift in perspective that ...",
                "fallback": "Sculpting possibility space",
                "from_url": "https:\/\/mkremins.github.io\/blog\/sculpting-possibility-space\/",
                "service_name": "mkremins.github.io",
                "id": 1,
                "original_url": "https:\/\/mkremins.github.io\/blog\/sculpting-possibility-space\/"
            }
        ],
        "thread_ts": "1544754436.089700",
        "parent_user_id": "UETJZ9V0T",
        "reactions": [
            {
                "name": "heart",
                "users": [
                    "UEQG5HC1W"
                ],
                "count": 1
            }
        ]
    },
    {
        "client_msg_id": "cb4ed4e5-48f5-4c5b-942e-37452a465a24",
        "type": "message",
        "text": "Reducing the possibility space is done in libraries and frameworks by having good defaults. The sculpting metaphor is quite good!",
        "user": "UEQG5HC1W",
        "ts": "1544824560.094800",
        "thread_ts": "1544754436.089700",
        "parent_user_id": "UETJZ9V0T"
    }
]