[
    {
        "client_msg_id": "153c0608-5efe-4f89-9009-e48a5c793b24",
        "type": "message",
        "text": "Hi all. I was recently introduced to Steve. I see I've stumbled across some like-minded folks here (i.e. \"programming can be so much better!!!\"). Like many of you, I'm a gentleman scientist (<https:\/\/nadiaeghbal.com\/independent-research>), tinkering with language ideas that I'd love to use with real work -- like Automatic Concurrency, Automatic Mutable State Safety, Safe Hot Swap, Automatic Garbage Collection, and Friendly Dependent Types. I'm based in Denver in case anyone else is here. I find myself in Boston, SF (recently for YC events), and NYC now and then too, and love to talk PLs. Nice to be here.",
        "user": "UD17MRQ4V",
        "ts": "1538197735.000100",
        "attachments": [
            {
                "service_name": "Nadia Eghbal",
                "title": "The independent researcher",
                "title_link": "https:\/\/nadiaeghbal.com\/independent-research",
                "text": "Adarsh Pandit recently introduced me to the concept of the “gentleman scientist”: a researcher who funds their work independently. After digging around a bit, I was fascinated to learn that independent researchers were fairly common in the 18th and 19th centuries.",
                "fallback": "Nadia Eghbal: The independent researcher",
                "ts": 1530057600,
                "from_url": "https:\/\/nadiaeghbal.com\/independent-research",
                "service_icon": "https:\/\/nadiaeghbal.com\/assets\/img\/favicon.png",
                "id": 1,
                "original_url": "https:\/\/nadiaeghbal.com\/independent-research"
            }
        ],
        "reactions": [
            {
                "name": "wave",
                "users": [
                    "U5TCAFTD3",
                    "U85HCL7JP",
                    "U8A5MS6R1",
                    "UCXR52MU2",
                    "U5STGTB3J",
                    "UC2A2ARPT",
                    "UD43R8ZFV",
                    "UCQ4BBFQ9"
                ],
                "count": 8
            }
        ]
    }
]