[
    {
        "client_msg_id": "330aae0b-354e-4e78-b4d2-a72ba8003a69",
        "type": "message",
        "text": "Heya! I've been dreaming about this community for years... finally found y'all at StrangeLoop and excited to explore and create with everybody :slightly_smiling_face:",
        "user": "UD69XQ9J8",
        "ts": "1538585708.000100",
        "thread_ts": "1538585708.000100",
        "reply_count": 1,
        "reply_users_count": 1,
        "latest_reply": "1538607040.000100",
        "reply_users": [
            "U7C7B75R6"
        ],
        "replies": [
            {
                "user": "U7C7B75R6",
                "ts": "1538607040.000100"
            }
        ],
        "reactions": [
            {
                "name": "wave",
                "users": [
                    "U8A5MS6R1",
                    "U85HCL7JP",
                    "UCKRZS3DZ",
                    "U5TCAFTD3",
                    "UA14TGLTC",
                    "UCQ4BBFQ9",
                    "UCXR52MU2",
                    "UERTM1JPR"
                ],
                "count": 8
            }
        ]
    },
    {
        "client_msg_id": "4fcd43f6-beaf-494a-9513-ce4a3736c765",
        "type": "message",
        "text": "I have not heard of those.  Looks interesting, thanks for the lead!",
        "user": "UD43Q7N66",
        "ts": "1538588594.000100",
        "thread_ts": "1538335940.000100",
        "parent_user_id": "UD43Q7N66"
    },
    {
        "client_msg_id": "daff21da-ae3b-42b2-b56d-387a1bcc33d8",
        "type": "message",
        "text": "Sounds awesome, Tim!  There is a very special place in my heart for pixel art.  Hit us back with a demo when you can share one :]",
        "user": "UD43Q7N66",
        "ts": "1538588703.000100",
        "thread_ts": "1538363321.000100",
        "parent_user_id": "UD43R8ZFV",
        "reactions": [
            {
                "name": "+1",
                "users": [
                    "UD43R8ZFV"
                ],
                "count": 1
            }
        ]
    },
    {
        "client_msg_id": "7658d186-dec3-4510-9bc7-924b9bd7ba6d",
        "type": "message",
        "text": "If you want a program synth reading list, or have any other questions, just let me know.",
        "user": "UC21F8Q48",
        "ts": "1538589938.000100",
        "thread_ts": "1538335940.000100",
        "parent_user_id": "UD43Q7N66"
    },
    {
        "client_msg_id": "bd2cb205-2bb4-4a84-b222-065cbf073784",
        "type": "message",
        "text": "Welcome and thanks for being part of the steady growth of this high-quality community and increasing change that future will come!",
        "user": "U7C7B75R6",
        "ts": "1538607040.000100",
        "thread_ts": "1538585708.000100",
        "parent_user_id": "UD69XQ9J8"
    }
]