[
    {
        "client_msg_id": "849ed945-f991-48b7-a036-46d2e46c1f68",
        "type": "message",
        "text": "&gt; correctly translated to english phrase \"научный руководитель\"\n\nI think it's gonna be \"academic supervisor\"",
        "user": "UCKRZS3DZ",
        "ts": "1545640513.023700",
        "thread_ts": "1545495836.016500",
        "parent_user_id": "UD98CHSLS"
    },
    {
        "client_msg_id": "1E44B988-FDF3-43B4-AF44-3A65E3B7BB65",
        "type": "message",
        "text": "I guess a different way to ask is how many years of commitment are involved?  1-2 doesn't matter so much, 3-6 matters much more.",
        "user": "UA14TGLTC",
        "ts": "1545640640.024800",
        "thread_ts": "1545495836.016500",
        "parent_user_id": "UD98CHSLS"
    }
]