[
    {
        "client_msg_id": "68c70bb9-cd57-4bf8-80a5-1bbd86cbdc9f",
        "type": "message",
        "text": "Hi everybody! I’m a programmer based in Dubai\/Kashmir. I’m a Mechanical engineer by training, but have been programming since a very young age. I tried to build multiple edtech products before this, and all of them failed and taught me important lessons and I’m happy to be a better developer and even better person because of those experiences. I love reading the works of Vannevar Bush, Alan Kay and Bret Victor. I also like hiking and camping, and also Urdu\/Persian\/Kashmiri poetry.\n\nI’m currently working on a project which doesn’t have a name yet. But I’m basically trying to build a new type of digital document which is intended to be non-linear, dynamic, and action-oriented.\n\nThe document can be made using an editor that I’m currently building which will resemble Google Docs in terms of UI, but the document itself will allow writers to write in a format that allows you to “dive deeper” into particular sections of text allowing readers to go down a “rabbit hole” or skim a document.\n\nThe document will also be connected to various webservices and will allow users to construct pipelines of actions\/triggers which can modify it, for example — “When somebody mentions me on Twitter, add a row to this table on this document, send an SMS to my friend, and then set the value of the “mentions” column on this other table to +1 from what it is already” .\n\nI don’t have a name for the project right now, but I’m close to launching a public version of it. I wish to speak with people who can critique the idea, offer some feedback, or even if it sounds useful\/useless I am happy to hear more about why\/why not.\n\nI am also applying to business school these days and sorting out my GMAT, although if I could afford it, I would just focus on building this full time.",
        "user": "UDSVC5RK2",
        "ts": "1541186468.027300",
        "thread_ts": "1541186468.027300",
        "reply_count": 2,
        "reply_users_count": 2,
        "latest_reply": "1541275110.030200",
        "reply_users": [
            "UBAP530VB",
            "UAVBSJGG5"
        ],
        "replies": [
            {
                "user": "UBAP530VB",
                "ts": "1541199414.029000"
            },
            {
                "user": "UAVBSJGG5",
                "ts": "1541275110.030200"
            }
        ],
        "reactions": [
            {
                "name": "+1",
                "users": [
                    "UCKRZS3DZ",
                    "U5TCAFTD3",
                    "UAL7940NM",
                    "UAVBSJGG5",
                    "UA14TGLTC",
                    "UCXR52MU2",
                    "UCQ4BBFQ9",
                    "UCSJ44X1S"
                ],
                "count": 8
            },
            {
                "name": "wave",
                "users": [
                    "UD6EXQVM0"
                ],
                "count": 1
            }
        ]
    },
    {
        "client_msg_id": "7c1fe136-98b2-4d8c-87d5-65238af8b38d",
        "type": "message",
        "text": "Nice to “meet” this community! I have been reading the past posts and this seems like home :slightly_smiling_face:",
        "user": "UDSVC5RK2",
        "ts": "1541186493.028000",
        "reactions": [
            {
                "name": "wave",
                "users": [
                    "U8A5MS6R1",
                    "UDT5EG36J",
                    "U5TCAFTD3",
                    "UA14TGLTC",
                    "UCQ4BBFQ9",
                    "U5STGTB3J"
                ],
                "count": 6
            }
        ]
    },
    {
        "client_msg_id": "126d8908-780f-4922-86f5-bbbda2ef0a70",
        "type": "message",
        "text": "hi! whenever you have something to show you can post it in the <#CCL5VVBAN|feedback> channel",
        "user": "UBN9AFS0N",
        "ts": "1541186653.028600",
        "reactions": [
            {
                "name": "+1",
                "users": [
                    "U8A5MS6R1",
                    "U5TCAFTD3",
                    "UA14TGLTC"
                ],
                "count": 3
            }
        ]
    },
    {
        "client_msg_id": "2bb8bab3-e7ab-4c03-9bd5-72677f62ea47",
        "type": "message",
        "text": "The way you described it sounds like Coda for me. <https:\/\/coda.io\/welcome>. Being someone interested in this space, looking forward to checkout your product. Congrats and also good luck! ",
        "user": "UBAP530VB",
        "ts": "1541199414.029000",
        "attachments": [
            {
                "service_name": "Coda",
                "title": "Coda. A doc for makers.",
                "title_link": "https:\/\/coda.io\/welcome",
                "text": "Coda is a new doc that grows with your ideas. We built it so the next generation of makers can build docs as powerful as apps. What will you Coda?",
                "fallback": "Coda: Coda. A doc for makers.",
                "image_url": "https:\/\/cdn.coda.io\/assets\/external\/img\/oembed.png",
                "fields": [
                    {
                        "title": "Doc Gallery",
                        "value": "<https:\/\/coda.io\/templates>",
                        "short": true
                    },
                    {
                        "title": "Coda Blog",
                        "value": "<https:\/\/blog.coda.io\/>",
                        "short": true
                    }
                ],
                "from_url": "https:\/\/coda.io\/welcome",
                "image_width": 476,
                "image_height": 250,
                "image_bytes": 66265,
                "id": 1,
                "original_url": "https:\/\/coda.io\/welcome"
            }
        ],
        "thread_ts": "1541186468.027300",
        "parent_user_id": "UDSVC5RK2",
        "reactions": [
            {
                "name": "+1",
                "users": [
                    "UDCLT064X",
                    "UAVBSJGG5"
                ],
                "count": 2
            }
        ]
    }
]