[
    {
        "client_msg_id": "F80BB203-3AA0-42D0-8C42-104E273D4BD8",
        "type": "message",
        "text": "Sorry for responding so incredibly lately too this, but this is indeed lovely. :sparkles: I wasn't able to get it to work on mobile, and I don't have my laptop this weekend, but the video is incredibly moving. I've done a tiny bit off playing around with tidalcycles, and this environment (particularly the sparklines) represent a huge step forward in the ability to comprehend the system. I'm looking forward to investigating this more closely. Thanks for sharing. ",
        "user": "U9F8M41AM",
        "ts": "1543169372.096400",
        "thread_ts": "1541734688.048400",
        "parent_user_id": "UE0H4170F"
    },
    {
        "client_msg_id": "64811E08-A668-4603-86C9-FB0564A87726",
        "type": "message",
        "text": "Welcome, and thanks from a longtime Postman user!",
        "user": "UDJ2TKB99",
        "ts": "1543171679.097100",
        "thread_ts": "1543026670.088800",
        "parent_user_id": "UEASWGGMR"
    },
    {
        "client_msg_id": "f26c28d4-c81b-41d3-84dc-3eefc4a86599",
        "type": "message",
        "text": "Cool. A not-so-technical friend from a previous job recently asked me for tech support with a curl command. I suggested she use Postman. She said “I had some problems with that” and didn’t elaborate. Eventually we got the curl command working.\n\nThere’s probably some deeper lesson about abstractions here, hehe.",
        "user": "UDCLT064X",
        "ts": "1543206385.097400",
        "thread_ts": "1543026670.088800",
        "parent_user_id": "UEASWGGMR"
    }
]