[
    {
        "client_msg_id": "55296964-dbbf-4663-ae18-c13d1d10793a",
        "type": "message",
        "text": "Hiya, I live in London and currently work on a consumer app that's unrelated to all this.\n\nHowever, lately I've been gripped by the idea that the way we build our computing systems today can't possibly be sustainable. Assuming we're still computing in 1000 years, I'm convinced it won't look like this—so how do we start moving in that direction?\n\nAt the beginning of my career almost 20 years ago I worked on a system at MAYA Design (Civium\/Visage\/VIA Repository) that used unconventional approaches like storing data in key-value dictionaries with UUIDs that could be easily distributed\/synced across the network, as well as a message-based\/boxes-and-wires programming model where the code modules were also stored in these dictionaries, so that computing could happen wherever was convenient. (It mostly worked, but was a bit slow.)\n\nI'm interested in seeing what systems have been built since then that explore similar ideas, since I feel that data storage &amp; management is a useful lens to help us see the future of computing. I've already spent a few days following links from this Slack, and the closest things I found so far were the Houyhnhnm Computing essays, <http:\/\/Sandstorm.io|Sandstorm.io>, IPFS, Urbit, and Camlistore. (I'd appreciate pointers to other things in that vein.)\n\nI'm also very interested in the meta-problem of how to architect new technologies in a way that aligns people's and companies' incentives to increase their chances of getting developed and adopted.\n\nThanks to <@U5TCAFTD3> for building this beacon to help us find each other, and to <@U5STGTB3J> for getting me on board. Looking forward to meeting some of you at a future London meetup!",
        "user": "UDJ2TKB99",
        "ts": "1540290578.000100",
        "thread_ts": "1540290578.000100",
        "reply_count": 8,
        "reply_users_count": 4,
        "latest_reply": "1551070179.005700",
        "reply_users": [
            "UDJ2TKB99",
            "U8A5MS6R1",
            "UC2A2ARPT",
            "UD6EXQVM0"
        ],
        "replies": [
            {
                "user": "UDJ2TKB99",
                "ts": "1540290600.000100"
            },
            {
                "user": "U8A5MS6R1",
                "ts": "1540313570.000100"
            },
            {
                "user": "UC2A2ARPT",
                "ts": "1540313714.000100"
            },
            {
                "user": "U8A5MS6R1",
                "ts": "1540313909.000100"
            },
            {
                "user": "UDJ2TKB99",
                "ts": "1540366880.000200"
            },
            {
                "user": "UDJ2TKB99",
                "ts": "1540366947.000100"
            },
            {
                "user": "UC2A2ARPT",
                "ts": "1540417027.000100"
            },
            {
                "user": "UD6EXQVM0",
                "ts": "1551070179.005700"
            }
        ],
        "reactions": [
            {
                "name": "wave",
                "users": [
                    "U5TCAFTD3",
                    "U5STGTB3J",
                    "UCKRZS3DZ",
                    "U8A5MS6R1",
                    "UA14TGLTC",
                    "U85HCL7JP",
                    "UCUSW7WVD",
                    "U7C7B75R6",
                    "UCXR52MU2",
                    "UCQ4BBFQ9",
                    "UGN48CDRB"
                ],
                "count": 11
            }
        ]
    },
    {
        "client_msg_id": "ea5c63eb-1775-4237-b0ac-b788d88fabae",
        "type": "message",
        "text": "BTW, here are a few links into the cloud of papers about the MAYA work I mentioned: <https:\/\/scholar.google.com\/scholar?q=related:Rq4sVl9nNhUCiM:scholar.google.com\/>",
        "user": "UDJ2TKB99",
        "ts": "1540290600.000100",
        "thread_ts": "1540290578.000100",
        "parent_user_id": "UDJ2TKB99"
    },
    {
        "client_msg_id": "9edf01d8-2713-4396-9155-59faab5b4797",
        "type": "message",
        "text": "Hi Joe, welcome and thanks for the links. These look great - very much the kind of stuff that I'm interested in (specially things like a distributed system providing universal identity for data *and* code objects)!",
        "user": "U8A5MS6R1",
        "ts": "1540313570.000100",
        "thread_ts": "1540290578.000100",
        "parent_user_id": "UDJ2TKB99"
    },
    {
        "client_msg_id": "ffe941b7-03a8-4b45-b826-7ec5754546bb",
        "type": "message",
        "text": "Welcome Joe! For the boxes-and-wires stuff, I maintain a repo of projects that use that visual paradigm (and, well, any other visual paradigm). If you know of any public tools in that space from your MAYA days, I'd love to add them to the collection: <https:\/\/github.com\/ivanreese\/visual-programming-codex>",
        "user": "UC2A2ARPT",
        "ts": "1540313714.000100",
        "thread_ts": "1540290578.000100",
        "parent_user_id": "UDJ2TKB99"
    },
    {
        "client_msg_id": "585fdf26-8562-4eb5-b891-3b5be90bb555",
        "type": "message",
        "text": "Also check out <http:\/\/unisionweb.org|unisionweb.org> - they use hashes to uniquely identify code objects.",
        "user": "U8A5MS6R1",
        "ts": "1540313909.000100",
        "thread_ts": "1540290578.000100",
        "parent_user_id": "UDJ2TKB99"
    }
]