[
    {
        "client_msg_id": "dab4ca70-4eba-47c4-908f-598c3d40e21a",
        "type": "message",
        "text": "Hi! I'm Michael Arntzenius, I go by \"rntz\" online. I used to think I would reinvent programming all by my lonesome. Then I realized it might be a tad more difficult than I thought, so I scaled back. Nowadays I'm mostly chugging away in academia at little problems that I can make headway on, like: how do we combine functional and relational\/set-oriented programming nicely? (For that, see <http:\/\/www.rntz.net\/datafun\/>) But I'm still interested in the bigger picture. Themes I keep coming back to are:\n\n1. Small programs. Ideas last longer than code. So make your code small enough it becomes an idea.\n\n2. Monotonicity: systems that always go in \"one direction\", eg. append-only databases, CRDTs, LVars, propagators, recursion in Datalog...\n\n3. Incrementality. I think a lot of code is incidentally complex because it's trying to handle _change_ efficiently. How can we make this easy?\n\n4. Unexpected uses of simple type systems. Eg. To enforce monotonicity; or, as dynamic contracts rather than static guarantees; or, as data for metaprogramming with.\n\n5. Communication. Maybe the future is in lots of special-purpose tools\/langs, not one tool to rule them all. But for that to work, we need tools that work together well. Unix byte-streams were a useful first step in this direction, but are too limiting.\n\nI joined this Slack after seeing on Twitter that there had been a meetup in London. I live in Oxford, so maybe I can come down the next time a meetup happens.\n\nAlso, hello <@UE3KC0VK6>!",
        "user": "UEF95M2RH",
        "ts": "1543512843.133200",
        "thread_ts": "1543512843.133200",
        "reply_count": 9,
        "reply_users_count": 6,
        "latest_reply": "1543655254.009700",
        "reply_users": [
            "UC21F8Q48",
            "UEDJ8KK3R",
            "UCUSW7WVD",
            "UEF95M2RH",
            "UDJ2TKB99",
            "UC1TYP06P"
        ],
        "replies": [
            {
                "user": "UC21F8Q48",
                "ts": "1543513727.133300"
            },
            {
                "user": "UEDJ8KK3R",
                "ts": "1543514165.133500"
            },
            {
                "user": "UCUSW7WVD",
                "ts": "1543519977.134000"
            },
            {
                "user": "UEF95M2RH",
                "ts": "1543522005.134400"
            },
            {
                "user": "UCUSW7WVD",
                "ts": "1543523693.134600"
            },
            {
                "user": "UDJ2TKB99",
                "ts": "1543570150.000200"
            },
            {
                "user": "UC1TYP06P",
                "ts": "1543654737.009300"
            },
            {
                "user": "UC1TYP06P",
                "ts": "1543654745.009500"
            },
            {
                "user": "UCUSW7WVD",
                "ts": "1543655254.009700"
            }
        ],
        "reactions": [
            {
                "name": "wave",
                "users": [
                    "UCXR52MU2",
                    "UC21F8Q48",
                    "UDCLT064X",
                    "UCKRZS3DZ",
                    "UA14TGLTC",
                    "U6KQ2S410",
                    "UDJ2TKB99",
                    "U5TCAFTD3",
                    "U5STGTB3J",
                    "U8A5MS6R1",
                    "UEH6T3RJB",
                    "UCSJ44X1S",
                    "UERTM1JPR",
                    "UA02YQNHK"
                ],
                "count": 14
            }
        ]
    },
    {
        "client_msg_id": "e227f61b-a901-40b4-93f7-13df882b94e1",
        "type": "message",
        "text": "&gt; Unix byte-streams were a useful first step in this direction, but are too limiting.\nYeah, you need a universal interface specification language. Session types, maybe?",
        "user": "UC21F8Q48",
        "ts": "1543513727.133300",
        "thread_ts": "1543512843.133200",
        "parent_user_id": "UEF95M2RH",
        "reactions": [
            {
                "name": "heart",
                "users": [
                    "U5TCAFTD3"
                ],
                "count": 1
            }
        ]
    },
    {
        "client_msg_id": "e4dfd8fb-c612-48f1-9bc3-e58a13568597",
        "type": "message",
        "text": "Welcome! Happened to watch one of your datafun talks recently and enjoyed it a lot :clap:",
        "user": "UEDJ8KK3R",
        "ts": "1543514165.133500",
        "thread_ts": "1543512843.133200",
        "parent_user_id": "UEF95M2RH"
    },
    {
        "client_msg_id": "aaae9e61-2ef3-40b7-8da7-cd1421c724f4",
        "type": "message",
        "text": "Hey, someone I know from the Arc Forum and Readable mailing list :slightly_smiling_face:",
        "user": "UCUSW7WVD",
        "ts": "1543519977.134000",
        "edited": {
            "user": "UCUSW7WVD",
            "ts": "1543520025.000000"
        },
        "thread_ts": "1543512843.133200",
        "parent_user_id": "UEF95M2RH"
    },
    {
        "client_msg_id": "bf29c65b-0df5-4f80-a770-011b9b0074ad",
        "type": "message",
        "text": "Oh, hi <@UCUSW7WVD>. I do remember you from the arc forum. I don't know what you mean by the \"Readable mailing list\", though.",
        "user": "UEF95M2RH",
        "ts": "1543522005.134400",
        "thread_ts": "1543512843.133200",
        "parent_user_id": "UEF95M2RH"
    },
    {
        "client_msg_id": "c48bab33-37f9-4fe2-a4c1-7864aa360936",
        "type": "message",
        "text": "<https:\/\/readable.sourceforge.io>",
        "user": "UCUSW7WVD",
        "ts": "1543523693.134600",
        "edited": {
            "user": "UCUSW7WVD",
            "ts": "1543523758.000000"
        },
        "thread_ts": "1543512843.133200",
        "parent_user_id": "UEF95M2RH"
    }
]