[
    {
        "client_msg_id": "a9b6891e-258c-4a5c-96de-8747d5ac02b9",
        "type": "message",
        "text": "Hey everyone! I just finished catching up on Steve’s podcast, which is how I found this group. I discovered the podcast while researching folks who were teaching Elm as a first programming language. The first episode to which I listened was Professor Anand’s interview, and it remains one of my favorites. In the last couple years, I’ve become very involved in the Elm community, and I’m excited about its potential as a tool to teach programming.\n\nI’m a based in Chicago. Currently, I’m not working on anything worth promoting. I just wrapped up some experiments with a BEAM backend for the Elm compiler, which may be interesting to some folks here: <https:\/\/kofi.sexy\/blog\/elm-beam>. At this point, I’m primarily here to learn more about the work happening in this area. I’m also open to opportunities to transition my own career in that direction. Looking forward to great conversations!",
        "user": "UDT5EG36J",
        "ts": "1540915278.015900",
        "thread_ts": "1540915278.015900",
        "reply_count": 1,
        "reply_users_count": 1,
        "latest_reply": "1540947463.017300",
        "reply_users": [
            "UA14TGLTC"
        ],
        "replies": [
            {
                "user": "UA14TGLTC",
                "ts": "1540947463.017300"
            }
        ],
        "reactions": [
            {
                "name": "wave",
                "users": [
                    "UCXR52MU2",
                    "UBN9AFS0N",
                    "U5TCAFTD3",
                    "UBSMEUXAA",
                    "U85HCL7JP",
                    "U7C7B75R6",
                    "UA14TGLTC",
                    "U8A5MS6R1",
                    "UCKRZS3DZ",
                    "UDRF3ALP4",
                    "U5STGTB3J"
                ],
                "count": 11
            }
        ]
    },
    {
        "client_msg_id": "bbac0540-80f5-4541-a227-ead1eb2678e4",
        "type": "message",
        "text": "Hmm, good question =)… We’re still very much getting direct feedback from people, but if you’d like to message me directly I can see if you fit into the use cases we’re currently working on and give you an invite :)…\nBeyond that we’ll be doing a public release at some point soonish =)…",
        "user": "UDPV407CZ",
        "ts": "1540922762.016600",
        "edited": {
            "user": "UDPV407CZ",
            "ts": "1540922800.000000"
        },
        "thread_ts": "1540819564.009600",
        "parent_user_id": "UDPV407CZ"
    },
    {
        "client_msg_id": "1438d129-59d9-42e6-b4e8-949e55b4e3ec",
        "type": "message",
        "text": "\"BEAM backend for the Elm\" — sounds like someone's dream.",
        "user": "UA14TGLTC",
        "ts": "1540947463.017300",
        "thread_ts": "1540915278.015900",
        "parent_user_id": "UDT5EG36J",
        "reactions": [
            {
                "name": "smile",
                "users": [
                    "UDT5EG36J"
                ],
                "count": 1
            }
        ]
    }
]