[
    {
        "client_msg_id": "10d2ebcb-2090-4751-9d35-354448a666a8",
        "type": "message",
        "text": "Welcome <@UCUNN529Y>!!!! Pumped that you're here :confetti_ball:. I wanted to share a bit about you with the community...\n\nJP and I met super randomly at a hackathan and collaborated on this <https:\/\/stevekrouse.com\/hs.js>. JP is known most recently for his work on the open-source Dynamicland-inspired Paper Programs <https:\/\/paperprograms.org\/>. But JP has also done a ton of other incredibly impressive work that this community would find fascinating and can be seen on his site here <http:\/\/janpaulposma.nl\/>. And JP is one of the kindest people I know!",
        "user": "U5TCAFTD3",
        "ts": "1537201314.000100",
        "edited": {
            "user": "U5TCAFTD3",
            "ts": "1537201332.000000"
        }
    },
    {
        "user": "UCUNN529Y",
        "type": "message",
        "subtype": "channel_join",
        "ts": "1537201316.000200",
        "text": "<@UCUNN529Y> has joined the channel",
        "inviter": "U5TCAFTD3",
        "reactions": [
            {
                "name": "wave",
                "users": [
                    "UC21F8Q48",
                    "U85HCL7JP",
                    "UCKRZS3DZ",
                    "UC2A2ARPT",
                    "UA14TGLTC",
                    "U5STGTB3J",
                    "UD43R8ZFV",
                    "UD6EXQVM0"
                ],
                "count": 8
            }
        ]
    }
]