[
    {
        "client_msg_id": "9787a149-e8c2-498e-ac42-144724650241",
        "type": "message",
        "text": "Hello everyone, I am the founder of Postman (<http:\/\/www.getpostman.com|www.getpostman.com>). I built Postman as a side-project and thanks to the support of the dev community has grown to become a powerful tool used by more than 5 million people. I am super passionate about development easier, faster, and more accessible to everyone. I came across <http:\/\/futureofcoding.org|futureofcoding.org> recently and thought it’d be great to join the community and learn more from everyone. We have several challenges in meeting the needs of devs (new and expert) and I am always curious about new ideas!",
        "user": "UEASWGGMR",
        "ts": "1543026670.088800",
        "thread_ts": "1543026670.088800",
        "reply_count": 12,
        "reply_users_count": 6,
        "latest_reply": "1545396561.003400",
        "reply_users": [
            "UDYGH7K8V",
            "UEASWGGMR",
            "UDJ2TKB99",
            "UDCLT064X",
            "UAVBSJGG5",
            "UDSVC5RK2"
        ],
        "replies": [
            {
                "user": "UDYGH7K8V",
                "ts": "1543080674.089500"
            },
            {
                "user": "UEASWGGMR",
                "ts": "1543122014.090100"
            },
            {
                "user": "UDJ2TKB99",
                "ts": "1543171679.097100"
            },
            {
                "user": "UDCLT064X",
                "ts": "1543206385.097400"
            },
            {
                "user": "UEASWGGMR",
                "ts": "1543256264.114000"
            },
            {
                "user": "UAVBSJGG5",
                "ts": "1543259042.114800"
            },
            {
                "user": "UDCLT064X",
                "ts": "1543260989.115300"
            },
            {
                "user": "UEASWGGMR",
                "ts": "1543335578.116200"
            },
            {
                "user": "UEASWGGMR",
                "ts": "1543335586.116400"
            },
            {
                "user": "UEASWGGMR",
                "ts": "1543335601.116600"
            },
            {
                "user": "UDSVC5RK2",
                "ts": "1545318148.125500"
            },
            {
                "user": "UEASWGGMR",
                "ts": "1545396561.003400"
            }
        ],
        "reactions": [
            {
                "name": "clap",
                "users": [
                    "UCUSW7WVD",
                    "UBAP530VB",
                    "UCKRZS3DZ",
                    "UD72R4WTU",
                    "UE1JQM9HQ",
                    "UDYGH7K8V",
                    "U5TCAFTD3",
                    "UDHAKT0P3",
                    "UA14TGLTC",
                    "UCXR52MU2",
                    "UDQKHNP51",
                    "UD98CHSLS",
                    "UDJ2TKB99",
                    "UDCLT064X",
                    "UDRKY9D3R",
                    "U5STGTB3J",
                    "UD43R8ZFV",
                    "U85HCL7JP",
                    "UERTM1JPR",
                    "UA02YQNHK"
                ],
                "count": 20
            }
        ]
    }
]