[
    {
        "client_msg_id": "27ad4a7e-1e90-42ff-88de-da45e5901762",
        "type": "message",
        "text": "Hi, i am Edward de Jong. I have been programming almost daily since 1970. I have gone from mainframes, to mini-computers, to workstations, to desktop computers, to mobile devices. Built mostly graphical interactive products, for either business or education. Original author of WordStar 2000, IBM DisplayWrite 5\/ Composer, Flying Colors, Discus labeler, and about 100 iPhone titles.",
        "user": "UEQ6M68H0",
        "ts": "1544497851.042100",
        "reactions": [
            {
                "name": "wave",
                "users": [
                    "UDJ2TKB99",
                    "UEGFXUK3M",
                    "U5STGTB3J",
                    "UDYGH7K8V",
                    "UC21F8Q48",
                    "U5TCAFTD3",
                    "UCSJ44X1S",
                    "U85HCL7JP",
                    "UCXR52MU2"
                ],
                "count": 9
            }
        ]
    },
    {
        "client_msg_id": "8828ab25-c9ac-4f2f-8e82-ee22134e3ce2",
        "type": "message",
        "text": "I am the default leader of the next-gen language developer's association, and try to coordinate and communicate with the key members of the development teams who are working on the next generation language, which includes Parasail, Red, Luna, Beads, Elm, Chapel, etc.  It is a very competitive situation, but since inertia is the most powerful force in the universe, we new language enthusiasts need to stick together enough to get the masses to realize that there is a major problem out there, and that JavaScript (a blatant but uncredited copy of Macromedia's ActionScript 2) is not the end-state.",
        "user": "UEQ6M68H0",
        "ts": "1544498035.045300"
    },
    {
        "client_msg_id": "a0d7d9df-bfb8-49c6-b00c-85aee674074a",
        "type": "message",
        "text": "and my blog is at <http:\/\/e-dejong.com|e-dejong.com>",
        "user": "UEQ6M68H0",
        "ts": "1544498242.045500"
    }
]