[
    {
        "client_msg_id": "5ae941ff-98b3-4c3c-af01-5f70952d10ab",
        "type": "message",
        "text": "Hi All,\nI have been working on a few Dynamic Land inspired projects so after hearing Steve's interview with Omar decided to check in here. Not too deep in theoretical stuff, but when exploring new ideas I find myself jumping in further.\n\nAs a means of introduction, here's a recent explorable\/game design project I made for work: <http:\/\/remixable-space-invaders.glitch.me>",
        "user": "UCTBY3G1G",
        "ts": "1537123033.000100",
        "reactions": [
            {
                "name": "wave",
                "users": [
                    "U85HCL7JP",
                    "U5TCAFTD3",
                    "UAVBSJGG5",
                    "U8A5MS6R1",
                    "UCKRZS3DZ",
                    "UA14TGLTC",
                    "UBSMEUXAA",
                    "UBUFWBGNN",
                    "U5STGTB3J"
                ],
                "count": 9
            }
        ]
    }
]