[
    {
        "client_msg_id": "850c517c-df30-4543-b017-e86fa74541aa",
        "type": "message",
        "text": "Hello, I’m Jesse.  <@U85MWBKEY> recently invited me to this group. I’m interested in building a company around the idea of replacing programmers with computers to the greatest extent possible. I’ve been using Gist as a sort of blog lately. I’ve posted three weekly articles so far. Check them out to get an idea of the sort of things I’m thinking about:\n<https:\/\/gist.github.com\/JesseAldridge\/3fd430aab1c29c5ac0a74a5ad359092b>\n<https:\/\/gist.github.com\/JesseAldridge\/5d38ea1c6147800c607ad6e727dfd4e8>\n<https:\/\/gist.github.com\/JesseAldridge\/17c1bcd7ecd17ed5ce98fef0132c5c98>",
        "user": "UDCLT064X",
        "ts": "1539294780.000100",
        "thread_ts": "1539294780.000100",
        "reply_count": 1,
        "reply_users_count": 1,
        "latest_reply": "1539310350.000100",
        "reply_users": [
            "U85HCL7JP"
        ],
        "replies": [
            {
                "user": "U85HCL7JP",
                "ts": "1539310350.000100"
            }
        ],
        "reactions": [
            {
                "name": "wave",
                "users": [
                    "U85HCL7JP",
                    "UBSMEUXAA",
                    "U8A5MS6R1",
                    "UA14TGLTC",
                    "UD4Q9LT52",
                    "U5STGTB3J",
                    "U5TCAFTD3",
                    "UCXR52MU2",
                    "UCQ4BBFQ9",
                    "UD72R4WTU"
                ],
                "count": 10
            },
            {
                "name": "+1",
                "users": [
                    "U85MWBKEY",
                    "UCUSW7WVD"
                ],
                "count": 2
            }
        ]
    },
    {
        "client_msg_id": "9c06d092-698b-48b2-91cd-809327917d2f",
        "type": "message",
        "text": "For search problems I’ve been thinking of implementing LSA\/LSI <https:\/\/en.wikipedia.org\/wiki\/Latent_semantic_analysis>, but never got to it :sweat_smile: (I also wrote a simple time manager some time ago lol)",
        "user": "U85HCL7JP",
        "ts": "1539310350.000100",
        "attachments": [
            {
                "title": "Latent semantic analysis",
                "title_link": "https:\/\/en.wikipedia.org\/wiki\/Latent_semantic_analysis",
                "from_url": "https:\/\/en.wikipedia.org\/wiki\/Latent_semantic_analysis",
                "author_name": "Wikipedia",
                "author_link": "https:\/\/en.wikipedia.org\/",
                "text": "Latent semantic analysis (LSA) is a technique in natural language processing, in particular distributional semantics, of analyzing relationships between a set of documents and the terms they contain by producing a set of concepts related to the documents and terms.  LSA assumes that words that are close in meaning will occur in similar pieces of text (the distributional hypothesis).  A matrix containing word counts per paragraph (rows represent unique words and columns represent each paragraph) is constructed from a large piece of text and a mathematical technique called singular value decomposition (SVD) is used to reduce the number of rows while preserving the similarity structure among columns.  Words are then compared by taking the cosine of the angle between the two vectors (or the dot product between the normalizations of the two vectors) formed by any two rows.  Values close to 1 represent very similar words while values close to 0 represent very dissimilar words.An information retrieval technique using latent semantic structure was patented in 1988 (US Patent 4,839,853, now expired) by Scott Deerwester, Susan Dumais, George Furnas, Richard Harshman, Thomas Landauer, Karen Lochbaum and Lynn Streeter. In the context of its application to information retrieval, it is sometimes called latent semantic indexing (LSI).",
                "fallback": "wikipedia: Latent semantic analysis",
                "service_icon": "https:\/\/a.slack-edge.com\/bfaba\/img\/unfurl_icons\/wikipedia.png",
                "id": 1,
                "original_url": "https:\/\/en.wikipedia.org\/wiki\/Latent_semantic_analysis"
            }
        ],
        "thread_ts": "1539294780.000100",
        "parent_user_id": "UDCLT064X"
    }
]