[
    {
        "client_msg_id": "9bdbb9b6-f30e-4478-bced-88f48197293a",
        "type": "message",
        "text": "Hi! Great to meet you\n\n <@UBJGA440K> has a few projects that may be relevant:\n\n<https:\/\/www.youtube.com\/watch?v=F8p5bj01UWk>\n<http:\/\/glench.github.io\/fuzzyset.js\/ui\/>\n\nAnd maybe Seymour: <https:\/\/harc.github.io\/seymour-live2017\/>",
        "user": "U5TCAFTD3",
        "ts": "1545298094.124900",
        "attachments": [
            {
                "service_name": "YouTube",
                "service_url": "https:\/\/www.youtube.com\/",
                "title": "REPL + Debugger = REPLugger: a pleasant and scalable live code editor",
                "title_link": "https:\/\/www.youtube.com\/watch?v=F8p5bj01UWk",
                "author_name": "Glen Chiacchieri",
                "author_link": "https:\/\/www.youtube.com\/user\/Glenchx",
                "thumb_url": "https:\/\/i.ytimg.com\/vi\/F8p5bj01UWk\/hqdefault.jpg",
                "thumb_width": 480,
                "thumb_height": 360,
                "fallback": "YouTube Video: REPL + Debugger = REPLugger: a pleasant and scalable live code editor",
                "video_html": "<iframe width=\"400\" height=\"300\" src=\"https:\/\/www.youtube.com\/embed\/F8p5bj01UWk?feature=oembed&autoplay=1&iv_load_policy=3\" frameborder=\"0\" allow=\"accelerometer; autoplay; encrypted-media; gyroscope; picture-in-picture\" allowfullscreen><\/iframe>",
                "video_html_width": 400,
                "video_html_height": 300,
                "from_url": "https:\/\/www.youtube.com\/watch?v=F8p5bj01UWk",
                "service_icon": "https:\/\/a.slack-edge.com\/2089\/img\/unfurl_icons\/youtube.png",
                "id": 1,
                "original_url": "https:\/\/www.youtube.com\/watch?v=F8p5bj01UWk"
            },
            {
                "title": "Fuzzyset",
                "title_link": "http:\/\/glench.github.io\/fuzzyset.js\/ui\/",
                "text": "An interactive human-readable visualization of a code library",
                "fallback": "Fuzzyset",
                "thumb_url": "http:\/\/glench.github.io\/fuzzyset.js\/ui\/screenshot.png",
                "from_url": "http:\/\/glench.github.io\/fuzzyset.js\/ui\/",
                "thumb_width": 974,
                "thumb_height": 856,
                "service_icon": "https:\/\/assets-cdn.github.com\/favicon.ico",
                "service_name": "glench.github.io",
                "id": 2,
                "original_url": "http:\/\/glench.github.io\/fuzzyset.js\/ui\/"
            }
        ],
        "thread_ts": "1545286160.124000",
        "parent_user_id": "UEXN47YUV"
    },
    {
        "client_msg_id": "55336116-a620-4500-814b-e6b14eda08fd",
        "type": "message",
        "text": "<@UEASWGGMR> Postman has made my life so much easier on more than one occasion! Thanks!",
        "user": "UDSVC5RK2",
        "ts": "1545318148.125500",
        "thread_ts": "1543026670.088800",
        "parent_user_id": "UEASWGGMR"
    }
]