[
    {
        "client_msg_id": "a1754a8c-3fd4-46a6-92ef-6b437c2f4884",
        "type": "message",
        "text": "Hi Joel, great to see you here! I found your blog a while back and read some articles, thanks for sharing them. I wanted to read the rest too, but as you wrote yourself, there's just too much to read and too much to learn... But I'll get to it eventually ;-)",
        "user": "UAL7940NM",
        "ts": "1536790443.000100",
        "thread_ts": "1536612610.000100",
        "parent_user_id": "UCQ4BBFQ9",
        "reactions": [
            {
                "name": "smiley",
                "users": [
                    "UCQ4BBFQ9"
                ],
                "count": 1
            }
        ]
    }
]