[
    {
        "client_msg_id": "0c268b59-4e77-435b-858f-7ccde6152dad",
        "type": "message",
        "text": "Hi all,\n- I came across the future of coding podcast a few weeks ago, and got through just about all of the back catalogue by listening whenever I was driving\n\n- I'm from the UK, currently near Bristol.\n\n- My undergrad was in Ergonomics\/Human Factors Design\n\t- My dissertation was on improving the graphical communication of a commonly used (in the field) cognitive tool\/methodology (hierarchical task analysis)\n\n- I've done a lot more programming in C than Javascript\/functional languages, so I may be coming from a slightly different place than many here, but hey, it takes all sorts right?! :wink:\n\t- I'm also a 'fan' of the Handmade Hero\/Handmade Network approach to programming. I'm hoping that these aren't incompatible!\n\t- I do want the programmer\/software design experience to be better, but I want to make sure this is not at the expense of the end user of the software.\n\t\t- The key components of the argument are roughly\n\t\t\t- We can't expect improved hardware to account for reduced software performance:\n\t\t\t\t1) Individual processors seem to have reached a heat barrier in terms of clock speed\n\t\t\t\t2) Most problems are not trivially parallelizable across multiple processors.\n\t\t\t- Generalized abstractions tend to have a significant performance cost attached\n\t\t- As such, there is (at least for the moment) a class of problems where the cost of writing in beautiful abstractions is too high in terms of end program performance.\n\t\t- For this area, I think that the biggest wins are likely to be in improving the UI\/UX\/representation and reducing the feedback loop\n\t- I've previously made rudimentary C tools aimed at reducing the feedback loop - live recompiling, live variable editing.\n\n- I'm currently working on something similar to Glen Chiacchieri's REPLugger using LLVM\/Clang. This is starting with C(++), but should hopefully not be too difficult to add frontends for other compiled languages due to the way LLVM works.",
        "user": "UEDDR6L5Q",
        "ts": "1545141138.109900",
        "edited": {
            "user": "UEDDR6L5Q",
            "ts": "1545143720.000000"
        },
        "thread_ts": "1545141138.109900",
        "reply_count": 6,
        "reply_users_count": 3,
        "latest_reply": "1545185105.115300",
        "reply_users": [
            "U5TCAFTD3",
            "UEDDR6L5Q",
            "UCUSW7WVD"
        ],
        "replies": [
            {
                "user": "U5TCAFTD3",
                "ts": "1545143683.110600"
            },
            {
                "user": "UEDDR6L5Q",
                "ts": "1545143827.110900"
            },
            {
                "user": "UCUSW7WVD",
                "ts": "1545155729.111600"
            },
            {
                "user": "UEDDR6L5Q",
                "ts": "1545156623.111800"
            },
            {
                "user": "UCUSW7WVD",
                "ts": "1545183928.115000"
            },
            {
                "user": "UCUSW7WVD",
                "ts": "1545185105.115300"
            }
        ],
        "reactions": [
            {
                "name": "wave",
                "users": [
                    "UA14TGLTC",
                    "UCKRZS3DZ",
                    "U5TCAFTD3",
                    "UE6EFEPTQ",
                    "UEGFXUK3M",
                    "U5STGTB3J",
                    "UC21F8Q48",
                    "UEG9ECNSU",
                    "U8A5MS6R1",
                    "U85HCL7JP",
                    "UBSMEUXAA",
                    "UCXR52MU2"
                ],
                "count": 12
            },
            {
                "name": "+1",
                "users": [
                    "UCUSW7WVD"
                ],
                "count": 1
            }
        ]
    },
    {
        "client_msg_id": "0ff58665-2dd4-4916-9a73-e82f65fd08e5",
        "type": "message",
        "text": "&gt; I came across the future of coding podcast a few weeks ago, and got through just about all of the back catalogue by listening whenever I was driving\n\nLove this! This is why I created it as a podcast: so fast to consume. A whole 1.5 years of work, 34 episodes, ~50 hours, in just a couple weeks. Thanks for listening :heart:",
        "user": "U5TCAFTD3",
        "ts": "1545143683.110600",
        "thread_ts": "1545141138.109900",
        "parent_user_id": "UEDDR6L5Q"
    },
    {
        "type": "message",
        "text": "yeah it's definitely the medium I can find time for the easiest. Thank you for making the podcast and starting this!",
        "user": "UEDDR6L5Q",
        "ts": "1545143827.110900",
        "thread_ts": "1545141138.109900",
        "parent_user_id": "UEDDR6L5Q"
    },
    {
        "client_msg_id": "333ad8ea-aa7c-4b61-aa70-ac3339aafe6f",
        "type": "message",
        "text": "Hello from another C programmer and anti-abstractionista :slightly_smiling_face: But what is \"the argument\"?",
        "user": "UCUSW7WVD",
        "ts": "1545155729.111600",
        "thread_ts": "1545141138.109900",
        "parent_user_id": "UEDDR6L5Q"
    },
    {
        "client_msg_id": "55927945-da3e-4cb5-9100-3fded98ddc4e",
        "type": "message",
        "text": "I guess that 'the argument' was somewhat implicit... It was intended as a corrective against the idea that \"everything in programming can be fixed by more (and better) abstraction\", which is the extreme version of an idea I see quite often. There is certainly some validity to it, but I hope people its limitations.\n(see <https:\/\/everythingstudies.com\/2017\/12\/19\/the-signal-and-the-corrective\/> on base assumptions)",
        "user": "UEDDR6L5Q",
        "ts": "1545156623.111800",
        "attachments": [
            {
                "service_name": "Everything Studies",
                "service_url": "http:\/\/everythingstudies.com",
                "title": "The Signal and the Corrective",
                "title_link": "https:\/\/everythingstudies.com\/2017\/12\/19\/the-signal-and-the-corrective\/",
                "author_name": "John Nerst",
                "author_link": "https:\/\/everythingstudies.com\/author\/jnerst\/",
                "thumb_url": "https:\/\/everythingstudies.files.wordpress.com\/2017\/12\/zebra.jpg?fit=200%2C150",
                "thumb_width": 200,
                "thumb_height": 150,
                "text": "The truth often lies somewhere between two opposing views. But even among people whose opinions are moderate and balanced, it matters a great deal which of the two sides come first and which is simply a moderation of the other. Read more (15 min, 3800 words)",
                "fallback": "Everything Studies Link: The Signal and the&nbsp;Corrective",
                "from_url": "https:\/\/everythingstudies.com\/2017\/12\/19\/the-signal-and-the-corrective\/",
                "service_icon": "https:\/\/secure.gravatar.com\/blavatar\/ee14ab5aa70e49639c5e1ad102179a1d?s=114",
                "id": 1,
                "original_url": "https:\/\/everythingstudies.com\/2017\/12\/19\/the-signal-and-the-corrective\/"
            }
        ],
        "thread_ts": "1545141138.109900",
        "parent_user_id": "UEDDR6L5Q",
        "reactions": [
            {
                "name": "heart",
                "users": [
                    "UCUSW7WVD"
                ],
                "count": 1
            },
            {
                "name": "clap",
                "users": [
                    "UCUSW7WVD"
                ],
                "count": 1
            }
        ]
    },
    {
        "client_msg_id": "755723c1-3c7a-4a3d-9372-86148a219b75",
        "type": "message",
        "text": "this slack is the gift that keeps on giving, just wish everyone puts their twitter handle in their profiles :smile:",
        "user": "UEG9ECNSU",
        "ts": "1545160389.112900",
        "edited": {
            "user": "UEG9ECNSU",
            "ts": "1545160398.000000"
        },
        "thread_ts": "1545160389.112900",
        "reply_count": 5,
        "reply_users_count": 4,
        "latest_reply": "1545183328.114700",
        "reply_users": [
            "UC2A2ARPT",
            "UCKRZS3DZ",
            "UEG9ECNSU",
            "UCUSW7WVD"
        ],
        "replies": [
            {
                "user": "UC2A2ARPT",
                "ts": "1545161205.113200"
            },
            {
                "user": "UCKRZS3DZ",
                "ts": "1545162790.113700"
            },
            {
                "user": "UEG9ECNSU",
                "ts": "1545166386.113900"
            },
            {
                "user": "UEG9ECNSU",
                "ts": "1545166387.114100"
            },
            {
                "user": "UCUSW7WVD",
                "ts": "1545183328.114700"
            }
        ],
        "reactions": [
            {
                "name": "+1",
                "users": [
                    "UC2A2ARPT",
                    "U5TCAFTD3",
                    "UCKRZS3DZ",
                    "UEGFXUK3M",
                    "UA14TGLTC",
                    "UCXR52MU2"
                ],
                "count": 6
            }
        ]
    },
    {
        "client_msg_id": "e212a364-5e24-4544-99c4-9d0fa9b9ced4",
        "type": "message",
        "text": "Did you? If so, I can't see it. I put mine in the \"What do you do at Future Programming\" field.",
        "user": "UC2A2ARPT",
        "ts": "1545161205.113200",
        "thread_ts": "1545160389.112900",
        "parent_user_id": "UEG9ECNSU"
    },
    {
        "client_msg_id": "5df21119-eefc-4054-a746-7ce78f8be2e0",
        "type": "message",
        "text": "Just added too",
        "user": "UCKRZS3DZ",
        "ts": "1545162790.113700",
        "thread_ts": "1545160389.112900",
        "parent_user_id": "UEG9ECNSU"
    },
    {
        "client_msg_id": "8a95ce4f-4c49-476f-ad20-e18e3a0ff0af",
        "type": "message",
        "text": "damn - i said that not realising i havent either lol",
        "user": "UEG9ECNSU",
        "ts": "1545166386.113900",
        "thread_ts": "1545160389.112900",
        "parent_user_id": "UEG9ECNSU"
    },
    {
        "client_msg_id": "1ec02e9d-fb50-4ee1-a25a-5a29d47ce720",
        "type": "message",
        "text": "ill do now",
        "user": "UEG9ECNSU",
        "ts": "1545166387.114100",
        "thread_ts": "1545160389.112900",
        "parent_user_id": "UEG9ECNSU"
    },
    {
        "client_msg_id": "c8991c2d-963c-4d2d-a6af-0cd620c8dade",
        "type": "message",
        "text": "Do you accept Mastodon? :smile:\n\nAdded now. Slack doesn't make URLs in profiles clickable, so I've always assumed this sort of self-promotion was discouraged. But here's a clickable version: <https:\/\/mastodon.social\/@akkartik>",
        "user": "UCUSW7WVD",
        "ts": "1545183328.114700",
        "edited": {
            "user": "UCUSW7WVD",
            "ts": "1545183439.000000"
        },
        "thread_ts": "1545160389.112900",
        "parent_user_id": "UEG9ECNSU"
    },
    {
        "client_msg_id": "a2ebc6af-8153-4f3a-9f04-673e58d355ab",
        "type": "message",
        "text": "Oh yes, totally speaking my language. Here's a few more links:\n<https:\/\/lobste.rs\/s\/zyomiu\/what_does_it_mean_design_software_well#c_yvvkwm>",
        "user": "UCUSW7WVD",
        "ts": "1545183928.115000",
        "attachments": [
            {
                "title": "What does it mean to design software well?",
                "title_link": "https:\/\/lobste.rs\/s\/zyomiu\/what_does_it_mean_design_software_well#c_yvvkwm",
                "text": "5 comments",
                "fallback": "What does it mean to design software well?",
                "thumb_url": "https:\/\/lobste.rs\/apple-touch-icon-144.png",
                "from_url": "https:\/\/lobste.rs\/s\/zyomiu\/what_does_it_mean_design_software_well#c_yvvkwm",
                "thumb_width": 144,
                "thumb_height": 144,
                "service_icon": "https:\/\/lobste.rs\/apple-touch-icon.png",
                "service_name": "lobste.rs",
                "id": 1,
                "original_url": "https:\/\/lobste.rs\/s\/zyomiu\/what_does_it_mean_design_software_well#c_yvvkwm"
            }
        ],
        "thread_ts": "1545141138.109900",
        "parent_user_id": "UEDDR6L5Q",
        "reactions": [
            {
                "name": "+1",
                "users": [
                    "UEDDR6L5Q"
                ],
                "count": 1
            }
        ]
    },
    {
        "client_msg_id": "37efba06-891f-4b29-9eb2-f5bf7a4f13b7",
        "type": "message",
        "text": "I just read your link and skimmed the comment and post you linked to. My links are more narrow and focused on just software, so I'm not sure how useful they are to you.\n\nSignal vs corrective seems like another way to think about James Scott's notion of Legibility from _\"Seeing like a State\"_.\n\nYour link reminded me of a less software-focused post I wrote years ago: <https:\/\/www.ribbonfarm.com\/2014\/04\/09\/the-legibility-tradeoff>",
        "user": "UCUSW7WVD",
        "ts": "1545185105.115300",
        "attachments": [
            {
                "service_name": "ribbonfarm",
                "title": "The Legibility Tradeoff",
                "title_link": "https:\/\/www.ribbonfarm.com\/2014\/04\/09\/the-legibility-tradeoff",
                "text": "Kartik is a 2014 blogging resident visiting us from his home turf at akkartik.name. I am fascinated by organizations as a technology for agency transfer — getting people to follow some plan o…",
                "fallback": "ribbonfarm: The Legibility Tradeoff",
                "thumb_url": "https:\/\/206hwf3fj4w52u3br03fi242-wpengine.netdna-ssl.com\/wp-content\/uploads\/2014\/04\/hypercube.png",
                "ts": 1397084745,
                "from_url": "https:\/\/www.ribbonfarm.com\/2014\/04\/09\/the-legibility-tradeoff",
                "thumb_width": 357,
                "thumb_height": 306,
                "service_icon": "https:\/\/206hwf3fj4w52u3br03fi242-wpengine.netdna-ssl.com\/wp-content\/themes\/prose\/images\/favicon.ico",
                "id": 1,
                "original_url": "https:\/\/www.ribbonfarm.com\/2014\/04\/09\/the-legibility-tradeoff"
            }
        ],
        "thread_ts": "1545141138.109900",
        "parent_user_id": "UEDDR6L5Q"
    }
]