[
    {
        "client_msg_id": "f42a74f7-2cbd-4647-8a38-70cb08c72c15",
        "type": "message",
        "text": "Baby steps! :upside_down_face: Step 1 for me is an alternative programming system for the Micro:Bit. Brainwash the kids! :no_mouth:",
        "user": "UE6EFEPTQ",
        "ts": "1542706262.084000",
        "edited": {
            "user": "UE6EFEPTQ",
            "ts": "1542706280.000000"
        },
        "thread_ts": "1542659185.076400",
        "parent_user_id": "UE6EFEPTQ"
    }
]