[
    {
        "client_msg_id": "52c74103-1345-475a-918e-4ea2bb65ad2d",
        "type": "message",
        "text": "Hi everyone, I met Steve Krouse at the Live Programming workshop at Splash <https:\/\/2018.splashcon.org>",
        "user": "UE0ETTCG7",
        "ts": "1541724310.045200"
    },
    {
        "client_msg_id": "24d66cf6-6ea2-4f74-b63a-9f74637a936a",
        "type": "message",
        "text": "I'm generally interested in ideas to make programmers more efficient. I'm working on a platform that allows programmers to more easily make and distribute their own custom tools with the goal of facilitating more innovation in our field. There are some animated GIFs here <https:\/\/github.com\/robenkleene\/webconsole> and a simple product page for something related I'm planning on shipping here <https:\/\/thepotionlab.com> I'm based on New York and would love to chat with anyone interested in any of these topics!",
        "user": "UE0ETTCG7",
        "ts": "1541724313.045400",
        "reactions": [
            {
                "name": "wave",
                "users": [
                    "UCUSW7WVD",
                    "UA14TGLTC",
                    "U85HCL7JP",
                    "U5TCAFTD3",
                    "UDCLT064X",
                    "UCKRZS3DZ",
                    "U8A5MS6R1",
                    "U5STGTB3J",
                    "UERTM1JPR"
                ],
                "count": 9
            }
        ]
    },
    {
        "client_msg_id": "fb7e8e50-c125-4dc9-bc20-aca65f038118",
        "type": "message",
        "text": "Hi, another SPLASH refugee here, where I met Steve (and Roben, and a bunch of other interesting folks). I mostly work on environments for live coding performance and libraries for audiovisual programming. At SPLASH I presented an interactive web essay on dynamically injected code annotations\/visualizations for live performance: <https:\/\/charlieroberts.github.io\/annotationsAndVisualizations\/>",
        "user": "UE0H4170F",
        "ts": "1541734688.048400",
        "edited": {
            "user": "UE0H4170F",
            "ts": "1541734902.000000"
        },
        "thread_ts": "1541734688.048400",
        "reply_count": 5,
        "reply_users_count": 4,
        "latest_reply": "1543169372.096400",
        "reply_users": [
            "U5TCAFTD3",
            "UC2A2ARPT",
            "UE0H4170F",
            "U9F8M41AM"
        ],
        "replies": [
            {
                "user": "U5TCAFTD3",
                "ts": "1541735395.052700"
            },
            {
                "user": "UC2A2ARPT",
                "ts": "1541735679.053100"
            },
            {
                "user": "UC2A2ARPT",
                "ts": "1541736227.053600"
            },
            {
                "user": "UE0H4170F",
                "ts": "1541736575.054100"
            },
            {
                "user": "U9F8M41AM",
                "ts": "1543169372.096400"
            }
        ],
        "reactions": [
            {
                "name": "wave",
                "users": [
                    "U5TCAFTD3",
                    "UA14TGLTC",
                    "UC2A2ARPT",
                    "UCKRZS3DZ",
                    "UE0ETTCG7",
                    "U8A5MS6R1",
                    "UCXR52MU2",
                    "U9F8M41AM",
                    "U5STGTB3J",
                    "UERTM1JPR"
                ],
                "count": 10
            }
        ]
    },
    {
        "client_msg_id": "08b4697b-f47a-46ac-ac4f-ebf192872a2c",
        "type": "message",
        "text": "(that essay is Chrome only due to AudioWorklet support at the moment…)",
        "user": "UE0H4170F",
        "ts": "1541734732.049000"
    },
    {
        "type": "message",
        "subtype": "thread_broadcast",
        "text": ":point_up_2::exploding_head: this is amazing! We were all blown away by this demo on Tues. Really beautiful and inspiring work. I imagine it'd be of particular interest to <@UC2A2ARPT> and <@U9F8M41AM> ",
        "user": "U5TCAFTD3",
        "ts": "1541735395.052700",
        "thread_ts": "1541734688.048400",
        "root": {
            "client_msg_id": "fb7e8e50-c125-4dc9-bc20-aca65f038118",
            "type": "message",
            "text": "Hi, another SPLASH refugee here, where I met Steve (and Roben, and a bunch of other interesting folks). I mostly work on environments for live coding performance and libraries for audiovisual programming. At SPLASH I presented an interactive web essay on dynamically injected code annotations\/visualizations for live performance: <https:\/\/charlieroberts.github.io\/annotationsAndVisualizations\/>",
            "user": "UE0H4170F",
            "ts": "1541734688.048400",
            "edited": {
                "user": "UE0H4170F",
                "ts": "1541734902.000000"
            },
            "thread_ts": "1541734688.048400",
            "reply_count": 5,
            "reply_users_count": 4,
            "latest_reply": "1543169372.096400",
            "reply_users": [
                "U5TCAFTD3",
                "UC2A2ARPT",
                "UE0H4170F",
                "U9F8M41AM"
            ],
            "replies": [
                {
                    "user": "U5TCAFTD3",
                    "ts": "1541735395.052700"
                },
                {
                    "user": "UC2A2ARPT",
                    "ts": "1541735679.053100"
                },
                {
                    "user": "UC2A2ARPT",
                    "ts": "1541736227.053600"
                },
                {
                    "user": "UE0H4170F",
                    "ts": "1541736575.054100"
                },
                {
                    "user": "U9F8M41AM",
                    "ts": "1543169372.096400"
                }
            ]
        },
        "client_msg_id": "E575E5CC-2DCB-44BD-A632-33F28665FC69"
    },
    {
        "client_msg_id": "ec65d869-bddf-4249-8814-270da2847151",
        "type": "message",
        "text": "Yep, this is 100x right up my alley — visual programming tools AND generative music, aww yeah. Saw this on Twitter, watched the video (<https:\/\/twitter.com\/MikaelMayer\/status\/1059852836090056706>). Super excited to learn more about this. Glad that you're here, Charlie.",
        "user": "UC2A2ARPT",
        "ts": "1541735679.053100",
        "edited": {
            "user": "UC2A2ARPT",
            "ts": "1541736265.000000"
        },
        "thread_ts": "1541734688.048400",
        "parent_user_id": "UE0H4170F",
        "reactions": [
            {
                "name": "muscle",
                "users": [
                    "U5TCAFTD3",
                    "UA14TGLTC"
                ],
                "count": 2
            }
        ]
    },
    {
        "client_msg_id": "03659199-19ca-4269-99c2-3c1aa9341b8c",
        "type": "message",
        "text": "(I'm assuming this is you on Twitter? <https:\/\/twitter.com\/gibber_cc>)",
        "user": "UC2A2ARPT",
        "ts": "1541736227.053600",
        "edited": {
            "user": "UC2A2ARPT",
            "ts": "1541736233.000000"
        },
        "thread_ts": "1541734688.048400",
        "parent_user_id": "UE0H4170F"
    },
    {
        "client_msg_id": "ce79b251-1566-412d-83af-bc6ab2910975",
        "type": "message",
        "text": "thanks! and yes that’s me on the (very sparse) twitter account. looking forward to digging into everyone’s work here.",
        "user": "UE0H4170F",
        "ts": "1541736575.054100",
        "thread_ts": "1541734688.048400",
        "parent_user_id": "UE0H4170F"
    }
]