[
    {
        "client_msg_id": "9dac6a3b-64e2-4062-8e53-f91f56dd7231",
        "type": "message",
        "text": ":wave: Hello! Daytime I work as a web developer (Rails, react, etc) and nights\/weekends\/mornings I’m finishing up a dissertation on the early history of software engineering. I’m interested in the past and future of programming. I found this slack through the podcast, which I think i probably saw on twitter…",
        "user": "UDYGH7K8V",
        "ts": "1542136066.065400",
        "thread_ts": "1542136066.065400",
        "reply_count": 1,
        "reply_users_count": 1,
        "latest_reply": "1542187167.067200",
        "reply_users": [
            "UCGAK10LS"
        ],
        "replies": [
            {
                "user": "UCGAK10LS",
                "ts": "1542187167.067200"
            }
        ],
        "reactions": [
            {
                "name": "wave",
                "users": [
                    "U5TCAFTD3",
                    "U8A5MS6R1",
                    "UC21F8Q48",
                    "U85HCL7JP",
                    "UDCLT064X",
                    "UDJ2TKB99",
                    "UCXR52MU2",
                    "UE1JQM9HQ",
                    "UE0ETTCG7",
                    "UC2A2ARPT",
                    "UA14TGLTC",
                    "UCKRZS3DZ",
                    "UCGAK10LS",
                    "U5STGTB3J",
                    "UERTM1JPR",
                    "UETJZ9V0T"
                ],
                "count": 16
            }
        ]
    }
]