[
    {
        "client_msg_id": "c4cef74a-9b29-47f1-b8d9-4074f35f2281",
        "type": "message",
        "text": "Hello everyone! <@UA8HY8R7B> mentioned this slack in his log, so now I'm here. So glad that I found a place with people that share my passion.\nHey <@UC2A2ARPT>, glad that you're also here.\n\nMy name is Vladimir and I live in Russia, currently in Saint Petersburg.\nI always loved programming languages and was curious about alternative ways to program.\n\nSome years ago I became fascinated by Bret Victor's ideas, especially his \"Future Programming\" and \"Seeing Spaces\" talks.\nThis realization that is not technology's fault that we don't have better tools, but just lack of culture, improper attitude -- it felt really striking.\nSo I wanted to contribute to development of this new culture somehow. Introduce this thinking into daily life.\n\nAs a full-time employee I had to work on my projects on weekends.\nI would love to do it full time. In order to get that I need to turn project into something commercial.\nSomething that makes people ready to pay to stop the pain of alternative.\n\nSo I tried to create a \"Seeing tool\" for debugging (not Seeing Space though). A tool that captures trace events for Erlang\/OTP platform and visualizes them.\nMakes it easier to understand what's happening. Allows to skip the pain of reading hundreds of lines of text logs. It may save hundreds of working hours.\nI choosed Erlang\/OTP first because underlying model of isolated processes and message passing is really easy to visualize and manipulate with.\nSecond because it provides powerful tracing API, that makes it very easy to start. And third: I already had experience working in production with Erlang and I loved it.\n\nI took a couple of months break and worked on Batiscaph project: <https:\/\/github.com\/vladimir-vg\/batiscaph>\nHere is the demo video: <https:\/\/www.youtube.com\/watch?v=VNr7o9eg4Ck>\n\nI got a working prototype, yet it's far from being useful in production.\nI realized that road to commercializing this project is really long, may take years.\nI stopped this project for now and thinking about shorter ways of bringing new thinking into daily life.\n\nCurrently I'm thinking about new medium for software and hypermedia (That's why I was reading <@UA8HY8R7B> zells logs: <https:\/\/github.com\/zells\/project\/tree\/master\/log>).\nGot one exciting idea about it. Also it might be easily connected to something not programming related, something that people use in daily life, thus bigger market and maybe easier commercialization.",
        "user": "UCKRZS3DZ",
        "ts": "1535962706.000100",
        "edited": {
            "user": "UCKRZS3DZ",
            "ts": "1535963122.000000"
        },
        "attachments": [
            {
                "service_name": "GitHub",
                "title": "vladimir-vg\/batiscaph",
                "title_link": "https:\/\/github.com\/vladimir-vg\/batiscaph",
                "text": "Contribute to vladimir-vg\/batiscaph development by creating an account on GitHub.",
                "fallback": "GitHub: vladimir-vg\/batiscaph",
                "from_url": "https:\/\/github.com\/vladimir-vg\/batiscaph",
                "thumb_url": "https:\/\/avatars2.githubusercontent.com\/u\/227746?s=400&v=4",
                "thumb_width": 250,
                "thumb_height": 250,
                "service_icon": "https:\/\/a.slack-edge.com\/bfaba\/img\/unfurl_icons\/github.png",
                "id": 1,
                "original_url": "https:\/\/github.com\/vladimir-vg\/batiscaph"
            },
            {
                "service_name": "YouTube",
                "service_url": "https:\/\/www.youtube.com\/",
                "title": "Batiscaph: visualizing logs and Erlang processes",
                "title_link": "https:\/\/www.youtube.com\/watch?v=VNr7o9eg4Ck",
                "author_name": "Vladimir Gordeev",
                "author_link": "https:\/\/www.youtube.com\/user\/GordeevVladimirV",
                "thumb_url": "https:\/\/i.ytimg.com\/vi\/VNr7o9eg4Ck\/hqdefault.jpg",
                "thumb_width": 480,
                "thumb_height": 360,
                "fallback": "YouTube Video: Batiscaph: visualizing logs and Erlang processes",
                "video_html": "<iframe width=\"400\" height=\"225\" src=\"https:\/\/www.youtube.com\/embed\/VNr7o9eg4Ck?feature=oembed&autoplay=1&iv_load_policy=3\" frameborder=\"0\" allow=\"autoplay; encrypted-media\" allowfullscreen><\/iframe>",
                "video_html_width": 400,
                "video_html_height": 225,
                "from_url": "https:\/\/www.youtube.com\/watch?v=VNr7o9eg4Ck",
                "service_icon": "https:\/\/a.slack-edge.com\/2089\/img\/unfurl_icons\/youtube.png",
                "id": 2,
                "original_url": "https:\/\/www.youtube.com\/watch?v=VNr7o9eg4Ck"
            },
            {
                "service_name": "GitHub",
                "title": "zells\/project",
                "title_link": "https:\/\/github.com\/zells\/project\/tree\/master\/log",
                "text": "Resources about the project. Contribute to zells\/project development by creating an account on GitHub.",
                "fallback": "GitHub: zells\/project",
                "from_url": "https:\/\/github.com\/zells\/project\/tree\/master\/log",
                "thumb_url": "https:\/\/avatars3.githubusercontent.com\/u\/19484532?s=400&v=4",
                "thumb_width": 250,
                "thumb_height": 250,
                "service_icon": "https:\/\/a.slack-edge.com\/bfaba\/img\/unfurl_icons\/github.png",
                "id": 3,
                "original_url": "https:\/\/github.com\/zells\/project\/tree\/master\/log"
            }
        ],
        "reactions": [
            {
                "name": "smiley",
                "users": [
                    "UA8HY8R7B"
                ],
                "count": 1
            },
            {
                "name": "wave",
                "users": [
                    "UBUFWBGNN",
                    "UA14TGLTC",
                    "U5TCAFTD3",
                    "UC2A2ARPT",
                    "U85HCL7JP",
                    "U8A5MS6R1",
                    "UA8HY8R7B",
                    "UD6EXQVM0"
                ],
                "count": 8
            }
        ]
    }
]