[
    {
        "client_msg_id": "62073585-cba9-4be2-b692-c4fa07dbc40b",
        "type": "message",
        "text": "Hello everyone. :wave:\n\nI want to reinvent programming, or help anyone else who is, because I fear that we are squandering human achievement otherwise. Computers are the pinnacle of human invention, a universal machine, and we have locked their use behind a techno priesthood who speak arcane runes. Instead of computers becoming the bicycle of the mind we have created TV 2.0. It seems ridiculous and hugely inefficient to me that the people with domain specific knowledge need to hire others to encode that knowledge into a computer program. We should create tools to enable the domain expert.\n\nI’m currently working on a bimodal visualization of React Components. Bimodal because both the visual and the textual views are first class meaning changes are propagated to the other. I’m very interested in bimodal types of programming as I feel that while text is great at expressing detail, it isn’t as effective as visuals in communicating structure and relationships. I’m limiting this tool to React Components because I’m unsure if this tool will actually be very effective and I want a well defined and small space to play in.\n\nIf anyone wants to grab a beer\/coffee\/tea in Pittsburgh, PA and talk programming just DM me.",
        "user": "UDRKY9D3R",
        "ts": "1541621478.042100",
        "edited": {
            "user": "UDRKY9D3R",
            "ts": "1541621499.000000"
        },
        "thread_ts": "1541621478.042100",
        "reply_count": 5,
        "reply_users_count": 3,
        "latest_reply": "1551073023.006900",
        "reply_users": [
            "UCKRZS3DZ",
            "UDRKY9D3R",
            "UD6EXQVM0"
        ],
        "replies": [
            {
                "user": "UCKRZS3DZ",
                "ts": "1541622629.042400"
            },
            {
                "user": "UDRKY9D3R",
                "ts": "1541622742.042600"
            },
            {
                "user": "UDRKY9D3R",
                "ts": "1541622771.042900"
            },
            {
                "user": "UD6EXQVM0",
                "ts": "1551071296.006600"
            },
            {
                "user": "UD6EXQVM0",
                "ts": "1551073023.006900"
            }
        ],
        "reactions": [
            {
                "name": "wave",
                "users": [
                    "U8A5MS6R1",
                    "UDCLT064X",
                    "UCUSW7WVD",
                    "UCQ4BBFQ9",
                    "U5TCAFTD3",
                    "UA14TGLTC",
                    "UBSMEUXAA",
                    "UAL7940NM",
                    "U5STGTB3J",
                    "UERTM1JPR",
                    "UD6EXQVM0"
                ],
                "count": 11
            }
        ]
    },
    {
        "client_msg_id": "bb467550-b6a3-4791-a12f-ecee883398e7",
        "type": "message",
        "text": "Sad I'm not in Pittsburgh.\n\nReact Components seem to have quite complicated interface (they take callbacks, references to mutable objects).\n\nIsn't it better to experiment on something simplier?",
        "user": "UCKRZS3DZ",
        "ts": "1541622629.042400",
        "thread_ts": "1541621478.042100",
        "parent_user_id": "UDRKY9D3R",
        "reactions": [
            {
                "name": "+1",
                "users": [
                    "UBSMEUXAA"
                ],
                "count": 1
            }
        ]
    },
    {
        "client_msg_id": "54d00757-683e-472e-9d79-8f3ade74ea14",
        "type": "message",
        "text": "I’m not modeling their whole interface, just their relationships.",
        "user": "UDRKY9D3R",
        "ts": "1541622742.042600",
        "edited": {
            "user": "UDRKY9D3R",
            "ts": "1541622750.000000"
        },
        "thread_ts": "1541621478.042100",
        "parent_user_id": "UDRKY9D3R"
    },
    {
        "client_msg_id": "44675dde-0f3f-4489-a50b-7976a578e756",
        "type": "message",
        "text": "Which I think can be better understood visually.",
        "user": "UDRKY9D3R",
        "ts": "1541622771.042900",
        "thread_ts": "1541621478.042100",
        "parent_user_id": "UDRKY9D3R"
    }
]