[
    {
        "client_msg_id": "68a50d94-8bc3-42b0-90c5-ee534e001629",
        "type": "message",
        "text": "Welcome! I for one would be interested in hearing more about your project, as I haven't really found a sustainable note-taking system I'm happy with",
        "user": "UDJ2TKB99",
        "ts": "1543400672.131100",
        "thread_ts": "1543341498.129800",
        "parent_user_id": "UEDJ8KK3R"
    },
    {
        "client_msg_id": "cde8f5c7-b84f-4b18-a93e-c2a03d97c8be",
        "type": "message",
        "text": "Me either! I feel like it's such a hard problem, that you need the freedom to tinker on your own system as you're using it",
        "user": "UEDJ8KK3R",
        "ts": "1543424459.131500",
        "thread_ts": "1543341498.129800",
        "parent_user_id": "UEDJ8KK3R"
    },
    {
        "client_msg_id": "325568f7-99d7-4366-885a-8b9bd3300c6f",
        "type": "message",
        "text": "but the dev workflow afforded by the normal web stack is too cumbersome",
        "user": "UEDJ8KK3R",
        "ts": "1543424513.131700",
        "thread_ts": "1543341498.129800",
        "parent_user_id": "UEDJ8KK3R"
    }
]