[
    {
        "client_msg_id": "3CB2FB6E-7BB0-4F73-813A-419A6B595924",
        "type": "message",
        "text": "Awesome! Yea let's meet! How about Monday the 20tg. Lunch or Dinner? ",
        "user": "UC6997THT",
        "ts": "1533954969.000013",
        "thread_ts": "1533954969.000013",
        "reply_count": 3,
        "reply_users_count": 2,
        "latest_reply": "1534136254.000108",
        "reply_users": [
            "U5STGTB3J",
            "UC6997THT"
        ],
        "replies": [
            {
                "user": "U5STGTB3J",
                "ts": "1534002307.000006"
            },
            {
                "user": "UC6997THT",
                "ts": "1534062245.000053"
            },
            {
                "user": "U5STGTB3J",
                "ts": "1534136254.000108"
            }
        ]
    }
]