[
    {
        "client_msg_id": "79d9edb5-42b6-4081-81b2-1fb6282b6880",
        "type": "message",
        "text": "Welcome <@UC55N916G> :wave:.... To all new members: feel free to introduce yourselves - tell us why you're here and what you're working on :pray:",
        "user": "U5TCAFTD3",
        "ts": "1533824586.000296",
        "edited": {
            "user": "U5TCAFTD3",
            "ts": "1533824603.000000"
        }
    },
    {
        "user": "UC55N916G",
        "type": "message",
        "subtype": "channel_join",
        "ts": "1533824607.000599",
        "text": "<@UC55N916G> has joined the channel",
        "inviter": "U5TCAFTD3"
    },
    {
        "client_msg_id": "651103BF-2CE3-481F-A835-3473F5EDE709",
        "type": "message",
        "text": "Welcome <@UC6997THT>! Thanks for the laughs - just read a few of your rants (<https:\/\/greggman.com\/>)",
        "user": "U5TCAFTD3",
        "ts": "1533870467.000131"
    },
    {
        "user": "UC6997THT",
        "type": "message",
        "subtype": "channel_join",
        "ts": "1533870472.000066",
        "text": "<@UC6997THT> has joined the channel",
        "inviter": "U5TCAFTD3"
    },
    {
        "client_msg_id": "00684785-CBB0-4145-8818-8E9B808FBD68",
        "type": "message",
        "text": "Hey <@UC6997THT>, I’ve just read your “Life Goals 2018” blog post. Two paragraphs in, I was hooked. I worked at Apple seven years, quit two years ago, and I can relate to everything you write. I’m also in a finding phase, living off my Apple savings, still with enough runway so I’m exactly in that position where it’s comfortable enough to explore whatever, and not uncomfortable enough to get your ass kicked into action. On good days I’m trying to push some projects forward that I consider meaningful, on other days I’m in that “the planet’s going to shit” mood (climate change, politics, etc.) that’s not helping with anything.\n\nThen you write about cancer. Over the last few months, I’ve been spending many hours talking with a good friend once a week during his chemotherapy. We used to work at Apple together, so we talk about the company, technology in general, and the future — stuff we love talking about. Last week they told him they have to stop the chemotherapy, because his body is so weak that it would kill him before the cancer does. I feel like that’s life giving me the (index) finger so I pay attention, because life can give you the (middle) finger anytime.\n\nYou live in Japan? Well, where are we going to eat? I’m coming to Tokyo next Wednesday, staying for 10 days in Roppongi. Let’s meet for coffee or food!",
        "user": "U5STGTB3J",
        "ts": "1533881381.000169",
        "reactions": [
            {
                "name": "heart",
                "users": [
                    "UA14TGLTC",
                    "U5TCAFTD3"
                ],
                "count": 2
            }
        ]
    }
]