[
    {
        "client_msg_id": "a06c4447-9978-4c02-a0b5-ab58c04ed9a3",
        "type": "message",
        "text": "I've used both WordStar and DisplayWrite. :open_mouth:\nWhat is the \"next-gen language developer's association\"?\nPlus .. I would need to see some references to that ActionScript claim!",
        "user": "UE6EFEPTQ",
        "ts": "1544525036.048000",
        "thread_ts": "1544525036.048000",
        "reply_count": 1,
        "reply_users_count": 1,
        "latest_reply": "1546838064.059500",
        "reply_users": [
            "UEQ6M68H0"
        ],
        "replies": [
            {
                "user": "UEQ6M68H0",
                "ts": "1546838064.059500"
            }
        ]
    },
    {
        "client_msg_id": "dc4e1a86-984b-4c70-98d6-fff74b85e8cf",
        "type": "message",
        "text": "Wikipedia (which I know isn't reliable): \"2003–2006: ActionScript 2.0 \" \"This version conformed partially to the ECMAScript Fourth Edition draft specification.\" .. so isn't that a bit late in the timeline?",
        "user": "UE6EFEPTQ",
        "ts": "1544525451.048800"
    },
    {
        "client_msg_id": "3a4c52b9-247a-4083-840c-c5f93dda15ce",
        "type": "message",
        "text": "\"default leader\"? I can't see anything online about that",
        "user": "UE6EFEPTQ",
        "ts": "1544525492.049100",
        "reactions": [
            {
                "name": "+1",
                "users": [
                    "UD6EXQVM0"
                ],
                "count": 1
            }
        ]
    },
    {
        "client_msg_id": "10d9b23b-6e5e-4337-9e81-d8cfbeac1e34",
        "type": "message",
        "text": "+1 for \"expressing computation is a solved problem, the areas we need to explore further are expressing architecture and constraints\"",
        "user": "UEH6T3RJB",
        "ts": "1544525745.049600",
        "thread_ts": "1543869198.036500",
        "parent_user_id": "UEKEQGB9C",
        "reactions": [
            {
                "name": "+1",
                "users": [
                    "UEKEQGB9C"
                ],
                "count": 1
            }
        ]
    },
    {
        "client_msg_id": "7e170f4c-6eee-4c96-b171-8ec39441e854",
        "type": "message",
        "text": "&gt; FP is hostile towards ease of learning and use because it is a bastion of the priesthood, which seeks to obscure and obfuscate the processes of programming. They love crazy terms like monad and functors, Words which are not even in graduate level mathematics. Backus would be mad\n\n:smile: like it!",
        "user": "UE6EFEPTQ",
        "ts": "1544525751.049900",
        "edited": {
            "user": "UE6EFEPTQ",
            "ts": "1544525941.000000"
        }
    },
    {
        "client_msg_id": "306ba727-bc2a-42ab-84b2-f792b02e46f0",
        "type": "message",
        "text": "&gt; In college you will date, learn to play pool, and drink beer. If you just study in your mother’s basement, you will a) get none of that, b) lack social graces, and c) still have to take out the trash. ;-&gt;\n\n.. enjoying googling you! :smile:",
        "user": "UE6EFEPTQ",
        "ts": "1544525913.050400"
    },
    {
        "client_msg_id": "04f08505-ea8b-412a-aaa9-60ba7e971207",
        "type": "message",
        "text": "where do I find the git repo for Beads? or is it a proprietary thing? (<https:\/\/angel.co\/beads-1>)",
        "user": "UE6EFEPTQ",
        "ts": "1544526186.051000",
        "thread_ts": "1544526186.051000",
        "reply_count": 1,
        "reply_users_count": 1,
        "latest_reply": "1546838157.059700",
        "reply_users": [
            "UEQ6M68H0"
        ],
        "replies": [
            {
                "user": "UEQ6M68H0",
                "ts": "1546838157.059700"
            }
        ]
    },
    {
        "client_msg_id": "7a63494b-93f1-48df-99cd-f9f47324d2e7",
        "type": "message",
        "text": "Hi! I am Clemens Klokmose. I'm interested in how to make programming in some form or the other part of everyday computing, and in how to break out of the traditional application silos. I'm a computer scientist by training and working as a professor at department of digital design and information studies at Aarhus University, where I teach students with a humanities background programming. I'm also in charge of the Webstrates project (<http:\/\/webstrates.net|webstrates.net>).",
        "user": "UERRYNVMM",
        "ts": "1544530763.054000",
        "thread_ts": "1544530763.054000",
        "reply_count": 2,
        "reply_users_count": 2,
        "latest_reply": "1544560652.056700",
        "reply_users": [
            "UDJ2TKB99",
            "UERRYNVMM"
        ],
        "replies": [
            {
                "user": "UDJ2TKB99",
                "ts": "1544544580.055300"
            },
            {
                "user": "UERRYNVMM",
                "ts": "1544560652.056700"
            }
        ],
        "reactions": [
            {
                "name": "wave",
                "users": [
                    "UEH6T3RJB",
                    "U5STGTB3J",
                    "UE6EFEPTQ",
                    "UEGFXUK3M",
                    "U5TCAFTD3",
                    "UCKRZS3DZ",
                    "U8A5MS6R1",
                    "UDJ2TKB99",
                    "UERTM1JPR",
                    "UA14TGLTC",
                    "U85HCL7JP",
                    "UCXR52MU2"
                ],
                "count": 12
            }
        ]
    },
    {
        "client_msg_id": "02d55d5c-e71d-47ae-95bf-71277e999c3c",
        "type": "message",
        "text": "Sounds interesting! I'm looking forward to reading through those papers.",
        "user": "UDJ2TKB99",
        "ts": "1544544580.055300",
        "thread_ts": "1544530763.054000",
        "parent_user_id": "UERRYNVMM"
    },
    {
        "client_msg_id": "DB3DF0B5-9A7C-4EF6-A682-34BA32404273",
        "type": "message",
        "text": "Thanks! Happy to discuss them with you",
        "user": "UERRYNVMM",
        "ts": "1544560652.056700",
        "thread_ts": "1544530763.054000",
        "parent_user_id": "UERRYNVMM"
    },
    {
        "client_msg_id": "ec180d96-0c0a-47eb-a96d-eeb07c7a40bb",
        "type": "message",
        "text": "Hiiii friendly people!",
        "user": "UER7F60EP",
        "ts": "1544560847.057000"
    },
    {
        "client_msg_id": "ea73117c-a8c2-45b2-9143-2aefab7c5e24",
        "type": "message",
        "text": "I'm Martijn Brekelmans, although I prefer to go by Laura because of ... reasons!\nI'm an employed software engineer, got my diploma as a computer engineering student, which is: 1 year EE, 3 years CS, trained to program chips, learn C, C++, Linux systems programming, driver development, FPGA's, etcetcetc...\nBuuttt I work as a full-stack web-developer for now, PHP, JavaScript and MySQL, the original stack :stuck_out_tongue:\nI'm always exploring something or building something new, because I like exploration and finding out what is possible.\n\nAs for most people here, I also have an unhealthy obsession with Bret Victor's work.\n\nMost of my work revolves around data visualisation, playing with language &amp; words, interactive toys &amp; generative art and various experiments with user interfaces, programming languages and code-editor software\/insights. Although I don't usually share much of what I do, I think this place is perfect for feedback and discussions!",
        "user": "UER7F60EP",
        "ts": "1544561263.063400",
        "edited": {
            "user": "UER7F60EP",
            "ts": "1544561352.000000"
        },
        "reactions": [
            {
                "name": "wave",
                "users": [
                    "U8A5MS6R1",
                    "UCKRZS3DZ",
                    "UE6EFEPTQ",
                    "U5TCAFTD3",
                    "UCUSW7WVD",
                    "UERTM1JPR",
                    "UCXR52MU2",
                    "U5STGTB3J",
                    "UDJ2TKB99",
                    "UEGFXUK3M",
                    "U85HCL7JP",
                    "UD6EXQVM0"
                ],
                "count": 12
            }
        ]
    },
    {
        "client_msg_id": "9e1b0ded-53af-4a7b-8a11-681af4595222",
        "type": "message",
        "text": "Oh yeah, forgot to mention, this is my website, if you're interested in seeing my public work!",
        "user": "UER7F60EP",
        "ts": "1544561857.064500",
        "thread_ts": "1544561857.064500",
        "reply_count": 1,
        "reply_users_count": 1,
        "latest_reply": "1544602394.068500",
        "reply_users": [
            "UCKRZS3DZ"
        ],
        "replies": [
            {
                "user": "UCKRZS3DZ",
                "ts": "1544602394.068500"
            }
        ]
    },
    {
        "client_msg_id": "62b251e1-afcb-47fe-b414-f6f111850720",
        "type": "message",
        "text": "<https:\/\/martijnbrekelmans.com>",
        "user": "UER7F60EP",
        "ts": "1544561867.064800",
        "reactions": [
            {
                "name": "exploding_head",
                "users": [
                    "UE0ETTCG7"
                ],
                "count": 1
            }
        ]
    },
    {
        "client_msg_id": "4db49ab3-05d8-4171-9407-4aedd90e93fd",
        "type": "message",
        "text": "Regarding that last paragraph, do you think ‘behavioural programming’ might be a step toward addressing that?",
        "user": "UCSJ44X1S",
        "ts": "1544568924.065600",
        "thread_ts": "1543869198.036500",
        "parent_user_id": "UEKEQGB9C"
    }
]