[
    {
        "client_msg_id": "689797e6-e130-4060-9248-28b8cf6f2f66",
        "type": "message",
        "text": "Hi! I'm Spencer. I live in NYC.\n\nI have had crazy ideas about programming languages bouncing around in my head for at least a year now. It seems to me that inadequacies in our programming languages and surrounding tooling are the root cause of most technological troubles.\n\nI've previously worked with computer vision, where I implemented a number of image processing algorithms. The tools we used were grossly insufficient for the task. CUDA was painfully low level, all algorithms became mucked up with performance concerns, code was not portable, build systems were tangled nightmares of dependencies on antiquated software from the 70's... I've been trying to find a better way.\n\nMy ideas are still vague and poorly defined but a month ago I started taking these thoughts seriously. I've been learning type theory in an attempt to gain the necessary background to either implement my ideas or determine if they are even feasible. I have a very long way to go to acquire enough background to even understand what I'm getting into... but you have to start somewhere!",
        "user": "UCNL0UQ90",
        "ts": "1536267783.000100",
        "thread_ts": "1536267783.000100",
        "reply_count": 4,
        "reply_users_count": 4,
        "latest_reply": "1551067758.005200",
        "reply_users": [
            "UA14TGLTC",
            "UAL7940NM",
            "U8A5MS6R1",
            "UD6EXQVM0"
        ],
        "replies": [
            {
                "user": "UA14TGLTC",
                "ts": "1536274698.000100"
            },
            {
                "user": "UAL7940NM",
                "ts": "1536277221.000100"
            },
            {
                "user": "U8A5MS6R1",
                "ts": "1536292698.000100"
            },
            {
                "user": "UD6EXQVM0",
                "ts": "1551067758.005200"
            }
        ],
        "reactions": [
            {
                "name": "wave",
                "users": [
                    "U5TCAFTD3",
                    "UCKRZS3DZ",
                    "U8A5MS6R1",
                    "U85HCL7JP",
                    "UA14TGLTC",
                    "UD6EXQVM0"
                ],
                "count": 6
            }
        ]
    },
    {
        "client_msg_id": "6b9ab5c8-b706-481c-a77f-f2826f4ff5fd",
        "type": "message",
        "text": "Build systems!  When they're good, you don't give them a second thought.  May help prevent their spread.",
        "user": "UA14TGLTC",
        "ts": "1536274698.000100",
        "thread_ts": "1536267783.000100",
        "parent_user_id": "UCNL0UQ90"
    },
    {
        "client_msg_id": "2f60c5cb-b468-4cb2-9dae-db283dba5b9f",
        "type": "message",
        "text": "Parallel\/GPU Programming in C++\/CUDA\/OpenCL was also an initial motivation for me. Spending days working around build system issues and hundreds of lines of cryptic compiler errors and being told that print-statements were state of the art debugging in this area really got me thinking that there must be a better way. Welcome to the group :+1:",
        "user": "UAL7940NM",
        "ts": "1536277221.000100",
        "thread_ts": "1536267783.000100",
        "parent_user_id": "UCNL0UQ90",
        "reactions": [
            {
                "name": "+1",
                "users": [
                    "UA14TGLTC",
                    "UCNL0UQ90",
                    "U8A5MS6R1"
                ],
                "count": 3
            }
        ]
    },
    {
        "client_msg_id": "56c93cf3-2bfe-49b6-8e82-b62ab1749df3",
        "type": "message",
        "text": "Welcome! Yeah those levels of abstraction and indirection add up fast. Mental mapping and decoding of cryptic messages from all across the stack is considered 'state of the art'.",
        "user": "U8A5MS6R1",
        "ts": "1536292698.000100",
        "thread_ts": "1536267783.000100",
        "parent_user_id": "UCNL0UQ90"
    }
]