[
    {
        "client_msg_id": "97fba370-67ec-446b-b623-971344ed1075",
        "type": "message",
        "text": ":wave: i’m Josh. I studied electrical engineering in college and have been working as a software developer in SF for the last few years, and I currently work at an NLP startup called Quid. I’ve long been inspired by the work of Bret Victor and am going to visit Dynamicland for the first time tomorrow (that’s what led me to this Slack channel).",
        "user": "UDESYTH2A",
        "ts": "1539417965.000100",
        "reactions": [
            {
                "name": "wave",
                "users": [
                    "UCKRZS3DZ",
                    "U7C7B75R6",
                    "UD72R4WTU",
                    "U5TCAFTD3",
                    "U8A5MS6R1",
                    "UCXR52MU2",
                    "U5STGTB3J",
                    "U85HCL7JP",
                    "UDCLT064X",
                    "U85MWBKEY",
                    "UDESYTH2A",
                    "UCQ4BBFQ9"
                ],
                "count": 12
            }
        ]
    }
]