[
    {
        "client_msg_id": "3fb1b219-fa75-4660-b690-a464e6b54121",
        "type": "message",
        "text": "<@UDCLT064X> Haha. I get that. We have been trying to get everybody to adopt the team based workflows we have now (pretty similar to Slack now) - so you can invite people in and instead of having to deal with copy\/paste transformation issues - everybody sees the same thing. We recently made it free for everybody and seeing great adoptino there.",
        "user": "UEASWGGMR",
        "ts": "1543335578.116200",
        "thread_ts": "1543026670.088800",
        "parent_user_id": "UEASWGGMR",
        "reactions": [
            {
                "name": "+1",
                "users": [
                    "UDCLT064X"
                ],
                "count": 1
            }
        ]
    },
    {
        "client_msg_id": "f5725180-03fa-43bd-9703-0a49b716128c",
        "type": "message",
        "text": "<@UAVBSJGG5> That’s great to hear!",
        "user": "UEASWGGMR",
        "ts": "1543335586.116400",
        "thread_ts": "1543026670.088800",
        "parent_user_id": "UEASWGGMR"
    },
    {
        "client_msg_id": "39548395-cf05-44c5-af5e-6479c4a67f24",
        "type": "message",
        "text": "<@UDJ2TKB99> Thank you!",
        "user": "UEASWGGMR",
        "ts": "1543335601.116600",
        "thread_ts": "1543026670.088800",
        "parent_user_id": "UEASWGGMR"
    },
    {
        "client_msg_id": "a56ec7b1-4738-4f02-aee5-68b7aa093a42",
        "type": "message",
        "text": "Hey y'all! Been listening to Steve's podcast for a while now and managed to meet up with him for a bit while he was in Boston. I work at a data pipeline startup, and help run both Boston's Elm Meetup and a weekly functional programming meetup with a few friends.\n\nI also have a future-of-coding-esqe personal project that I've been mapping out for a while, and want to get more serious about implementing. The use case is rapidly developing and combining little personal systems for note-taking, note-organizing, goal tracking, task prioritization, etc. The system itself will be a combination visual + textual editor for a big strongly typed frp-ish program, plus a live-updating view that's a user-defined pure function of the state of the frp network. I'm trying to make it so that \"if it compiles, it's deployed\". I am in way over my head with this and will need all the help I can get!",
        "user": "UEDJ8KK3R",
        "ts": "1543341498.129800",
        "thread_ts": "1543341498.129800",
        "reply_count": 3,
        "reply_users_count": 2,
        "latest_reply": "1543424513.131700",
        "reply_users": [
            "UDJ2TKB99",
            "UEDJ8KK3R"
        ],
        "replies": [
            {
                "user": "UDJ2TKB99",
                "ts": "1543400672.131100"
            },
            {
                "user": "UEDJ8KK3R",
                "ts": "1543424459.131500"
            },
            {
                "user": "UEDJ8KK3R",
                "ts": "1543424513.131700"
            }
        ],
        "reactions": [
            {
                "name": "wave::skin-tone-3",
                "users": [
                    "UE6EFEPTQ",
                    "U5TCAFTD3",
                    "UBAP530VB",
                    "U5STGTB3J",
                    "UA14TGLTC",
                    "U85HCL7JP",
                    "UCXR52MU2",
                    "UERTM1JPR"
                ],
                "count": 8
            },
            {
                "name": "tada",
                "users": [
                    "UCGAK10LS"
                ],
                "count": 1
            }
        ]
    }
]