[
    {
        "client_msg_id": "22E2BEE9-9A96-4FCA-8754-D33EBC339F6A",
        "type": "message",
        "text": "Hey Shalabh, I’m glad to hear that you’re also interested in this angle. Yeah, I’d noticed that Unison was exploring that direction, so I plan to investigate that more.\n\nIncidentally, yesterday I came across Secure Scuttlebutt, which is really interesting because people are actually using it for distributed blogging and trying to build stuff on it ( <http:\/\/scuttlebutt.nz|scuttlebutt.nz> )",
        "user": "UDJ2TKB99",
        "ts": "1540366880.000200",
        "thread_ts": "1540290578.000100",
        "parent_user_id": "UDJ2TKB99"
    },
    {
        "client_msg_id": "D19159A8-FA7D-44D7-BFD9-5C450806C9BB",
        "type": "message",
        "text": "Ivan, unfortunately I’m not sure much survives from those days on the public web (though I’ll check with former coworkers to see). So it’s fortunate that the team came from an academic background and liked writing papers about it.",
        "user": "UDJ2TKB99",
        "ts": "1540366947.000100",
        "thread_ts": "1540290578.000100",
        "parent_user_id": "UDJ2TKB99"
    },
    {
        "client_msg_id": "3530d059-2ac7-4a1e-b403-0311ffa5d899",
        "type": "message",
        "text": "Word.",
        "user": "UC2A2ARPT",
        "ts": "1540417027.000100",
        "thread_ts": "1540290578.000100",
        "parent_user_id": "UDJ2TKB99"
    }
]