[
    {
        "client_msg_id": "9a625f4b-3a46-418a-85fe-a4d335b20ee0",
        "type": "message",
        "text": "hello, i'm a software developer at mount sinai in nyc, have been focused on making bioinformatics tools able to run in a distributed fashion (e.g. putting genomic-analysis tools on Apache Spark; some links at <https:\/\/github.com\/ryan-williams>)\n\ni'm just an (enthusiastic!) observer on the \"future programming\" front, but have dreamed of working on editor plugins for direct AST-level editing in various languages, and that's probably the first thing i'll work on \"when i get some free time\":tm:",
        "user": "UD2UVTDNU",
        "ts": "1538235284.000100",
        "edited": {
            "user": "UD2UVTDNU",
            "ts": "1538235289.000000"
        },
        "reactions": [
            {
                "name": "wave",
                "users": [
                    "U8A5MS6R1",
                    "U85HCL7JP",
                    "UCXR52MU2",
                    "UCKRZS3DZ",
                    "U5STGTB3J",
                    "UA14TGLTC",
                    "U5TCAFTD3",
                    "UCDBW1H26"
                ],
                "count": 8
            }
        ]
    }
]