[
    {
        "client_msg_id": "582e332f-f4f6-4468-953b-e13ae4326ece",
        "type": "message",
        "text": "Hi everyone! Lately I tend to introduce myself as a barbarian programmer. I mean that in a few different ways:\n\n• I tend to be a curmudgeon, happier by myself than \"organizing\" into groups to achieve some shared goal. This doesn't mean I dislike collaboration. I just think we tend to conflate collaboration with _synchronous_ collaboration, and asynchronous collaboration is a better fit for many tasks. Asynchronous collaboration can span great distances in space and time. You reading Aristotle could be asynchronous collaboration -- if you are then able to build on what you read in some way and put out some artifact that someone else can collaborate with. UX people like to say \"don't make me think\". I like to say \"don't make me talk to you\". Show me what you built in a form that I can read, listen to, play interactively with and gradually understand\/appreciate. I may still come talk to you if the situation merits it (I actually love talking to people, believe it or not), but give me the choice.\n• I think we've been doing city-living cheek-by-jowl for so long that we've forgotten what benefits it has, and continue cargo-culting it long after it's become superfluous. I don't mean that literally; I love living in cities. But our software stacks have many of the same patterns as cities, and they aren't really necessary: a) promiscuously adding dependencies, b) relying implicitly on some sort of division of labor, so that if we find a problem in a dependency we don't feel empowered to fix it for ourselves, instead turning to ways to try to get others to do it for us like paying, bullying, cajoling, passing laws, etc. It's worth swinging that pendulum back a bit, to imagine we're out on the steppe with just what we have on our backs and nobody else around for miles, and try to achieve our ends with 10x fewer libraries and frameworks. (More details: <https:\/\/news.ycombinator.com\/item?id=16882140#16882555> .)\n• It emphasizes sustainability. When you live off the land (I gather; I wouldn't actually know) you are more attuned to how you affect your environment. Your _externalities_. We city dwellers just expect someone else to cart our trash out for us.\n\nUnfortunately this is all aspirational, because the way we write software doesn't really work for a barbarian. I've been working very slowly on extricating a kernel of software and way of writing software that can be more self-sufficient and sustainable. I started out building a new programming language based on Lisp (<http:\/\/akkartik.name\/post\/wart>, which itself grew out of a startup; those who can't startup shave yaks), then grew frustrated with the stack below me and simultaneously realized languages don't matter, and build a toy VM and OS (<https:\/\/github.com\/akkartik\/mu#readme> ; <http:\/\/akkartik.name\/about>), used it to teach programming for a couple of years, then grew frustrated with how slow it was and gradually faced up to the need to understand even more low-level details. Lately I've been building simple tools for programming in machine code (<https:\/\/github.com\/akkartik\/mu\/tree\/master\/subx#readme>), but in the past week I've set this aside to design a type-safe language that I can bootstrap out of machine code (no link yet).",
        "user": "UCUSW7WVD",
        "ts": "1536962970.000100",
        "edited": {
            "user": "UCUSW7WVD",
            "ts": "1536963783.000000"
        },
        "attachments": [
            {
                "service_name": "GitHub",
                "title": "akkartik\/mu",
                "title_link": "https:\/\/github.com\/akkartik\/mu#readme;",
                "text": "Soul of a tiny new machine. Track side effects in safe Assembly → More thorough tests → More malleable and rewrite-friendly software. - akkartik\/mu",
                "fallback": "GitHub: akkartik\/mu",
                "from_url": "https:\/\/github.com\/akkartik\/mu#readme;",
                "thumb_url": "https:\/\/avatars3.githubusercontent.com\/u\/3161?s=400&v=4",
                "thumb_width": 250,
                "thumb_height": 250,
                "service_icon": "https:\/\/a.slack-edge.com\/bfaba\/img\/unfurl_icons\/github.png",
                "id": 1,
                "original_url": "https:\/\/github.com\/akkartik\/mu#readme;"
            }
        ],
        "thread_ts": "1536962970.000100",
        "reply_count": 7,
        "reply_users_count": 4,
        "latest_reply": "1551069045.005400",
        "reply_users": [
            "UCUSW7WVD",
            "UC21F8Q48",
            "U5STGTB3J",
            "UD6EXQVM0"
        ],
        "replies": [
            {
                "user": "UCUSW7WVD",
                "ts": "1536963014.000100"
            },
            {
                "user": "UCUSW7WVD",
                "ts": "1536963039.000100"
            },
            {
                "user": "UC21F8Q48",
                "ts": "1536964003.000100"
            },
            {
                "user": "U5STGTB3J",
                "ts": "1536975379.000100"
            },
            {
                "user": "UCUSW7WVD",
                "ts": "1536977553.000100"
            },
            {
                "user": "UCUSW7WVD",
                "ts": "1536977896.000100"
            },
            {
                "user": "UD6EXQVM0",
                "ts": "1551069045.005400"
            }
        ],
        "reactions": [
            {
                "name": "wave",
                "users": [
                    "U85HCL7JP",
                    "UA14TGLTC",
                    "UCKRZS3DZ",
                    "UCQ4BBFQ9",
                    "UAVBSJGG5",
                    "U5STGTB3J"
                ],
                "count": 6
            }
        ]
    },
    {
        "client_msg_id": "433bf4d1-491c-4e63-913f-c1d5a3e64525",
        "type": "message",
        "text": "This is my umpteenth attempt at trying to set out my dissatisfactions and motivations, so if it made no sense but you're somehow still reading, maybe one of my earlier attempts will help triangulate (in reverse chronological order):\n\n<https:\/\/lobste.rs\/s\/mdmcdi\/little_languages_by_jon_bentley_1986#c_3miuf2>\n<https:\/\/www.reddit.com\/r\/ProgrammingLanguages\/comments\/8i33hq\/mu_revisited>\n<https:\/\/plforums.org\/practice\/minimal-features-required-for-an-extensible-language#post_65>\n<https:\/\/lobste.rs\/s\/n0d3qo#c_rue8pf>\n<http:\/\/akkartik.name\/about>\n\nI get the sense a lot of you are concerned with more high-level concerns like high level languages, live programming, Bret Victor, visual programming and so on. Think of me as trying to build better foundations for your castles. Because the crap you're building on today, it ain't gonna last. (It won't just disintegrate one day, instead it'll gradually put out shoots and suffocate all your degrees of freedom until you're totally ossified.)",
        "user": "UCUSW7WVD",
        "ts": "1536963014.000100",
        "edited": {
            "user": "UCUSW7WVD",
            "ts": "1536963030.000000"
        },
        "thread_ts": "1536962970.000100",
        "parent_user_id": "UCUSW7WVD"
    },
    {
        "client_msg_id": "5bd97a13-a3f1-4559-bda8-8f2aca73f23a",
        "type": "message",
        "text": "(I highly recommend <https:\/\/www.ribbonfarm.com\/2011\/03\/10\/the-return-of-the-barbarian>, which radically shifted my sense of what a barbarian is, and how they've historically interacted with sedentary peoples. Also worth reading is <http:\/\/akkartik.name\/post\/lemmings> . The book it's from is one of ten hardcopy books I own, and I wrote the Wikipedia page for it: <https:\/\/en.wikipedia.org\/wiki\/Fates_of_Nations> (History is an enduring interest. \"History seems to me so important that it's misleading to treat it as a mere field of study. Another way to describe it is _all the data we have so far_.\" -- <http:\/\/paulgraham.com\/essay.html> ))\n\n(I also like parentheses. (I've done some Lisp programming.))",
        "user": "UCUSW7WVD",
        "ts": "1536963039.000100",
        "edited": {
            "user": "UCUSW7WVD",
            "ts": "1536963714.000000"
        },
        "attachments": [
            {
                "service_name": "ribbonfarm",
                "title": "The Return of the Barbarian",
                "title_link": "https:\/\/www.ribbonfarm.com\/2011\/03\/10\/the-return-of-the-barbarian",
                "text": "Our cartoon view of history goes straight from the Flintstones to Jetsons without developmental stages of any consequence in between. Hunter-gatherers and settled modern civilizations loom large, a…",
                "fallback": "ribbonfarm: The Return of the Barbarian",
                "thumb_url": "https:\/\/206hwf3fj4w52u3br03fi242-wpengine.netdna-ssl.com\/wp-content\/uploads\/2011\/03\/neoVeblenFork.png",
                "ts": 1299813431,
                "from_url": "https:\/\/www.ribbonfarm.com\/2011\/03\/10\/the-return-of-the-barbarian",
                "thumb_width": 339,
                "thumb_height": 244,
                "service_icon": "https:\/\/206hwf3fj4w52u3br03fi242-wpengine.netdna-ssl.com\/wp-content\/themes\/prose\/images\/favicon.ico",
                "id": 1,
                "original_url": "https:\/\/www.ribbonfarm.com\/2011\/03\/10\/the-return-of-the-barbarian"
            },
            {
                "title": "Fates of Nations",
                "title_link": "https:\/\/en.wikipedia.org\/wiki\/Fates_of_Nations",
                "from_url": "https:\/\/en.wikipedia.org\/wiki\/Fates_of_Nations",
                "author_name": "Wikipedia",
                "author_link": "https:\/\/en.wikipedia.org\/",
                "text": "The Fates of Nations: A Biological Theory of History is a 1980 book by Paul Colinvaux, professor of ecology at Ohio State University.",
                "fallback": "wikipedia: Fates of Nations",
                "service_icon": "https:\/\/a.slack-edge.com\/bfaba\/img\/unfurl_icons\/wikipedia.png",
                "id": 2,
                "original_url": "https:\/\/en.wikipedia.org\/wiki\/Fates_of_Nations"
            }
        ],
        "thread_ts": "1536962970.000100",
        "parent_user_id": "UCUSW7WVD"
    },
    {
        "client_msg_id": "4fca1a24-7e07-46b1-b400-669b466e34c5",
        "type": "message",
        "text": "Fascinating city analogy. I like it.",
        "user": "UC21F8Q48",
        "ts": "1536964003.000100",
        "thread_ts": "1536962970.000100",
        "parent_user_id": "UCUSW7WVD",
        "reactions": [
            {
                "name": "+1",
                "users": [
                    "UCUSW7WVD"
                ],
                "count": 1
            }
        ]
    },
    {
        "client_msg_id": "A8ACC940-31E7-4FED-84CD-B7500CF96100",
        "type": "message",
        "text": "&gt;Because the crap you're building on today, it ain't gonna last. (It won't just disintegrate one day, instead it'll gradually put out shoots and suffocate all your degrees of freedom until you're totally ossified.)\n\nThat’s a pretty bold statement, given that we’re all running on systems that have lots of components that consist of C code from the seventies… ;-)\n\nThat said, I see what you’re after. We all believe it could be much better than it is. But I wouldn’t hope for the old stuff to just break. If that was a factor, it would’ve happened by now.\n\nNow I also wonder how many of us read ribbonfarm? Is there a correlation in the form of “people who like ribbonfarm also like to fix computing”?",
        "user": "U5STGTB3J",
        "ts": "1536975379.000100",
        "edited": {
            "user": "U5STGTB3J",
            "ts": "1536975412.000000"
        },
        "thread_ts": "1536962970.000100",
        "parent_user_id": "UCUSW7WVD"
    },
    {
        "client_msg_id": "f81e673c-f7f2-4813-be73-7dd52e5446b7",
        "type": "message",
        "text": ":joy: Disclosure: I've also written for ribbonfarm.\n\nTangent: Do y'all feel post-rationalist? I sure don't, and yet that's how ribbonfarm gets grouped in <https:\/\/medium.com\/intellectual-explorers-club\/memetic-tribes-and-culture-war-2-0-14705c43f6bb>\n\n---\n\nThere's a reason I didn't say \"break\", and added the caveat about what \"not lasting\" means.\n\nAs a concrete example, simple tasks like copying strings, syncing to the file system and waiting on multiple file descriptors are fundamentally broken\/insecure\/errorprone on C. This stuff is an ongoing cost we all pay to this day, regardless of whether we program in C.\n\nExhibit B: the accretion of ruby\/gem\/rvm\/bundler and python\/distutils\/pip\/virtualenv. It happens because we feel disempowered to change the foundations. And yet each level up provides only temporary relief, and creates its own issues that need escaping. Escape lies downward.",
        "user": "UCUSW7WVD",
        "ts": "1536977553.000100",
        "edited": {
            "user": "UCUSW7WVD",
            "ts": "1536977654.000000"
        },
        "attachments": [
            {
                "service_name": "Medium",
                "title": "Memetic Tribes and Culture War 2.0 – Intellectual Explorers Club – Medium",
                "title_link": "https:\/\/medium.com\/intellectual-explorers-club\/memetic-tribes-and-culture-war-2-0-14705c43f6bb",
                "text": "By Peter Limberg and Conor Barnes",
                "fallback": "Medium: Memetic Tribes and Culture War 2.0 – Intellectual Explorers Club – Medium",
                "image_url": "https:\/\/cdn-images-1.medium.com\/max\/1200\/0*szaM1ma5LUXPhqRg",
                "fields": [
                    {
                        "title": "Reading time",
                        "value": "39 min read",
                        "short": true
                    }
                ],
                "ts": 1536883645,
                "from_url": "https:\/\/medium.com\/intellectual-explorers-club\/memetic-tribes-and-culture-war-2-0-14705c43f6bb",
                "image_width": 177,
                "image_height": 250,
                "image_bytes": 425792,
                "service_icon": "https:\/\/cdn-images-1.medium.com\/fit\/c\/304\/304\/1*5JpT18KGjFSqAh-75tS-VA.jpeg",
                "id": 1,
                "original_url": "https:\/\/medium.com\/intellectual-explorers-club\/memetic-tribes-and-culture-war-2-0-14705c43f6bb"
            }
        ],
        "thread_ts": "1536962970.000100",
        "parent_user_id": "UCUSW7WVD"
    },
    {
        "client_msg_id": "9da2065f-1b1e-42e4-bab4-42b0ccc4a43d",
        "type": "message",
        "text": "C is extremely good at lasting. But it slows _you_ down, reduces your competitiveness and longevity: <http:\/\/250bpm.com\/blog:51>",
        "user": "UCUSW7WVD",
        "ts": "1536977896.000100",
        "edited": {
            "user": "UCUSW7WVD",
            "ts": "1536978268.000000"
        },
        "thread_ts": "1536962970.000100",
        "parent_user_id": "UCUSW7WVD"
    }
]