[
    {
        "client_msg_id": "d559d2d9-4808-4f8b-963a-60980442a23a",
        "type": "message",
        "text": "Hey! I'm Dev. I used to work with <@U85MWBKEY> at Dropsource (and he invited me here). I've been interested in software synthesis\/code generation and event sourcing architecture for a long time. I'm currently focused more on the event sourcing side but have been enjoying the Future of Programming podcast and am looking forward to seeing what you all are up to!",
        "user": "UDJ8A6RNH",
        "ts": "1539959510.000100",
        "reactions": [
            {
                "name": "wave",
                "users": [
                    "UCKRZS3DZ",
                    "U8A5MS6R1",
                    "U5TCAFTD3",
                    "U5STGTB3J",
                    "U85HCL7JP",
                    "U85MWBKEY",
                    "UD72R4WTU",
                    "U7C7B75R6",
                    "UDCLT064X",
                    "UA14TGLTC",
                    "UCXR52MU2",
                    "UCQ4BBFQ9"
                ],
                "count": 12
            }
        ]
    }
]