[
    {
        "client_msg_id": "BC007951-AD9F-4F8C-9162-5B12F65C4372",
        "type": "message",
        "text": "Welcome <@UC25BN0RW> <@UC2A2ARPT> and <@UC25EFSJC>! Feel free to introduce yourselves if you’d like :)",
        "user": "U5TCAFTD3",
        "ts": "1533405301.000037"
    },
    {
        "user": "UC25EFSJC",
        "type": "message",
        "subtype": "channel_join",
        "ts": "1533405306.000024",
        "text": "<@UC25EFSJC> has joined the channel",
        "inviter": "U5TCAFTD3"
    },
    {
        "user": "UC25BN0RW",
        "type": "message",
        "subtype": "channel_join",
        "ts": "1533405306.000030",
        "text": "<@UC25BN0RW> has joined the channel",
        "inviter": "U5TCAFTD3"
    },
    {
        "client_msg_id": "edf90118-52ba-47a7-af10-b26a7abd7d71",
        "type": "message",
        "text": "Hi Steve, hi everyone. I've been following many of you on Twitter for a good while now, and decided it was time to join the Slack group after <@UA8HY8R7B> mentioned it positively in his most recent Zells project log.   \n\nI've lived my entire life in central Alberta, Canada — currently building a house in a remote forest with no phone service and barely any internet.\n\nLife Story (Abridged): I taught myself 3D animation as a kid\/teen, which led to a job with a small company in a nearby town that makes some very neat interactive learning media. Over the past decade, I've taught myself to code, and am now the main software dev at the company.\n\nCurrently, I'm working on a new suite of tools for our simulation-crafting artists. I want to give them a programming experience that's worthy of being called \"Victor-esq\", vaguely in the tradition of HyperCard and SmallTalk, loosely inspired by system-centric video games like Factorio or SimCity, with tools as rich and powerful as I'm used to from 3D animation. I'll be sharing progress after I've finished the divergent prototyping phase and start to converge on a specific approach.\n\nI'm also a huge experimental music nerd, so DM me if you want to talk about Max\/MSP or Brian Current's \"Slanted Time\" or Godfried-Willem Raes.  \n  \nTwitter: <@UC2A2ARPT>  \nPortfolio: <http:\/\/spiralganglion.com|spiralganglion.com>",
        "user": "UC2A2ARPT",
        "ts": "1533405337.000033",
        "thread_ts": "1533405337.000033",
        "reply_count": 1,
        "reply_users_count": 1,
        "latest_reply": "1551045300.004700",
        "reply_users": [
            "UD6EXQVM0"
        ],
        "replies": [
            {
                "user": "UD6EXQVM0",
                "ts": "1551045300.004700"
            }
        ],
        "reactions": [
            {
                "name": "wave",
                "users": [
                    "U5TCAFTD3",
                    "UC21F8Q48",
                    "U8A5MS6R1",
                    "UA14TGLTC",
                    "U85HCL7JP",
                    "UETJZ9V0T",
                    "UEQ7QL15F"
                ],
                "count": 7
            },
            {
                "name": "robot_face",
                "users": [
                    "UA8HY8R7B"
                ],
                "count": 1
            }
        ]
    },
    {
        "client_msg_id": "6d9e4ffb-3b37-4900-8b2d-c8e8be6a4c5d",
        "type": "message",
        "text": "Hi everybody,\n\nI just finished my Master's thesis which focused on Cognitive Modelling. My lab works with brain models, but this requires really weird specialized tools. Like [a reactive GUI](<https:\/\/www.youtube.com\/watch?v=UVeIPKnQAL4&amp;feature=youtu.be>) and a [DSL designed for large-scale modelling called SPA](<http:\/\/github.com\/nengo\/nengo-spa>) with its own type system. It's made me want to make more tools, so I've been following the domain for a while and I'm looking to do a PhD related to it.\n\nTwitter: @voyageur_techno",
        "user": "UC25BN0RW",
        "ts": "1533429769.000009",
        "attachments": [
            {
                "service_name": "YouTube",
                "service_url": "https:\/\/www.youtube.com\/",
                "title": "Nengo GUI Demo Controlled Oscillator",
                "title_link": "https:\/\/www.youtube.com\/watch?v=UVeIPKnQAL4&amp;feature=youtu.be",
                "author_name": "CTNWaterloo",
                "author_link": "https:\/\/www.youtube.com\/user\/CTNWaterloo",
                "thumb_url": "https:\/\/i.ytimg.com\/vi\/UVeIPKnQAL4\/hqdefault.jpg",
                "thumb_width": 480,
                "thumb_height": 360,
                "fallback": "YouTube Video: Nengo GUI Demo Controlled Oscillator",
                "video_html": "<iframe width=\"400\" height=\"225\" src=\"https:\/\/www.youtube.com\/embed\/UVeIPKnQAL4?feature=oembed&autoplay=1&iv_load_policy=3\" frameborder=\"0\" allow=\"autoplay; encrypted-media\" allowfullscreen><\/iframe>",
                "video_html_width": 400,
                "video_html_height": 225,
                "from_url": "https:\/\/www.youtube.com\/watch?v=UVeIPKnQAL4&amp;feature=youtu.be",
                "service_icon": "https:\/\/a.slack-edge.com\/2089\/img\/unfurl_icons\/youtube.png",
                "id": 1,
                "original_url": "https:\/\/www.youtube.com\/watch?v=UVeIPKnQAL4&amp;feature=youtu.be"
            },
            {
                "service_name": "GitHub",
                "title": "nengo\/nengo-spa",
                "title_link": "http:\/\/github.com\/nengo\/nengo-spa",
                "text": "nengo-spa - An implementation of the Semantic Pointer Architecture for Nengo",
                "fallback": "GitHub: nengo\/nengo-spa",
                "from_url": "http:\/\/github.com\/nengo\/nengo-spa",
                "thumb_url": "https:\/\/avatars1.githubusercontent.com\/u\/9197486?s=400&v=4",
                "thumb_width": 140,
                "thumb_height": 140,
                "service_icon": "https:\/\/assets-cdn.github.com\/favicon.ico",
                "id": 2,
                "original_url": "http:\/\/github.com\/nengo\/nengo-spa"
            }
        ]
    },
    {
        "client_msg_id": "b74e812b-597b-4962-a04a-db3e60963482",
        "type": "message",
        "text": "I'm especially interested, because making the Nengo GUI was ridiculously hard and we're trying to rewrite it because we had no idea what we were doing the first time (bunch of Python devs writing their first web app). But I also can't find any real prior art for it which I could copy from? I think this is partially because our cognitive modelling system is super restrictive; all communication happens with vectors. When you step away from that restriction, the visualisation and computation domain balloons.",
        "user": "UC25BN0RW",
        "ts": "1533429910.000061",
        "reactions": [
            {
                "name": "wave",
                "users": [
                    "U5TCAFTD3",
                    "UC21F8Q48",
                    "UC2A2ARPT",
                    "UA14TGLTC",
                    "UC25BN0RW"
                ],
                "count": 5
            }
        ]
    }
]