[
    {
        "client_msg_id": "59893e9d-c6ed-4f4a-accc-d1708bcbc943",
        "type": "message",
        "text": "That's cool! Thanks for sharing ",
        "user": "UAL7940NM",
        "ts": "1549106296.120400",
        "thread_ts": "1549053489.115300",
        "parent_user_id": "UFXFB1RK8"
    },
    {
        "client_msg_id": "f5a7b2be-13aa-4ab6-aef0-540e087472ba",
        "type": "message",
        "text": "<@UEQ6M68H0> Interesting you mention Aarvo Paart. Yes, certainly I’ve heard about how meditative and mystical his work is. I have been searching for this kind of “transcendent” experience and finding it in a diverse range of others including Somei Satoh, Toru Takemitsu, Lilli Boulanger, John Luther Adams, Gyorgi Ligeti and sometimes with the “night music” aspect of Bella Bartok. I haven’t quite gotten into Aarvo Paart yet, but now that you bring him up, I think I’ll give him another listen this week and try to have an open mind. Thanks for mentioning.",
        "user": "UCSJ44X1S",
        "ts": "1549112137.120700",
        "edited": {
            "user": "UCSJ44X1S",
            "ts": "1549112578.000000"
        },
        "thread_ts": "1549059485.116800",
        "parent_user_id": "UCSJ44X1S"
    },
    {
        "client_msg_id": "366338ba-104b-451f-a830-09c04954b2e1",
        "type": "message",
        "text": "The Requiem by Maurice Durflé is a killer work. He takes you straight to heaven. If you are interested in mystic music, you might look at Scriabin's piano works. He was working on a super-work called the Mysterium that would cause spontaneous enlightenment. He was a very interesting fellow. Also post-awakening John Coltrane is wonderful stuff. Myself for programming i used Anoushka Shankar to power the first year of my project. She's better than her father was, and he was great. Rhythmic music helps with typing.",
        "user": "UEQ6M68H0",
        "ts": "1549157528.122100",
        "thread_ts": "1549059485.116800",
        "parent_user_id": "UCSJ44X1S",
        "reactions": [
            {
                "name": "drum_with_drumsticks",
                "users": [
                    "UCSJ44X1S"
                ],
                "count": 1
            }
        ]
    }
]