[
    {
        "client_msg_id": "87541199-14d7-4a68-9ce5-4e6ec43673f5",
        "type": "message",
        "text": "Treesheets is a great little product. Really has strong commercial potential if you ask me.",
        "user": "UEQ6M68H0",
        "ts": "1553845164.002700",
        "thread_ts": "1553729620.097600",
        "parent_user_id": "UHDQ62M4P",
        "reactions": [
            {
                "name": "+1",
                "users": [
                    "U8A5MS6R1"
                ],
                "count": 1
            }
        ]
    },
    {
        "client_msg_id": "c9402343-a1b9-4dcb-8ba3-b40548de2569",
        "type": "message",
        "text": "no plans for modules yet.. I guess I've never made anything big enough where \"include\" didn't work for me.",
        "user": "UHDQ62M4P",
        "ts": "1553871571.003100",
        "thread_ts": "1553729620.097600",
        "parent_user_id": "UHDQ62M4P"
    },
    {
        "client_msg_id": "ac75964f-9607-4ab5-b3cd-f89ff1b40eb8",
        "type": "message",
        "text": "also the compilation model is \"closed world\", meaning it wants to see the whole program to be able to do typechecking etc. That makes it extra powerful. Usually the use of modules is couple with seperate compilation, which would require a lot of explicit typing at the boundary in the case of Lobster",
        "user": "UHDQ62M4P",
        "ts": "1553871637.003300",
        "thread_ts": "1553729620.097600",
        "parent_user_id": "UHDQ62M4P"
    },
    {
        "client_msg_id": "ae0c33ea-7acb-4672-abe8-987a514a9d75",
        "type": "message",
        "text": "Edward: thanks! Not sure about the commercial potential, it has quite a following, but not big enough to the point where if I would charge money it would make me a meaningful amount. For comparison, it received about 2k or so in donations in 10 years, which is.. less than a dollar a day? :slightly_smiling_face:",
        "user": "UHDQ62M4P",
        "ts": "1553871727.003500",
        "thread_ts": "1553729620.097600",
        "parent_user_id": "UHDQ62M4P"
    },
    {
        "client_msg_id": "31a83cb6-e79b-463f-bd9d-9b81c149da6e",
        "type": "message",
        "text": "Oh I meant proper namespaces rather than compiled modules. I understand it would still need whole program analysis.",
        "user": "U8A5MS6R1",
        "ts": "1553877819.003800",
        "thread_ts": "1553729620.097600",
        "parent_user_id": "UHDQ62M4P"
    },
    {
        "client_msg_id": "4d95efea-ace9-403e-bc58-0d808fc28337",
        "type": "message",
        "text": "They are probably not \"proper\", but it did gain simple namespace support recently",
        "user": "UHDQ62M4P",
        "ts": "1553882084.004100",
        "thread_ts": "1553729620.097600",
        "parent_user_id": "UHDQ62M4P",
        "reactions": [
            {
                "name": "+1",
                "users": [
                    "U8A5MS6R1"
                ],
                "count": 1
            }
        ]
    },
    {
        "client_msg_id": "db81b9d3-0057-4547-a699-167562510503",
        "type": "message",
        "text": "see use of `test_namespace` here: <https:\/\/github.com\/aardappel\/lobster\/blob\/5b89bacd1b1d1e63e710161b7cdfa14e2a095895\/lobster\/tests\/misctest.lobster#L8-L29>",
        "user": "UHDQ62M4P",
        "ts": "1553882254.004300",
        "thread_ts": "1553729620.097600",
        "parent_user_id": "UHDQ62M4P"
    }
]