[
    {
        "client_msg_id": "9142b579-7fc7-4004-a1d9-30050fae69a7",
        "type": "message",
        "text": "Hello all. I figure it’s time I should formally introduce myself. I’m a programmer in Virginia who’s eagerly looking for the future of coding. My dream is to unlock the power of computing for non-programmers. I’ve seen this done particularly well in Dynamics CRM, Microsoft Excel, and in the now-abandoned Eve language. I’m particularly interested in logic programming, query languages (like Datalog), and the semantic web, so naturally I pay close attention to Dustin Getz’ Hyperfiddle project. Clojure is my weapon of choice, but I’m developing an appreciation for static types and the expressivity they bring, and am interested in exploring formal methods and dependently-typed languages like Idris. I also have an avid interest in how philosophy bears on computation, and how a humane philosophy can work itself out into humane software. I’m very grateful to have found this group. Here’s to the future of coding :clinking_glasses:",
        "user": "UJK8MKYAZ",
        "ts": "1558213786.001900",
        "thread_ts": "1558213786.001900",
        "reply_count": 2,
        "reply_users_count": 1,
        "latest_reply": "1558332974.004400",
        "reply_users": [
            "UJKKBAMLL"
        ],
        "replies": [
            {
                "user": "UJKKBAMLL",
                "ts": "1558332887.004200"
            },
            {
                "user": "UJKKBAMLL",
                "ts": "1558332974.004400"
            }
        ],
        "reactions": [
            {
                "name": "+1",
                "users": [
                    "UAVCC2X70",
                    "UJNJQD2AC",
                    "UBSMEUXAA",
                    "UJCHWTMH6",
                    "UJM9NG84Q",
                    "UA14TGLTC",
                    "UJBAJNFLK"
                ],
                "count": 7
            },
            {
                "name": "four_leaf_clover",
                "users": [
                    "UAVCC2X70",
                    "UJNJQD2AC"
                ],
                "count": 2
            },
            {
                "name": "wave",
                "users": [
                    "U8A5MS6R1",
                    "UJ6LDMMN0",
                    "U5TCAFTD3",
                    "UJCHWTMH6",
                    "UFPRPSA4S",
                    "UJBAJNFLK",
                    "U85HCL7JP",
                    "UHS9K1N6A",
                    "UC21F8Q48"
                ],
                "count": 9
            },
            {
                "name": "clinking_glasses",
                "users": [
                    "U85HCL7JP"
                ],
                "count": 1
            }
        ]
    }
]