[
    {
        "client_msg_id": "799aed21-1f0c-4adb-8e92-a67c969885fb",
        "type": "message",
        "text": "welcome to the group. There is no question that better languages can drastically simplify programming, and that a much larger number of personality types can enjoy programming once this grand simplification occurs. I find at present, programming is restricted to people who could do a 5000 piece jigsaw puzzle. That takes a very special kind of persistence, patience, and strong pattern recognition skills. Most puzzles sold are in the 300 \/ 500 \/ 1000 piece sizes, and many stores don't even stock a 5000 piece jigsaw.",
        "user": "UEQ6M68H0",
        "ts": "1557655627.118700",
        "thread_ts": "1557655627.118700",
        "reply_count": 1,
        "reply_users_count": 1,
        "latest_reply": "1557718827.123400",
        "reply_users": [
            "UCUSW7WVD"
        ],
        "replies": [
            {
                "user": "UCUSW7WVD",
                "ts": "1557718827.123400"
            }
        ]
    },
    {
        "client_msg_id": "775b03bc-18b5-436c-987f-33238326f8d9",
        "type": "message",
        "text": "i am working myself on something that would be ideal for coding camps, and i look forward to the field test where i test it on 12 year olds and 70 year olds. Both groups are excluded at present, and the seniors have the most to offer because they know what should be built, while kids typically only know games.",
        "user": "UEQ6M68H0",
        "ts": "1557655709.119900",
        "edited": {
            "user": "UEQ6M68H0",
            "ts": "1557655722.000000"
        },
        "thread_ts": "1557655709.119900",
        "reply_count": 7,
        "reply_users_count": 4,
        "latest_reply": "1557824328.134000",
        "reply_users": [
            "UAVCC2X70",
            "U85HCL7JP",
            "UBSMEUXAA",
            "UEQ6M68H0"
        ],
        "replies": [
            {
                "user": "UAVCC2X70",
                "ts": "1557713915.121400"
            },
            {
                "user": "U85HCL7JP",
                "ts": "1557714760.123200"
            },
            {
                "user": "UBSMEUXAA",
                "ts": "1557769735.127300"
            },
            {
                "user": "UBSMEUXAA",
                "ts": "1557769903.127500"
            },
            {
                "user": "UBSMEUXAA",
                "ts": "1557769966.127700"
            },
            {
                "user": "UBSMEUXAA",
                "ts": "1557770075.127900"
            },
            {
                "user": "UEQ6M68H0",
                "ts": "1557824328.134000"
            }
        ],
        "reactions": [
            {
                "name": "+1",
                "users": [
                    "UAVCC2X70",
                    "U85HCL7JP"
                ],
                "count": 2
            }
        ]
    },
    {
        "client_msg_id": "bcbe401d-c656-4a95-9a79-7ea1959b5eba",
        "type": "message",
        "text": "I'd very much like to know the details and outcome of these tests! What kind of timeline are you looking at?",
        "user": "UAVCC2X70",
        "ts": "1557713915.121400",
        "thread_ts": "1557655709.119900",
        "parent_user_id": "UEQ6M68H0"
    },
    {
        "client_msg_id": "B2CB9D37-2141-4BE9-93AA-4F0C7F8CAE19",
        "type": "message",
        "text": "Me too! \nI worked as a teacher in different coding bootcamps. I’m really interested to know more about it",
        "user": "U85HCL7JP",
        "ts": "1557714760.123200",
        "thread_ts": "1557655709.119900",
        "parent_user_id": "UEQ6M68H0"
    },
    {
        "client_msg_id": "3a713d38-a486-446a-8679-0a10f227d9fc",
        "type": "message",
        "text": "&gt; There is no question that better languages can drastically simplify programming..\n\nI question it, actually.\n\n1. I don't think programming can be simplified. There's a kernel of irreducible essential complexity here. What we _can_ do is unpack the complexity and stage it, so that newcomers don't have too steep a wall to climb. Carve steps into the sides of the wall.\n\n2. I don't think the solution is better languages. The solution is better environments. We've recently discussed this here.\n\nTotally fine that we disagree about these things! I just object to the \"no question\".",
        "user": "UCUSW7WVD",
        "ts": "1557718827.123400",
        "thread_ts": "1557655627.118700",
        "parent_user_id": "UEQ6M68H0",
        "reactions": [
            {
                "name": "+1",
                "users": [
                    "UBSMEUXAA"
                ],
                "count": 1
            }
        ]
    }
]