[
    {
        "client_msg_id": "a324aeba-02c0-4949-984d-4251cd52bea1",
        "type": "message",
        "text": "Hi everyone! I'm a mathematician of a similar age as <@U6KQ2S410> and have programmed since the tail end of the punched card era, mostly at a low level - digging myself upwards from designing and building assemblers, debuggers, compilers, and interpreters to graphical editors (2D and 3D), to web design (frontend and backend).\n\nI taught Maths and then Computer Science at a Cambridge, UK sixth form and saw the introduction of the BBC Micro. This led me eventually to quitting teaching and writing software for the first ARM-based computer (the Acorn Archimedes) having borrowed one for a weekend to port the virtual machine for an APL interpreter (which could also run on the BBC Micro).\n\nThe (minimal) original website for my company is still up and running (<http:\/\/www.acecomp.demon.co.uk\/>) and there's a brief mention of some earlier work on the Binary Dinosaurs site (<http:\/\/www.binarydinosaurs.co.uk\/Museum\/icl\/tcheal.php>). My company merged with two other small UK software houses who produced a HyperCard-like programming system (Genesis) for the Archimedes. I am currently employed by an NLP specialist - designing a new web-based front-end for their product. I have also recently been teaching CS again, now that the UK syllabus has returned to something more like the one I taught in the 1980s.\n\nI have been working on attempts to improve programming itself for about 25 years, mostly due to a random thought in about 1993 which means I can no longer program without thinking \"This could be a lot easier...\" every time I hit a key. I've set myself a deadline for September to produce something a bit more public, as a self-imposed incentive. I've probably now gone down most dead-ends, so I'm hoping that failure experience will eventually pay off.",
        "user": "UFBQNBYER",
        "ts": "1556538295.012400",
        "attachments": [
            {
                "title": "Binary Dinosaurs - Tony Cheal Story",
                "title_link": "http:\/\/www.binarydinosaurs.co.uk\/Museum\/icl\/tcheal.php",
                "text": "Possibly the UK's biggest private collection of home computers from 1972 onwards",
                "fallback": "Binary Dinosaurs - Tony Cheal Story",
                "from_url": "http:\/\/www.binarydinosaurs.co.uk\/Museum\/icl\/tcheal.php",
                "service_icon": "http:\/\/www.binarydinosaurs.co.uk\/favicon.ico",
                "service_name": "binarydinosaurs.co.uk",
                "id": 1,
                "original_url": "http:\/\/www.binarydinosaurs.co.uk\/Museum\/icl\/tcheal.php"
            }
        ],
        "thread_ts": "1556538295.012400",
        "reply_count": 3,
        "reply_users_count": 3,
        "latest_reply": "1556820762.044400",
        "reply_users": [
            "U6KQ2S410",
            "UAVCC2X70",
            "U8A5MS6R1"
        ],
        "replies": [
            {
                "user": "U6KQ2S410",
                "ts": "1556539470.013100"
            },
            {
                "user": "UAVCC2X70",
                "ts": "1556813534.038700"
            },
            {
                "user": "U8A5MS6R1",
                "ts": "1556820762.044400"
            }
        ],
        "reactions": [
            {
                "name": "wave::skin-tone-6",
                "users": [
                    "UCKRZS3DZ",
                    "UBN9AFS0N",
                    "UFWR21E4W",
                    "UC21F8Q48",
                    "UGXH0HCSF",
                    "UCXR52MU2",
                    "UA14TGLTC"
                ],
                "count": 7
            },
            {
                "name": "wave",
                "users": [
                    "UJ6LDMMN0",
                    "UCGAK10LS",
                    "U79HM6726",
                    "UC2A2ARPT",
                    "UCUSW7WVD",
                    "U8A5MS6R1",
                    "U5TCAFTD3",
                    "U7C7B75R6",
                    "UC21F8Q48",
                    "U85HCL7JP",
                    "UCXR52MU2",
                    "UD6EXQVM0"
                ],
                "count": 12
            },
            {
                "name": "+1",
                "users": [
                    "UAVCC2X70"
                ],
                "count": 1
            }
        ]
    },
    {
        "client_msg_id": "d6e55aff-3b00-4438-a918-a9f21340f7b8",
        "type": "message",
        "text": "Welcome to the club! I'm shooting for  the record of most failed programming paradigm experiments, but I welcome friendly competition.",
        "user": "U6KQ2S410",
        "ts": "1556539470.013100",
        "thread_ts": "1556538295.012400",
        "parent_user_id": "UFBQNBYER",
        "reactions": [
            {
                "name": "+1",
                "users": [
                    "UFBQNBYER",
                    "UCXR52MU2",
                    "UA14TGLTC",
                    "UGLSY9X3J"
                ],
                "count": 4
            },
            {
                "name": "slightly_smiling_face",
                "users": [
                    "UFBQNBYER",
                    "U79HM6726",
                    "U5STGTB3J",
                    "UC2A2ARPT",
                    "UCUSW7WVD",
                    "UC21F8Q48",
                    "UCXR52MU2",
                    "UGLSY9X3J"
                ],
                "count": 8
            }
        ]
    },
    {
        "client_msg_id": "259e475f-49e4-43d0-abea-240154e517c0",
        "type": "message",
        "text": "Thanks Dan. Pursuing all of the above. At work right now I am looking to convert lots of literal values and conditionals into decision tables and hoping to find a way to make them executable. I have found inspiration in this DSL KernelF which is like a way to embed functional expressions into another language leading to code that can read like a spreadsheet.\n“The Philosophy behind Language Engineering with MPS” by Markus Voelter <https:\/\/link.medium.com\/kqhDnHlPhW>",
        "user": "UHZNB3HRP",
        "ts": "1556557016.015600",
        "thread_ts": "1556213791.005400",
        "parent_user_id": "UHZNB3HRP"
    },
    {
        "client_msg_id": "fa16b525-6afc-4f7b-a289-8f3542cc2dde",
        "type": "message",
        "text": "My POV may be slightly different in that I deal with data and workflow systems where the logic needs to be owned by SMEs but the way we code things doesn't do much to create a shared vocabulary where SMEs even feel like logic is their domain. So I am trying to get decision tables out there as a way to communicate.",
        "user": "UHZNB3HRP",
        "ts": "1556557192.015800",
        "thread_ts": "1556213791.005400",
        "parent_user_id": "UHZNB3HRP"
    }
]