[
    {
        "client_msg_id": "0680d8e0-8e8b-450b-9aef-fc813d8638b9",
        "type": "message",
        "text": "hey dude :smile:",
        "user": "UEG9ECNSU",
        "ts": "1546857147.060100",
        "thread_ts": "1546800190.058500",
        "parent_user_id": "UF6RLAL7J"
    },
    {
        "client_msg_id": "471a4af3-89a7-4049-8202-287b5436f2ce",
        "type": "message",
        "text": "hey <@UEG9ECNSU>! :slightly_smiling_face:",
        "user": "UF6RLAL7J",
        "ts": "1546868610.060300",
        "thread_ts": "1546800190.058500",
        "parent_user_id": "UF6RLAL7J"
    },
    {
        "client_msg_id": "42accb6b-49e5-4633-8e5d-d4cb53bd4bc3",
        "type": "message",
        "text": "Hi! I see everyone prefers to use their real names here, but I prefer the oldschool approach of staying at least slightly anonymous online. Hope that's fine.\nI'm a software architect from Europe, I work on medical systems and SaaS platforms.\nOutside that I actively work on problems related to programming languages, language development, code comprehensibility and internalization. I joined this Slack after randomly stumbling upon the FoC podcast, which was very exciting for me right off the bat. Hope to have some discussions with people about new and fresh ideas, and on how to improve\/iterate on <@U5TCAFTD3>’s concepts, especially with regards to the \"quickly alter the software you're using\" idea.",
        "user": "UF9Q6U1FG",
        "ts": "1546889075.066100",
        "thread_ts": "1546889075.066100",
        "reply_count": 1,
        "reply_users_count": 1,
        "latest_reply": "1546940792.067200",
        "reply_users": [
            "UA14TGLTC"
        ],
        "replies": [
            {
                "user": "UA14TGLTC",
                "ts": "1546940792.067200"
            }
        ],
        "reactions": [
            {
                "name": "wave",
                "users": [
                    "UC2A2ARPT",
                    "UEGFXUK3M",
                    "UF5PAGQQ4",
                    "U85HCL7JP",
                    "UDJ2TKB99",
                    "UEDDR6L5Q",
                    "UA14TGLTC",
                    "U5TCAFTD3",
                    "UC21F8Q48",
                    "U5STGTB3J"
                ],
                "count": 10
            }
        ]
    }
]