[
    {
        "client_msg_id": "accd0ae2-09fb-4e22-b4a0-86b81879da56",
        "type": "message",
        "text": "Is \"What is a program?\" really the question? I would have framed it as \"What _should_ a program be?\" We can set it up as we choose to.",
        "user": "UD6EXQVM0",
        "ts": "1557021504.077800",
        "thread_ts": "1556877537.071900",
        "parent_user_id": "UJCNG3FNY"
    },
    {
        "client_msg_id": "fceb4ee6-dc69-4fdd-bb81-3dd5c09e4069",
        "type": "message",
        "text": "Al Mo, what kind of interest do you have in WebAssembly? I've been kind of disappointed with the garbage collection proposal and the fact that they've broken work on Wasm into several different proposals - I thought it needed to be designed more holistically, likely with the objects\/GC system as a centerpiece. I've been wanting to design a low-level type system for the GC system but I figured they'd just ignore me if I proposed something, particularly since I didn't keep up with all the other developments since the Wasm MVP.",
        "user": "UD6EXQVM0",
        "ts": "1557021944.078000",
        "edited": {
            "user": "UD6EXQVM0",
            "ts": "1557021962.000000"
        },
        "thread_ts": "1556826146.053300",
        "parent_user_id": "UJC8ZDSTX"
    },
    {
        "client_msg_id": "1a3d6a69-2508-4247-8fe6-18ce94fdf421",
        "type": "message",
        "text": "It sounds rather like you've implemented my original concept for a multilanguage compiler (see <http:\/\/loyc.net\/origin.html>) minus the extensibility. Is that true? Did you write a custom compiler that mimicks the semantics of several languages?",
        "user": "UD6EXQVM0",
        "ts": "1557022594.078300",
        "thread_ts": "1556820526.044100",
        "parent_user_id": "UJCQYPLMN"
    }
]