[
    {
        "client_msg_id": "55e80d61-5df3-4963-b7e2-a71b424f119a",
        "type": "message",
        "text": "Awesome :) thanks for diversifying the data ",
        "user": "UDRF3ALP4",
        "ts": "1547723332.091700",
        "thread_ts": "1547679117.090400",
        "parent_user_id": "UDRF3ALP4"
    },
    {
        "client_msg_id": "b05266f8-dec8-485f-b6c7-a75d7180d2d5",
        "type": "message",
        "text": "You should really check paredit and parinfer, they’re both mechanisms that lisp programmers use to achieve the same sort of prevention of syntax errors, but for lisp.",
        "user": "UF5PAGQQ4",
        "ts": "1547732074.091900",
        "thread_ts": "1547679117.090400",
        "parent_user_id": "UDRF3ALP4"
    },
    {
        "client_msg_id": "dd1059cd-d283-4553-97c0-87823245aa5d",
        "type": "message",
        "text": "Thanks, I really like parinfer! I wish I was writing lisp all just for that :see_no_evil:",
        "user": "UDRF3ALP4",
        "ts": "1547743786.092200",
        "thread_ts": "1547679117.090400",
        "parent_user_id": "UDRF3ALP4"
    }
]