[
    {
        "client_msg_id": "6eebb426-bc5d-4d43-b1f6-0a3af06cfde3",
        "type": "message",
        "text": "Hi everyone! I’m Carl. I am a veteran engineer-designer-startup person, and I’m currently doing a mix of coaching\/advising engineering managers, and writing about deep technical topics and engineering management \/ creative process. I’ve been a volunteer at Dynamicland for the past few months, and I’m just putting finishing touches on a longread about it. <http:\/\/tashian.com\/carl\/>",
        "user": "UGXH0HCSF",
        "ts": "1553441813.064200",
        "attachments": [
            {
                "title": "Carl Tashian",
                "title_link": "http:\/\/tashian.com\/carl\/",
                "text": "Carl Tashian is a San Francisco-based serial entrepreneur, software engineer, and writer.",
                "fallback": "Carl Tashian",
                "from_url": "http:\/\/tashian.com\/carl\/",
                "service_name": "tashian.com",
                "id": 1,
                "original_url": "http:\/\/tashian.com\/carl\/"
            }
        ],
        "thread_ts": "1553441813.064200",
        "reply_count": 2,
        "reply_users_count": 2,
        "latest_reply": "1553443248.065200",
        "reply_users": [
            "UCUSW7WVD",
            "UGXH0HCSF"
        ],
        "replies": [
            {
                "user": "UCUSW7WVD",
                "ts": "1553442385.064900"
            },
            {
                "user": "UGXH0HCSF",
                "ts": "1553443248.065200"
            }
        ],
        "reactions": [
            {
                "name": "wave::skin-tone-3",
                "users": [
                    "UE6EFEPTQ",
                    "UCUSW7WVD",
                    "U5TCAFTD3",
                    "UBSMEUXAA",
                    "U7C7B75R6",
                    "U85HCL7JP",
                    "UF0770MK2"
                ],
                "count": 7
            },
            {
                "name": "sunglasses",
                "users": [
                    "UE6EFEPTQ",
                    "UD3AK9JRF",
                    "UA14TGLTC"
                ],
                "count": 3
            },
            {
                "name": "wave",
                "users": [
                    "UD6EXQVM0",
                    "UFV8P4472"
                ],
                "count": 2
            }
        ]
    },
    {
        "client_msg_id": "42b63a91-ea93-4974-88ad-78c426afd3e2",
        "type": "message",
        "text": "Will we see you today?!",
        "user": "UCUSW7WVD",
        "ts": "1553442385.064900",
        "thread_ts": "1553441813.064200",
        "parent_user_id": "UGXH0HCSF"
    },
    {
        "client_msg_id": "76e5bd68-66b7-4448-b533-7b74e53c45cd",
        "type": "message",
        "text": "Yes!",
        "user": "UGXH0HCSF",
        "ts": "1553443248.065200",
        "thread_ts": "1553441813.064200",
        "parent_user_id": "UGXH0HCSF",
        "reactions": [
            {
                "name": "+1",
                "users": [
                    "UBUFWBGNN"
                ],
                "count": 1
            }
        ]
    },
    {
        "client_msg_id": "a661598a-bf64-4fb6-af06-dfb36288ef2c",
        "type": "message",
        "text": "_(frantically throws together some kind of intro before heading to meet everyone at Dynamicland)_\n\nHello there! I’m Yoz, a short bald Brit who lives in Oakland and works in SF. I’ve been lurking on this Slack for a while after enjoying a few episodes of Steve’s podcast. Some relevant bits of history:\n1. Ever since I first logged onto *LambdaMOO* in 1993, I’ve been obsessed with the potential for *shared programmable worlds*. This led me to 5 years working at *Linden Lab*, the creators\/maintainers of *Second Life*, Blocksworld and Sansar, all of which are shared programmable worlds like MOO. It taught me a huge amount about the underestimated benefits and problems of these systems.\n2. I spent 4 years at *18F*, a consultancy within the US Government. It teaches departments about agile development &amp; procurement, user-centered design and open source, all with the aim of serving citizens better. Most of my time was spent both programming new systems and learning about legacy ones. *It convinced me that most of our software development was inherently a bad idea*, and that it would be better to build on no-code\/low-code systems, and to focus on empowering staffers rather than automating their jobs away.\n3. I’m fascinated by debugging, with existing and new tools. I’ve given talks on debugging (see thread) and played around with creating new debugging tools.\n4. These days I’m something of a software pessimist, to the point where I’m not sure that we should be teaching kids to code at all - at least, not until we are able to sufficiently manage the complexity we create.\n5. I love amazing bug stories - see the thread for a couple, and also for my favourite computing paper.\n\nLooking forward to meeting and chatting with folks!",
        "user": "UFV8P4472",
        "ts": "1553462373.080400",
        "edited": {
            "user": "UFV8P4472",
            "ts": "1553462434.000000"
        },
        "thread_ts": "1553462373.080400",
        "reply_count": 11,
        "reply_users_count": 5,
        "latest_reply": "1555369524.001900",
        "reply_users": [
            "UFV8P4472",
            "UFXFB1RK8",
            "U85HCL7JP",
            "U7C7B75R6",
            "UD43R8ZFV"
        ],
        "replies": [
            {
                "user": "UFV8P4472",
                "ts": "1553462507.080600"
            },
            {
                "user": "UFV8P4472",
                "ts": "1553462537.080900"
            },
            {
                "user": "UFXFB1RK8",
                "ts": "1553487155.082000"
            },
            {
                "user": "UFXFB1RK8",
                "ts": "1553487223.082200"
            },
            {
                "user": "UFV8P4472",
                "ts": "1553497545.082700"
            },
            {
                "user": "UFV8P4472",
                "ts": "1553497680.082900"
            },
            {
                "user": "U85HCL7JP",
                "ts": "1553530539.084600"
            },
            {
                "user": "UFV8P4472",
                "ts": "1553532133.087000"
            },
            {
                "user": "U7C7B75R6",
                "ts": "1553537448.087600"
            },
            {
                "user": "UFV8P4472",
                "ts": "1553538972.088000"
            },
            {
                "user": "UD43R8ZFV",
                "ts": "1555369524.001900"
            }
        ],
        "reactions": [
            {
                "name": "smile",
                "users": [
                    "UCUSW7WVD",
                    "UA14TGLTC",
                    "UD3AK9JRF",
                    "UF0770MK2"
                ],
                "count": 4
            },
            {
                "name": "heart",
                "users": [
                    "UCUSW7WVD",
                    "U85HCL7JP",
                    "UD43R8ZFV"
                ],
                "count": 3
            }
        ]
    },
    {
        "client_msg_id": "6dd12675-124a-4587-9fc9-babaf9269a22",
        "type": "message",
        "text": "A Second Life bug story about saving the skating horses: <https:\/\/twitter.com\/yoz\/status\/865808297047113728>",
        "user": "UFV8P4472",
        "ts": "1553462507.080600",
        "attachments": [
            {
                "fallback": "<https:\/\/twitter.com\/yoz|@yoz>: I know an even weirder version of this, also from SL. This is from when I worked there, about 7 years ago. It involves skating horses. <https:\/\/twitter.com\/Edcrab_\/status\/865678826281603072>",
                "ts": 1495259758,
                "author_name": "Yoz Grahame",
                "author_link": "https:\/\/twitter.com\/yoz\/status\/865808297047113728",
                "author_icon": "https:\/\/pbs.twimg.com\/profile_images\/605804182684114944\/g1a0mcZp_normal.png",
                "author_subname": "@yoz",
                "text": "I know an even weirder version of this, also from SL. This is from when I worked there, about 7 years ago. It involves skating horses. <https:\/\/twitter.com\/Edcrab_\/status\/865678826281603072>",
                "service_name": "twitter",
                "service_url": "https:\/\/twitter.com\/",
                "from_url": "https:\/\/twitter.com\/yoz\/status\/865808297047113728",
                "id": 1,
                "original_url": "https:\/\/twitter.com\/yoz\/status\/865808297047113728",
                "footer": "Twitter",
                "footer_icon": "https:\/\/a.slack-edge.com\/6e067\/img\/services\/twitter_pixel_snapped_32.png"
            },
            {
                "fallback": "<https:\/\/twitter.com\/Edcrab_|@Edcrab_>: What the fuck even is Second Life. What kind of hell is it <https:\/\/pbs.twimg.com\/media\/DAOCP08UwAAI9Vf.jpg>",
                "ts": 1495228890,
                "author_name": "Edcrab",
                "author_link": "https:\/\/twitter.com\/Edcrab_\/status\/865678826281603072",
                "author_icon": "https:\/\/pbs.twimg.com\/profile_images\/1014883731805437952\/KStQ26OL_normal.jpg",
                "author_subname": "@Edcrab_",
                "text": "What the fuck even is Second Life. What kind of hell is it <https:\/\/pbs.twimg.com\/media\/DAOCP08UwAAI9Vf.jpg>",
                "service_name": "twitter",
                "service_url": "https:\/\/twitter.com\/",
                "from_url": "https:\/\/twitter.com\/Edcrab_\/status\/865678826281603072",
                "image_url": "https:\/\/pbs.twimg.com\/media\/DAOCP08UwAAI9Vf.jpg",
                "image_width": 626,
                "image_height": 619,
                "image_bytes": 106073,
                "indent": true,
                "color": "32BBF3",
                "id": 2,
                "footer": "Twitter",
                "footer_icon": "https:\/\/a.slack-edge.com\/6e067\/img\/services\/twitter_pixel_snapped_32.png"
            }
        ],
        "thread_ts": "1553462373.080400",
        "parent_user_id": "UFV8P4472"
    },
    {
        "client_msg_id": "373d73f2-a27c-47be-96a5-9e392a957714",
        "type": "message",
        "text": "<https:\/\/twitter.com\/yoz\/status\/1006636464350695424>",
        "user": "UFV8P4472",
        "ts": "1553462537.080900",
        "attachments": [
            {
                "fallback": "<https:\/\/twitter.com\/yoz|@yoz>: I'm fascinated by bizarre bug stories.\nThis one, retold by <https:\/\/twitter.com\/ferlatte|@ferlatte>, happened in the mid-2000s.\nThe chain of decisions that made this possible could make a book-sized history of computing. \nBut if you only take one lesson: please, validate your inputs. <https:\/\/pbs.twimg.com\/media\/DfhJposU8AA8MnA.jpg>",
                "ts": 1528835810,
                "author_name": "Yoz Grahame",
                "author_link": "https:\/\/twitter.com\/yoz\/status\/1006636464350695424",
                "author_icon": "https:\/\/pbs.twimg.com\/profile_images\/605804182684114944\/g1a0mcZp_normal.png",
                "author_subname": "@yoz",
                "text": "I'm fascinated by bizarre bug stories.\nThis one, retold by <https:\/\/twitter.com\/ferlatte|@ferlatte>, happened in the mid-2000s.\nThe chain of decisions that made this possible could make a book-sized history of computing. \nBut if you only take one lesson: please, validate your inputs. <https:\/\/pbs.twimg.com\/media\/DfhJposU8AA8MnA.jpg>",
                "service_name": "twitter",
                "service_url": "https:\/\/twitter.com\/",
                "from_url": "https:\/\/twitter.com\/yoz\/status\/1006636464350695424",
                "image_url": "https:\/\/pbs.twimg.com\/media\/DfhJposU8AA8MnA.jpg",
                "image_width": 441,
                "image_height": 389,
                "image_bytes": 40618,
                "id": 1,
                "original_url": "https:\/\/twitter.com\/yoz\/status\/1006636464350695424",
                "footer": "Twitter",
                "footer_icon": "https:\/\/a.slack-edge.com\/6e067\/img\/services\/twitter_pixel_snapped_32.png"
            }
        ],
        "thread_ts": "1553462373.080400",
        "parent_user_id": "UFV8P4472"
    },
    {
        "client_msg_id": "5ddc9dcd-14f2-4c34-b558-9f1f26e0d514",
        "type": "message",
        "text": "LambdaMOO! Wow! Holy shit, I haven't seen anyone from there in a decade.",
        "user": "UFXFB1RK8",
        "ts": "1553487155.082000",
        "thread_ts": "1553462373.080400",
        "parent_user_id": "UFV8P4472"
    },
    {
        "client_msg_id": "5f869455-91c6-467f-b93a-9e8220916390",
        "type": "message",
        "text": "Also, I think Leah Bannon maybe introduced us one time when I stopped by for a late lunch.",
        "user": "UFXFB1RK8",
        "ts": "1553487223.082200",
        "thread_ts": "1553462373.080400",
        "parent_user_id": "UFV8P4472"
    },
    {
        "client_msg_id": "17b1db38-85d2-4d14-8f29-9c2487d54389",
        "type": "message",
        "text": "Hi Everyone,\n\nIt was great to meet some of you today at the SF\/Dynamicland meetup. While I've\nbeen on Slack for a bit, I never posted to introductions so here it is.\n\nI'm a software engineer professionally and over time I've grown increasingly\ndissatisfied with the general state of affairs. It was all fun and games for a\nwhile, but then I started watching Alan Kay videos :smile:. While digging into\nhistorical ideas and banging my head against what seem to be a hard ceiling in\nmany of the tools and systems we use, I've arrived at the position that there is\na large space of possibilities that has been left unexplored while we continue\nto incrementally hammer away at the entrenched systems. I believe big leaps can\nonly happen if many established fundamental ideas are changed or replaced. For\ninstance, we store and share *information* by encoding it in a\nnon-introspectable, very low level medium (aka files) that also loses its\nconnections to related information, history and identity. We then redesign these\nfeatures over and over in various ways in different contexts. Programs as text\nfiles is another poor representation. We re-implement the same functionality and\nschemas in different siloed processes and services. It seems our language for\ninterconnection and scaling up is really poor. Much of programming deals with\nstuff that isn't really computing anything but just dealing with represenation\nchanges (e.g. parsing - doesn't change the information content). Worse, this\ntype of represenation shuffling code is tightly intermingled with the computing\ncode. We sit in front of powerful computers, and simulate them in our heads -\nhumans are simulating the general purpose simulator.\n\nSo what's an alternative? I don't know but perhaps creating a new\nPL\/DB\/framework to fit in a PL\/DB\/framework shaped hole in the current mess may not\nhelp. We need to explore ideas that are holisitic, ground up rethinking of what\ncomputing is, how the space is partitioned into concepts and artifacts (note\nfiles\/filesystems, OS processes, databases, 'programs', compilers etc. are all\nmeans to an end, serving the users achieve some of their goals - what are the\ngoals and what other ways can they be expressed?). How does something like this\n'alternative substrate' or 'new material for computing' fit onto the existing\nworld? It doesn't, but my interest is more of a research exercise - how can it\nbe done, what would make it complete and self sustaining? If we have some good\nideas, we can prototype. Since this is broad and can go in all directions, I've\nbeen writing to try and clear my thoughts and keep moving forward in some way.\nIf you're interested take a look at <https:\/\/shalabh.com\/programmable-systems\/>",
        "user": "U8A5MS6R1",
        "ts": "1553495379.082500",
        "edited": {
            "user": "U8A5MS6R1",
            "ts": "1553569586.000000"
        },
        "attachments": [
            {
                "title": " Programmable Systems Series  ",
                "title_link": "https:\/\/shalabh.com\/programmable-systems\/",
                "text": "Notes on the study of programmable computer systems.",
                "fallback": " Programmable Systems Series  ",
                "from_url": "https:\/\/shalabh.com\/programmable-systems\/",
                "service_name": "shalabh.com",
                "id": 1,
                "original_url": "https:\/\/shalabh.com\/programmable-systems\/"
            }
        ],
        "reactions": [
            {
                "name": "+1",
                "users": [
                    "UD6EXQVM0",
                    "UBSMEUXAA",
                    "UA14TGLTC",
                    "UAVCC2X70",
                    "UAL7940NM",
                    "UEGFXUK3M"
                ],
                "count": 6
            },
            {
                "name": "wave",
                "users": [
                    "UC2A2ARPT",
                    "U5TCAFTD3",
                    "UGYGY18UX"
                ],
                "count": 3
            },
            {
                "name": "clap",
                "users": [
                    "UC2A2ARPT"
                ],
                "count": 1
            },
            {
                "name": "heart",
                "users": [
                    "UCUSW7WVD"
                ],
                "count": 1
            }
        ]
    }
]