[
    {
        "client_msg_id": "4EC5071E-17EE-4F55-BEAE-37C203B8F97D",
        "type": "message",
        "text": "Yes, MPS is the closest thing I'm aware of that's actually available. Unfortunately I haven't spent much time actually using it, so I can't really comment on specific differences except very superficially, ie. Intentional's tooling was based on C#\/.NET instead of Java. \nThe one time I tried it was many years ago, iirc the only thing I tried was to rename a thing and see if the references updated, which iirc they didn't. I don't know if I misunderstood something, am misremembering, or if they've fixed that since, but such an edit would have impossible with Intentional's representation; names were a property of the thing, not references to the thing. This was core; you could have any number of names assigned to something - i18n for your variables, both short and long names, etc. At one point we added \"friendly\" names to some of our core language features, which were originally named with Hungarian notation :)",
        "user": "UHPAERALD",
        "ts": "1554461395.050900",
        "thread_ts": "1554420137.022100",
        "parent_user_id": "UAVCC2X70",
        "reactions": [
            {
                "name": "+1",
                "users": [
                    "U79HM6726"
                ],
                "count": 1
            }
        ]
    },
    {
        "client_msg_id": "2169F294-25CD-4B3F-BC31-34179F7B804D",
        "type": "message",
        "text": "Intentional's product strategy is something I can't speculate on; they started staffing up significantly around the time I left, but I honestly don't know what all those developers were doing. I know they were purchased by Microsoft a couple of years ago now; whether that means we'll see the public release of development tools or some other application of the tech, I don't know. ",
        "user": "UHPAERALD",
        "ts": "1554462781.054900",
        "thread_ts": "1554420137.022100",
        "parent_user_id": "UAVCC2X70"
    },
    {
        "client_msg_id": "4313566a-0b09-43f5-8c94-f74ea4e447df",
        "type": "message",
        "text": "At a very high level, every edit in the tool appended to a changelog that described the edits in enough detail that it could be played back to reproduce the document, or undone. Every node in the source tree had a unique identity, so we could directly tell the difference between \"delete\/insert\" and \"move\". If we couldn't apply a change cleanly, we'd insert information about the conflict into the document. (The \"conflict\" domain was simply another language that could be freely intermixed into any document due to the flexibility of our tree representation.) Charles patented this as \"Perfect Source Control\".",
        "user": "UHPAERALD",
        "ts": "1554470866.055400",
        "thread_ts": "1554420137.022100",
        "parent_user_id": "UAVCC2X70"
    },
    {
        "client_msg_id": "15aa5dd7-d48e-44eb-b404-38cb9cd984a0",
        "type": "message",
        "text": "This is very interesting.",
        "user": "UCKRZS3DZ",
        "ts": "1554477621.056000",
        "thread_ts": "1554420137.022100",
        "parent_user_id": "UAVCC2X70"
    }
]