[
    {
        "client_msg_id": "44d5cfc8-a12c-461c-9627-a758da90e809",
        "type": "message",
        "text": "Hi all :wave:\nI'm a developer based in Cambridge, UK. I discovered Future of Coding thanks to <@UFD2JRE58> and especially liked the episode about React history with Pete Hunt. I currently code in TypeScript and Swift, but I've done my first more or less serious coding in my life in Scheme and Tcl. Also had a bit of production experience with Haskell as well. I see there are mentions of music interests and visual programming here, and both topics are quite interesting to me. In my spare time I like poking modular synthesisers in something like Audulus (<http:\/\/audulus.com>)\n\nI'm currently building a framework inspired by React in pure Swift. I was very excited when React Hooks were announced, so I decided to drop the class-based API altogether and only implement a Hooks API. I still need to implement a few more hooks and host components, but I hope I'm much closer to a point where it can be used for real iOS apps and some other platforms in the future, when more renders are added. You can check out my current progress here if you're interested: <https:\/\/github.com\/MaxDesiatov\/Gluon>\nIf this thing gets any traction, I'd like to build visual developer tools for it in the future.\n\nThanks for the podcast and the community, super excited to learn more from you all!",
        "user": "UFW3LB2KA",
        "ts": "1549211981.132400",
        "edited": {
            "user": "UFW3LB2KA",
            "ts": "1549212053.000000"
        },
        "thread_ts": "1549211981.132400",
        "reply_count": 1,
        "reply_users_count": 1,
        "latest_reply": "1549267066.133800",
        "reply_users": [
            "UFD2JRE58"
        ],
        "replies": [
            {
                "user": "UFD2JRE58",
                "ts": "1549267066.133800"
            }
        ],
        "reactions": [
            {
                "name": "wave",
                "users": [
                    "UCKRZS3DZ",
                    "U8A5MS6R1",
                    "UAL7940NM",
                    "U5TCAFTD3",
                    "UC2A2ARPT",
                    "U5STGTB3J",
                    "UCSJ44X1S",
                    "UFKM7DBAA",
                    "UDRF3ALP4",
                    "U85HCL7JP",
                    "UA14TGLTC",
                    "UCXR52MU2",
                    "UE1JQM9HQ"
                ],
                "count": 13
            }
        ]
    },
    {
        "client_msg_id": "11676ccd-a18f-46ba-8e25-7690c8296621",
        "type": "message",
        "text": "heya <@UFW3LB2KA> :wave:  nice to see you!\n\nIf you are a swift developer be sure to follow Max's twitter  <https:\/\/twitter.com\/maxdesiatov> and blog <https:\/\/desiatov.com\/> for lots of Swift goodies.",
        "user": "UFD2JRE58",
        "ts": "1549267066.133800",
        "attachments": [
            {
                "title": "Max Desiatov (@maxdesiatov) | Twitter",
                "title_link": "https:\/\/twitter.com\/maxdesiatov",
                "text": "The latest Tweets from Max Desiatov (@maxdesiatov). Software consultant, mostly coding for iOS and web in Swift and TypeScript. Interested in product design, video games and music. Cambridge, UK",
                "fallback": "Max Desiatov (@maxdesiatov) | Twitter",
                "from_url": "https:\/\/twitter.com\/maxdesiatov",
                "service_icon": "https:\/\/abs.twimg.com\/icons\/apple-touch-icon-192x192.png",
                "service_name": "twitter.com",
                "id": 1,
                "original_url": "https:\/\/twitter.com\/maxdesiatov"
            },
            {
                "title": "Max Desiatov",
                "title_link": "https:\/\/desiatov.com\/",
                "text": "I'm Max Desiatov, a software consultant building mobile and backend apps. My interests include, but aren't limited to coding in Swift and TypeScript, machine learning, product design, video games and music",
                "fallback": "Max Desiatov",
                "from_url": "https:\/\/desiatov.com\/",
                "service_icon": "https:\/\/desiatov.com\/apple-icon-270x270.png",
                "service_name": "desiatov.com",
                "id": 2,
                "original_url": "https:\/\/desiatov.com\/"
            }
        ],
        "thread_ts": "1549211981.132400",
        "parent_user_id": "UFW3LB2KA",
        "reactions": [
            {
                "name": "+1",
                "users": [
                    "UFW3LB2KA"
                ],
                "count": 1
            }
        ]
    }
]