[
    {
        "client_msg_id": "49be9e47-b2af-409f-99ea-9c253365ff28",
        "type": "message",
        "text": "Hi, I'm Charlie, and I've just released the Strat Cloud Language ( <https:\/\/strat.world\/> ).  Strat is this odd thing that connects functions together within the cloud and lets users represent services and events at a very high level.  I've just found my way here and I'm starting to poke around.  As silly as it may be, I believe Strat, or other languages like it will play a big part in \"the future of coding\".  Let me know what you think!  Also, I built Strat's compiler in flat, (mostly) dependency-less Javascript, so if you want some deranged hot takes and poor technology evaluations, I'm your guy.",
        "user": "UJKC8B0QN",
        "ts": "1557287801.090800",
        "edited": {
            "user": "UJKC8B0QN",
            "ts": "1557287988.000000"
        },
        "thread_ts": "1557287801.090800",
        "reply_count": 14,
        "reply_users_count": 3,
        "latest_reply": "1557328964.094900",
        "reply_users": [
            "UJ6LDMMN0",
            "UD6EXQVM0",
            "UJKC8B0QN"
        ],
        "replies": [
            {
                "user": "UJ6LDMMN0",
                "ts": "1557301422.091200"
            },
            {
                "user": "UD6EXQVM0",
                "ts": "1557325517.091800"
            },
            {
                "user": "UD6EXQVM0",
                "ts": "1557325638.092100"
            },
            {
                "user": "UJKC8B0QN",
                "ts": "1557325733.092400"
            },
            {
                "user": "UJKC8B0QN",
                "ts": "1557325777.092600"
            },
            {
                "user": "UJKC8B0QN",
                "ts": "1557325873.092800"
            },
            {
                "user": "UJKC8B0QN",
                "ts": "1557325903.093000"
            },
            {
                "user": "UJKC8B0QN",
                "ts": "1557326038.093200"
            },
            {
                "user": "UD6EXQVM0",
                "ts": "1557326176.093400"
            },
            {
                "user": "UJKC8B0QN",
                "ts": "1557326441.093700"
            },
            {
                "user": "UD6EXQVM0",
                "ts": "1557327277.093900"
            },
            {
                "user": "UJKC8B0QN",
                "ts": "1557328272.094200"
            },
            {
                "user": "UD6EXQVM0",
                "ts": "1557328694.094600"
            },
            {
                "user": "UD6EXQVM0",
                "ts": "1557328964.094900"
            }
        ],
        "reactions": [
            {
                "name": "wave",
                "users": [
                    "UJ6LDMMN0",
                    "UGK6P07UP",
                    "UBN9AFS0N",
                    "UHS9K1N6A",
                    "UD6EXQVM0",
                    "UJ5HRQEH0",
                    "UDQBTJ211",
                    "U7C7B75R6",
                    "U5TCAFTD3"
                ],
                "count": 9
            }
        ]
    }
]