[
    {
        "client_msg_id": "43378140-c423-49df-baa7-6147d6e28522",
        "type": "message",
        "text": "It sounds like ValOS is quite the tool! Welcome to the team",
        "user": "UFPPABQ7P",
        "ts": "1551213203.011000",
        "thread_ts": "1551116926.008500",
        "parent_user_id": "UG91ZQ26P"
    },
    {
        "client_msg_id": "9b73aa31-235b-44c9-a986-8b5db471f408",
        "type": "message",
        "text": "I just finished watching the video, it's very cool! I heard that you are working with a school in Mexico, can you tell me the name of the school <@UG91ZQ26P>.",
        "user": "U85HCL7JP",
        "ts": "1551240789.011300",
        "thread_ts": "1551116926.008500",
        "parent_user_id": "UG91ZQ26P"
    },
    {
        "client_msg_id": "b2d3c6c2-1ff6-4d3c-bcd7-2c106b5ab460",
        "type": "message",
        "text": "Thanks <@UFPPABQ7P>, I'm happy to give 1-to-1 intros over Hangouts or similar if you are interested in testing it for something. :)\n\n<@U85HCL7JP>, the school is Codev (<https:\/\/codevschool.org>) in Ensenada, it's modelled a bit like 42 with some differences.\n\nThey launch their first batch in April and we are working on the beginner curriculum based on ValOS.",
        "user": "UG91ZQ26P",
        "ts": "1551244876.011500",
        "edited": {
            "user": "UG91ZQ26P",
            "ts": "1551244916.000000"
        },
        "attachments": [
            {
                "title": "CODEV Hacker School",
                "title_link": "https:\/\/codevschool.org\/",
                "text": "Somos un programa de formación intensivo que convierte a personas sin conocimientos previos en desarrolladores de software, web y apps, listos para la industria , ayudandoles a crear una nueva realidad y un mejor futuro.",
                "fallback": "CODEV Hacker School",
                "image_url": "https:\/\/codevschool.org\/gallery_gen\/af30699fc49a62eb827e6064bbdd4415.jpg",
                "from_url": "https:\/\/codevschool.org\/",
                "image_width": 333,
                "image_height": 250,
                "image_bytes": 2676715,
                "service_icon": "https:\/\/codevschool.org\/gallery\/mentor-ts1546666787.png",
                "service_name": "codevschool.org",
                "id": 1,
                "original_url": "https:\/\/codevschool.org"
            }
        ],
        "thread_ts": "1551116926.008500",
        "parent_user_id": "UG91ZQ26P",
        "reactions": [
            {
                "name": "+1",
                "users": [
                    "UFPPABQ7P"
                ],
                "count": 1
            }
        ]
    },
    {
        "client_msg_id": "de83a2d9-1a35-466a-b375-e043bb1124c8",
        "type": "message",
        "text": "Hiya. I'm an entrepreneur partner of Ville's and the chief architect of ValOS base infrastructure. I'm more than happy to share deeper technicalities of the stack, but glad to leave Ville do most of the talking.\nI'm a generalist and a systems builder (with all the good and the bad that comes with it), and for me ValOS is an 'exercise' of pushing the envelope of 'Distributed CRUD Event Sourcing' on several fronts as a basis of interactive content sharing and execution environment. The vision crystallized already back in late 2016 and we were able to bootstrap our own IDE 'Zero' for developing itself in late 2017 - this is the point were it ceased to be an exercise but a real thing. While the design has always centered around the base technologies of JS, HTML5 and CSS (and always will be!), the underlying paradigm is quite different. This has meant having to reinvent more wheels than we'd like. But we're on the doorsteps of having a fully functional development ecosystem with all the necessary components in place. So even I am sticking my neck out and not have Ville do all the networking... :stuck_out_tongue:",
        "user": "UGJ9KAZM3",
        "ts": "1551250570.022800",
        "reactions": [
            {
                "name": "+1",
                "users": [
                    "UEQ7QL15F"
                ],
                "count": 1
            },
            {
                "name": "wave",
                "users": [
                    "U5TCAFTD3",
                    "UCKRZS3DZ",
                    "U85HCL7JP"
                ],
                "count": 3
            },
            {
                "name": "clap",
                "users": [
                    "UAVCC2X70"
                ],
                "count": 1
            }
        ]
    }
]