[
    {
        "client_msg_id": "aad12d8a-9f2d-41b9-804e-01af652dbe47",
        "type": "message",
        "text": "Hi Miguel :wave:\n&gt; - Every function\/predicate\/model ever created should be instantly available to everyone.\nThat'd be really cool!",
        "user": "UAL7940NM",
        "ts": "1551706245.008700",
        "edited": {
            "user": "UAL7940NM",
            "ts": "1551706256.000000"
        },
        "thread_ts": "1551685884.008200",
        "parent_user_id": "UGPFAC8GN"
    },
    {
        "client_msg_id": "7c4511a5-927b-4a08-a712-71dd5834a81c",
        "type": "message",
        "text": "Welcome to the club.  I'd like to see more analysis over every function\/predicate\/model ever.  What patterns are we not even aware of?",
        "user": "UA14TGLTC",
        "ts": "1551710892.009200",
        "thread_ts": "1551685884.008200",
        "parent_user_id": "UGPFAC8GN"
    },
    {
        "client_msg_id": "43e78ef4-da28-4cba-9f3d-1c9439e4a973",
        "type": "message",
        "text": "hey <@UGMH4H202>. i guess we're somewhat competitors, nonetheless would be interesting to catch up.\n\ni'm from <http:\/\/dashdash.com|dashdash.com>.",
        "user": "UFKM7DBAA",
        "ts": "1551714186.009600",
        "thread_ts": "1551561431.002000",
        "parent_user_id": "UGMH4H202"
    },
    {
        "client_msg_id": "6158a0fe-29f8-422c-a6e3-bde90d62dbe8",
        "type": "message",
        "text": "hey <@UFKM7DBAA>! i'd be down to catch up :slightly_smiling_face:. the more i look at this space, the more i imagine different app solutions will just feel more like different programming languages as things differentiate cleanly...so i'm interested to talk to anyone openly and just better understand the space and what we're each making.",
        "user": "UGMH4H202",
        "ts": "1551717954.009800",
        "thread_ts": "1551561431.002000",
        "parent_user_id": "UGMH4H202"
    },
    {
        "client_msg_id": "2e84843c-457e-4a95-b4fb-972aaa59f488",
        "type": "message",
        "text": "<mailto:nagle@coda.io|nagle@coda.io> if you want to set up a time sometime",
        "user": "UGMH4H202",
        "ts": "1551717965.010000",
        "thread_ts": "1551561431.002000",
        "parent_user_id": "UGMH4H202"
    },
    {
        "client_msg_id": "9a863145-548e-4b04-a461-84fb1a34e796",
        "type": "message",
        "text": "Welcome! I think you'll find a ton of overlap between your \"heuristics\" and those of ours. I hope we can exchange some good insights",
        "user": "UAVCC2X70",
        "ts": "1551737258.010700",
        "thread_ts": "1551685884.008200",
        "parent_user_id": "UGPFAC8GN"
    }
]