[
    {
        "client_msg_id": "ea99ba5c-5d9f-4c74-842d-b509f16447c6",
        "type": "message",
        "text": "Hi Robin, welcome to the group :wink:\nI'd be interested in your previous work, is it available online somewhere?\nMy personal story with math is that I can only really understand most things once I've build a spacial mental model for them. I think about differentiation \/ integration in terms of diagrams, about gradient descend as arrows pointing downwards hills and so on. I believe that these representations are incredibly useful because they leverage our well-developed spacial imagination. In my opinion, there's a huge potential for good visualizations or even interactively explorable explanations to help people think about mathematical concepts. Like <@UCGAK10LS> mentioned already, 3blue1brown's youtube channel is a very good example of this. Another good place to find cool explorable explanations is in this subreddit: <https:\/\/www.reddit.com\/r\/explorables\/>\nFinally, I've created an interactive visualization of the Hough Transform myself some time ago: <https:\/\/fkohlgrueber.github.io\/blog\/hough-transform\/>\nWhile the visualization by itself doesn't teach the concept very well, I believe that tools like these could be really helpful to teachers trying to show more than a couple of static examples on slides.",
        "user": "UAL7940NM",
        "ts": "1552899196.052300",
        "edited": {
            "user": "UAL7940NM",
            "ts": "1552899207.000000"
        },
        "thread_ts": "1552881152.050700",
        "parent_user_id": "UFPRPSA4S"
    },
    {
        "client_msg_id": "6ff9b930-7cf4-4016-ab8e-e89e505e8bfb",
        "type": "message",
        "text": "<@UH1T67DT7> neat! yeah i'd be happy to show you around Coda at some point. the main thing i think is interesting a real world chance to make some of these principles come alive. have you seen this group is having a meetup at dynamicland this sunday at 3? will you be there?",
        "user": "UGMH4H202",
        "ts": "1552913825.052700",
        "thread_ts": "1552859175.050000",
        "parent_user_id": "UH1T67DT7"
    },
    {
        "client_msg_id": "03e05558-4737-4e9a-9b0e-acc11e3f7c5f",
        "type": "message",
        "text": "hi <@UFPRPSA4S>! my name's nagle. where are you based?\n\nI studied pure math and algebraic topology as well in school! i think it's really relevant to the work here -- the visceral knack for what good thinking is and isn't it.\n\ncurious if you've come across alan citing the hadamard study that only 30% of mathematicians thinking symbolically and the other big way are kinaesthetic and in imagery? he quotes einstein talking about feeling the curves of space-time in his back.",
        "user": "UGMH4H202",
        "ts": "1552913984.052900",
        "thread_ts": "1552881152.050700",
        "parent_user_id": "UFPRPSA4S"
    },
    {
        "client_msg_id": "8bf9b47e-0f2c-4911-b081-d92e70937346",
        "type": "message",
        "text": "<@UEQ6M68H0> Thanks! JavaScript has many flaws (probably more than most other languages) but is there anything specific that makes it unsuitable?",
        "user": "UH1T67DT7",
        "ts": "1552968331.054000",
        "edited": {
            "user": "UH1T67DT7",
            "ts": "1552968532.000000"
        },
        "thread_ts": "1552859175.050000",
        "parent_user_id": "UH1T67DT7"
    },
    {
        "client_msg_id": "93e7cccd-5405-4084-b55f-b4e8ec269b05",
        "type": "message",
        "text": "<@UGMH4H202> I always wanted to see a live installation of dynamicland but this Sunday does not work for me. well, maybe I can join the sf meetup some other time.",
        "user": "UH1T67DT7",
        "ts": "1552968545.054300",
        "thread_ts": "1552859175.050000",
        "parent_user_id": "UH1T67DT7"
    },
    {
        "client_msg_id": "987d34ba-52ed-4ea5-b1ef-e91547f91d9b",
        "type": "message",
        "text": "A super loosely typed language like JS is going to create problems for the iDE. Since it was designed behavior that you can do crazy stuff like 1+ \"21\" and (is it 22 or 121 or \"121\")?.  The whole JS\/CSS\/HTML stack is fatally flawed. At no time in history did you mix 3 languages together in one source file, constantly switching back and forth between differing syntaxes, which don't even agree on how comments are formed (JS comments not equal to CSS comments). Why does CSS that can set a style have no IF statement or arithmetic, and why does JS which can do arithmetic and has IF can't draw? A horrible mess and i don't care if it is #1 on the planet, it is still a horrible mess.",
        "user": "UEQ6M68H0",
        "ts": "1552970150.054500",
        "thread_ts": "1552859175.050000",
        "parent_user_id": "UH1T67DT7"
    },
    {
        "client_msg_id": "b175c946-6434-4b65-96a3-28bceeb79a59",
        "type": "message",
        "text": "Thanks for saying hi everyone!\n<@UAL7940NM> I don't have my work documented online anywhere unfortunately. But I can try to give a quick summary here.\n\nFor the cellular boundary formula its not much. I'm essentially identifying a (conceptually) useful abstraction for this one proof and visually implementing that abstraction. That abstraction is grouping together a set of isomorphic objects for each natural number n and keeping track of the isomorphisms between them. The implementation consists of forming a new commutative diagram whose vertices\/objects are now these systems of isomorphic objects and whose morphisms are now identified by specifying a particular morphism from one object of the domain system to an object of the codomain system. So now the commutative diagram reads: the map whose degree we want to take is the inclusion into the relative homology, followed by the boundary homomorphism followed by the projection onto the factor we want. This is roughly how we would understand the birds eye view of the original proof but neither this nor all the details are directly visible in the original.\n\nFor spectral sequences the representation is only a bit more substantial but the math is more difficult. For the spectral sequence of a filtered complex (of vector spaces) every vector space we will consider is uniquely isomorphic to a sub quotient of the original complex, that is, a quotient of a subspace. The relevant subspaces that we take and quotient by are linearly ordered so they can be placed on a line and then each sub quotient corresponds to a unique sub length of this line. For example if we have a filtered complex like 0=K_0 \\subset K_1 \\subset K_2 \\subset K_3= *full complex* we can put K_0 on the line at 0, K_1 on the line at 1, K_2 on the line at 2 and K_3 at the line at three (and just have the line go from 0 to 3). Then the sub quotient K_2\/K_1 would correspond to the length of line going from 1 to 2 and H_*(K_2\/K_1), being a sub quotient of K_2\/K_1, would be signified by a smaller length line, say from 1.2 to 1.7, for a concrete mental image (although there really isn't any basis for those or any specific numbers aside from being between 1 and 2). Also in practice I would use the span from 1 to 2 for H_*(K_2\/K_1) because I would rarely consider K_2\/K_1 in and of itself. This is essentially what is depicted in the first picture although we are looking at H_* of a subquotient further down, namely E_{p,q}^{r-1}. Most of the sub quotients we consider are triply indexed so its a daunting task to follow the logic for the proofs of the main theorems in a single presentation let alone get a birds eye view of it all. Its the common canvas that every development of spectral sequences paints over so I can naturally compare and contrast different approaches; I can see every development occurring simultaneously\/in the same visual space. Its a really cool thing! In the second picture we see two more of the same “canvases” where the small horizontal lines indicate the subquotients we are looking at and the arrows are the morphisms in the long exact sequences relating each of the subquotients.\n\nAs I'm working to extend these techniques to representing the computation of the homology of RP^2 I'm more inspired by Bret's BART Widget than any one thing in Kill Math, since Kill Math is mostly about quantitative stuff and the widget is about this complicated highly relational thing.  (OK, I need to figure out how to include pictures).",
        "user": "UFPRPSA4S",
        "ts": "1552975776.054700",
        "thread_ts": "1552881152.050700",
        "parent_user_id": "UFPRPSA4S"
    },
    {
        "type": "message",
        "text": "How I represented the proof of the cellular boundary formula. (Specifically the proof found in Hatcher's book)",
        "files": [
            {
                "id": "FH44XN14P",
                "created": 1552975889,
                "timestamp": 1552975889,
                "name": "image.png",
                "title": "image.png",
                "mimetype": "image\/png",
                "filetype": "png",
                "pretty_type": "PNG",
                "user": "UFPRPSA4S",
                "editable": false,
                "size": 841765,
                "mode": "hosted",
                "is_external": false,
                "external_type": "",
                "is_public": true,
                "public_url_shared": false,
                "display_as_bot": false,
                "username": "",
                "url_private": "https:\/\/files.slack.com\/files-pri\/T5TCAFTA9-FH44XN14P\/image.png?t=xoxe-197418537349-653683177169-653683177233-23343e578426a323e5fb905bbe2173fe",
                "url_private_download": "https:\/\/files.slack.com\/files-pri\/T5TCAFTA9-FH44XN14P\/download\/image.png?t=xoxe-197418537349-653683177169-653683177233-23343e578426a323e5fb905bbe2173fe",
                "thumb_64": "https:\/\/files.slack.com\/files-tmb\/T5TCAFTA9-FH44XN14P-c705a364da\/image_64.png?t=xoxe-197418537349-653683177169-653683177233-23343e578426a323e5fb905bbe2173fe",
                "thumb_80": "https:\/\/files.slack.com\/files-tmb\/T5TCAFTA9-FH44XN14P-c705a364da\/image_80.png?t=xoxe-197418537349-653683177169-653683177233-23343e578426a323e5fb905bbe2173fe",
                "thumb_360": "https:\/\/files.slack.com\/files-tmb\/T5TCAFTA9-FH44XN14P-c705a364da\/image_360.png?t=xoxe-197418537349-653683177169-653683177233-23343e578426a323e5fb905bbe2173fe",
                "thumb_360_w": 270,
                "thumb_360_h": 360,
                "thumb_480": "https:\/\/files.slack.com\/files-tmb\/T5TCAFTA9-FH44XN14P-c705a364da\/image_480.png?t=xoxe-197418537349-653683177169-653683177233-23343e578426a323e5fb905bbe2173fe",
                "thumb_480_w": 360,
                "thumb_480_h": 480,
                "thumb_160": "https:\/\/files.slack.com\/files-tmb\/T5TCAFTA9-FH44XN14P-c705a364da\/image_160.png?t=xoxe-197418537349-653683177169-653683177233-23343e578426a323e5fb905bbe2173fe",
                "thumb_720": "https:\/\/files.slack.com\/files-tmb\/T5TCAFTA9-FH44XN14P-c705a364da\/image_720.png?t=xoxe-197418537349-653683177169-653683177233-23343e578426a323e5fb905bbe2173fe",
                "thumb_720_w": 540,
                "thumb_720_h": 720,
                "thumb_800": "https:\/\/files.slack.com\/files-tmb\/T5TCAFTA9-FH44XN14P-c705a364da\/image_800.png?t=xoxe-197418537349-653683177169-653683177233-23343e578426a323e5fb905bbe2173fe",
                "thumb_800_w": 800,
                "thumb_800_h": 1067,
                "thumb_960": "https:\/\/files.slack.com\/files-tmb\/T5TCAFTA9-FH44XN14P-c705a364da\/image_960.png?t=xoxe-197418537349-653683177169-653683177233-23343e578426a323e5fb905bbe2173fe",
                "thumb_960_w": 720,
                "thumb_960_h": 960,
                "thumb_1024": "https:\/\/files.slack.com\/files-tmb\/T5TCAFTA9-FH44XN14P-c705a364da\/image_1024.png?t=xoxe-197418537349-653683177169-653683177233-23343e578426a323e5fb905bbe2173fe",
                "thumb_1024_w": 768,
                "thumb_1024_h": 1024,
                "image_exif_rotation": 1,
                "original_w": 810,
                "original_h": 1080,
                "permalink": "https:\/\/futureofcoding.slack.com\/files\/UFPRPSA4S\/FH44XN14P\/image.png",
                "permalink_public": "https:\/\/slack-files.com\/T5TCAFTA9-FH44XN14P-d1a9033fa3",
                "has_rich_preview": false
            }
        ],
        "upload": true,
        "user": "UFPRPSA4S",
        "display_as_bot": false,
        "ts": "1552975895.054900",
        "thread_ts": "1552881152.050700",
        "parent_user_id": "UFPRPSA4S"
    },
    {
        "type": "message",
        "text": "First picture for representing the construction of a spectral sequence from a filtered complex.",
        "files": [
            {
                "id": "FH0L6RT4Y",
                "created": 1552975980,
                "timestamp": 1552975980,
                "name": "image.png",
                "title": "image.png",
                "mimetype": "image\/png",
                "filetype": "png",
                "pretty_type": "PNG",
                "user": "UFPRPSA4S",
                "editable": false,
                "size": 847958,
                "mode": "hosted",
                "is_external": false,
                "external_type": "",
                "is_public": true,
                "public_url_shared": false,
                "display_as_bot": false,
                "username": "",
                "url_private": "https:\/\/files.slack.com\/files-pri\/T5TCAFTA9-FH0L6RT4Y\/image.png?t=xoxe-197418537349-653683177169-653683177233-23343e578426a323e5fb905bbe2173fe",
                "url_private_download": "https:\/\/files.slack.com\/files-pri\/T5TCAFTA9-FH0L6RT4Y\/download\/image.png?t=xoxe-197418537349-653683177169-653683177233-23343e578426a323e5fb905bbe2173fe",
                "thumb_64": "https:\/\/files.slack.com\/files-tmb\/T5TCAFTA9-FH0L6RT4Y-ad2d7a8504\/image_64.png?t=xoxe-197418537349-653683177169-653683177233-23343e578426a323e5fb905bbe2173fe",
                "thumb_80": "https:\/\/files.slack.com\/files-tmb\/T5TCAFTA9-FH0L6RT4Y-ad2d7a8504\/image_80.png?t=xoxe-197418537349-653683177169-653683177233-23343e578426a323e5fb905bbe2173fe",
                "thumb_360": "https:\/\/files.slack.com\/files-tmb\/T5TCAFTA9-FH0L6RT4Y-ad2d7a8504\/image_360.png?t=xoxe-197418537349-653683177169-653683177233-23343e578426a323e5fb905bbe2173fe",
                "thumb_360_w": 270,
                "thumb_360_h": 360,
                "thumb_480": "https:\/\/files.slack.com\/files-tmb\/T5TCAFTA9-FH0L6RT4Y-ad2d7a8504\/image_480.png?t=xoxe-197418537349-653683177169-653683177233-23343e578426a323e5fb905bbe2173fe",
                "thumb_480_w": 360,
                "thumb_480_h": 480,
                "thumb_160": "https:\/\/files.slack.com\/files-tmb\/T5TCAFTA9-FH0L6RT4Y-ad2d7a8504\/image_160.png?t=xoxe-197418537349-653683177169-653683177233-23343e578426a323e5fb905bbe2173fe",
                "thumb_720": "https:\/\/files.slack.com\/files-tmb\/T5TCAFTA9-FH0L6RT4Y-ad2d7a8504\/image_720.png?t=xoxe-197418537349-653683177169-653683177233-23343e578426a323e5fb905bbe2173fe",
                "thumb_720_w": 540,
                "thumb_720_h": 720,
                "thumb_800": "https:\/\/files.slack.com\/files-tmb\/T5TCAFTA9-FH0L6RT4Y-ad2d7a8504\/image_800.png?t=xoxe-197418537349-653683177169-653683177233-23343e578426a323e5fb905bbe2173fe",
                "thumb_800_w": 800,
                "thumb_800_h": 1067,
                "thumb_960": "https:\/\/files.slack.com\/files-tmb\/T5TCAFTA9-FH0L6RT4Y-ad2d7a8504\/image_960.png?t=xoxe-197418537349-653683177169-653683177233-23343e578426a323e5fb905bbe2173fe",
                "thumb_960_w": 720,
                "thumb_960_h": 960,
                "thumb_1024": "https:\/\/files.slack.com\/files-tmb\/T5TCAFTA9-FH0L6RT4Y-ad2d7a8504\/image_1024.png?t=xoxe-197418537349-653683177169-653683177233-23343e578426a323e5fb905bbe2173fe",
                "thumb_1024_w": 768,
                "thumb_1024_h": 1024,
                "image_exif_rotation": 1,
                "original_w": 810,
                "original_h": 1080,
                "permalink": "https:\/\/futureofcoding.slack.com\/files\/UFPRPSA4S\/FH0L6RT4Y\/image.png",
                "permalink_public": "https:\/\/slack-files.com\/T5TCAFTA9-FH0L6RT4Y-d1eb97a762",
                "has_rich_preview": false
            }
        ],
        "upload": true,
        "user": "UFPRPSA4S",
        "display_as_bot": false,
        "ts": "1552975986.055300",
        "thread_ts": "1552881152.050700",
        "parent_user_id": "UFPRPSA4S"
    },
    {
        "type": "message",
        "text": "Second picture for spectral sequences, demonstrating the technique for recording the long exact sequences used in the proof of a lemma in Mosher and Tangora's Cohomology Operations and Applications in Homotopy Theory. Unless you've read the book it probably won't make much sense.",
        "files": [
            {
                "id": "FH4FS9PQE",
                "created": 1552976295,
                "timestamp": 1552976295,
                "name": "image.png",
                "title": "image.png",
                "mimetype": "image\/png",
                "filetype": "png",
                "pretty_type": "PNG",
                "user": "UFPRPSA4S",
                "editable": false,
                "size": 970690,
                "mode": "hosted",
                "is_external": false,
                "external_type": "",
                "is_public": true,
                "public_url_shared": false,
                "display_as_bot": false,
                "username": "",
                "url_private": "https:\/\/files.slack.com\/files-pri\/T5TCAFTA9-FH4FS9PQE\/image.png?t=xoxe-197418537349-653683177169-653683177233-23343e578426a323e5fb905bbe2173fe",
                "url_private_download": "https:\/\/files.slack.com\/files-pri\/T5TCAFTA9-FH4FS9PQE\/download\/image.png?t=xoxe-197418537349-653683177169-653683177233-23343e578426a323e5fb905bbe2173fe",
                "thumb_64": "https:\/\/files.slack.com\/files-tmb\/T5TCAFTA9-FH4FS9PQE-096832ee15\/image_64.png?t=xoxe-197418537349-653683177169-653683177233-23343e578426a323e5fb905bbe2173fe",
                "thumb_80": "https:\/\/files.slack.com\/files-tmb\/T5TCAFTA9-FH4FS9PQE-096832ee15\/image_80.png?t=xoxe-197418537349-653683177169-653683177233-23343e578426a323e5fb905bbe2173fe",
                "thumb_360": "https:\/\/files.slack.com\/files-tmb\/T5TCAFTA9-FH4FS9PQE-096832ee15\/image_360.png?t=xoxe-197418537349-653683177169-653683177233-23343e578426a323e5fb905bbe2173fe",
                "thumb_360_w": 270,
                "thumb_360_h": 360,
                "thumb_480": "https:\/\/files.slack.com\/files-tmb\/T5TCAFTA9-FH4FS9PQE-096832ee15\/image_480.png?t=xoxe-197418537349-653683177169-653683177233-23343e578426a323e5fb905bbe2173fe",
                "thumb_480_w": 360,
                "thumb_480_h": 480,
                "thumb_160": "https:\/\/files.slack.com\/files-tmb\/T5TCAFTA9-FH4FS9PQE-096832ee15\/image_160.png?t=xoxe-197418537349-653683177169-653683177233-23343e578426a323e5fb905bbe2173fe",
                "thumb_720": "https:\/\/files.slack.com\/files-tmb\/T5TCAFTA9-FH4FS9PQE-096832ee15\/image_720.png?t=xoxe-197418537349-653683177169-653683177233-23343e578426a323e5fb905bbe2173fe",
                "thumb_720_w": 540,
                "thumb_720_h": 720,
                "thumb_800": "https:\/\/files.slack.com\/files-tmb\/T5TCAFTA9-FH4FS9PQE-096832ee15\/image_800.png?t=xoxe-197418537349-653683177169-653683177233-23343e578426a323e5fb905bbe2173fe",
                "thumb_800_w": 800,
                "thumb_800_h": 1067,
                "thumb_960": "https:\/\/files.slack.com\/files-tmb\/T5TCAFTA9-FH4FS9PQE-096832ee15\/image_960.png?t=xoxe-197418537349-653683177169-653683177233-23343e578426a323e5fb905bbe2173fe",
                "thumb_960_w": 720,
                "thumb_960_h": 960,
                "thumb_1024": "https:\/\/files.slack.com\/files-tmb\/T5TCAFTA9-FH4FS9PQE-096832ee15\/image_1024.png?t=xoxe-197418537349-653683177169-653683177233-23343e578426a323e5fb905bbe2173fe",
                "thumb_1024_w": 768,
                "thumb_1024_h": 1024,
                "image_exif_rotation": 1,
                "original_w": 810,
                "original_h": 1080,
                "permalink": "https:\/\/futureofcoding.slack.com\/files\/UFPRPSA4S\/FH4FS9PQE\/image.png",
                "permalink_public": "https:\/\/slack-files.com\/T5TCAFTA9-FH4FS9PQE-b1d0977b90",
                "has_rich_preview": false
            }
        ],
        "upload": true,
        "user": "UFPRPSA4S",
        "display_as_bot": false,
        "ts": "1552976302.055700",
        "thread_ts": "1552881152.050700",
        "parent_user_id": "UFPRPSA4S"
    },
    {
        "client_msg_id": "5a66116a-9bf2-4d62-975c-90767b74cad0",
        "type": "message",
        "text": "Hi <@UGMH4H202> nagle! I'm just out of grad school so I'm living at home for now.\n\nI've heard of that study before but I've never looked at it. Its just people personally reporting how they think right? Its definitely not an either-or thing for me and I'd have a hard time even saying if I favor one way of thinking over another. It depends so much on the subject and how familiar I am with the material. I think most people are guided by the visual\/kinesthetic channels for thinking but need the symbolic channels for doing rigorous math. Math is at its best imo when the symbolic and visual forms are in harmony - when the visual forms guide symbolic thinking and the symbolic forms clarify our mental images. Some parts of math are visually impoverished so to make the most out of the little visualization there is, we have to pay closer attention to the symbolic forms.\n\nI guess thats really where my thinking is at, the parts of math that are nearly impenetrable to visual understanding, and how can you make the best of that situation. I believe things can be vastly improved here but I probably shouldn't begin that rant now.",
        "user": "UFPRPSA4S",
        "ts": "1552976634.056100",
        "thread_ts": "1552881152.050700",
        "parent_user_id": "UFPRPSA4S"
    }
]