[
    {
        "client_msg_id": "9f651103-a28a-40a4-a0b9-f33c815d66bc",
        "type": "message",
        "text": "Awesome Gregor, I remember you from SDR, great to see you again :slightly_smiling_face:",
        "user": "UEH6T3RJB",
        "ts": "1547810662.092900",
        "thread_ts": "1547679117.090400",
        "parent_user_id": "UDRF3ALP4"
    },
    {
        "client_msg_id": "c80e8863-2ebe-426f-a890-d086c51e4ee6",
        "type": "message",
        "text": "Oh Antranig you too! Indeed great to see you again.",
        "user": "UDRF3ALP4",
        "ts": "1547840281.093400",
        "thread_ts": "1547679117.090400",
        "parent_user_id": "UDRF3ALP4"
    }
]