[
    {
        "client_msg_id": "6689d3b0-a904-4e26-bd4d-f0092b21b174",
        "type": "message",
        "text": "Cool! <@UEDDR6L5Q> - I'm currently working out of Framework co-working space on king street near to the Old Vic. Pop by anytime for a coffee:\n\n<https:\/\/www.frameworkbristol.co.uk\/>",
        "user": "UFD2JRE58",
        "ts": "1548156355.105200",
        "attachments": [
            {
                "title": "Framework",
                "title_link": "https:\/\/www.frameworkbristol.co.uk\/",
                "text": "Framework is a new co-working and event space located in the heart of Bristol.",
                "fallback": "Framework",
                "thumb_url": "http:\/\/static1.squarespace.com\/static\/5ad7690d5ffd20435b732da8\/t\/5b27c99b6d2a73b36bf5e352\/1529334173215\/FRAMEWORK_Logo-orange.jpg?format=1500w",
                "from_url": "https:\/\/www.frameworkbristol.co.uk\/",
                "thumb_width": 1000,
                "thumb_height": 1000,
                "service_icon": "https:\/\/static1.squarespace.com\/static\/5ad7690d5ffd20435b732da8\/t\/5b3b80a788251b554c5ae11c\/favicon.ico",
                "service_name": "frameworkbristol.co.uk",
                "id": 1,
                "original_url": "https:\/\/www.frameworkbristol.co.uk\/"
            }
        ],
        "thread_ts": "1548004476.102000",
        "parent_user_id": "UFD2JRE58",
        "reactions": [
            {
                "name": "+1",
                "users": [
                    "UEDDR6L5Q"
                ],
                "count": 1
            }
        ]
    },
    {
        "client_msg_id": "a5fd2035-0a6a-4471-a08c-32fb74ade423",
        "type": "message",
        "text": "Hi, I am Zubair. Web developer living in Denmark",
        "user": "UFLN9JFRT",
        "ts": "1548215141.106300"
    },
    {
        "client_msg_id": "d29b31ec-5b4d-4fc9-91d7-c095390e6e91",
        "type": "message",
        "text": "I am part of <http:\/\/Yazz.com|Yazz.com>, and I have several previous failures to create the future of programming, so I am here to learn",
        "user": "UFLN9JFRT",
        "ts": "1548215190.107200",
        "reactions": [
            {
                "name": "wave",
                "users": [
                    "UFB8STN7K",
                    "UCKRZS3DZ",
                    "U8A5MS6R1",
                    "UEP7RL0HX",
                    "U5TCAFTD3",
                    "UDRF3ALP4",
                    "UDJ2TKB99",
                    "U5STGTB3J",
                    "UHS9K1N6A"
                ],
                "count": 9
            }
        ]
    },
    {
        "client_msg_id": "9144f1cc-151e-48f9-8d45-a8fe086b9691",
        "type": "message",
        "text": "<https:\/\/github.com\/zubairq\/yazz> is our GitHub",
        "user": "UFLN9JFRT",
        "ts": "1548215466.107600"
    },
    {
        "client_msg_id": "4bc86912-abd7-4b1c-aab7-24aaf6a1d911",
        "type": "message",
        "text": "I am seeing some amazing project here in the thread, I am really impressed. I will admit, Yazz is very much old school, just trying to get a Visual Basic 6 type editor up and running, so it wont be inspiring for others so much. But glad to be here! :slightly_smiling_face:",
        "user": "UFLN9JFRT",
        "ts": "1548215541.109000"
    },
    {
        "client_msg_id": "2b38d996-2951-4ebb-bb6f-1a476beadc44",
        "type": "message",
        "text": "<@UE6EFEPTQ> Beads is currently proprietary. But you can contact the creator, Edward Jong here: <http:\/\/www.e-dejong.com\/the-beads-project\/>",
        "user": "UFLN9JFRT",
        "ts": "1548216477.109700",
        "thread_ts": "1548216477.109700",
        "reply_count": 1,
        "reply_users_count": 1,
        "latest_reply": "1549054250.115600",
        "reply_users": [
            "U5TCAFTD3"
        ],
        "replies": [
            {
                "user": "U5TCAFTD3",
                "ts": "1549054250.115600"
            }
        ]
    }
]