[
    {
        "client_msg_id": "1016916e-cd68-4941-b4b0-dcb77395b0fb",
        "type": "message",
        "text": "hi all!\n\nmy name's michael nagle (informally i go by my last name, nagle.)\n\ni spent a few years in bret victor &amp; john maloney's lab groups at harc \/ ycr (<https:\/\/harc.ycr.org>) and currently \"lead\" learning &amp; research at coda (<http:\/\/www.coda.io|www.coda.io>)\n\ni am coming to boston soon and saw the future of coding boston community so wanted to say hello. (based in the east bay.)\n\nnice to meet you all!",
        "user": "UGMH4H202",
        "ts": "1551561431.002000",
        "thread_ts": "1551561431.002000",
        "reply_count": 17,
        "reply_users_count": 7,
        "latest_reply": "1552107450.018600",
        "reply_users": [
            "UCGAK10LS",
            "UGMH4H202",
            "UEQ6M68H0",
            "U8A5MS6R1",
            "UFKM7DBAA",
            "U85HCL7JP",
            "UE6EFEPTQ"
        ],
        "replies": [
            {
                "user": "UCGAK10LS",
                "ts": "1551573359.002600"
            },
            {
                "user": "UGMH4H202",
                "ts": "1551579020.002900"
            },
            {
                "user": "UEQ6M68H0",
                "ts": "1551605769.003600"
            },
            {
                "user": "UGMH4H202",
                "ts": "1551635983.004500"
            },
            {
                "user": "U8A5MS6R1",
                "ts": "1551641513.004700"
            },
            {
                "user": "UGMH4H202",
                "ts": "1551681076.005500"
            },
            {
                "user": "UGMH4H202",
                "ts": "1551681090.005700"
            },
            {
                "user": "UFKM7DBAA",
                "ts": "1551714186.009600"
            },
            {
                "user": "UGMH4H202",
                "ts": "1551717954.009800"
            },
            {
                "user": "UGMH4H202",
                "ts": "1551717965.010000"
            },
            {
                "user": "U85HCL7JP",
                "ts": "1552010369.013600"
            },
            {
                "user": "UGMH4H202",
                "ts": "1552017793.014000"
            },
            {
                "user": "U8A5MS6R1",
                "ts": "1552034993.014400"
            },
            {
                "user": "UE6EFEPTQ",
                "ts": "1552048363.014800"
            },
            {
                "user": "UE6EFEPTQ",
                "ts": "1552048437.015000"
            },
            {
                "user": "U85HCL7JP",
                "ts": "1552068665.015700"
            },
            {
                "user": "UCGAK10LS",
                "ts": "1552107450.018600"
            }
        ],
        "reactions": [
            {
                "name": "wave",
                "users": [
                    "U8A5MS6R1",
                    "UEG9ECNSU",
                    "UE6EFEPTQ",
                    "UA14TGLTC",
                    "UCKRZS3DZ",
                    "U85HCL7JP",
                    "UC2A2ARPT",
                    "UF0770MK2",
                    "UD3AK9JRF",
                    "UGXH0HCSF",
                    "UCXR52MU2"
                ],
                "count": 11
            },
            {
                "name": "clap",
                "users": [
                    "UAVCC2X70",
                    "UCXR52MU2",
                    "UCZ68HXUL"
                ],
                "count": 3
            }
        ]
    },
    {
        "client_msg_id": "790c3e20-dd3d-4ccf-81cb-f4cfec8728d7",
        "type": "message",
        "text": "Looks very cool. Seems like a more programmable Notion?",
        "user": "UCGAK10LS",
        "ts": "1551573359.002600",
        "thread_ts": "1551561431.002000",
        "parent_user_id": "UGMH4H202"
    },
    {
        "client_msg_id": "9acd5d86-8600-4bf5-81c9-a15dffa0b8f9",
        "type": "message",
        "text": "to even my own surprise, i actually don't know notion very well! (i wonder if any of the team is here who could chime in?)\n\nbut my sense is -- the vision of coda is really to build an app platform. and it's using a doc as the familiar jumping off point to layout ui elements and work with relational data.\n\nso very much programmability &amp; how that programmability gets learnt become central questions...",
        "user": "UGMH4H202",
        "ts": "1551579020.002900",
        "thread_ts": "1551561431.002000",
        "parent_user_id": "UGMH4H202"
    }
]