[
    {
        "client_msg_id": "fa01bef2-0031-4224-83c2-e04fc773395e",
        "type": "message",
        "text": "Very possibly! Leah’s awesome.",
        "user": "UFV8P4472",
        "ts": "1553497545.082700",
        "thread_ts": "1553462373.080400",
        "parent_user_id": "UFV8P4472"
    },
    {
        "client_msg_id": "663226ec-c9c6-4428-9a0a-2f478b19b687",
        "type": "message",
        "text": "Oops, I forgot to post my favourite computing paper: “Folk Computing: Revisiting Oral Tradition as\na Scaffold for Co-Present Communities”. In which a team from MIT take a couple of hundred Sega Dreamcast VMUs, spread them amongst school kids, and teach them how to make and share little programs. <https:\/\/llk.media.mit.edu\/papers\/archive\/folk-computing.pdf>",
        "user": "UFV8P4472",
        "ts": "1553497680.082900",
        "thread_ts": "1553462373.080400",
        "parent_user_id": "UFV8P4472"
    },
    {
        "client_msg_id": "4670F0C6-0236-4C98-AF45-1072F3BA0FF9",
        "type": "message",
        "text": "Hi <@UFV8P4472> , you also forgot to share your talks on debugging. I’m interested in taking a look at them",
        "user": "U85HCL7JP",
        "ts": "1553530539.084600",
        "thread_ts": "1553462373.080400",
        "parent_user_id": "UFV8P4472"
    },
    {
        "client_msg_id": "7A7AE8AC-C58E-4726-8B0F-5BF9358FBD78",
        "type": "message",
        "text": "<@U85HCL7JP> Thanks for the reminder! Here's a talk I gave at Open Source Bridge in 2013. It's mainly about general debugging tips (for all levels) but includes a demo of a little POC for a Ruby debugger: <https:\/\/youtu.be\/2hoL3WmgUI8>",
        "user": "UFV8P4472",
        "ts": "1553532133.087000",
        "attachments": [
            {
                "service_name": "YouTube",
                "service_url": "https:\/\/www.youtube.com\/",
                "title": "OSB2013 - Yoz Grahame - Programming is Debugging",
                "title_link": "https:\/\/youtu.be\/2hoL3WmgUI8",
                "author_name": "StumptownSyndicate",
                "author_link": "https:\/\/www.youtube.com\/user\/StumptownSyndicate",
                "thumb_url": "https:\/\/i.ytimg.com\/vi\/2hoL3WmgUI8\/hqdefault.jpg",
                "thumb_width": 480,
                "thumb_height": 360,
                "fallback": "YouTube Video: OSB2013 - Yoz Grahame - Programming is Debugging",
                "video_html": "<iframe width=\"400\" height=\"225\" src=\"https:\/\/www.youtube.com\/embed\/2hoL3WmgUI8?feature=oembed&autoplay=1&iv_load_policy=3\" frameborder=\"0\" allow=\"accelerometer; autoplay; encrypted-media; gyroscope; picture-in-picture\" allowfullscreen><\/iframe>",
                "video_html_width": 400,
                "video_html_height": 225,
                "from_url": "https:\/\/youtu.be\/2hoL3WmgUI8",
                "service_icon": "https:\/\/a.slack-edge.com\/2089\/img\/unfurl_icons\/youtube.png",
                "id": 1,
                "original_url": "https:\/\/youtu.be\/2hoL3WmgUI8"
            }
        ],
        "thread_ts": "1553462373.080400",
        "parent_user_id": "UFV8P4472"
    },
    {
        "client_msg_id": "6d41d26d-8164-4444-8d71-a6fa84fb443e",
        "type": "message",
        "text": "I think teaching kids to code may have important impact for low-code future. Low-code still contains \"code\" and that enough for many to not be able to stop screaming. You know... how do we can expect people to do anything half as easy like excel formula if DAG history is too much? <https:\/\/futureofcoding.slack.com\/archives\/CCL5VVBAN\/p1553533411143300?thread_ts=1553340554.128300&amp;cid=CCL5VVBAN> (Here one more opnion for you <@UA8HY8R7B> :grin:)",
        "user": "U7C7B75R6",
        "ts": "1553537448.087600",
        "edited": {
            "user": "U7C7B75R6",
            "ts": "1553537465.000000"
        },
        "attachments": [
            {
                "from_url": "https:\/\/futureofcoding.slack.com\/archives\/CCL5VVBAN\/p1553533411143300?thread_ts=1553340554.128300&amp;cid=CCL5VVBAN",
                "fallback": "[March 25th, 2019 10:03 AM] nikolas.m: Yeah I think rebase-only could work. It would be necessary to keep the commit tree understandable. And having a single joining mechanism would simplify the model. When I show git to non-programmers, merging is always the biggest head-scratcher since people think of history as a linear thing.",
                "ts": "1553533411.143300",
                "author_id": "UA8HY8R7B",
                "author_subname": "Nikolas Martens",
                "channel_id": "CCL5VVBAN",
                "channel_name": "feedback",
                "is_msg_unfurl": true,
                "is_reply_unfurl": true,
                "text": "Yeah I think rebase-only could work. It would be necessary to keep the commit tree understandable. And having a single joining mechanism would simplify the model. When I show git to non-programmers, merging is always the biggest head-scratcher since people think of history as a linear thing.",
                "author_name": "Nikolas Martens",
                "author_link": "https:\/\/futureofcoding.slack.com\/team\/UA8HY8R7B",
                "author_icon": "https:\/\/secure.gravatar.com\/avatar\/e7db3c1ad975b0355d3047ca8acb7c54.jpg?s=48&d=https%3A%2F%2Fa.slack-edge.com%2F00b63%2Fimg%2Favatars%2Fava_0006-48.png",
                "mrkdwn_in": [
                    "text"
                ],
                "id": 1,
                "original_url": "https:\/\/futureofcoding.slack.com\/archives\/CCL5VVBAN\/p1553533411143300?thread_ts=1553340554.128300&amp;cid=CCL5VVBAN",
                "footer": "From a thread in #feedback"
            }
        ],
        "thread_ts": "1553462373.080400",
        "parent_user_id": "UFV8P4472"
    },
    {
        "client_msg_id": "90175701-47c9-461d-804f-3a0c24743d73",
        "type": "message",
        "text": "<@U7C7B75R6> I definitely agree there’s value in teaching kids how computers work (at a high level) and what they’re capable of - a kind of automation literacy. In fact, I think it’s vital. So yes, it’s over-dramatic of me to say maybe we shouldn’t teach kids to code _at all_. Perhaps it’s more useful (but more boring) to teach in terms of benefits &amp; dangers rather than “look, you can make anything!”",
        "user": "UFV8P4472",
        "ts": "1553538972.088000",
        "thread_ts": "1553462373.080400",
        "parent_user_id": "UFV8P4472"
    }
]