[
    {
        "client_msg_id": "3c8a34f6-3a58-4d6e-9086-2b368168d50b",
        "type": "message",
        "text": "<@UAVCC2X70> Thank you for the share! Ultimately, I hope to be a medical provider. I am currently interested with making medical decision support software more human.",
        "user": "UGK6F0RAA",
        "ts": "1552263421.019900",
        "thread_ts": "1552091392.017300",
        "parent_user_id": "UGK6F0RAA"
    },
    {
        "client_msg_id": "23dd5e0c-75b3-4f14-a1c3-c0e8fcc119a8",
        "type": "message",
        "text": "<@UGLSY9X3J> I love the KC area! The UM system is pretty stellar!",
        "user": "UGK6F0RAA",
        "ts": "1552263898.020100",
        "thread_ts": "1552091392.017300",
        "parent_user_id": "UGK6F0RAA"
    },
    {
        "client_msg_id": "f76c90d7-c539-42f5-b293-8096b4bcd2e2",
        "type": "message",
        "text": "Hey <@UFPPABQ7P>! Thanks for the warm welcome :slightly_smiling_face:",
        "user": "UGK6F0RAA",
        "ts": "1552263950.020300",
        "thread_ts": "1552091392.017300",
        "parent_user_id": "UGK6F0RAA"
    },
    {
        "client_msg_id": "8a5b7f99-edb1-4ba8-a6ed-17d8f2680f41",
        "type": "message",
        "text": "<@UGK6F0RAA> I think <@UG7EJSUPK> may be working on something along those lines",
        "user": "UAVCC2X70",
        "ts": "1552264119.020600",
        "edited": {
            "user": "UAVCC2X70",
            "ts": "1552264153.000000"
        },
        "thread_ts": "1552091392.017300",
        "parent_user_id": "UGK6F0RAA"
    },
    {
        "client_msg_id": "e27588a5-da6c-4cd3-a8e7-bf81e98364af",
        "type": "message",
        "text": "<@UAVCC2X70> Awesome!",
        "user": "UGK6F0RAA",
        "ts": "1552264239.020900",
        "thread_ts": "1552091392.017300",
        "parent_user_id": "UGK6F0RAA"
    },
    {
        "client_msg_id": "be5781cc-5e7e-4558-bdd4-399baa3a63bd",
        "type": "message",
        "text": "<@UGLSY9X3J> I think that this interview with Humane Tech's founder, Tristan Harris, may be of interest surrounding your current self+data project: <https:\/\/www.wired.com\/story\/artificial-intelligence-yuval-noah-harari-tristan-harris\/>",
        "user": "UGK6F0RAA",
        "ts": "1552264522.021100",
        "attachments": [
            {
                "service_name": "WIRED",
                "title": "When Tech Knows You Better Than You Know Yourself",
                "title_link": "https:\/\/www.wired.com\/story\/artificial-intelligence-yuval-noah-harari-tristan-harris\/",
                "text": "Historian Yuval Noah Harari and ethicist Tristan Harris discuss the future of artificial intelligence with WIRED editor in chief Nicholas Thompson.",
                "fallback": "WIRED: When Tech Knows You Better Than You Know Yourself",
                "image_url": "https:\/\/media.wired.com\/photos\/5bb515011db42174c41211ba\/2:1\/w_2500,c_limit\/YuvelAndTristan.jpg",
                "image_width": 500,
                "image_height": 250,
                "from_url": "https:\/\/www.wired.com\/story\/artificial-intelligence-yuval-noah-harari-tristan-harris\/",
                "image_bytes": 934605,
                "service_icon": "https:\/\/www.wired.com\/favicon.ico",
                "id": 1,
                "original_url": "https:\/\/www.wired.com\/story\/artificial-intelligence-yuval-noah-harari-tristan-harris\/"
            }
        ],
        "thread_ts": "1552091392.017300",
        "parent_user_id": "UGK6F0RAA"
    },
    {
        "client_msg_id": "d332afc9-d9ce-474c-86a2-4fd5c3fb2910",
        "type": "message",
        "text": "Tristan’s great! i’ve followed his work closely",
        "user": "UGLSY9X3J",
        "ts": "1552265127.021400",
        "thread_ts": "1552091392.017300",
        "parent_user_id": "UGK6F0RAA"
    }
]