[
    {
        "client_msg_id": "8aef9dbd-42d6-4419-bb55-c1553307f0f9",
        "type": "message",
        "text": "Hi folks. I’m Will Crichton, a CS PhD student at Stanford. I work on large-scale programmable systems (e.g. <https:\/\/github.com\/scanner-research\/scanner>) and I also teach the programming languages course here (<http:\/\/cs242.stanford.edu\/f18\/>). Deeply interested in the psychology of programming and understanding cognitive models of computation. Also, of course got a blog: <http:\/\/willcrichton.net\/notes\/>",
        "user": "UFB8STN7K",
        "ts": "1547231518.074200",
        "edited": {
            "user": "UFB8STN7K",
            "ts": "1547231550.000000"
        },
        "reactions": [
            {
                "name": "wave",
                "users": [
                    "U8A5MS6R1",
                    "UEGFXUK3M",
                    "UC2A2ARPT",
                    "U85HCL7JP",
                    "U5TCAFTD3",
                    "UC21F8Q48",
                    "UA14TGLTC",
                    "UF71PR58X",
                    "UDJ2TKB99",
                    "UCXR52MU2",
                    "UD43R8ZFV",
                    "U5STGTB3J"
                ],
                "count": 12
            }
        ]
    }
]