[
    {
        "client_msg_id": "53c98941-2554-4257-b420-3530defedd30",
        "type": "message",
        "text": "... and if each function or structure had metadata attached to it, and if there was a special editor that would look at that metadata to decide how to display it, then it could still look like \"normal code\" (or something better) even though the \"language\" is a combination of things",
        "user": "UAVCC2X70",
        "ts": "1550885882.001000",
        "thread_ts": "1550369313.016100",
        "parent_user_id": "UD6EXQVM0",
        "reactions": [
            {
                "name": "+1",
                "users": [
                    "UD6EXQVM0"
                ],
                "count": 1
            }
        ]
    }
]