[
    {
        "client_msg_id": "c11bf093-6ba3-4dcf-a487-268a858914e4",
        "type": "message",
        "text": "I didn't start out that way. But I kept adding languages and backends, adding new elements as we needed them. Neither the frontends nor backends are very large really, the hand written parsers just feed into the existing same structures all languages use. So it's a bit like it, but not exactly",
        "user": "UJCQYPLMN",
        "ts": "1557050700.078800",
        "thread_ts": "1556820526.044100",
        "parent_user_id": "UJCQYPLMN"
    },
    {
        "client_msg_id": "d9eb56d0-25ba-493c-b950-4b6a45dfbbf4",
        "type": "message",
        "text": "So you can trivially call between languages? What about standard libraries, how do you support all the various flavors of \"list\", \"map\", \"string\" and, oh, let's say, \"socket\" that exist between languages?",
        "user": "UD6EXQVM0",
        "ts": "1557068562.079100",
        "thread_ts": "1556820526.044100",
        "parent_user_id": "UJCQYPLMN"
    },
    {
        "client_msg_id": "fc092715-b730-4314-879b-9fd0a9386a9f",
        "type": "message",
        "text": "The product is pretty costly so I imagine you're offer something good enough to pay for... and you offer two IDEs, but it can't be easy to compete with Eclipse or Visual Studio...",
        "user": "UD6EXQVM0",
        "ts": "1557068743.079300",
        "thread_ts": "1556820526.044100",
        "parent_user_id": "UJCQYPLMN"
    },
    {
        "client_msg_id": "d1fa9ecb-724b-4e37-b8f4-fde4f9097daa",
        "type": "message",
        "text": "Standard libraries: We have an stdlib for Swift (where the Dictionary and List are value types and are based on the target frameworks List \/ Dictionary, so System.Collections.Generic.List&lt;T&gt; on .NET, java.lang.ArrayList&lt;T&gt; on Java, NSMutableArray&lt;T&gt; on Cocoa, etc) , for Go we have a \"Slice\" type that is convertable to a regular platform array. In the same project you can mix and match languages yes, and trivlally call between things as if they were written in the same language.",
        "user": "UJCQYPLMN",
        "ts": "1557117502.079500",
        "thread_ts": "1556820526.044100",
        "parent_user_id": "UJCQYPLMN"
    },
    {
        "client_msg_id": "0517d93d-741c-4a8f-8ea7-419ae8e953b8",
        "type": "message",
        "text": "We offer three ides actually, our Windows IDE, Cocoa IDE and we integrate into VS",
        "user": "UJCQYPLMN",
        "ts": "1557117531.079700",
        "thread_ts": "1556820526.044100",
        "parent_user_id": "UJCQYPLMN"
    }
]