[
    {
        "client_msg_id": "43b50a4e-ab02-412a-92ff-bb23a7c55652",
        "type": "message",
        "text": "Incremental compilation is joint effort between the compiler (this is pretty much the same for scalac and dotc) and build tools. These days most build tools share a common library called Zinc to handle their end of it: <https:\/\/github.com\/sbt\/zinc>.",
        "user": "UF71PR58X",
        "ts": "1546599564.051700",
        "thread_ts": "1546543604.049200",
        "parent_user_id": "UF71PR58X"
    },
    {
        "client_msg_id": "91c33fcf-ecfd-40c6-b0c2-10c4409c650b",
        "type": "message",
        "text": "There's no real incrementality from the compilers PoV. It will only ever handle complete compilation units, taking them from source, translating them relative to _existing compilation artefacts_ and producing compilation artefacts.",
        "user": "UF71PR58X",
        "ts": "1546599702.051900",
        "thread_ts": "1546543604.049200",
        "parent_user_id": "UF71PR58X"
    },
    {
        "client_msg_id": "408069a3-938e-47b1-8dc6-41420baa9a51",
        "type": "message",
        "text": "The key to incrementality is what counts as an _existing compilation artefact_.",
        "user": "UF71PR58X",
        "ts": "1546599730.052100",
        "thread_ts": "1546543604.049200",
        "parent_user_id": "UF71PR58X"
    },
    {
        "client_msg_id": "d1566302-e700-49b5-a75d-08fd86937674",
        "type": "message",
        "text": "Build tools based on zinc keep track of the relationship between sources and compilation artefacts. They insert a phase into the compiler pipeline which allows them to accurately track semantic dependencies between sources and artefacts and then keep track of local source changes which require recompilation to be propagated more widely.",
        "user": "UF71PR58X",
        "ts": "1546599910.052300",
        "thread_ts": "1546543604.049200",
        "parent_user_id": "UF71PR58X"
    },
    {
        "client_msg_id": "b2e9d943-3822-4559-8e56-24ddb6d379bd",
        "type": "message",
        "text": "If you're curious you'll find the guts of the dependency extraction process in Zinc here: <https:\/\/github.com\/sbt\/zinc\/blob\/develop\/internal\/compiler-bridge\/src\/main\/scala\/xsbt\/Dependency.scala>.",
        "user": "UF71PR58X",
        "ts": "1546600098.052500",
        "thread_ts": "1546543604.049200",
        "parent_user_id": "UF71PR58X"
    },
    {
        "client_msg_id": "46dada86-889d-4be0-bd76-c8466e0771bd",
        "type": "message",
        "text": "I assumed that the compilation unit would be much more fine grained - like individual AST nodes, rather than a single source file. This raised difficult questions like how to know if an AST node has changed between compilations, what if that change will lead to non-local changes in the output etc.. So a file as a CompilationUnit makes a lot more sense, thanks!",
        "user": "UEZPBFZPC",
        "ts": "1546608673.053100",
        "thread_ts": "1546543604.049200",
        "parent_user_id": "UF71PR58X"
    },
    {
        "client_msg_id": "7c2aced4-1faf-403f-b799-34ef346e8ff4",
        "type": "message",
        "text": "I needed a way to do incremental transforms on a tree quickly, and Yaron Minsky's incremental library is where I think a solution will be:\n<https:\/\/www.youtube.com\/watch?v=R3xX37RGJKE>",
        "user": "UEZPBFZPC",
        "ts": "1546608768.053300",
        "attachments": [
            {
                "service_name": "YouTube",
                "service_url": "https:\/\/www.youtube.com\/",
                "title": "\"Data Driven UIs, Incrementally\" by Yaron Minsky",
                "title_link": "https:\/\/www.youtube.com\/watch?v=R3xX37RGJKE",
                "author_name": "Strange Loop",
                "author_link": "https:\/\/www.youtube.com\/channel\/UC_QIfHvN9auy2CoOdSfMWDw",
                "thumb_url": "https:\/\/i.ytimg.com\/vi\/R3xX37RGJKE\/hqdefault.jpg",
                "thumb_width": 480,
                "thumb_height": 360,
                "fallback": "YouTube Video: \"Data Driven UIs, Incrementally\" by Yaron Minsky",
                "video_html": "<iframe width=\"400\" height=\"225\" src=\"https:\/\/www.youtube.com\/embed\/R3xX37RGJKE?feature=oembed&autoplay=1&iv_load_policy=3\" frameborder=\"0\" allow=\"accelerometer; autoplay; encrypted-media; gyroscope; picture-in-picture\" allowfullscreen><\/iframe>",
                "video_html_width": 400,
                "video_html_height": 225,
                "from_url": "https:\/\/www.youtube.com\/watch?v=R3xX37RGJKE",
                "service_icon": "https:\/\/a.slack-edge.com\/2089\/img\/unfurl_icons\/youtube.png",
                "id": 1,
                "original_url": "https:\/\/www.youtube.com\/watch?v=R3xX37RGJKE"
            }
        ],
        "thread_ts": "1546543604.049200",
        "parent_user_id": "UF71PR58X"
    }
]