[
    {
        "client_msg_id": "b09446a5-a222-4122-9b90-80de5654fe27",
        "type": "message",
        "text": "very true, this is very much a new frontier",
        "user": "UJQRDCZRA",
        "ts": "1558696464.000400",
        "thread_ts": "1558666208.017800",
        "parent_user_id": "UJWEF5QTX"
    },
    {
        "client_msg_id": "979fdcd4-b8a3-4616-895b-85779dcfb643",
        "type": "message",
        "text": "well not new, but fresh - it's not been new since the 60s but we seem to have not found the answers we need yet",
        "user": "UJQRDCZRA",
        "ts": "1558696490.000600",
        "thread_ts": "1558666208.017800",
        "parent_user_id": "UJWEF5QTX"
    }
]