[
    {
        "client_msg_id": "e33166e9-f59b-4ad2-ac88-af3663188e15",
        "type": "message",
        "text": "Hi folks! I'm Ilari, a developer at a Finnish startup Valaa Technologies (colleague of Ville and Iridian above :point_up_2:). To be a bit grandiose: We're creating what could be called a new paradigm of web coding, called ValOS (Valaa Open System). In practice it isn't that different from all the black magic things that something like Meteor framework does (automatic live updates to all displayed data between multiple users, etc). But on the background, it is a deeper rethinking of the coding model (especially distribution of code, and the frontend\/backend separation), instead of piling more and more stuff on top of current stacks. Anyway, we can discuss our thing more on the channels, but I think it was relevant to intro since it's very relevant for why I am here. Because what we are doing is is directly in the frontlines of the future of coding. I'm happy to talk about this more.\n\nI've personally been coding from something like age of ten, and I've always been interested in experimenting with things. Professionally I've been a (full-stack) coder for approx. 7 years. I have an educational background in usability, and often call myself a human-geek interface. My personal passions, in addition to coding, are storytelling and games. Hopefully I'll manage to combine all these things at some point. Hopefully soon.\n\nCurrently the stuff I'm most interested in are the possibilities of ValOS resource model, combined with how quick code experimentation with ValOS is. As a coder, I want to both see and use immediate results instead of having to jump through hoops. If I hadn't encountered ValaaTech, I'd be doing similar experimentation with Meteor.",
        "user": "UGK6P07UP",
        "ts": "1551265323.026900",
        "reactions": [
            {
                "name": "wave::skin-tone-6",
                "users": [
                    "UCKRZS3DZ",
                    "UA14TGLTC",
                    "U5TCAFTD3",
                    "U85HCL7JP"
                ],
                "count": 4
            },
            {
                "name": "+1",
                "users": [
                    "UAVCC2X70",
                    "UCXR52MU2"
                ],
                "count": 2
            }
        ]
    },
    {
        "client_msg_id": "c23fd511-ddad-4a41-9a6a-eaaedf65d2a7",
        "type": "message",
        "text": "<@UGJ9KAZM3> <@UGK6P07UP> <@UG91ZQ26P> link?",
        "user": "UFKM7DBAA",
        "ts": "1551266917.027700",
        "thread_ts": "1551266917.027700",
        "reply_count": 4,
        "reply_users_count": 2,
        "latest_reply": "1551267428.028500",
        "reply_users": [
            "UGK6P07UP",
            "UG91ZQ26P"
        ],
        "replies": [
            {
                "user": "UGK6P07UP",
                "ts": "1551266941.027800"
            },
            {
                "user": "UGK6P07UP",
                "ts": "1551266988.028100"
            },
            {
                "user": "UGK6P07UP",
                "ts": "1551267029.028300"
            },
            {
                "user": "UG91ZQ26P",
                "ts": "1551267428.028500"
            }
        ]
    },
    {
        "client_msg_id": "14ad33a3-324e-4ecb-967c-5c7ffa08e583",
        "type": "message",
        "text": "<https:\/\/valaa.com\/>",
        "user": "UGK6P07UP",
        "ts": "1551266941.027800",
        "attachments": [
            {
                "service_name": "Valaa Technologies Ltd",
                "title": "A Whole New Perspective on Software Development",
                "title_link": "https:\/\/valaa.com\/",
                "text": "Valaa is an open source technology stack allowing scalable and secure web and IoT applications to be built in a fraction of time with only basic skills in web development.",
                "fallback": "Valaa Technologies Ltd: A Whole New Perspective on Software Development",
                "image_url": "https:\/\/valaa.com\/img\/coverImage.jpg",
                "from_url": "https:\/\/valaa.com\/",
                "image_width": 500,
                "image_height": 250,
                "image_bytes": 1070830,
                "service_icon": "https:\/\/valaa.com\/favicon.ico",
                "id": 1,
                "original_url": "https:\/\/valaa.com\/"
            }
        ],
        "thread_ts": "1551266917.027700",
        "parent_user_id": "UFKM7DBAA"
    },
    {
        "client_msg_id": "f182ab0f-b278-4609-817c-290510cde9dc",
        "type": "message",
        "text": "If you want to test the system (still in Beta), check out the link in the corner, leading to: <http:\/\/cbt.valaa.com\/zero\/>",
        "user": "UGK6P07UP",
        "ts": "1551266988.028100",
        "thread_ts": "1551266917.027700",
        "parent_user_id": "UFKM7DBAA"
    },
    {
        "client_msg_id": "a840c5cc-7ca1-45df-a75a-f05d43728d2a",
        "type": "message",
        "text": "Sadly, we're still very severely lacking in introductory documentation. :slightly_smiling_face:",
        "user": "UGK6P07UP",
        "ts": "1551267029.028300",
        "thread_ts": "1551266917.027700",
        "parent_user_id": "UFKM7DBAA"
    },
    {
        "client_msg_id": "0c2b3a01-79bb-497e-a142-7443152cf399",
        "type": "message",
        "text": "Source code can be found here: <https:\/\/github.com\/valaatech\/vault> and video with Steve is here: <https:\/\/youtu.be\/PAAV9tgDbuM>",
        "user": "UG91ZQ26P",
        "ts": "1551267428.028500",
        "attachments": [
            {
                "service_name": "YouTube",
                "service_url": "https:\/\/www.youtube.com\/",
                "title": "Valaa",
                "title_link": "https:\/\/youtu.be\/PAAV9tgDbuM",
                "author_name": "Steven Krouse",
                "author_link": "https:\/\/www.youtube.com\/user\/stevekrouse",
                "thumb_url": "https:\/\/i.ytimg.com\/vi\/PAAV9tgDbuM\/hqdefault.jpg",
                "thumb_width": 480,
                "thumb_height": 360,
                "fallback": "YouTube Video: Valaa",
                "video_html": "<iframe width=\"400\" height=\"225\" src=\"https:\/\/www.youtube.com\/embed\/PAAV9tgDbuM?feature=oembed&autoplay=1&iv_load_policy=3\" frameborder=\"0\" allow=\"accelerometer; autoplay; encrypted-media; gyroscope; picture-in-picture\" allowfullscreen><\/iframe>",
                "video_html_width": 400,
                "video_html_height": 225,
                "from_url": "https:\/\/youtu.be\/PAAV9tgDbuM",
                "service_icon": "https:\/\/a.slack-edge.com\/2089\/img\/unfurl_icons\/youtube.png",
                "id": 1,
                "original_url": "https:\/\/youtu.be\/PAAV9tgDbuM"
            }
        ],
        "thread_ts": "1551266917.027700",
        "parent_user_id": "UFKM7DBAA"
    }
]