[
    {
        "client_msg_id": "22519454-7c61-44b2-8422-69db10c0a973",
        "type": "message",
        "text": "Hi everyone, I'm David Broderick.  Originally from northern California, I spent 20 years in Europe (mainly Switzerland, Czech Republic and most recently southern France) and I'm currently living in Boise, Idaho.\nI used to be part of the 2020 group in San Francisco which has similar discussions and is paired with the Future of Programming meetups in the Bay Area (<https:\/\/www.meetup.com\/Future-of-Programming>).  My big, long-term project is called Kayia which is an attempt to layer the spreadsheet model onto a declarative language, if that makes any sense.  I would link to the site for that, but since it's undergoing a lot of changes, it just has a stub for now.   I'm looking forward to joining in on the discussions!",
        "user": "UJCHWTMH6",
        "ts": "1556810379.037700",
        "attachments": [
            {
                "service_name": "Meetup",
                "title": "Future of Programming (San Francisco, CA)",
                "title_link": "https:\/\/www.meetup.com\/Future-of-Programming",
                "text": "This meetup is about the future of programming -- not in the next year or two but what it will look like in 10 or 20 years. It's about new ideas and fresh approaches.This isn't meant to be a place you",
                "fallback": "Meetup: Future of Programming (San Francisco, CA)",
                "image_url": "https:\/\/secure.meetupstatic.com\/photos\/event\/c\/8\/4\/e\/600_465051278.jpeg",
                "from_url": "https:\/\/www.meetup.com\/Future-of-Programming",
                "image_width": 355,
                "image_height": 250,
                "image_bytes": 194833,
                "service_icon": "https:\/\/www.meetup.com\/mu_static\/en-US\/m_swarm_120x120.4f86abc9.png",
                "id": 1,
                "original_url": "https:\/\/www.meetup.com\/Future-of-Programming"
            }
        ],
        "thread_ts": "1556810379.037700",
        "reply_count": 5,
        "reply_users_count": 3,
        "latest_reply": "1556895685.074000",
        "reply_users": [
            "UC21F8Q48",
            "UJCHWTMH6",
            "UCUSW7WVD"
        ],
        "replies": [
            {
                "user": "UC21F8Q48",
                "ts": "1556814134.039100"
            },
            {
                "user": "UJCHWTMH6",
                "ts": "1556814638.039300"
            },
            {
                "user": "UJCHWTMH6",
                "ts": "1556816446.039500"
            },
            {
                "user": "UCUSW7WVD",
                "ts": "1556862926.060400"
            },
            {
                "user": "UJCHWTMH6",
                "ts": "1556895685.074000"
            }
        ],
        "reactions": [
            {
                "name": "wave",
                "users": [
                    "U8A5MS6R1",
                    "UJ6LDMMN0",
                    "UCUSW7WVD",
                    "UC21F8Q48",
                    "UEGFXUK3M",
                    "U7C7B75R6",
                    "U85HCL7JP",
                    "UA14TGLTC",
                    "U5TCAFTD3",
                    "UHS9K1N6A",
                    "UHTPRR5SM"
                ],
                "count": 11
            }
        ]
    },
    {
        "client_msg_id": "a973eb11-6049-49f1-8ad7-a1958fb54aa7",
        "type": "message",
        "text": "I don't remember where I heard it, but there was a monetary prize for whomever could invent man-powered flight (i.e. no engine), and many tried and failed, but one guy succeeded by trying hundreds or thousands of failed experiments, and only by throwing out all previous assumptions. He said everyone else failed because they were trying to invent a man-powered airplane (etc.), and he was the only one trying to invent man-powered *flight* (whatever that would end up meaning)",
        "user": "UAVCC2X70",
        "ts": "1556813534.038700",
        "thread_ts": "1556538295.012400",
        "parent_user_id": "UFBQNBYER",
        "reactions": [
            {
                "name": "+1",
                "users": [
                    "UFBQNBYER",
                    "U8A5MS6R1",
                    "UBSMEUXAA"
                ],
                "count": 3
            }
        ]
    },
    {
        "client_msg_id": "e213225d-9436-45cf-b156-54a18c13460d",
        "type": "message",
        "text": "I would like to see your experiment when you have something to show!",
        "user": "UC21F8Q48",
        "ts": "1556814134.039100",
        "thread_ts": "1556810379.037700",
        "parent_user_id": "UJCHWTMH6"
    },
    {
        "client_msg_id": "245bd3ec-2339-46e1-9652-e72d456b9166",
        "type": "message",
        "text": "Thanks!  I appreciate it",
        "user": "UJCHWTMH6",
        "ts": "1556814638.039300",
        "thread_ts": "1556810379.037700",
        "parent_user_id": "UJCHWTMH6"
    },
    {
        "client_msg_id": "6e86d4b6-583a-4ec7-ab3f-84b57ae93b04",
        "type": "message",
        "text": "Here's a video that I presented at the Future of Programming Workshop at Strange Loop a few years ago.  It's embarrassing to me now because I feel it presented things horribly but I haven't updated it yet, so it's all I have.\n<https:\/\/vimeo.com\/107069470>",
        "user": "UJCHWTMH6",
        "ts": "1556816446.039500",
        "attachments": [
            {
                "service_name": "Vimeo",
                "service_url": "https:\/\/vimeo.com\/",
                "title": "Kaya: Declarative Reactive",
                "title_link": "https:\/\/vimeo.com\/107069470",
                "author_name": "David Broderick",
                "author_link": "https:\/\/vimeo.com\/user2530335",
                "thumb_url": "https:\/\/i.vimeocdn.com\/video\/490442583_295x166.jpg",
                "thumb_width": 295,
                "thumb_height": 166,
                "text": "Kaya is a software construction mechanism of the paradigm Declarative Reactive (declarative like SQL, reactive like a spreadsheet).  A spreadsheet metaphor is used to render powerful, expressive data structures. \n\nCode is not written in a text editor, but instead you compose applications in a spreadsheet-like editor.  The resulting contextual nature ameliorates some of the typical need for control structures, and leads to a more natural way to compose applications.",
                "fallback": "Vimeo Video: Kaya: Declarative Reactive",
                "video_html": "<iframe src=\"https:\/\/player.vimeo.com\/video\/107069470?autoplay=1&app_id=122963\" width=\"400\" height=\"225\" frameborder=\"0\" title=\"Kaya: Declarative Reactive\" allow=\"autoplay; fullscreen\" allowfullscreen><\/iframe>",
                "video_html_width": 400,
                "video_html_height": 225,
                "from_url": "https:\/\/vimeo.com\/107069470",
                "service_icon": "https:\/\/a.slack-edge.com\/bfaba\/img\/unfurl_icons\/vimeo.png",
                "id": 1,
                "original_url": "https:\/\/vimeo.com\/107069470"
            }
        ],
        "thread_ts": "1556810379.037700",
        "parent_user_id": "UJCHWTMH6",
        "reactions": [
            {
                "name": "+1",
                "users": [
                    "UCUSW7WVD",
                    "UA14TGLTC"
                ],
                "count": 2
            }
        ]
    },
    {
        "client_msg_id": "615f9a5e-36f0-4e69-8224-35b56f84e5c4",
        "type": "message",
        "text": "Hi everyone. I'm Carlo Kok And just curious about this Community. I work on a commercial compiler as my main job. Specifically c#, pascal, swift, go and java for .net, jvm, android, iOS, Macos and a native backend based on llvm. Atm I'm just here to see if there's any worthwhile ideas I know about and share later.",
        "user": "UJCQYPLMN",
        "ts": "1556820526.044100",
        "thread_ts": "1556820526.044100",
        "reply_count": 8,
        "reply_users_count": 3,
        "latest_reply": "1557117531.079700",
        "reply_users": [
            "UJ5HUMQN5",
            "UJCQYPLMN",
            "UD6EXQVM0"
        ],
        "replies": [
            {
                "user": "UJ5HUMQN5",
                "ts": "1556844410.056700"
            },
            {
                "user": "UJCQYPLMN",
                "ts": "1556860507.060100"
            },
            {
                "user": "UD6EXQVM0",
                "ts": "1557022594.078300"
            },
            {
                "user": "UJCQYPLMN",
                "ts": "1557050700.078800"
            },
            {
                "user": "UD6EXQVM0",
                "ts": "1557068562.079100"
            },
            {
                "user": "UD6EXQVM0",
                "ts": "1557068743.079300"
            },
            {
                "user": "UJCQYPLMN",
                "ts": "1557117502.079500"
            },
            {
                "user": "UJCQYPLMN",
                "ts": "1557117531.079700"
            }
        ],
        "reactions": [
            {
                "name": "wave",
                "users": [
                    "UEGFXUK3M",
                    "U7C7B75R6",
                    "UJ6LDMMN0",
                    "UC21F8Q48",
                    "U8A5MS6R1",
                    "UJCHWTMH6",
                    "U85HCL7JP",
                    "UD6EXQVM0",
                    "U5TCAFTD3",
                    "UHS9K1N6A",
                    "UCKRZS3DZ"
                ],
                "count": 11
            }
        ]
    },
    {
        "client_msg_id": "0cc109ba-0378-44cd-a86d-ec3ae982e185",
        "type": "message",
        "text": "That story is about MacCready. I heard it via Alan Kay and there's an article here: <https:\/\/www.fastcompany.com\/1663488\/wanna-solve-impossible-problems-find-ways-to-fail-quicker>",
        "user": "U8A5MS6R1",
        "ts": "1556820762.044400",
        "edited": {
            "user": "U8A5MS6R1",
            "ts": "1556820818.000000"
        },
        "thread_ts": "1556538295.012400",
        "parent_user_id": "UFBQNBYER"
    },
    {
        "client_msg_id": "be8e21b4-d78a-48b7-8d49-4df719bc9a72",
        "type": "message",
        "text": "Hello everyone! PhD student in CS but have been coding for around 15 years. I've done hundreds of things as I was always \"following the new trends\" during all this time. As of today, I'm very into JIT compilers and WebAssembly, also my PhD is on Scientific Visualization with an application to Biology. These days I'm going through some kind of early-adult-life crisis, I had a daughter 3 years ago and that changed my perspective on life completely. I used to be a very chill person and didn't worry about \"monetizing\" my career. Now I have bills to pay and I want to find ways to turn my talent into profit. This has been very difficult as my network is mostly scientists and we are very disconnected from \/the real world\/. I've tried to join some university incubators but had no success (I could tell the story later). I'm mainly looking to network with people to either 1. get into a new venture\/startup and help getting it off the ground or 2. find a nice job to go to after I finish my PhD. Don't hesitate to message me if you want to talk about pretty much anything (I read a lot about many things, not only science related). I've been reading HN (and other stuff) daily since 2009, so if you just want to talk industry gossip is cool for me. Also greetings everyone :smile:!",
        "user": "UJC8ZDSTX",
        "ts": "1556826146.053300",
        "edited": {
            "user": "UJC8ZDSTX",
            "ts": "1556826201.000000"
        },
        "thread_ts": "1556826146.053300",
        "reply_count": 18,
        "reply_users_count": 5,
        "latest_reply": "1557169226.084200",
        "reply_users": [
            "UAVCC2X70",
            "U85HCL7JP",
            "UJC8ZDSTX",
            "UJ6LDMMN0",
            "UD6EXQVM0"
        ],
        "replies": [
            {
                "user": "UAVCC2X70",
                "ts": "1556828386.054100"
            },
            {
                "user": "U85HCL7JP",
                "ts": "1556833383.055000"
            },
            {
                "user": "UJC8ZDSTX",
                "ts": "1556841958.055500"
            },
            {
                "user": "UJC8ZDSTX",
                "ts": "1556842160.055700"
            },
            {
                "user": "U85HCL7JP",
                "ts": "1556843026.055900"
            },
            {
                "user": "UJ6LDMMN0",
                "ts": "1556864724.063200"
            },
            {
                "user": "UJC8ZDSTX",
                "ts": "1556871208.063400"
            },
            {
                "user": "UJ6LDMMN0",
                "ts": "1556872513.063800"
            },
            {
                "user": "UD6EXQVM0",
                "ts": "1557021944.078000"
            },
            {
                "user": "UJC8ZDSTX",
                "ts": "1557145368.080100"
            },
            {
                "user": "UD6EXQVM0",
                "ts": "1557161340.082400"
            },
            {
                "user": "UJC8ZDSTX",
                "ts": "1557161982.082600"
            },
            {
                "user": "UJC8ZDSTX",
                "ts": "1557162040.082800"
            },
            {
                "user": "UJC8ZDSTX",
                "ts": "1557162317.083200"
            },
            {
                "user": "UJC8ZDSTX",
                "ts": "1557162754.083400"
            },
            {
                "user": "UJC8ZDSTX",
                "ts": "1557162979.083600"
            },
            {
                "user": "UAVCC2X70",
                "ts": "1557166614.083900"
            },
            {
                "user": "UJC8ZDSTX",
                "ts": "1557169226.084200"
            }
        ],
        "reactions": [
            {
                "name": "wave",
                "users": [
                    "U8A5MS6R1",
                    "UHLAV7BB5",
                    "UC21F8Q48",
                    "UJCHWTMH6",
                    "UJ6LDMMN0",
                    "U85HCL7JP",
                    "UJ5HUMQN5",
                    "U5TCAFTD3",
                    "UHS9K1N6A"
                ],
                "count": 9
            }
        ]
    },
    {
        "client_msg_id": "954f892b-4091-432c-be0d-fc843a77f589",
        "type": "message",
        "text": "What's your PhD focused on?",
        "user": "UAVCC2X70",
        "ts": "1556828386.054100",
        "thread_ts": "1556826146.053300",
        "parent_user_id": "UJC8ZDSTX"
    },
    {
        "client_msg_id": "5a16dd13-46f2-48ca-b7b0-e76b7be61bdf",
        "type": "message",
        "text": "Hi Al, where are you based in?",
        "user": "U85HCL7JP",
        "ts": "1556833383.055000",
        "thread_ts": "1556826146.053300",
        "parent_user_id": "UJC8ZDSTX"
    },
    {
        "client_msg_id": "009a24e9-395c-4c4b-989a-c953d5770a53",
        "type": "message",
        "text": "<@UAVCC2X70> Some life scientists have to deal with 100s of images and look for very particular features in them. I found a way to classify and identify meaningful patterns in them and no, it is not done w\/ machine learning. It is a very nice approach that involves geometry and even some tricks I learned from audio DSPs.",
        "user": "UJC8ZDSTX",
        "ts": "1556841958.055500",
        "thread_ts": "1556826146.053300",
        "parent_user_id": "UJC8ZDSTX"
    },
    {
        "client_msg_id": "8feff276-e121-472b-b328-74d5599c96a7",
        "type": "message",
        "text": "<@U85HCL7JP> I'm currently in Saudi Arabia. Originally from Mexico, then lived in the US and Europe. Now I'm here at one of the best new universities in the world (KAUST).",
        "user": "UJC8ZDSTX",
        "ts": "1556842160.055700",
        "thread_ts": "1556826146.053300",
        "parent_user_id": "UJC8ZDSTX",
        "reactions": [
            {
                "name": "100",
                "users": [
                    "UJ5HUMQN5"
                ],
                "count": 1
            }
        ]
    },
    {
        "client_msg_id": "5f31e4cf-3335-430d-8b86-0dd12c040c63",
        "type": "message",
        "text": "cool! I’m also originally from Mexico. Welcome to this Slack <@UJC8ZDSTX>",
        "user": "U85HCL7JP",
        "ts": "1556843026.055900",
        "thread_ts": "1556826146.053300",
        "parent_user_id": "UJC8ZDSTX",
        "reactions": [
            {
                "name": "smile",
                "users": [
                    "UJC8ZDSTX"
                ],
                "count": 1
            }
        ]
    },
    {
        "client_msg_id": "b33c3326-c0ba-4171-812a-58500006af2d",
        "type": "message",
        "text": "Interesting! Whats the compiler called?",
        "user": "UJ5HUMQN5",
        "ts": "1556844410.056700",
        "thread_ts": "1556820526.044100",
        "parent_user_id": "UJCQYPLMN"
    },
    {
        "client_msg_id": "5c667b60-afd8-46dd-a60a-e4ef9e0fefae",
        "type": "message",
        "text": "Hello, folks. I'm an electrical-turned-embedded engineer focused on remote, low-power monitoring and control systems, mostly in the developing world. I've got an interest in dependable and high-reliability system designs; mainly because the majority of devices using my work are extremely hard to access and update if maintenance is required, so 'pushing an OTA fix' is often out of the question. I've got an interest in applying tools and research to improve the reliability of both designs and delivered software. Some recently interesting examples are Rust, TLA+, and Frama-C.\n\nI got turned on to \"Future of Coding\" via the Hillel Wayne podcast on formal specifications, and now I'm here. Cheers!",
        "user": "UJ5HUMQN5",
        "ts": "1556844556.059300",
        "edited": {
            "user": "UJ5HUMQN5",
            "ts": "1556844613.000000"
        },
        "reactions": [
            {
                "name": "wave",
                "users": [
                    "U85HCL7JP",
                    "UJC8ZDSTX",
                    "UA14TGLTC",
                    "UE1JQM9HQ",
                    "UJ6LDMMN0",
                    "UC21F8Q48",
                    "UF71PR58X",
                    "U5TCAFTD3",
                    "UHS9K1N6A",
                    "UCKRZS3DZ"
                ],
                "count": 10
            }
        ]
    },
    {
        "client_msg_id": "bda9be48-de5a-4ff5-a4cd-ee2cefe62c4f",
        "type": "message",
        "text": "RemObjects Elements. It started as a fairly simpler Pascal for .NET compiler and kinda grew into the beast described above :slightly_smiling_face:",
        "user": "UJCQYPLMN",
        "ts": "1556860507.060100",
        "edited": {
            "user": "UJCQYPLMN",
            "ts": "1556861628.000000"
        },
        "thread_ts": "1556820526.044100",
        "parent_user_id": "UJCQYPLMN"
    },
    {
        "client_msg_id": "fdf9f708-34d2-4e64-a6cb-bcc1e76fd2af",
        "type": "message",
        "text": "I’d somehow never watched your talk, David. Most interesting. What have you been using to build it?",
        "user": "UCUSW7WVD",
        "ts": "1556862926.060400",
        "edited": {
            "user": "UCUSW7WVD",
            "ts": "1556863423.000000"
        },
        "thread_ts": "1556810379.037700",
        "parent_user_id": "UJCHWTMH6"
    },
    {
        "client_msg_id": "3e66cfc7-35c1-4877-88f3-1e059fd23d4a",
        "type": "message",
        "text": "<@UJC8ZDSTX> I am curious what you use for your image analysis! In an era where machine learning is everywhere it is cool to see some alternative.",
        "user": "UJ6LDMMN0",
        "ts": "1556864724.063200",
        "thread_ts": "1556826146.053300",
        "parent_user_id": "UJC8ZDSTX"
    }
]