[
    {
        "client_msg_id": "5b9f366e-7333-4c90-a6af-b3287c9ff77c",
        "type": "message",
        "text": "Reactive cyclical dependencies are tricky, but original Conal Elliot FRP figured them out. (You don't have to worry about the detail of how it works, but basically it works the same way recursive functions work - as a fixpoint.) I recently implemented the temperature converter (as part of the 7GUIs examples) with a JS FRP library and made a photo to explain what's going on.\n\nWarning: I expect it'll be quite difficult to understand this stuff if you are new to \"original Conal Elliot FRP\". It took me ~1 year to fully get it, and still I often get confused.\n\n<https:\/\/codesandbox.io\/s\/o9p4j4p759>\n\n<https:\/\/user-images.githubusercontent.com\/2288939\/52425583-9adfe380-2afc-11e9-803c-a3ab4b69f0a4.png>",
        "user": "U5TCAFTD3",
        "ts": "1551090788.007400",
        "edited": {
            "user": "U5TCAFTD3",
            "ts": "1551090797.000000"
        },
        "attachments": [
            {
                "fallback": "973x824px image",
                "image_url": "https:\/\/user-images.githubusercontent.com\/2288939\/52425583-9adfe380-2afc-11e9-803c-a3ab4b69f0a4.png",
                "image_width": 973,
                "image_height": 824,
                "image_bytes": 32175,
                "from_url": "https:\/\/user-images.githubusercontent.com\/2288939\/52425583-9adfe380-2afc-11e9-803c-a3ab4b69f0a4.png",
                "id": 2,
                "original_url": "https:\/\/user-images.githubusercontent.com\/2288939\/52425583-9adfe380-2afc-11e9-803c-a3ab4b69f0a4.png"
            }
        ],
        "thread_ts": "1544740548.088500",
        "parent_user_id": "UEQG5HC1W"
    },
    {
        "client_msg_id": "12ab0e10-164b-4f6d-9033-4b5cd4828e14",
        "type": "message",
        "text": "Hi! everyone! I’m Ville Ilkkala from a Finnish startup called Valaa Technologies. We are working on an open source software development architecture called ValOS (Valaa Open System) that is based on sort of an direct manipulation programming and a globally distributed event sourcing mechanism that covers also the application source code, not just the data.\n\nI am more of an prototype user \/ citizen developer and I have written my first full-stack applications with the ValOS platform (I never really got my head around existing web development stacks and suffered the most with back ends and databases). Others in our team are working on the core technology and the web IDE. My prior working history includes educational game design, interaction and concept design and other things going on _around_ the code. Since getting my feet wet with programming I have also started teaching it to non-programmers using our platform.\n\nI learned about <http:\/\/futureofcoding.org|futureofcoding.org> last year when Steve sent me an bug report that our IDE doesn’t even start. :smile: He interviewed us last week and posted the video on <#CCL5VVBAN|feedback>.\n\nThe projects here seem super interesting and inspiring. I look forward to discussions, feedback and meeting new people. :slightly_smiling_face:\n\nI'm most active in LinkedIn: <https:\/\/www.linkedin.com\/in\/ville-ilkkala-1809b319\/>",
        "user": "UG91ZQ26P",
        "ts": "1551116926.008500",
        "thread_ts": "1551116926.008500",
        "reply_count": 6,
        "reply_users_count": 3,
        "latest_reply": "1551244876.011500",
        "reply_users": [
            "U85HCL7JP",
            "UG91ZQ26P",
            "UFPPABQ7P"
        ],
        "replies": [
            {
                "user": "U85HCL7JP",
                "ts": "1551124583.009100"
            },
            {
                "user": "UG91ZQ26P",
                "ts": "1551125628.009300"
            },
            {
                "user": "U85HCL7JP",
                "ts": "1551129295.009600"
            },
            {
                "user": "UFPPABQ7P",
                "ts": "1551213203.011000"
            },
            {
                "user": "U85HCL7JP",
                "ts": "1551240789.011300"
            },
            {
                "user": "UG91ZQ26P",
                "ts": "1551244876.011500"
            }
        ],
        "reactions": [
            {
                "name": "+1",
                "users": [
                    "UEQ7QL15F",
                    "U8A5MS6R1",
                    "UBSMEUXAA",
                    "UA14TGLTC",
                    "UCXR52MU2"
                ],
                "count": 5
            },
            {
                "name": "wave::skin-tone-3",
                "users": [
                    "UE6EFEPTQ",
                    "U85HCL7JP",
                    "UC2A2ARPT",
                    "U5TCAFTD3",
                    "UEGFXUK3M",
                    "UFPPABQ7P"
                ],
                "count": 6
            }
        ]
    },
    {
        "client_msg_id": "62b4bd4a-de82-46ce-9de8-e4632bdf2345",
        "type": "message",
        "text": "I don't know if it's how you have your permissions set, but I wasn't able to add you as a connection in LinkedIn",
        "user": "U85HCL7JP",
        "ts": "1551124583.009100",
        "thread_ts": "1551116926.008500",
        "parent_user_id": "UG91ZQ26P"
    },
    {
        "client_msg_id": "220b6f98-b9fc-429e-b396-3411a9146998",
        "type": "message",
        "text": "I think you need to click the tiny arrow next to Message-button and select the Connect if we don't have shared contacts.",
        "user": "UG91ZQ26P",
        "ts": "1551125628.009300",
        "thread_ts": "1551116926.008500",
        "parent_user_id": "UG91ZQ26P"
    },
    {
        "client_msg_id": "11985392-d485-4411-b739-949bf631bbd8",
        "type": "message",
        "text": "You're right!",
        "user": "U85HCL7JP",
        "ts": "1551129295.009600",
        "thread_ts": "1551116926.008500",
        "parent_user_id": "UG91ZQ26P"
    },
    {
        "client_msg_id": "4e0ff979-b7e9-4604-a940-8bd2744e1890",
        "type": "message",
        "text": "<@UCUSW7WVD> Let's continue on <#C5T9GPWFL|general>. [I thought I posted this reply yesterday, I guess not]",
        "user": "UD6EXQVM0",
        "ts": "1551156433.010200",
        "thread_ts": "1550369313.016100",
        "parent_user_id": "UD6EXQVM0",
        "reactions": [
            {
                "name": "+1",
                "users": [
                    "UCUSW7WVD"
                ],
                "count": 1
            }
        ]
    }
]