[
    {
        "client_msg_id": "c57df12d-dd2f-4cf0-a8a8-73755ba42eb6",
        "type": "message",
        "text": "My heart jumped when I saw you're here, Max :slightly_smiling_face: Really been enjoying your takes on Twitter",
        "user": "UDRF3ALP4",
        "ts": "1547677160.079300",
        "thread_ts": "1544754436.089700",
        "parent_user_id": "UETJZ9V0T"
    },
    {
        "client_msg_id": "8dfb1672-b1aa-43e8-ae27-c7a67e59bf71",
        "type": "message",
        "text": "Hey'all, I've been hovering this Slack for a few months and wanted to wait with introducing myself until I have something to show. But since I just keep pushing the date, I'll cut the crap and say hi: Hi :wave: Also I just started listening to <@U5TCAFTD3>'s podcast and it's been eerie (and fulfilling) to hear so similar thoughts.\nMy thinking for the last few years has been around more incremental improvements to the programming status quo. ~2 years ago I built a JSON editor that doesn't let you syntax error (<https:\/\/gregoor.github.io\/syntactor>). It was supposed to be a full JS editor, but I drowned in TODOS. I talked about the project at the Salon des Refuses of that year (and met <@UEJDZRQB1>, nice to see you here :slightly_smiling_face: ).\nI've restarted the project a couple of months ago and I'm close to having it in a state worth showing. It's not super out there (you're still \"just writing\" JavaScript) but I think it's a step out of the text-manipulation stone age we currently live in.\nIn my day job I work as the lead developer on Mozilla's Common Voice (<https:\/\/voice.mozilla.org\/en>). Leave your voice if you want to contribute to an open data set :upside_down_face: I live in Berlin, so if you're around ping me, and I'll show you some great vietnamese restaurant. :ramen:",
        "user": "UDRF3ALP4",
        "ts": "1547679117.090400",
        "edited": {
            "user": "UDRF3ALP4",
            "ts": "1547679689.000000"
        },
        "attachments": [
            {
                "title": "Syntactor",
                "title_link": "https:\/\/gregoor.github.io\/syntactor",
                "text": "A JSON editor, for editing data instead of syntax.",
                "fallback": "Syntactor",
                "from_url": "https:\/\/gregoor.github.io\/syntactor",
                "thumb_url": "https:\/\/gregoor.github.io\/syntactor\/braces.png",
                "thumb_width": 200,
                "thumb_height": 200,
                "service_icon": "https:\/\/gregoor.github.io\/syntactor\/favicon.ico",
                "service_name": "gregoor.github.io",
                "id": 1,
                "original_url": "https:\/\/gregoor.github.io\/syntactor"
            }
        ],
        "thread_ts": "1547679117.090400",
        "reply_count": 6,
        "reply_users_count": 4,
        "latest_reply": "1547840281.093400",
        "reply_users": [
            "UD43R8ZFV",
            "UDRF3ALP4",
            "UF5PAGQQ4",
            "UEH6T3RJB"
        ],
        "replies": [
            {
                "user": "UD43R8ZFV",
                "ts": "1547685482.091100"
            },
            {
                "user": "UDRF3ALP4",
                "ts": "1547723332.091700"
            },
            {
                "user": "UF5PAGQQ4",
                "ts": "1547732074.091900"
            },
            {
                "user": "UDRF3ALP4",
                "ts": "1547743786.092200"
            },
            {
                "user": "UEH6T3RJB",
                "ts": "1547810662.092900"
            },
            {
                "user": "UDRF3ALP4",
                "ts": "1547840281.093400"
            }
        ],
        "reactions": [
            {
                "name": "wave",
                "users": [
                    "UFB8STN7K",
                    "U5TCAFTD3",
                    "UD43R8ZFV",
                    "U8A5MS6R1",
                    "U85HCL7JP",
                    "UDJ2TKB99",
                    "U79HM6726",
                    "UC2A2ARPT",
                    "UBSMEUXAA",
                    "UCXR52MU2",
                    "UDYGH7K8V",
                    "UEGFXUK3M",
                    "UFWR21E4W",
                    "U5STGTB3J"
                ],
                "count": 14
            }
        ]
    },
    {
        "client_msg_id": "42681081-bae2-4403-b08c-1f71208daf92",
        "type": "message",
        "text": "Re: Mozilla's Common Voice, Cool! My voice is already in the common voice dataset. I was frustrated with voice recognition never getting my oddball midwestern accent right, so I was especially motivated to contribute. :slightly_smiling_face:",
        "user": "UD43R8ZFV",
        "ts": "1547685482.091100",
        "thread_ts": "1547679117.090400",
        "parent_user_id": "UDRF3ALP4"
    }
]