[
    {
        "client_msg_id": "6de5b3e6-54bd-4ba7-b55b-fa27ae6890c9",
        "type": "message",
        "text": "<@UF89Z7SRF> are you around in London at the moment? I arranged to meet up with <@UEGFXUK3M> to talk livecoding etc. at some point this month",
        "user": "UEKEQGB9C",
        "ts": "1547425280.075500",
        "edited": {
            "user": "UEKEQGB9C",
            "ts": "1547425293.000000"
        },
        "thread_ts": "1546948502.068600",
        "parent_user_id": "UF89Z7SRF"
    }
]