[
    {
        "client_msg_id": "e9d84da6-f656-49b8-bbd4-5c09b1bbd20a",
        "type": "message",
        "text": "I don't think coding bootcamps are a good place for new languages, because most of the camps i have seen are focused on getting people into commercial readiness of some kind and training on something that is bleeding edge would seem disappointing to the students because when they get out they will be likely compelled to use some very conventional language, as few beginners have design or language authority. Only powerful, established talent can buck the system and inject a new language, or the sole practitioner who doesn't care what anyone else is doing. After working on a gigantic C program for a year with 12 others, i was sick of the contamination and error injection caused by people changing interfaces, and sought a better language, and settled on Modula-2, which was so commercially productive for me i kept using it for 20 years. This is why smaller projects have very profitably used less popular languages. Even ancient technologies like LISP will sometimes show up inside products; in the hands of a skilled practitioner anything is possible.\n\nthat being said, it would be a lot more fun, and a lot easier, to train people in a bootcamp using one of the new languages which drastically reduces the total amount one has to learn. With a total of 20 function calls you should be able to build a chess program for an iPad and a web browser. And omniscient debugging makes it a lot less frustrating. This is the double whammy coming, which will be dramatic moment for the software industry; the combination of simplification with a major reduction in what i call the frustration of not being able to reverse an effect back to its cause.",
        "user": "UEQ6M68H0",
        "ts": "1557824328.134000",
        "edited": {
            "user": "UEQ6M68H0",
            "ts": "1557824461.000000"
        },
        "thread_ts": "1557655709.119900",
        "parent_user_id": "UEQ6M68H0"
    },
    {
        "client_msg_id": "8823459e-45cc-4c2b-8f38-4e8db49f115d",
        "type": "message",
        "text": "Hi everyone! I just signed to this group after listening to my third episode of <@U5TCAFTD3>'s podcast (with <@U6KQ2S410>). I don't consider myself a programmer, but as an advanced computer user. I write code for my own use (quite a bit), and I also share my code and contribute to collective developments, but I never write code that I wouldn't use myself.",
        "user": "UJBAJNFLK",
        "ts": "1557825879.137200",
        "thread_ts": "1557825879.137200",
        "reply_count": 15,
        "reply_users_count": 5,
        "latest_reply": "1557986831.165500",
        "reply_users": [
            "UJBAJNFLK",
            "UHS9K1N6A",
            "UAVCC2X70",
            "UCGAK10LS",
            "UJFN50C00"
        ],
        "replies": [
            {
                "user": "UJBAJNFLK",
                "ts": "1557826193.137300"
            },
            {
                "user": "UJBAJNFLK",
                "ts": "1557826576.137800"
            },
            {
                "user": "UHS9K1N6A",
                "ts": "1557837991.138800"
            },
            {
                "user": "UHS9K1N6A",
                "ts": "1557838009.139000"
            },
            {
                "user": "UJBAJNFLK",
                "ts": "1557843588.139500"
            },
            {
                "user": "UAVCC2X70",
                "ts": "1557855116.140800"
            },
            {
                "user": "UCGAK10LS",
                "ts": "1557888683.153300"
            },
            {
                "user": "UCGAK10LS",
                "ts": "1557889121.160300"
            },
            {
                "user": "UCGAK10LS",
                "ts": "1557889250.162700"
            },
            {
                "user": "UJFN50C00",
                "ts": "1557907164.164000"
            },
            {
                "user": "UJFN50C00",
                "ts": "1557907197.164200"
            },
            {
                "user": "UJFN50C00",
                "ts": "1557907215.164400"
            },
            {
                "user": "UJFN50C00",
                "ts": "1557907216.164600"
            },
            {
                "user": "UJBAJNFLK",
                "ts": "1557929363.165100"
            },
            {
                "user": "UAVCC2X70",
                "ts": "1557986831.165500"
            }
        ],
        "reactions": [
            {
                "name": "wave",
                "users": [
                    "UJ6LDMMN0",
                    "UHS9K1N6A",
                    "U5TCAFTD3",
                    "UJCHWTMH6",
                    "UCKRZS3DZ",
                    "UBSMEUXAA",
                    "U85HCL7JP",
                    "U8A5MS6R1",
                    "UHTPRR5SM",
                    "UC21F8Q48"
                ],
                "count": 10
            }
        ]
    },
    {
        "type": "message",
        "subtype": "thread_broadcast",
        "text": "My day job is scientific research, more precisely computational biophysics. I have been doing research using computers since 1989, and have witnessed both the explosion of possibilities and the loss of control that the evolution of computing technology has brought to science. I'd like to put that control back into the hands of scientists. I have two on-going projects in that area: ActivePapers (<http:\/\/www.activepapers.org\/>) is about structuring and documenting scientific methods implemented in software, and Leibniz (<https:\/\/github.com\/khinsen\/leibniz\/>) is about taking scientific models out of software source code and giving them a life of their own (call it \"reifying\" if you need a technical term).",
        "user": "UJBAJNFLK",
        "ts": "1557826193.137300",
        "thread_ts": "1557825879.137200",
        "root": {
            "client_msg_id": "8823459e-45cc-4c2b-8f38-4e8db49f115d",
            "type": "message",
            "text": "Hi everyone! I just signed to this group after listening to my third episode of <@U5TCAFTD3>'s podcast (with <@U6KQ2S410>). I don't consider myself a programmer, but as an advanced computer user. I write code for my own use (quite a bit), and I also share my code and contribute to collective developments, but I never write code that I wouldn't use myself.",
            "user": "UJBAJNFLK",
            "ts": "1557825879.137200",
            "thread_ts": "1557825879.137200",
            "reply_count": 15,
            "reply_users_count": 5,
            "latest_reply": "1557986831.165500",
            "reply_users": [
                "UJBAJNFLK",
                "UHS9K1N6A",
                "UAVCC2X70",
                "UCGAK10LS",
                "UJFN50C00"
            ],
            "replies": [
                {
                    "user": "UJBAJNFLK",
                    "ts": "1557826193.137300"
                },
                {
                    "user": "UJBAJNFLK",
                    "ts": "1557826576.137800"
                },
                {
                    "user": "UHS9K1N6A",
                    "ts": "1557837991.138800"
                },
                {
                    "user": "UHS9K1N6A",
                    "ts": "1557838009.139000"
                },
                {
                    "user": "UJBAJNFLK",
                    "ts": "1557843588.139500"
                },
                {
                    "user": "UAVCC2X70",
                    "ts": "1557855116.140800"
                },
                {
                    "user": "UCGAK10LS",
                    "ts": "1557888683.153300"
                },
                {
                    "user": "UCGAK10LS",
                    "ts": "1557889121.160300"
                },
                {
                    "user": "UCGAK10LS",
                    "ts": "1557889250.162700"
                },
                {
                    "user": "UJFN50C00",
                    "ts": "1557907164.164000"
                },
                {
                    "user": "UJFN50C00",
                    "ts": "1557907197.164200"
                },
                {
                    "user": "UJFN50C00",
                    "ts": "1557907215.164400"
                },
                {
                    "user": "UJFN50C00",
                    "ts": "1557907216.164600"
                },
                {
                    "user": "UJBAJNFLK",
                    "ts": "1557929363.165100"
                },
                {
                    "user": "UAVCC2X70",
                    "ts": "1557986831.165500"
                }
            ]
        },
        "attachments": [
            {
                "text": "ActivePapers Web site",
                "fallback": "ActivePapers Web site",
                "from_url": "http:\/\/www.activepapers.org\/",
                "service_name": "activepapers.org",
                "id": 1,
                "original_url": "http:\/\/www.activepapers.org\/"
            }
        ],
        "client_msg_id": "332a31db-813d-481e-9733-4ee51815d80b"
    },
    {
        "type": "message",
        "subtype": "thread_broadcast",
        "text": "One of my beliefs that perhaps most of you don't share is that today's computing technology puts too much emphasis on code. For me, code is a means to an end. What I care about is scientific data and models in my work, and e-mails, e-books, contacts, music etc. otherwise. A computer for me is a tool to work with digital information, with the information being more important than the tool. Much of today's digital information is held hostage by code. This covers proprietary data formats, overly complex or undocumented data formats, and information absorbed by (and hidden in) software source code. For the specific case of scientific models, I have written a whole article about this issue: <https:\/\/f1000research.com\/articles\/3-101\/v2>.",
        "user": "UJBAJNFLK",
        "ts": "1557826576.137800",
        "thread_ts": "1557825879.137200",
        "root": {
            "client_msg_id": "8823459e-45cc-4c2b-8f38-4e8db49f115d",
            "type": "message",
            "text": "Hi everyone! I just signed to this group after listening to my third episode of <@U5TCAFTD3>'s podcast (with <@U6KQ2S410>). I don't consider myself a programmer, but as an advanced computer user. I write code for my own use (quite a bit), and I also share my code and contribute to collective developments, but I never write code that I wouldn't use myself.",
            "user": "UJBAJNFLK",
            "ts": "1557825879.137200",
            "thread_ts": "1557825879.137200",
            "reply_count": 15,
            "reply_users_count": 5,
            "latest_reply": "1557986831.165500",
            "reply_users": [
                "UJBAJNFLK",
                "UHS9K1N6A",
                "UAVCC2X70",
                "UCGAK10LS",
                "UJFN50C00"
            ],
            "replies": [
                {
                    "user": "UJBAJNFLK",
                    "ts": "1557826193.137300"
                },
                {
                    "user": "UJBAJNFLK",
                    "ts": "1557826576.137800"
                },
                {
                    "user": "UHS9K1N6A",
                    "ts": "1557837991.138800"
                },
                {
                    "user": "UHS9K1N6A",
                    "ts": "1557838009.139000"
                },
                {
                    "user": "UJBAJNFLK",
                    "ts": "1557843588.139500"
                },
                {
                    "user": "UAVCC2X70",
                    "ts": "1557855116.140800"
                },
                {
                    "user": "UCGAK10LS",
                    "ts": "1557888683.153300"
                },
                {
                    "user": "UCGAK10LS",
                    "ts": "1557889121.160300"
                },
                {
                    "user": "UCGAK10LS",
                    "ts": "1557889250.162700"
                },
                {
                    "user": "UJFN50C00",
                    "ts": "1557907164.164000"
                },
                {
                    "user": "UJFN50C00",
                    "ts": "1557907197.164200"
                },
                {
                    "user": "UJFN50C00",
                    "ts": "1557907215.164400"
                },
                {
                    "user": "UJFN50C00",
                    "ts": "1557907216.164600"
                },
                {
                    "user": "UJBAJNFLK",
                    "ts": "1557929363.165100"
                },
                {
                    "user": "UAVCC2X70",
                    "ts": "1557986831.165500"
                }
            ]
        },
        "attachments": [
            {
                "title": "F1000Research Article: Computational science: shifting the focus from tools to models.",
                "title_link": "https:\/\/f1000research.com\/articles\/3-101\/v2",
                "text": "Read the latest article version by Konrad Hinsen, at F1000Research.",
                "fallback": "F1000Research Article: Computational science: shifting the focus from tools to models.",
                "from_url": "https:\/\/f1000research.com\/articles\/3-101\/v2",
                "service_name": "f1000research.com",
                "id": 1,
                "original_url": "https:\/\/f1000research.com\/articles\/3-101\/v2"
            }
        ],
        "client_msg_id": "3692741c-4d23-4746-a82a-cac9867f53fc",
        "reactions": [
            {
                "name": "ok_hand",
                "users": [
                    "UJ6LDMMN0",
                    "UHP08C1DK",
                    "UCUSW7WVD",
                    "UBSMEUXAA"
                ],
                "count": 4
            }
        ]
    },
    {
        "client_msg_id": "149fbb65-9e7c-40dc-b39b-818d4eee5e5f",
        "type": "message",
        "text": "It sounds like what you are talking about is data silos, which require glue code to interoperate (and the amount of glue code increases geometrically with number of silos). In my opinion the path forward here is a universal data protocol (like http) – which then shifts the question to – how the heck do we get people to adopt it? The world wide web is a great case study here, an interesting study of why the world adopted HTTP and HTML.",
        "user": "UHS9K1N6A",
        "ts": "1557837991.138800",
        "thread_ts": "1557825879.137200",
        "parent_user_id": "UJBAJNFLK"
    },
    {
        "type": "message",
        "subtype": "thread_broadcast",
        "text": "It sounds like what you are talking about is data silos, which require glue code to interoperate (and the amount of glue code increases geometrically with number of silos). In my opinion the path forward here is a universal data protocol (like http) – which then shifts the question to – how the heck do we get people to adopt it? The world wide web is a great case study here, an interesting study of why the world adopted HTTP and HTML. I just printed your paper to read.",
        "user": "UHS9K1N6A",
        "ts": "1557838009.139000",
        "thread_ts": "1557825879.137200",
        "root": {
            "client_msg_id": "8823459e-45cc-4c2b-8f38-4e8db49f115d",
            "type": "message",
            "text": "Hi everyone! I just signed to this group after listening to my third episode of <@U5TCAFTD3>'s podcast (with <@U6KQ2S410>). I don't consider myself a programmer, but as an advanced computer user. I write code for my own use (quite a bit), and I also share my code and contribute to collective developments, but I never write code that I wouldn't use myself.",
            "user": "UJBAJNFLK",
            "ts": "1557825879.137200",
            "thread_ts": "1557825879.137200",
            "reply_count": 15,
            "reply_users_count": 5,
            "latest_reply": "1557986831.165500",
            "reply_users": [
                "UJBAJNFLK",
                "UHS9K1N6A",
                "UAVCC2X70",
                "UCGAK10LS",
                "UJFN50C00"
            ],
            "replies": [
                {
                    "user": "UJBAJNFLK",
                    "ts": "1557826193.137300"
                },
                {
                    "user": "UJBAJNFLK",
                    "ts": "1557826576.137800"
                },
                {
                    "user": "UHS9K1N6A",
                    "ts": "1557837991.138800"
                },
                {
                    "user": "UHS9K1N6A",
                    "ts": "1557838009.139000"
                },
                {
                    "user": "UJBAJNFLK",
                    "ts": "1557843588.139500"
                },
                {
                    "user": "UAVCC2X70",
                    "ts": "1557855116.140800"
                },
                {
                    "user": "UCGAK10LS",
                    "ts": "1557888683.153300"
                },
                {
                    "user": "UCGAK10LS",
                    "ts": "1557889121.160300"
                },
                {
                    "user": "UCGAK10LS",
                    "ts": "1557889250.162700"
                },
                {
                    "user": "UJFN50C00",
                    "ts": "1557907164.164000"
                },
                {
                    "user": "UJFN50C00",
                    "ts": "1557907197.164200"
                },
                {
                    "user": "UJFN50C00",
                    "ts": "1557907215.164400"
                },
                {
                    "user": "UJFN50C00",
                    "ts": "1557907216.164600"
                },
                {
                    "user": "UJBAJNFLK",
                    "ts": "1557929363.165100"
                },
                {
                    "user": "UAVCC2X70",
                    "ts": "1557986831.165500"
                }
            ]
        },
        "client_msg_id": "ce35736a-0098-4bd4-8331-87aee8f5315b"
    },
    {
        "client_msg_id": "a89fe292-996f-401b-8edd-5ac977df6f75",
        "type": "message",
        "text": "Data silos... maybe, eventually, but my immediate focus is more on data formats, data abstractions, and data-centric code. For most of the public data I have in mind (mainly scientific data, but not \"big data\"), Dat (<https:\/\/datproject.org\/>) looks like a good approach for management and distribution.",
        "user": "UJBAJNFLK",
        "ts": "1557843588.139500",
        "attachments": [
            {
                "service_name": "Dat Project",
                "title": "Dat Project - A Community-Driven Web Protocol",
                "title_link": "https:\/\/datproject.org\/",
                "text": "Dat is the nonprofit-backed technology &amp; community for building apps of the future.",
                "fallback": "Dat Project: Dat Project - A Community-Driven Web Protocol",
                "from_url": "https:\/\/datproject.org\/",
                "service_icon": "https:\/\/datproject.org\/public\/img\/favicon-32x32.png",
                "id": 1,
                "original_url": "https:\/\/datproject.org\/"
            }
        ],
        "thread_ts": "1557825879.137200",
        "parent_user_id": "UJBAJNFLK"
    },
    {
        "client_msg_id": "f25183c5-7141-43cc-9b77-4df2f16ca034",
        "type": "message",
        "text": "It doesn’t exist in public at all at this point, I’m still hoping to hustle up something at work in the area.\n\nAll my experimentation has been in the area of web applications – the browser interface is well-defined and sandboxed, so you can really tell what can and cannot cause changes in an application (e.g., which elements have event listeners). Browser debugging interfaces also offer a well-documented way to inspect relatively high-level behavior.\n\nI’ve been able to generate random runs in real-world applications, but I haven’t convinced myself that I can actually thoroughly explore an application automatically. And then generating _insight_ from those runs is also something I haven’t managed to do. So it’s pretty early-stage.",
        "user": "UJM9NG84Q",
        "ts": "1557851086.140500",
        "thread_ts": "1557773195.129600",
        "parent_user_id": "UJM9NG84Q"
    },
    {
        "client_msg_id": "3985125f-49cf-448d-a4bb-19eeed6cef0f",
        "type": "message",
        "text": "Hi Konrad! A lot of us actually share a similar sentiment: that a computer should be able to be whatever people make it to be, and one should have full ownership &amp; authorship of their own data, artifacts, and tools -- and in the ways that make the most sense (e.g. not just by code &amp; programming).\n\nThe \"computer\" is a universal simulation machine that can be made to do, model, or simulate just about anything -- but somehow fails to actually provide that capability to the one using it! That's like if all scissors came in that hard plastic packaging that's darn near impossible to open without scissors!\n\nImagine a material that can be manipulated to take-on any physical properties or shape, but can *only* be manipulated by tools made from that same material. Even with only very crude tools to start with, it would not be hard make better tools (including better tool-making-tools) to whatever level of exactness one desires. -- But that's *essentially* what \"software\" is: the most dynamic and moldable substance possible, and created and manipulated by other software.\n\nI'm working on a tool that explores such an approach, by serving as an editor &amp; viewer for software entities, including its own innards -- and thus can mold anything (including itself) in whatever way is best.",
        "user": "UAVCC2X70",
        "ts": "1557855116.140800",
        "edited": {
            "user": "UAVCC2X70",
            "ts": "1557857666.000000"
        },
        "thread_ts": "1557825879.137200",
        "parent_user_id": "UJBAJNFLK"
    },
    {
        "client_msg_id": "6bb95e27-4fb7-4350-9f7c-ae5e465446e1",
        "type": "message",
        "text": "<@UHTPRR5SM>\n\nThis is great, thanks for sharing. Some quick questions.\n\nWhat kind of database? document, graph, etc..?\n\nWhat is a tree structured query? I'm assuming it means your query contains a root node and the return value is the entire tree.\n\nWhat underlying principle lets a database push our changes. This would seem to be an obvious advantage but its both rare and tends to be only a function of document stores (from my  observation).",
        "user": "UJNJQD2AC",
        "ts": "1557862376.141900",
        "thread_ts": "1557418285.099100",
        "parent_user_id": "UHTPRR5SM"
    },
    {
        "client_msg_id": "0c061afa-0ff8-4ae7-ac22-497f232821a5",
        "type": "message",
        "text": "I bet you'd find the same thing is true about Math! And all the rest of the STEM disciplines!",
        "user": "UFXFB1RK8",
        "ts": "1557877593.145500",
        "thread_ts": "1557597374.115100",
        "parent_user_id": "UJLHTBK0V"
    },
    {
        "client_msg_id": "de6a300b-f71f-4612-aeb0-59ec24598bf4",
        "type": "message",
        "text": "ISTM that we should be giving people tasks that are challenging but rewarding...",
        "user": "UFXFB1RK8",
        "ts": "1557877620.145700",
        "thread_ts": "1557597374.115100",
        "parent_user_id": "UJLHTBK0V"
    },
    {
        "client_msg_id": "44DCA1FA-20BF-4DD8-BAD8-DAB115426855",
        "type": "message",
        "text": "I agree that “code is a means to an end”. Code is for modelling systems. Those systems include data and behaviour. Unfortunately, to define data we need data types (or data formats etc.) and to define behaviour we need code. And these two constructs depend on each other: code manipulates data (if we don’t need that, then we don’t need computers). So helping scientists work with their data fundamentally comes down to helping them work with data types\/formats and code. Sometimes that code is hidden in UI widgets (and whether this is a good thing is hotly debated). So I focus a lot on how to design programming languages and tools because working with code is simply a nightmare in today’s world. I’m not targeting scientists in particular, but I am working on how to make modelling (and comprehending) systems easier, which is something that scientists need.",
        "user": "UCGAK10LS",
        "ts": "1557888683.153300",
        "thread_ts": "1557825879.137200",
        "parent_user_id": "UJBAJNFLK"
    },
    {
        "type": "message",
        "subtype": "thread_broadcast",
        "text": "<@UJBAJNFLK> Seems like you’re focusing on how data and code can be hosted and shared. I see this as a combination of an infrastructure problem, a data type problem, and a code problem. Its an infrastructure problem because we need better ways to host and access data\/code, a data type problem because we need a common format to share data, and a code problem because we need better ways to share code (including all dependencies, in an unbreakable manner). It’s hard to tackle all these separately; I think it makes sense to focus on either the infrastructure side or the code &amp; data side first (whilst keeping the other side in mind). I’m personally focusing on code &amp; data first.",
        "user": "UCGAK10LS",
        "ts": "1557889121.160300",
        "thread_ts": "1557825879.137200",
        "root": {
            "client_msg_id": "8823459e-45cc-4c2b-8f38-4e8db49f115d",
            "type": "message",
            "text": "Hi everyone! I just signed to this group after listening to my third episode of <@U5TCAFTD3>'s podcast (with <@U6KQ2S410>). I don't consider myself a programmer, but as an advanced computer user. I write code for my own use (quite a bit), and I also share my code and contribute to collective developments, but I never write code that I wouldn't use myself.",
            "user": "UJBAJNFLK",
            "ts": "1557825879.137200",
            "thread_ts": "1557825879.137200",
            "reply_count": 15,
            "reply_users_count": 5,
            "latest_reply": "1557986831.165500",
            "reply_users": [
                "UJBAJNFLK",
                "UHS9K1N6A",
                "UAVCC2X70",
                "UCGAK10LS",
                "UJFN50C00"
            ],
            "replies": [
                {
                    "user": "UJBAJNFLK",
                    "ts": "1557826193.137300"
                },
                {
                    "user": "UJBAJNFLK",
                    "ts": "1557826576.137800"
                },
                {
                    "user": "UHS9K1N6A",
                    "ts": "1557837991.138800"
                },
                {
                    "user": "UHS9K1N6A",
                    "ts": "1557838009.139000"
                },
                {
                    "user": "UJBAJNFLK",
                    "ts": "1557843588.139500"
                },
                {
                    "user": "UAVCC2X70",
                    "ts": "1557855116.140800"
                },
                {
                    "user": "UCGAK10LS",
                    "ts": "1557888683.153300"
                },
                {
                    "user": "UCGAK10LS",
                    "ts": "1557889121.160300"
                },
                {
                    "user": "UCGAK10LS",
                    "ts": "1557889250.162700"
                },
                {
                    "user": "UJFN50C00",
                    "ts": "1557907164.164000"
                },
                {
                    "user": "UJFN50C00",
                    "ts": "1557907197.164200"
                },
                {
                    "user": "UJFN50C00",
                    "ts": "1557907215.164400"
                },
                {
                    "user": "UJFN50C00",
                    "ts": "1557907216.164600"
                },
                {
                    "user": "UJBAJNFLK",
                    "ts": "1557929363.165100"
                },
                {
                    "user": "UAVCC2X70",
                    "ts": "1557986831.165500"
                }
            ]
        },
        "client_msg_id": "79FCF575-E184-47E0-9B37-B5785C1BAE76"
    },
    {
        "client_msg_id": "D9CD29C2-4811-42AB-B95E-471AE1DF6684",
        "type": "message",
        "text": "As far as the infrastructure side goes, I’m holding out for some exciting work on decentralised cloud platforms to provide a  better foundation for hosting and distribution of data and computation.",
        "user": "UCGAK10LS",
        "ts": "1557889250.162700",
        "thread_ts": "1557825879.137200",
        "parent_user_id": "UJBAJNFLK"
    },
    {
        "client_msg_id": "1b6bee88-e0e4-42cd-b9b0-80279b3487d6",
        "type": "message",
        "text": "Hi Drew,\nre: what type of database, from the readme:\n&gt; relational (has tables with typed columns and foreign keys)\n\nre: tree-structured queries; they are GraphQL-style, but with a more SQL-like syntax. Here's an example from the readme, slightly reindented:\n```MANY blog_posts {\n  id, title, body,\n  comments: MANY comments {\n    id, body,\n    author: ONE users {\n      name\n    },\n  }\n}```\n…and yes, as shown in the readme, the response is a whole tree as JSON.\n\nre: how to do live queries: this code path: :stuck_out_tongue: <https:\/\/github.com\/vilterp\/treesql\/blob\/master\/pkg\/live_queries.go#L94-L101>\nBasically, when a live query is first run, it saves \"listeners\" in a special data structure in memory. Later, when writes come in, we look up those listeners, find live queries interested in that write, and push it out to them.\n\nThere's nothing that makes it fundamentally easier to do that in a document store than in a relational database. CockroachDB (where I work) is built on top of a key-value store, as are document DBs, and we have one of the building blocks of live queries: changefeeds (<https:\/\/www.cockroachlabs.com\/docs\/stable\/create-changefeed.html>), a way of getting a feed of writes going into the DB. The tricky part is mapping these writes to the queries that would be interested in them — i.e. \"a comment with blog post id 5 was inserted =&gt; these 11 queries covered blog post 5, so they'd want to know about this\"",
        "user": "UHTPRR5SM",
        "ts": "1557895709.163100",
        "edited": {
            "user": "UHTPRR5SM",
            "ts": "1557896593.000000"
        },
        "attachments": [
            {
                "title": "CREATE CHANGEFEED | CockroachDB Docs",
                "title_link": "https:\/\/www.cockroachlabs.com\/docs\/stable\/create-changefeed.html",
                "text": "The CREATE CHANGEFEED statement creates a new changefeed, which provides row-level change subscriptions.",
                "fallback": "CREATE CHANGEFEED | CockroachDB Docs",
                "from_url": "https:\/\/www.cockroachlabs.com\/docs\/stable\/create-changefeed.html",
                "service_icon": "https:\/\/www.cockroachlabs.com\/docs\/images\/favicon.png",
                "service_name": "cockroachlabs.com",
                "id": 1,
                "original_url": "https:\/\/www.cockroachlabs.com\/docs\/stable\/create-changefeed.html"
            }
        ],
        "thread_ts": "1557418285.099100",
        "parent_user_id": "UHTPRR5SM"
    }
]