[
    {
        "client_msg_id": "5778047e-fa14-4f54-bccf-e8ee7908729b",
        "type": "message",
        "text": "Edward, I understand what you mean! Bad usability \/ presentation is what is driving many of us to try to make things better. What I've described above is not the end goal, it's just the required mechanism to create a tool that can customize itself to *become* whatever is the best tool or representation for a whatever you want to use it for.\n\nThe idea is not for something Lispy to be what's actually presented. That's just a good structure for storing and data representation. I actually think if it more like JSON.\n\nThe idea is to be able to say \"for this given code or data, draw this (perhaps very different) UI\".",
        "user": "UAVCC2X70",
        "ts": "1555690849.041400",
        "edited": {
            "user": "UAVCC2X70",
            "ts": "1555693627.000000"
        },
        "thread_ts": "1555514720.025900",
        "parent_user_id": "UH84GQ3CZ"
    },
    {
        "client_msg_id": "9599d61e-b950-4c09-9c25-4a0cc300536e",
        "type": "message",
        "text": "<@UH84GQ3CZ> - I got part way through responding about my project(s) before the conversation went elsewhere. I've now edited my original comment (above) with my full reply.",
        "user": "UAVCC2X70",
        "ts": "1555697376.042400",
        "thread_ts": "1555514720.025900",
        "parent_user_id": "UH84GQ3CZ"
    },
    {
        "client_msg_id": "89c52aa5-3cb6-4432-8c6a-36e4b0d2d2ef",
        "type": "message",
        "text": "One major difference between my two projects is that the second (Interact) keeps a history: every edit or manipulation is saved as an \"action\". Any change causes everything to be recomputed by reapplying all actions in order. Code is made of actions, so there is zero difference between user interaction and \"programming\", and it's like the program is in constant debug-mode as you edit it.",
        "user": "UAVCC2X70",
        "ts": "1555714922.042900",
        "thread_ts": "1555514720.025900",
        "parent_user_id": "UH84GQ3CZ"
    }
]