[
    {
        "client_msg_id": "A2A0D804-A086-44CF-ACF8-D1C58FD25827",
        "type": "message",
        "text": "Hello all. My name is Rashad Gover and I’m a second year college student in L.A. I’m primarily interested in functional programming, logic programming, denotational semantics, PLT, type theory, applied category theory, and the formal verification of programs. My main goals are to improve the ergonomics of programming languages, come up with methods for mathematically proving the correctness of programs, and come up with better ways of teaching programming and computer science. I am still new to a lot of this stuff so I look forward to learning a lot from the more experienced members of this group. I look forward to doing 1-on-1’s with some of you:grin: Cheers to the future of coding:beers:",
        "user": "UJWEF5QTX",
        "ts": "1558666208.017800",
        "thread_ts": "1558666208.017800",
        "reply_count": 4,
        "reply_users_count": 2,
        "latest_reply": "1558696490.000600",
        "reply_users": [
            "UC21F8Q48",
            "UJQRDCZRA"
        ],
        "replies": [
            {
                "user": "UC21F8Q48",
                "ts": "1558667990.018200"
            },
            {
                "user": "UC21F8Q48",
                "ts": "1558668005.018400"
            },
            {
                "user": "UJQRDCZRA",
                "ts": "1558696464.000400"
            },
            {
                "user": "UJQRDCZRA",
                "ts": "1558696490.000600"
            }
        ],
        "reactions": [
            {
                "name": "wave",
                "users": [
                    "UA14TGLTC",
                    "UC21F8Q48",
                    "UAL7940NM",
                    "UF71PR58X",
                    "UC25EFSJC",
                    "U5TCAFTD3",
                    "UJBAJNFLK",
                    "U8A5MS6R1"
                ],
                "count": 8
            }
        ]
    },
    {
        "client_msg_id": "0586938c-3016-4bb7-9025-edfb1c2822f8",
        "type": "message",
        "text": "&gt; learning a lot from the more experienced members of this group\nthere may be some bits to learn, but I’m not sure anybody really knows what they are doing :smile: :smile: :smile:",
        "user": "UC21F8Q48",
        "ts": "1558667990.018200",
        "thread_ts": "1558666208.017800",
        "parent_user_id": "UJWEF5QTX",
        "reactions": [
            {
                "name": "grin",
                "users": [
                    "UJWEF5QTX",
                    "UJUGB1XGD"
                ],
                "count": 2
            },
            {
                "name": "point_up",
                "users": [
                    "U8A5MS6R1"
                ],
                "count": 1
            }
        ]
    },
    {
        "client_msg_id": "f3469331-1cce-425e-a29d-cd088ce5ab55",
        "type": "message",
        "text": "(myself most of all!)",
        "user": "UC21F8Q48",
        "ts": "1558668005.018400",
        "thread_ts": "1558666208.017800",
        "parent_user_id": "UJWEF5QTX"
    }
]