[
    {
        "client_msg_id": "476ed3f9-4aac-42ef-ae6b-3117f8b6a6a7",
        "type": "message",
        "text": "Hi everyone! My name is Nicolas and I live in Toulouse, France.\n\nI love coding since I first try it (maybe at 11) and do it for a living for more than twenty years (as a computer scientist and a scientist in remote sensing imaging). I like discovering and experimenting new things in computer science. My recent interests are WebAssembly, Vue.js and Rust. Several years ago I cofound \"la Compagnie du Code\", an organization in Toulouse that organizes workshops to give childrens the opportunity to code and practice creative computing and computationnal thinking. My main tool for that is MIT's Scratch.\n\nI am convinced that for now programming is a uneccessary complicated and I am wondering how this activity can evolve to permit more people to do it, even those that are not professionnal programmers but that can benefit from a bit of programming every now and then. My guess is that one key thing to bring more people to code is visual coding. So I am here, maybe because on my search on visual programming resources I once heard of Bret Victor, then later found some reference to him in \"Future of Coding\" and find this initiative very inspiring! :slightly_smiling_face: I know I have *lots* of stuff to read and discuss to learn what people have expermients in that field...\n\nSo my vision is a visual coding platform on top of web standards. I know there are lots of visual programming semantics that have been invented\/experimented since several decades, and it is not new to try to bring people to programming this way, and none has really succeeded (some more than others, but none has became a standard or is widely used). But I am convinced that there is some stuff to experiment! I have started to read some content of <http:\/\/futureofcoding.org|futureofcoding.org> and what I have read so far is very close to my vision, in particular in <https:\/\/futureofcoding.org\/about#mission> where lots of points I should have wrote myself, except that I focus less on low level language, which is important, but for me the first step is the visual parts.\n\nTo conclude, I hope my trip in this slack and with the \"Future of Coding\" community will make me challenge my thoughts, discover some new inspiring visions and people, and experiment more on that field!",
        "user": "UJ6LDMMN0",
        "ts": "1556312365.007400",
        "thread_ts": "1556312365.007400",
        "reply_count": 6,
        "reply_users_count": 4,
        "latest_reply": "1557519347.106900",
        "reply_users": [
            "U85HCL7JP",
            "UAVCC2X70",
            "UJ6LDMMN0",
            "UJ80B1B5H"
        ],
        "replies": [
            {
                "user": "U85HCL7JP",
                "ts": "1556323883.008100"
            },
            {
                "user": "UAVCC2X70",
                "ts": "1556333066.008500"
            },
            {
                "user": "UJ6LDMMN0",
                "ts": "1556348786.009000"
            },
            {
                "user": "UJ6LDMMN0",
                "ts": "1556349167.009200"
            },
            {
                "user": "UJ80B1B5H",
                "ts": "1557516194.106400"
            },
            {
                "user": "UJ6LDMMN0",
                "ts": "1557519347.106900"
            }
        ],
        "reactions": [
            {
                "name": "wave",
                "users": [
                    "UC21F8Q48",
                    "U5TCAFTD3",
                    "UHLAV7BB5",
                    "UE6EFEPTQ",
                    "U8A5MS6R1",
                    "U85HCL7JP",
                    "UA14TGLTC",
                    "UCKRZS3DZ",
                    "UC2A2ARPT",
                    "UD6EXQVM0"
                ],
                "count": 10
            }
        ]
    },
    {
        "client_msg_id": "f9b39268-a45e-4e77-abe8-c053a7eb1898",
        "type": "message",
        "text": "Hi <@UJ6LDMMN0> :wave:, checkout <https:\/\/github.com\/ivanreese\/visual-programming-codex> . Ivan is also a member of this Slack",
        "user": "U85HCL7JP",
        "ts": "1556323883.008100",
        "thread_ts": "1556312365.007400",
        "parent_user_id": "UJ6LDMMN0",
        "reactions": [
            {
                "name": "+1",
                "users": [
                    "UJ6LDMMN0",
                    "UC2A2ARPT"
                ],
                "count": 2
            },
            {
                "name": "heart",
                "users": [
                    "UJ6LDMMN0"
                ],
                "count": 1
            }
        ]
    },
    {
        "client_msg_id": "c43577ce-13b7-432a-b106-dce9a9045cf6",
        "type": "message",
        "text": "I think most of us here feel similarly. This is a good place to exchange ideas, feedback, and resources. Most of us have found inspiration by Alan Kay and\/or Bret Victor, which is a great place to start if you are interested in the idea of getting out of the programming tar-pit you describe. Find Alan Kay on YouTube (e.g. \"computer revolution hasn't happened yet\" or \"programming and scaling\"), and Bret Victor at <http:\/\/worrydream.com|worrydream.com>. There's also since good write-ups at <http:\/\/vpri.org|vpri.org>.\n\nAlso, checkout the Future of Coding podcasts",
        "user": "UAVCC2X70",
        "ts": "1556332843.008300",
        "thread_ts": "1556213791.005400",
        "parent_user_id": "UHZNB3HRP"
    },
    {
        "client_msg_id": "06f15d11-ff59-4cb6-a972-0f3680b357d8",
        "type": "message",
        "text": "Have a look at \"eToys\". It lets kids explore and program visual models, without looking at a bunch of code all at once. I'm not sure where is best, but you can see it explained in some of Alan Kay's videos on YouTube.",
        "user": "UAVCC2X70",
        "ts": "1556333066.008500",
        "edited": {
            "user": "UAVCC2X70",
            "ts": "1556333114.000000"
        },
        "thread_ts": "1556312365.007400",
        "parent_user_id": "UJ6LDMMN0",
        "reactions": [
            {
                "name": "+1",
                "users": [
                    "UC2A2ARPT"
                ],
                "count": 1
            }
        ]
    }
]