[
    {
        "client_msg_id": "2ea6ed3a-a09d-4ec3-8cc1-9b06204fd184",
        "type": "message",
        "text": "Hi all, I'm Gilad from IL, currently employed @ sparkBeyond, writing mostly Scala. I blog (though not very often) on <http:\/\/blog.hochgi.com> . Try to contribute to projects like (not enough). you could check my GH <http:\/\/github.com\/hochgi> , SO <https:\/\/stackoverflow.com\/users\/896557\/gilad-hoch> , or twitter <https:\/\/twitter.com\/hochgi>\n\nI joined mainly to learn and discover people\/technologies\/ideas that look interesting and are worth to keep track on.",
        "user": "UHZPNNRL2",
        "ts": "1556692177.028400",
        "edited": {
            "user": "UHZPNNRL2",
            "ts": "1556739475.000000"
        },
        "reactions": [
            {
                "name": "clap",
                "users": [
                    "UF71PR58X",
                    "UCKRZS3DZ"
                ],
                "count": 2
            },
            {
                "name": "wave",
                "users": [
                    "UGK6P07UP",
                    "UJ6LDMMN0",
                    "U5TCAFTD3",
                    "UHS9K1N6A"
                ],
                "count": 4
            }
        ]
    }
]