[
    {
        "client_msg_id": "58639cc6-21fe-43a1-8f83-a7307a38011e",
        "type": "message",
        "text": "Thorny looks terrific",
        "user": "UEG9ECNSU",
        "ts": "1548077811.104400",
        "thread_ts": "1548004476.102000",
        "parent_user_id": "UFD2JRE58",
        "reactions": [
            {
                "name": "heart",
                "users": [
                    "UFD2JRE58",
                    "UGN48CDRB"
                ],
                "count": 2
            }
        ]
    },
    {
        "type": "message",
        "text": "This looks great! I'm also based around Bristol, maybe we could have a meetup in our area...",
        "user": "UEDDR6L5Q",
        "ts": "1548108324.104800",
        "thread_ts": "1548004476.102000",
        "parent_user_id": "UFD2JRE58"
    }
]