[
    {
        "client_msg_id": "621c6d9e-f085-4a93-8893-9c0417096fc7",
        "type": "message",
        "text": "Hello, World! I'm Wouter van Oortmerssen and I've made a few programming languages (<http:\/\/strlen.com\/programming-languages\/>) probably the most futuristic being Aardappel (graphical distributed tree rewriting by example, <http:\/\/strlen.com\/aardappel-language\/>) and Restructor (fully automatic whole program refactoring, also graphical, <http:\/\/strlen.com\/restructor\/>). My main project right now is a more conventional language, Lobster, that nevertheless has some innovation (e.g. flow sensitive type specialization, automatic lifetime analysis, FRP-like frame variables etc, <http:\/\/strlen.com\/lobster\/)>. On the sillier side I once caused an esolang revival with <http:\/\/strlen.com\/false-language\/>. Oh and in my day job I work on LLVM and WebAssembly :slightly_smiling_face: Also make games and game engines, and productivity tools like TreeSheets. Details: <http:\/\/strlen.com\/>",
        "user": "UHDQ62M4P",
        "ts": "1553729620.097600",
        "thread_ts": "1553729620.097600",
        "reply_count": 28,
        "reply_users_count": 4,
        "latest_reply": "1554265990.003900",
        "reply_users": [
            "U8A5MS6R1",
            "UHDQ62M4P",
            "UEQ6M68H0",
            "UD6EXQVM0"
        ],
        "replies": [
            {
                "user": "U8A5MS6R1",
                "ts": "1553793976.000600"
            },
            {
                "user": "U8A5MS6R1",
                "ts": "1553794399.000900"
            },
            {
                "user": "UHDQ62M4P",
                "ts": "1553830901.001500"
            },
            {
                "user": "UHDQ62M4P",
                "ts": "1553830966.001700"
            },
            {
                "user": "UHDQ62M4P",
                "ts": "1553833383.001900"
            },
            {
                "user": "UHDQ62M4P",
                "ts": "1553833523.002100"
            },
            {
                "user": "U8A5MS6R1",
                "ts": "1553836630.002400"
            },
            {
                "user": "UEQ6M68H0",
                "ts": "1553845164.002700"
            },
            {
                "user": "UHDQ62M4P",
                "ts": "1553871571.003100"
            },
            {
                "user": "UHDQ62M4P",
                "ts": "1553871637.003300"
            },
            {
                "user": "UHDQ62M4P",
                "ts": "1553871727.003500"
            },
            {
                "user": "U8A5MS6R1",
                "ts": "1553877819.003800"
            },
            {
                "user": "UHDQ62M4P",
                "ts": "1553882084.004100"
            },
            {
                "user": "UHDQ62M4P",
                "ts": "1553882254.004300"
            },
            {
                "user": "UD6EXQVM0",
                "ts": "1554118628.010900"
            },
            {
                "user": "UD6EXQVM0",
                "ts": "1554119171.011100"
            },
            {
                "user": "UD6EXQVM0",
                "ts": "1554120239.011400"
            },
            {
                "user": "UHDQ62M4P",
                "ts": "1554174220.001400"
            },
            {
                "user": "UHDQ62M4P",
                "ts": "1554174300.001600"
            },
            {
                "user": "UHDQ62M4P",
                "ts": "1554174310.001800"
            },
            {
                "user": "UHDQ62M4P",
                "ts": "1554174369.002000"
            },
            {
                "user": "UHDQ62M4P",
                "ts": "1554174488.002200"
            },
            {
                "user": "UHDQ62M4P",
                "ts": "1554174535.002400"
            },
            {
                "user": "UHDQ62M4P",
                "ts": "1554174547.002600"
            },
            {
                "user": "UHDQ62M4P",
                "ts": "1554174638.002800"
            },
            {
                "user": "UHDQ62M4P",
                "ts": "1554174649.003000"
            },
            {
                "user": "UD6EXQVM0",
                "ts": "1554262222.003700"
            },
            {
                "user": "UHDQ62M4P",
                "ts": "1554265990.003900"
            }
        ],
        "reactions": [
            {
                "name": "wave",
                "users": [
                    "U8A5MS6R1",
                    "UF0770MK2",
                    "U85HCL7JP",
                    "UBUFWBGNN",
                    "UC2A2ARPT",
                    "U5TCAFTD3",
                    "UE6EFEPTQ",
                    "UBSMEUXAA",
                    "UA14TGLTC",
                    "UCKRZS3DZ",
                    "U7C7B75R6",
                    "UG91ZQ26P",
                    "UDRF3ALP4",
                    "UGYGY18UX",
                    "UD6EXQVM0",
                    "UH88R0560",
                    "UEGFXUK3M"
                ],
                "count": 17
            }
        ]
    }
]