[
    {
        "client_msg_id": "eb1d2914-365d-4cbb-9fe1-b307ef85d94f",
        "type": "message",
        "text": "I strongly suggest you drop the # character in front of keywords. The # character is not  a quickly typed character, and from an ergonomic standpoint, the only high frequency characters in your language should be located near the home row. There are 8 or so punctuation characters near the home row you can use instead.",
        "user": "UEQ6M68H0",
        "ts": "1550398412.018200",
        "thread_ts": "1550368121.006600",
        "parent_user_id": "UD6EXQVM0"
    },
    {
        "client_msg_id": "381d175a-2cd3-4f5a-9999-07eef2b951da",
        "type": "message",
        "text": "&gt;I’ve been bursting with ideas for years and hate being unable to execute on them.\nThis feeling is way too familiar :slightly_smiling_face:",
        "user": "UF5PAGQQ4",
        "ts": "1550403783.018400",
        "thread_ts": "1550368121.006600",
        "parent_user_id": "UD6EXQVM0"
    }
]