[
    {
        "client_msg_id": "1a429db7-1ba6-4e58-8143-94b574b1a561",
        "type": "message",
        "text": "hi all :wave: I'm a ph.d. student at the university of washington focused on human computer interaction and data visualization. i also work as a data journalist. my major project at the moment is <https:\/\/idyll-lang.org\/>, which is a reactive markup language for building explorable explanations and data-driven stories. thanks for making the podcast <@U5TCAFTD3> looking forward to learning about interesting projects in here",
        "user": "UG90V870D",
        "ts": "1550269464.002800",
        "edited": {
            "user": "UG90V870D",
            "ts": "1550269469.000000"
        },
        "thread_ts": "1550269464.002800",
        "reply_count": 4,
        "reply_users_count": 4,
        "latest_reply": "1550319737.004800",
        "reply_users": [
            "UC2A2ARPT",
            "UG90V870D",
            "U5TCAFTD3",
            "UEG9ECNSU"
        ],
        "replies": [
            {
                "user": "UC2A2ARPT",
                "ts": "1550275551.003200"
            },
            {
                "user": "UG90V870D",
                "ts": "1550275675.003400"
            },
            {
                "user": "U5TCAFTD3",
                "ts": "1550306151.004500"
            },
            {
                "user": "UEG9ECNSU",
                "ts": "1550319737.004800"
            }
        ],
        "reactions": [
            {
                "name": "wave",
                "users": [
                    "UC2A2ARPT",
                    "UA14TGLTC",
                    "U85HCL7JP",
                    "UCKRZS3DZ",
                    "UE1JQM9HQ",
                    "UETJZ9V0T",
                    "UFD2JRE58",
                    "U5TCAFTD3",
                    "UDJ2TKB99",
                    "UEG9ECNSU",
                    "UDRF3ALP4",
                    "UEGFXUK3M",
                    "UCXR52MU2"
                ],
                "count": 13
            }
        ]
    },
    {
        "client_msg_id": "7888247c-6fc8-46f2-a70f-ed39f32e2f57",
        "type": "message",
        "text": "Welcome Matthew! Idyll is a very neat project, and I've been excited to see it every time it's crossed my Twitter timeline.",
        "user": "UC2A2ARPT",
        "ts": "1550275551.003200",
        "thread_ts": "1550269464.002800",
        "parent_user_id": "UG90V870D"
    },
    {
        "client_msg_id": "73fce38a-bac4-4b75-be2c-722ff5c4e0ee",
        "type": "message",
        "text": "thanks <@UC2A2ARPT>!",
        "user": "UG90V870D",
        "ts": "1550275675.003400",
        "thread_ts": "1550269464.002800",
        "parent_user_id": "UG90V870D"
    }
]