[
    {
        "client_msg_id": "2a4cb430-b86c-4e0a-a147-c4be0527989d",
        "type": "message",
        "text": "Heyya! I'm Rainer. I'm from all over :earth_africa: but currently in Sierra Leone :flag-sl: I found you by going down the \"What happened to Eve?\" google-path. I would like to build a literate programming app centered around a journal \/ research log that's always just a keystroke away and tracks my activities to document my thought process (will probably be tightly integrated into the OS). I'm also super interested in learning \/ Spaced Repetition (especially enumerating \"requirements\/dependencies\" for any lesson, to find a shortest path to a new piece of knowledge.) I'll probably just lurk here for a while, but will hopefully have some prototypes to show you some day.",
        "user": "UHN7RL3A8",
        "ts": "1554383677.009800",
        "reactions": [
            {
                "name": "wave",
                "users": [
                    "U5TCAFTD3",
                    "UBN9AFS0N",
                    "U85HCL7JP",
                    "UCUSW7WVD",
                    "U8A5MS6R1",
                    "UEGFXUK3M",
                    "U7C7B75R6",
                    "UAVCC2X70",
                    "UGYGY18UX",
                    "UA14TGLTC",
                    "UC25EFSJC"
                ],
                "count": 11
            }
        ]
    },
    {
        "client_msg_id": "ac136019-a6f6-42e8-bc24-815a15be62b3",
        "type": "message",
        "text": "Hey folks, I'm Jeremy. I'm based in Ottawa, ON, Canada. Been listening to the podcast off and on for a while, don't remember how I found it.\nI've been programming since I was 4 years old using BASIC on a Commodore Vic-20. My career as a developer has been kind of all over the map, but the relevant detail for this crowd is that I got very excited about DSLs in the early 2000s and went to work at Intentional Software for five and a half years (2006-2011).\nI also run a game-making community at <http:\/\/glorioustrainwrecks.com|glorioustrainwrecks.com>, where the guiding ethos is to be creative and expressive without gatekeeping or judgement about your choice of tools, game mechanics, or subject matter. Tiny, weird, and personal games are the norm, to the extent there is a norm. Hyper-accessible game-making tools like Klik &amp; Play and Twine deserve to be talked about in the same breath as Hypercard IMO.\nIn general, my main interest at this point is empowering ordinary people; computing should be understandable, accessible, personal, collaborative, and in the direct control of the people who use it. When I was a kid, I was surrounded by tools that were designed to be learnable by people who had never touched a keyboard, and resources that encouraged me that understanding computers was not only possible, but fun and rewarding. To the extent that improving programming can advance that goal, I am on board.",
        "user": "UHPAERALD",
        "ts": "1554408284.012400",
        "reactions": [
            {
                "name": "wave",
                "users": [
                    "U7C7B75R6",
                    "UBSMEUXAA",
                    "U8A5MS6R1",
                    "UAVCC2X70",
                    "UGYGY18UX",
                    "U85HCL7JP",
                    "UEGFXUK3M",
                    "UA14TGLTC",
                    "U5TCAFTD3",
                    "UFV8P4472",
                    "U79HM6726"
                ],
                "count": 11
            },
            {
                "name": "heart",
                "users": [
                    "UCUSW7WVD",
                    "U8A5MS6R1",
                    "UEGFXUK3M",
                    "UEZE9M2TU",
                    "UD43R8ZFV",
                    "UEXN47YUV"
                ],
                "count": 6
            }
        ]
    },
    {
        "client_msg_id": "35419448-2399-4387-bd24-2628915fb235",
        "type": "message",
        "text": "I'm excited to meet someone who worked at Intentional Software! I've watched videos of Charles Simonyi talk about links in code being stored as strong references, and about generative programming. I don't think think those concepts are foreign to this community, but I was very excited to see a real company (Intentional) formed around doing programming that way. I look forward to whatever insights you can find and provide in this community.",
        "user": "UAVCC2X70",
        "ts": "1554420137.022100",
        "thread_ts": "1554420137.022100",
        "reply_count": 11,
        "reply_users_count": 6,
        "latest_reply": "1555312752.001300",
        "reply_users": [
            "UHPAERALD",
            "U85HCL7JP",
            "UAVCC2X70",
            "UCKRZS3DZ",
            "UEQ6M68H0",
            "U79HM6726"
        ],
        "replies": [
            {
                "user": "UHPAERALD",
                "ts": "1554420682.022200"
            },
            {
                "user": "U85HCL7JP",
                "ts": "1554426972.024600"
            },
            {
                "user": "UHPAERALD",
                "ts": "1554431169.038100"
            },
            {
                "user": "UAVCC2X70",
                "ts": "1554438123.038300"
            },
            {
                "user": "UAVCC2X70",
                "ts": "1554438301.038500"
            },
            {
                "user": "UHPAERALD",
                "ts": "1554461395.050900"
            },
            {
                "user": "UHPAERALD",
                "ts": "1554462781.054900"
            },
            {
                "user": "UHPAERALD",
                "ts": "1554470866.055400"
            },
            {
                "user": "UCKRZS3DZ",
                "ts": "1554477621.056000"
            },
            {
                "user": "UEQ6M68H0",
                "ts": "1554538051.056800"
            },
            {
                "user": "U79HM6726",
                "ts": "1555312752.001300"
            }
        ],
        "reactions": [
            {
                "name": "+1",
                "users": [
                    "U79HM6726"
                ],
                "count": 1
            }
        ]
    },
    {
        "client_msg_id": "40b68711-fa17-4d09-9ed2-69d4677f7c5d",
        "type": "message",
        "text": "I really hope that someday some artifact of all that work makes it out of Microsoft! It's very frustrating to me that it's never been made available to the public at all.",
        "user": "UHPAERALD",
        "ts": "1554420682.022200",
        "thread_ts": "1554420137.022100",
        "parent_user_id": "UAVCC2X70"
    },
    {
        "client_msg_id": "F7F074F8-1131-45AD-A432-BE0017A280FE",
        "type": "message",
        "text": "Can you give us a big picture description of the type of projects inside Intentional <@UHPAERALD> ",
        "user": "U85HCL7JP",
        "ts": "1554426972.024600",
        "thread_ts": "1554420137.022100",
        "parent_user_id": "UAVCC2X70"
    },
    {
        "client_msg_id": "90B79785-824F-49E5-A22C-1D87F536F6A0",
        "type": "message",
        "text": "The main project while I was there was a general-purpose structured editor called the Intentional Domain Workbench. You defined a schema for your language, we gave you an IDE, which you could progressively enhance with custom notations and functionality.\n_Everything_ in the system was built around tree transformations - the entire editor was a series of compiler passes from domain code to an editor language to a layout language to a graphics language - and all transformations had rich mappings between their input and output, so you could connect a pixel on the screen back to its source. \nI spent most of my time working on persistence and version control - merging of trees based on full edit history, unobtrusively modelling conflicts, etc. \nWe had a couple of pilot customers that we built workbenches for, to prove out the approach - iirc we demoed one based around administrating pensions a few times. There are screenshots for sure, not sure if there's video. ",
        "user": "UHPAERALD",
        "ts": "1554431169.038100",
        "thread_ts": "1554420137.022100",
        "parent_user_id": "UAVCC2X70",
        "reactions": [
            {
                "name": "ok_hand",
                "users": [
                    "U85HCL7JP",
                    "UCKRZS3DZ",
                    "UDCLT064X"
                ],
                "count": 3
            },
            {
                "name": "cool",
                "users": [
                    "U85HCL7JP",
                    "UCKRZS3DZ",
                    "U79HM6726"
                ],
                "count": 3
            }
        ]
    },
    {
        "client_msg_id": "c3015210-bb6d-46dc-90b1-fe0e4ee7fbef",
        "type": "message",
        "text": "It sounds similar to Jetbrains MPS. If you are familiar with it, can you explain how it's the same or different?",
        "user": "UAVCC2X70",
        "ts": "1554438123.038300",
        "thread_ts": "1554420137.022100",
        "parent_user_id": "UAVCC2X70",
        "reactions": [
            {
                "name": "+1",
                "users": [
                    "U79HM6726"
                ],
                "count": 1
            }
        ]
    },
    {
        "client_msg_id": "1a9af5c2-98f0-430c-8c56-fdf1513b54e1",
        "type": "message",
        "text": "Version control (and merging and comparing) of trees (versus pain text) would be invaluable to what many of us are trying to do. I'd be interested in learning more about that. Is that something that might ever become available? (As a separate tool, or as part of IDW?)",
        "user": "UAVCC2X70",
        "ts": "1554438301.038500",
        "thread_ts": "1554420137.022100",
        "parent_user_id": "UAVCC2X70",
        "reactions": [
            {
                "name": "heavy_plus_sign",
                "users": [
                    "UCKRZS3DZ",
                    "U79HM6726"
                ],
                "count": 2
            }
        ]
    }
]