[
    {
        "client_msg_id": "f259cce7-beff-4cd9-86fa-43714a5dfa49",
        "type": "message",
        "text": "Hi Daniel, glad you found Lemur and Diagrams! I'm not working on them these days. I developed Diagrams and Lemur concurrently — I needed something for Lemur which combined both absolute (SVG-style) and relative (HTML-style) layouts. Elm has changed since then; both Lemur and Diagrams would need significant changes to run in modern Elm.",
        "user": "UHTPRR5SM",
        "ts": "1557496582.102100",
        "thread_ts": "1557418285.099100",
        "parent_user_id": "UHTPRR5SM"
    },
    {
        "client_msg_id": "abc9579d-efd7-49e8-9dde-eb2b3a5b42a3",
        "type": "message",
        "text": "One thing Lemur is missing is a backend for saving and collaborating on things; thinking about how to solve that problem started me down a path that led to TreeSQL, which I'm working on more these days",
        "user": "UHTPRR5SM",
        "ts": "1557496659.102300",
        "thread_ts": "1557418285.099100",
        "parent_user_id": "UHTPRR5SM"
    },
    {
        "client_msg_id": "fb87a83b-064b-4a6d-b363-0d206ffd9a5a",
        "type": "message",
        "text": "Hi :wave: I'm the founder of Storyscript, top-level language that seamlessly connects microservices and functions in a serverless way. Would love to connect with anyone who believes we need a much higher level language to define data-flow that moves data in a highly readable and intuitive way. :heart: OSS, We are hiring!, See thread for details.",
        "user": "UJKKBAMLL",
        "ts": "1557502236.104100",
        "thread_ts": "1557502236.104100",
        "reply_count": 5,
        "reply_users_count": 1,
        "latest_reply": "1557502380.105100",
        "reply_users": [
            "UJKKBAMLL"
        ],
        "replies": [
            {
                "user": "UJKKBAMLL",
                "ts": "1557502243.104200"
            },
            {
                "user": "UJKKBAMLL",
                "ts": "1557502250.104400"
            },
            {
                "user": "UJKKBAMLL",
                "ts": "1557502257.104700"
            },
            {
                "user": "UJKKBAMLL",
                "ts": "1557502320.104900"
            },
            {
                "user": "UJKKBAMLL",
                "ts": "1557502380.105100"
            }
        ],
        "reactions": [
            {
                "name": "wave",
                "users": [
                    "UHTPRR5SM",
                    "U85HCL7JP",
                    "U5TCAFTD3",
                    "UFB8STN7K",
                    "U8A5MS6R1",
                    "UA14TGLTC",
                    "UC21F8Q48"
                ],
                "count": 7
            },
            {
                "name": "slightly_smiling_face",
                "users": [
                    "UHZNB3HRP"
                ],
                "count": 1
            }
        ]
    },
    {
        "client_msg_id": "60be404e-3dbd-4f30-b015-43108b4ecbb8",
        "type": "message",
        "text": "<http:\/\/docs.storyscript.io|docs.storyscript.io>",
        "user": "UJKKBAMLL",
        "ts": "1557502243.104200",
        "thread_ts": "1557502236.104100",
        "parent_user_id": "UJKKBAMLL"
    },
    {
        "client_msg_id": "c66f4c1b-5906-4fbb-95ff-64a3e8509fa6",
        "type": "message",
        "text": "<https:\/\/microservice.guide>",
        "user": "UJKKBAMLL",
        "ts": "1557502250.104400",
        "attachments": [
            {
                "title": "Open Microservice Guide",
                "title_link": "https:\/\/microservice.guide\/",
                "text": "The open standard for reusable microservices",
                "fallback": "Open Microservice Guide",
                "from_url": "https:\/\/microservice.guide\/",
                "service_name": "microservice.guide",
                "id": 1,
                "original_url": "https:\/\/microservice.guide"
            }
        ],
        "thread_ts": "1557502236.104100",
        "parent_user_id": "UJKKBAMLL"
    },
    {
        "client_msg_id": "f60ad57d-b035-4062-8c20-278f7160c5f9",
        "type": "message",
        "text": "Jobs <https:\/\/angel.co\/storyscript>",
        "user": "UJKKBAMLL",
        "ts": "1557502257.104700",
        "thread_ts": "1557502236.104100",
        "parent_user_id": "UJKKBAMLL"
    },
    {
        "client_msg_id": "858d2abd-721d-4bb1-9f22-0c4bebe5502b",
        "type": "message",
        "text": "I'm CEO and past-founder of <http:\/\/Codecov.io|Codecov.io>\nTeam 7 people.\nCompany funded by venture capital (contact for details since they are not announced yet).",
        "user": "UJKKBAMLL",
        "ts": "1557502320.104900",
        "thread_ts": "1557502236.104100",
        "parent_user_id": "UJKKBAMLL"
    },
    {
        "client_msg_id": "40a86e23-e812-4845-bd29-3fda0bb01f1c",
        "type": "message",
        "text": "<http:\/\/github.com\/storyscript|github.com\/storyscript>",
        "user": "UJKKBAMLL",
        "ts": "1557502380.105100",
        "thread_ts": "1557502236.104100",
        "parent_user_id": "UJKKBAMLL"
    },
    {
        "client_msg_id": "84fcc97f-8b6d-487d-9702-899c66adaba7",
        "type": "message",
        "text": "<@UHS9K1N6A> What’s FOC stand for?",
        "user": "UJK8MKYAZ",
        "ts": "1557503520.105400",
        "thread_ts": "1557149248.080900",
        "parent_user_id": "UHS9K1N6A"
    },
    {
        "client_msg_id": "82fb5577-ed86-46d8-8187-68fe12b607c7",
        "type": "message",
        "text": "Future of coding!",
        "user": "UHS9K1N6A",
        "ts": "1557503591.105600",
        "thread_ts": "1557149248.080900",
        "parent_user_id": "UHS9K1N6A"
    },
    {
        "client_msg_id": "a82c8f25-ff94-4389-93b2-6f0e6e2c3574",
        "type": "message",
        "text": "Ah! Cool.",
        "user": "UJK8MKYAZ",
        "ts": "1557503714.105800",
        "thread_ts": "1557149248.080900",
        "parent_user_id": "UHS9K1N6A"
    },
    {
        "client_msg_id": "045d5430-d29e-4a73-b1b9-7221faa575b6",
        "type": "message",
        "text": "I thought maybe it was a startup businessy term.",
        "user": "UJK8MKYAZ",
        "ts": "1557503725.106000",
        "thread_ts": "1557149248.080900",
        "parent_user_id": "UHS9K1N6A"
    },
    {
        "client_msg_id": "85f2442f-0c9c-48ce-a17f-53efff13b3f4",
        "type": "message",
        "text": "[Edit: Maybe a better reference: <https:\/\/lively-next.org\/> Lively is \"A platform to express powerful ideas, much in the tradition of original systems and tools that defined the meaning of \"personal computing\" – this is what the Lively project is about.\" -- M.S.] Also Dan Ingalls Lively videos. Regards. (I have interest in this area too, trying to figure out what is active\/current in this area.)",
        "user": "UJ80B1B5H",
        "ts": "1557516194.106400",
        "edited": {
            "user": "UJ80B1B5H",
            "ts": "1557516725.000000"
        },
        "thread_ts": "1556312365.007400",
        "parent_user_id": "UJ6LDMMN0",
        "reactions": [
            {
                "name": "+1",
                "users": [
                    "UJ6LDMMN0"
                ],
                "count": 1
            }
        ]
    },
    {
        "client_msg_id": "0505dd48-7d8b-4612-989a-86ffa9e55b9b",
        "type": "message",
        "text": "Thank you for sharing! It looks great, I have to investigate it. It seems very near to what I imagine as a mix of visual and text coding. In particular, I like the way you drag and drop blocks that become code into the text editor.",
        "user": "UJ6LDMMN0",
        "ts": "1557519347.106900",
        "thread_ts": "1556312365.007400",
        "parent_user_id": "UJ6LDMMN0"
    }
]