[
    {
        "client_msg_id": "be87b241-060a-4279-98e3-6019ae122846",
        "type": "message",
        "text": "<@UFPRPSA4S> amen! i love needham's visual complex analysis. but then as you say, the parts that are very hard to understand visually, how to make the symbols more approachable...",
        "user": "UGMH4H202",
        "ts": "1553376434.058800",
        "thread_ts": "1552881152.050700",
        "parent_user_id": "UFPRPSA4S"
    },
    {
        "client_msg_id": "e8b4a21e-9b5f-4d0a-9db6-df146ad602eb",
        "type": "message",
        "text": "<@UFPRPSA4S> i'm excited to see what unfolds!",
        "user": "UGMH4H202",
        "ts": "1553376441.059000",
        "thread_ts": "1552881152.050700",
        "parent_user_id": "UFPRPSA4S"
    }
]