[
    {
        "client_msg_id": "fd6f9c7e-df0b-4ce8-9fd6-6e01435cf3de",
        "type": "message",
        "text": "<@UD6EXQVM0> I was doing the usual drill C\/C++ to WebAssembly but did not want to use emscripten, so I had to learn almost everything from scratch and I now know how to set up minimal applications meant to be run on the browser. In the end I had built something like an amateur clone of emscripten haha. I agree with you that in general WebAssembly is missing a lot of cool things, would love to see it improve with the years.",
        "user": "UJC8ZDSTX",
        "ts": "1557145368.080100",
        "thread_ts": "1556826146.053300",
        "parent_user_id": "UJC8ZDSTX"
    },
    {
        "client_msg_id": "c6cf21ee-3c44-4049-87fb-c94e44a60d31",
        "type": "message",
        "text": "Hello, I’m the CEO of <http:\/\/www.hyperfiddle.net\/> which is a FOC startup currently based in Philadelphia. Hyperfiddle basically takes the Clojure\/Datomic information model and extends it through to user interfaces. While the technology is interesting, we think a large part of the work is forming a strategy to get adoption at scale (a smooth path from 0 to 1 to 100 to 100k) and also figuring out an economic model to fund the work.\n\nWe are bullish on Clojure because Clojure satisfies the criteria of “smooth adoption path” and has a lot of deeply interesting properties, such as the cost of porting Clojure to a new platform is within about a man-year of effort. Clojure on N platforms makes it possible to build distributed systems across platforms with shared information model, data structures and code. A unified\/holistic model. So while Clojure is certainly not perfect, it is designed for real-world usage and makes practical compromises to achieve growth. We see Hyperfiddle as just one component of a self-organizing movement which is larger than any one project or company funding 100% of the work.",
        "user": "UHS9K1N6A",
        "ts": "1557149248.080900",
        "thread_ts": "1557149248.080900",
        "reply_count": 5,
        "reply_users_count": 3,
        "latest_reply": "1557503725.106000",
        "reply_users": [
            "UFPPABQ7P",
            "UJK8MKYAZ",
            "UHS9K1N6A"
        ],
        "replies": [
            {
                "user": "UFPPABQ7P",
                "ts": "1557180411.085800"
            },
            {
                "user": "UJK8MKYAZ",
                "ts": "1557503520.105400"
            },
            {
                "user": "UHS9K1N6A",
                "ts": "1557503591.105600"
            },
            {
                "user": "UJK8MKYAZ",
                "ts": "1557503714.105800"
            },
            {
                "user": "UJK8MKYAZ",
                "ts": "1557503725.106000"
            }
        ],
        "reactions": [
            {
                "name": "wave",
                "users": [
                    "UJ6LDMMN0",
                    "U5TCAFTD3",
                    "U8A5MS6R1",
                    "UC2A2ARPT",
                    "U85HCL7JP",
                    "UAVCC2X70",
                    "UD6EXQVM0",
                    "UFPPABQ7P",
                    "UGX9MS77V",
                    "U7C7B75R6",
                    "UA14TGLTC",
                    "UHTPRR5SM",
                    "UBSMEUXAA",
                    "UC21F8Q48",
                    "UJNJQD2AC"
                ],
                "count": 15
            }
        ]
    },
    {
        "client_msg_id": "2daf3c7b-b1d4-4b0c-bf5e-8cb59ba4400c",
        "type": "message",
        "text": "What was the motivation for avoiding emscripten? Me, I found it to be a pretty crufty, annoying tool that produces bloated output... did you write about your experience or have you seen a well-written post about using Wasm without emscripten?",
        "user": "UD6EXQVM0",
        "ts": "1557161340.082400",
        "thread_ts": "1556826146.053300",
        "parent_user_id": "UJC8ZDSTX"
    },
    {
        "client_msg_id": "183e4be6-d1f9-4b68-b814-88c3137202e3",
        "type": "message",
        "text": "The motivation was that I was writing very simple programs, i.e. some pure functions with no dependencies. So the only thing I plugged in are pretty much a malloc and some strncpy\/strlen equivalents. Dropping emscripten for that kind of thing was overkill, also I always want to learn how things work from scratch. I generally dislike \"frameworks\" built on top of other things (jQuery, express, you name it).",
        "user": "UJC8ZDSTX",
        "ts": "1557161982.082600",
        "thread_ts": "1556826146.053300",
        "parent_user_id": "UJC8ZDSTX"
    },
    {
        "client_msg_id": "0c3022ab-574a-4273-bd0b-8a38d3bc457f",
        "type": "message",
        "text": "I have a very dogmatic approach to software development where I want to keep things minimal and with a \"bootstrap yourself\" attitude. Of course it's (only a bit) more painful but you actually understand the nuts and bolts of everything and that gives you some kind of \"magic\" instinct when you are solving problems with that particular tool.",
        "user": "UJC8ZDSTX",
        "ts": "1557162040.082800",
        "edited": {
            "user": "UJC8ZDSTX",
            "ts": "1557162067.000000"
        },
        "thread_ts": "1556826146.053300",
        "parent_user_id": "UJC8ZDSTX"
    },
    {
        "client_msg_id": "604b08e6-138f-437e-9183-53a8c6d2e4b3",
        "type": "message",
        "text": "Side note: which ironically has prevented me from landing some jobs as they want the guy that works with the framework. I tell them, I can learn your framework in one afternoon since it was built on the actual things that I understand 100%. But the answer is usually \"yeah no\". Then they go hire the guy who is an \"expert\" with laravel (or django, or &lt;whatever_tool&gt; bla bla) but spends their time on stackoverflow asking things like \"What is a network port?\"",
        "user": "UJC8ZDSTX",
        "ts": "1557162317.083200",
        "thread_ts": "1556826146.053300",
        "parent_user_id": "UJC8ZDSTX"
    },
    {
        "client_msg_id": "f9d51a87-20cc-4a19-bc70-4f0b741120a4",
        "type": "message",
        "text": "<@UD6EXQVM0> But back to your other question &gt;\"have you seen a well-written post about using Wasm without emscripten?\" Actually it was a pain in the ass to actually figure out what you should do and what you shouldn't. There's like 5 or 6 posts around the net with instructions but not one of them actually works good. There is even one gist with step by step instructions that doesn't work at all if you follow them, because of some wrong syntax when calling clang. That thing should had never worked for anyone yet the gist is full of \"thanks!\" \"this is great\" comments from other developers from an alternate universe where clang actually works with these made up parameters :^). But (again) good knowledge of the C standard and compilers (clang, GCC) helped me a lot,since the tricky part (for me) was compiling the actual .wasm without linking and keeping only the functions I wanted.",
        "user": "UJC8ZDSTX",
        "ts": "1557162754.083400",
        "thread_ts": "1556826146.053300",
        "parent_user_id": "UJC8ZDSTX"
    },
    {
        "client_msg_id": "b72c4049-b306-4a42-b1e8-6c0748a894d1",
        "type": "message",
        "text": "<@UD6EXQVM0> If you have specific questions about that I'll be glad to help you.",
        "user": "UJC8ZDSTX",
        "ts": "1557162979.083600",
        "thread_ts": "1556826146.053300",
        "parent_user_id": "UJC8ZDSTX"
    },
    {
        "client_msg_id": "49ec16ee-b9fb-4cce-8a47-cda643d9a5a4",
        "type": "message",
        "text": "\"I have a very dogmatic approach ... keep things minimal ... bootstrap yourself\"\n\nSounds like a good fit for this community!\n\nHave you explored (or are you interested in) anything along the lines of bootstrapping your own approach to software?\n\nFor example, I'm exploring an approach wherein the program being created, the process for building that program from source \"code\" (e.g. the \"language\" and \"compiler\"), and the UI for viewing and editing all of these things, ... is all defined within a single self-contained tool, capable of editing\/molding it itself (or its contents) on the fly. The idea is that you program using whatever language (or other representation\/visualization), tools, and process you like.",
        "user": "UAVCC2X70",
        "ts": "1557166614.083900",
        "thread_ts": "1556826146.053300",
        "parent_user_id": "UJC8ZDSTX",
        "reactions": [
            {
                "name": "+1",
                "users": [
                    "UJC8ZDSTX",
                    "UJ6LDMMN0"
                ],
                "count": 2
            }
        ]
    },
    {
        "client_msg_id": "c2fc6322-7677-4784-b825-224db1c2fa87",
        "type": "message",
        "text": "The most related thing I've done is figuring out how to compile C code on the fly and loading it at runtime (using Bellard's TCC and again only simple and pure functions). What you suggest is pretty cool in the way that it sounds like it would allow for this kind of thing to be implemented effortlessly. I would love to take a look at it when it's ready :smile:.",
        "user": "UJC8ZDSTX",
        "ts": "1557169226.084200",
        "thread_ts": "1556826146.053300",
        "parent_user_id": "UJC8ZDSTX"
    },
    {
        "client_msg_id": "a0be712e-d146-443b-bf2e-ed76f33427ff",
        "type": "message",
        "text": "&gt; One main question I am currently focusing on is: What is a (computer) program?\n\nBrilliant question. To me the program concept is turning out be something of a diversion. We think we work with one program mostly but in reality we work with a cacophony of them and other non-programmy things (shared libraries - are they inside my program or outside?). Roughly a program seems like a static description of some automated **process**. I'd argue that the processes of interest mostly span slices across multiple such definitions. I'm trying to focus away from the idea of a program and instead think about the larger context of the 'system'. See <https:\/\/shalabh.com\/programmable-systems\/systems-not-programs.html>",
        "user": "U8A5MS6R1",
        "ts": "1557177849.085100",
        "attachments": [
            {
                "title": " Systems, not Programs  ",
                "title_link": "https:\/\/shalabh.com\/programmable-systems\/systems-not-programs.html",
                "text": "We need programming, but do we need the program?",
                "fallback": " Systems, not Programs  ",
                "from_url": "https:\/\/shalabh.com\/programmable-systems\/systems-not-programs.html",
                "service_name": "shalabh.com",
                "id": 1,
                "original_url": "https:\/\/shalabh.com\/programmable-systems\/systems-not-programs.html"
            }
        ],
        "thread_ts": "1556877537.071900",
        "parent_user_id": "UJCNG3FNY",
        "reactions": [
            {
                "name": "+1",
                "users": [
                    "UAVCC2X70",
                    "UA14TGLTC"
                ],
                "count": 2
            }
        ]
    },
    {
        "client_msg_id": "55050d97-d7d6-434a-8456-7ddcee5f46d0",
        "type": "message",
        "text": "I’m looking forward to your presentation in <#CBC968C1M|nyc>!",
        "user": "UFPPABQ7P",
        "ts": "1557180411.085800",
        "thread_ts": "1557149248.080900",
        "parent_user_id": "UHS9K1N6A"
    }
]