[
    {
        "client_msg_id": "0efdaa68-3f31-4444-b712-47459cb38f77",
        "type": "message",
        "text": "Coda reminds of a very old product called Framework, which offered many sub-area modules including spreadsheet cells, graphics, and buttons all held together by one main program. I forget what happened to framework, it was written by Robert Carr, he made a lot of money on it, and i think they even had TV ads and maybe even ran a superbowl tv commercial. So it had big appeal.  Anyway i am based in oakland, and perhaps you will be intrigued by my beads project which i could show you. it is a next-gen general purpose language. not at all like Coda, my thing is a language devoted to avoiding all the common errors of programming. It is the kind of thing you would use to build coda...",
        "user": "UEQ6M68H0",
        "ts": "1551605769.003600",
        "edited": {
            "user": "UEQ6M68H0",
            "ts": "1551606905.000000"
        },
        "thread_ts": "1551561431.002000",
        "parent_user_id": "UGMH4H202"
    },
    {
        "client_msg_id": "1046ba99-0e86-404e-961f-28b50ebed9e0",
        "type": "message",
        "text": "<@UEQ6M68H0> i'm excited to see beads! i'm aiming to be at the dynamicland meetup, so perhaps then? and thank you for the framework reference -- i'm reading about it now -- it does seem quite relevant!",
        "user": "UGMH4H202",
        "ts": "1551635983.004500",
        "thread_ts": "1551561431.002000",
        "parent_user_id": "UGMH4H202"
    },
    {
        "client_msg_id": "2dd81625-9c7d-4f30-b512-4384d80e13aa",
        "type": "message",
        "text": "Interesting. Coda started out as a spreadsheet afair, but looks like the branding has changed recently to 'doc'?",
        "user": "U8A5MS6R1",
        "ts": "1551641513.004700",
        "thread_ts": "1551561431.002000",
        "parent_user_id": "UGMH4H202"
    },
    {
        "client_msg_id": "f72f2247-cb50-44f1-b22b-938f68ab2961",
        "type": "message",
        "text": "it's always been a doc. app platform with the familiarity of a doc surface has been the thesis \/ vision from the getgo.",
        "user": "UGMH4H202",
        "ts": "1551681076.005500",
        "thread_ts": "1551561431.002000",
        "parent_user_id": "UGMH4H202"
    },
    {
        "client_msg_id": "86725b08-9124-4ce3-b75a-51e9f9317ff8",
        "type": "message",
        "text": "\"doc as powerful as an app\" is the official language",
        "user": "UGMH4H202",
        "ts": "1551681090.005700",
        "thread_ts": "1551561431.002000",
        "parent_user_id": "UGMH4H202"
    },
    {
        "client_msg_id": "70babf07-c98d-4c50-a60a-b4bc20c2e7c9",
        "type": "message",
        "text": "Hi everyone!\n\nMy name is Miguel Rochefort. I'm a software developer from Montréal, Canada. I've been traveling around Southeast Asia (Thailand, Vietnam, Malaysia, Bali) for the past 6 months out of my 21-liter backpack.\n\nI initially got into programming at age 10, when I built my first websites (HTML, CSS, JavaScript). At 12, I started played with Python and C++. At 16, it was Visual Basic and PHP. At 18, I started learning C#, which has been my main language for the past 10 years. I then discovered Haskell, Prolog, Lisp, Smalltalk, ML, Agda, Idris, Coq, Mercury, Eve, etc. That's when I got hooked on programming language design.\n\nMy main influences are Bret Victor, Alan Kay, Douglas Engelbart, Chris Granger, Ted Nelson, Tim Berners Lee, Jef Raskin, Steve Jobs, Stephen Wolfram, Charles Simonyi, David Allen, Mathias Duarte, etc. If I could travel back in time, I would go to Xerox PARC.\n\nThe current state of software is a mess. The incidental complexity is unbelievable. Nothing changed in the past 40 years. We must have reached a local maxima.\n\nHere are some of my heuristics for the future of programming:\n\n- Using software and creating software should feel the same.\n- 80% of people should be able to program without any formal training.\n- You should be productive when programming on a 5\" phone (but the optimal interface should be VR or R).\n- Programming should not involve text files and syntax.\n- Programming by example (with direct manipulation) should be the dominant paradigm (WYSIWYG, TDD, ML dataset, Excel's Flash Fill).\n- The distinction between natural language, programming language and graphical user interface should disappear.\n- Programming is mainly a modeling problem.\n- Designing and implementing GUI by hand doesn't scale (especially once responsive design considers all of a user's preferences) and should be automated (e.g., Naked Objects).\n- The code to invoke a user (GUI) and the code to invoke a machine (API) should be identical.\n- Every function\/predicate\/model ever created should be instantly available to everyone.\n- Mechnical turks and AI functions should be as easy to call as a local function.\n- Fuzzy\/bayesian values (e.g., \"integer between 0 and 18\") should be first class citizens, and automatically turn any deterministic functions into a fuzzy\/probabilistic functions.\n- Strings should be avoided, and semantically richer types\/ontologies (Email, PhoneNumber, Password, Country) should be used instead.\n\nRight now, I'm experimenting with Quantified Self. I'm trying to collect as much information about my life as I can. This starts with IoT devices, wearables, NFC tags, QR codes, cameras, audio recorders, GPS trackers, keyloggers, IFTTT, manual input, etc. Then I have to manually\/automatically classify\/quantify the collected data, to extract computable meaning\/semantics. Ultimately, I can visualize the data, query it, infer new knowledge, make lifestyle changes to affect the output, etc. The idea is that the more we know about a user, the less we need to ask it for input (\"don't make me click\") and the less assumptions about it we need to hard code in our code base. I believe this is the first step to make coding against a user as easy as coding against an API or a database.\n\nI'm looking forward to some great discussions!",
        "user": "UGPFAC8GN",
        "ts": "1551685884.008200",
        "thread_ts": "1551685884.008200",
        "reply_count": 4,
        "reply_users_count": 4,
        "latest_reply": "1552046905.014600",
        "reply_users": [
            "UAL7940NM",
            "UA14TGLTC",
            "UAVCC2X70",
            "UGLSY9X3J"
        ],
        "replies": [
            {
                "user": "UAL7940NM",
                "ts": "1551706245.008700"
            },
            {
                "user": "UA14TGLTC",
                "ts": "1551710892.009200"
            },
            {
                "user": "UAVCC2X70",
                "ts": "1551737258.010700"
            },
            {
                "user": "UGLSY9X3J",
                "ts": "1552046905.014600"
            }
        ],
        "reactions": [
            {
                "name": "wave",
                "users": [
                    "U5TCAFTD3",
                    "UE1JQM9HQ",
                    "UFD2JRE58",
                    "UCKRZS3DZ",
                    "UEGFXUK3M",
                    "UA14TGLTC",
                    "U8A5MS6R1",
                    "U85HCL7JP",
                    "UBSMEUXAA",
                    "UDJ2TKB99",
                    "UAVCC2X70",
                    "UGPFAC8GN",
                    "U7C7B75R6"
                ],
                "count": 13
            },
            {
                "name": "+1",
                "users": [
                    "UF0770MK2",
                    "UGP01SJGL",
                    "UGPFAC8GN",
                    "UD43R8ZFV"
                ],
                "count": 4
            }
        ]
    }
]