[
    {
        "type": "message",
        "subtype": "thread_broadcast",
        "text": "I found this video as a nice introduction to coda <https:\/\/www.youtube.com\/watch?v=mByQHd61kNw>",
        "user": "U85HCL7JP",
        "ts": "1552010369.013600",
        "thread_ts": "1551561431.002000",
        "root": {
            "client_msg_id": "1016916e-cd68-4941-b4b0-dcb77395b0fb",
            "type": "message",
            "text": "hi all!\n\nmy name's michael nagle (informally i go by my last name, nagle.)\n\ni spent a few years in bret victor &amp; john maloney's lab groups at harc \/ ycr (<https:\/\/harc.ycr.org>) and currently \"lead\" learning &amp; research at coda (<http:\/\/www.coda.io|www.coda.io>)\n\ni am coming to boston soon and saw the future of coding boston community so wanted to say hello. (based in the east bay.)\n\nnice to meet you all!",
            "user": "UGMH4H202",
            "ts": "1551561431.002000",
            "thread_ts": "1551561431.002000",
            "reply_count": 17,
            "reply_users_count": 7,
            "latest_reply": "1552107450.018600",
            "reply_users": [
                "UCGAK10LS",
                "UGMH4H202",
                "UEQ6M68H0",
                "U8A5MS6R1",
                "UFKM7DBAA",
                "U85HCL7JP",
                "UE6EFEPTQ"
            ],
            "replies": [
                {
                    "user": "UCGAK10LS",
                    "ts": "1551573359.002600"
                },
                {
                    "user": "UGMH4H202",
                    "ts": "1551579020.002900"
                },
                {
                    "user": "UEQ6M68H0",
                    "ts": "1551605769.003600"
                },
                {
                    "user": "UGMH4H202",
                    "ts": "1551635983.004500"
                },
                {
                    "user": "U8A5MS6R1",
                    "ts": "1551641513.004700"
                },
                {
                    "user": "UGMH4H202",
                    "ts": "1551681076.005500"
                },
                {
                    "user": "UGMH4H202",
                    "ts": "1551681090.005700"
                },
                {
                    "user": "UFKM7DBAA",
                    "ts": "1551714186.009600"
                },
                {
                    "user": "UGMH4H202",
                    "ts": "1551717954.009800"
                },
                {
                    "user": "UGMH4H202",
                    "ts": "1551717965.010000"
                },
                {
                    "user": "U85HCL7JP",
                    "ts": "1552010369.013600"
                },
                {
                    "user": "UGMH4H202",
                    "ts": "1552017793.014000"
                },
                {
                    "user": "U8A5MS6R1",
                    "ts": "1552034993.014400"
                },
                {
                    "user": "UE6EFEPTQ",
                    "ts": "1552048363.014800"
                },
                {
                    "user": "UE6EFEPTQ",
                    "ts": "1552048437.015000"
                },
                {
                    "user": "U85HCL7JP",
                    "ts": "1552068665.015700"
                },
                {
                    "user": "UCGAK10LS",
                    "ts": "1552107450.018600"
                }
            ]
        },
        "attachments": [
            {
                "service_name": "YouTube",
                "service_url": "https:\/\/www.youtube.com\/",
                "title": "Coda - Product Tour",
                "title_link": "https:\/\/www.youtube.com\/watch?v=mByQHd61kNw",
                "author_name": "Coda",
                "author_link": "https:\/\/www.youtube.com\/channel\/UC73YRwUcAjAW_euaGzDUAzg",
                "thumb_url": "https:\/\/i.ytimg.com\/vi\/mByQHd61kNw\/hqdefault.jpg",
                "thumb_width": 480,
                "thumb_height": 360,
                "fallback": "YouTube Video: Coda - Product Tour",
                "video_html": "<iframe width=\"400\" height=\"225\" src=\"https:\/\/www.youtube.com\/embed\/mByQHd61kNw?feature=oembed&autoplay=1&iv_load_policy=3\" frameborder=\"0\" allow=\"accelerometer; autoplay; encrypted-media; gyroscope; picture-in-picture\" allowfullscreen><\/iframe>",
                "video_html_width": 400,
                "video_html_height": 225,
                "from_url": "https:\/\/www.youtube.com\/watch?v=mByQHd61kNw",
                "service_icon": "https:\/\/a.slack-edge.com\/2089\/img\/unfurl_icons\/youtube.png",
                "id": 1,
                "original_url": "https:\/\/www.youtube.com\/watch?v=mByQHd61kNw"
            }
        ],
        "client_msg_id": "09f9c38d-630e-49cd-aab7-8e2416a1464f",
        "reactions": [
            {
                "name": "+1",
                "users": [
                    "UA14TGLTC",
                    "UBSMEUXAA"
                ],
                "count": 2
            },
            {
                "name": "heart",
                "users": [
                    "UGK6F0RAA",
                    "U79HM6726"
                ],
                "count": 2
            }
        ]
    },
    {
        "client_msg_id": "39adb582-e554-42f9-83c6-e5c041b6a778",
        "type": "message",
        "text": "anything in particular you liked about it <@U85HCL7JP>?",
        "user": "UGMH4H202",
        "ts": "1552017793.014000",
        "thread_ts": "1551561431.002000",
        "parent_user_id": "UGMH4H202"
    }
]