[
    {
        "client_msg_id": "54c77e9b-3ec9-4e8f-8e4e-017d42a70ed7",
        "type": "message",
        "text": "Hi, I just want to point out that the site load was very slow, so I measured it with lighthouse and you should definitely improve the site performance. It may sound unfriendly - it is not, I am trying to help. There is even javascript error in the console, probably related to GTM.",
        "user": "UGWF53UF2",
        "ts": "1552574797.040500",
        "thread_ts": "1552479290.030600",
        "parent_user_id": "UGX6C8HT6"
    },
    {
        "client_msg_id": "00c83004-b47b-406a-a3d3-e2dbd8886359",
        "type": "message",
        "text": "tkx Adam",
        "user": "UGX6C8HT6",
        "ts": "1552583566.040700",
        "thread_ts": "1552479290.030600",
        "parent_user_id": "UGX6C8HT6"
    }
]