[
    {
        "client_msg_id": "7ddc4892-a3ab-4912-aab7-c0a14d859400",
        "type": "message",
        "text": "well for that purpose # is a great marker, because it really does stand out well in a stream of characters. The @ also is very noticeable. Most of the other punctuation characters are thin and disappear slightly like ~ ^ | . I was just worried about the frequency of that character in your stream.",
        "user": "UEQ6M68H0",
        "ts": "1553211006.057700",
        "thread_ts": "1550368121.006600",
        "parent_user_id": "UD6EXQVM0"
    }
]