[
    {
        "client_msg_id": "1ed27fb4-77f2-4f76-954e-53fb9ce7dbbb",
        "type": "message",
        "text": "<@UEQ6M68H0> In practice for real world projects history of the code is crucially important. If I release a new version of my product and a customer experiences a bug that didn’t exist in the previous version, the first thing I’d go for is bisecting on when was it introduced and what change made it appear. One may argue that by definition there are no bugs in War &amp; Peace,, only features. Well maybe War is a bug :wink:",
        "user": "U79HM6726",
        "ts": "1555312752.001300",
        "thread_ts": "1554420137.022100",
        "parent_user_id": "UAVCC2X70"
    },
    {
        "client_msg_id": "5844a2e6-ef80-4573-a09a-00da1e42ee58",
        "type": "message",
        "text": "&gt; focus on empowering staffers rather than automating their jobs away.\n\nEven in non-programming domains, I think this is a good principle. I hated life when one of my jobs was to automate the jobs of those around me. I got out as fast as I could from that project.",
        "user": "UD43R8ZFV",
        "ts": "1555369524.001900",
        "thread_ts": "1553462373.080400",
        "parent_user_id": "UFV8P4472"
    }
]