[
    {
        "client_msg_id": "af909d89-c28d-4721-9718-ac023eacf418",
        "type": "message",
        "text": "Hi people from the future,\n\nI'm based in Portugal and I've started working at OutSystems 18 years ago, where we are approaching this opportunity space more from a business side, targeting medium-large companies. Historically it's been hard, as there has been a lot of push-back from the more technical crowd.\n\nRecently industry analysts (Gartner, Forrester) have discovered there is a big market for these low-code solutions (thanks, in part, to our own effort), and we're riding that wave and have become an Unicorn.\n\nWe've always approached development from a user experience angle, and now we have more and more established usability practices that steer our IDE and our language.\n\nLooking forward to learn and share, and for the critique of a group that has this subject in their hearts and minds.\n\nWe have a free version that can be tried out at <https:\/\/www.outsystems.com\/>",
        "user": "UGX6C8HT6",
        "ts": "1552479290.030600",
        "edited": {
            "user": "UGX6C8HT6",
            "ts": "1552480613.000000"
        },
        "attachments": [
            {
                "title": "The #1 Low-Code Platform for Digital Transformation | OutSystems",
                "title_link": "https:\/\/www.outsystems.com\/",
                "text": "OutSystems is a low-code platform to visually develop your application, integrate with existing systems and add your own code when needed.",
                "fallback": "The #1 Low-Code Platform for Digital Transformation | OutSystems",
                "image_url": "https:\/\/www.outsystems.com\/-\/media\/Images\/homepage\/low-code-platform-outsystems.png",
                "from_url": "https:\/\/www.outsystems.com\/",
                "image_width": 478,
                "image_height": 250,
                "image_bytes": 646077,
                "service_name": "outsystems.com",
                "id": 1,
                "original_url": "https:\/\/www.outsystems.com\/"
            }
        ],
        "thread_ts": "1552479290.030600",
        "reply_count": 7,
        "reply_users_count": 4,
        "latest_reply": "1552583566.040700",
        "reply_users": [
            "UGMH4H202",
            "UGX6C8HT6",
            "UEQ6M68H0",
            "UGWF53UF2"
        ],
        "replies": [
            {
                "user": "UGMH4H202",
                "ts": "1552483983.031500"
            },
            {
                "user": "UGX6C8HT6",
                "ts": "1552484935.031700"
            },
            {
                "user": "UEQ6M68H0",
                "ts": "1552520148.033300"
            },
            {
                "user": "UEQ6M68H0",
                "ts": "1552520322.033500"
            },
            {
                "user": "UGX6C8HT6",
                "ts": "1552522509.039000"
            },
            {
                "user": "UGWF53UF2",
                "ts": "1552574797.040500"
            },
            {
                "user": "UGX6C8HT6",
                "ts": "1552583566.040700"
            }
        ],
        "reactions": [
            {
                "name": "wave",
                "users": [
                    "U5TCAFTD3",
                    "UDJ2TKB99",
                    "UFD2JRE58",
                    "UGMH4H202",
                    "UEGFXUK3M",
                    "UA14TGLTC",
                    "UAVCC2X70",
                    "UCKRZS3DZ"
                ],
                "count": 8
            }
        ]
    },
    {
        "client_msg_id": "ea510378-a46e-47aa-8bd9-75bfbe14502f",
        "type": "message",
        "text": "Hi Tiago! I'm at Coda and would love to touch base sometime. <mailto:nagle@coda.io|nagle@coda.io> if you're interested in talking!",
        "user": "UGMH4H202",
        "ts": "1552483983.031500",
        "thread_ts": "1552479290.030600",
        "parent_user_id": "UGX6C8HT6"
    },
    {
        "client_msg_id": "86b9f41b-3a92-4cd1-b91c-6d604f1cead9",
        "type": "message",
        "text": "sure, whenever you want, I'm also very interested in sharing experiences. <mailto:tiago.simoes@outsystems.com|tiago.simoes@outsystems.com> is my email.",
        "user": "UGX6C8HT6",
        "ts": "1552484935.031700",
        "thread_ts": "1552479290.030600",
        "parent_user_id": "UGX6C8HT6"
    },
    {
        "client_msg_id": "24474a37-2cd7-4713-a045-d8daa694d54c",
        "type": "message",
        "text": "i don't see that OutSystems actually has a language. It appears that your components are written in .NET (which supports several languages of course).",
        "user": "UEQ6M68H0",
        "ts": "1552520148.033300",
        "edited": {
            "user": "UEQ6M68H0",
            "ts": "1552520408.000000"
        },
        "thread_ts": "1552479290.030600",
        "parent_user_id": "UGX6C8HT6"
    },
    {
        "client_msg_id": "f4e922f0-5f92-4eba-8bd9-6867b6a6aa99",
        "type": "message",
        "text": "I don't see any way i could make a tic-tac-toe game in OutSystems. It seems very business forms \/ dashboard oriented. I have no doubt it is a huge success, but i don't see it as a general purpose language or toolchain, but more of a collection of pre-built functional modules, and a form design system. In some aspects it reminds me of VB6, abeit much more up to date.",
        "user": "UEQ6M68H0",
        "ts": "1552520322.033500",
        "thread_ts": "1552479290.030600",
        "parent_user_id": "UGX6C8HT6"
    },
    {
        "client_msg_id": "585B1E3E-AC5E-41D0-87EC-33A419FC8957",
        "type": "message",
        "text": "You are right, our domain is not games or general purpose. Our domain is mobile and web enterprise apps. The language and the IDE are built together, and you should not need to know html, js or css, only for very specific use cases (and .net for even more specific use cases).",
        "user": "UGX6C8HT6",
        "ts": "1552522509.039000",
        "edited": {
            "user": "UGX6C8HT6",
            "ts": "1552522529.000000"
        },
        "thread_ts": "1552479290.030600",
        "parent_user_id": "UGX6C8HT6"
    },
    {
        "client_msg_id": "d55c71ed-7d1a-4645-9cd4-521d751d2fbd",
        "type": "message",
        "text": "<@UGK6F0RAA> See this Iodide tool linked in this recent post (and the example of viewing one's own MRI in an interactive document):\n<https:\/\/futureofcoding.slack.com\/archives\/C5T9GPWFL\/p1552482891306200?thread_ts=1552482891.306200&amp;cid=C5T9GPWFL>",
        "user": "UAVCC2X70",
        "ts": "1552536955.039500",
        "edited": {
            "user": "UAVCC2X70",
            "ts": "1552537008.000000"
        },
        "attachments": [
            {
                "from_url": "https:\/\/futureofcoding.slack.com\/archives\/C5T9GPWFL\/p1552482891306200?thread_ts=1552482891.306200&amp;cid=C5T9GPWFL",
                "fallback": "[March 13th, 2019 6:14 AM] daniel: Hi there! I stumbled across the Future and Coding podcast and really enjoy it! I just saw this new scientific computing notebook by Mozilla that people here might enjoy: it runs entirely in the browser (with a scientific python stack crosscompiled to web assembly): <https:\/\/hacks.mozilla.org\/2019\/03\/iodide-an-experimental-tool-for-scientific-communicatiodide-for-scientific-communication-exploration-on-the-web\/> - quite cool as it lowers the barrier for participation because vs e.g. Jupyter there is no headache around provisioning backend resources for users to run arbitrary code",
                "ts": "1552482891.306200",
                "author_id": "UGT2XN01W",
                "author_subname": "Daniel Bachler",
                "channel_id": "C5T9GPWFL",
                "channel_name": "general",
                "is_msg_unfurl": true,
                "is_thread_root_unfurl": true,
                "text": "Hi there! I stumbled across the Future and Coding podcast and really enjoy it! I just saw this new scientific computing notebook by Mozilla that people here might enjoy: it runs entirely in the browser (with a scientific python stack crosscompiled to web assembly): <https:\/\/hacks.mozilla.org\/2019\/03\/iodide-an-experimental-tool-for-scientific-communicatiodide-for-scientific-communication-exploration-on-the-web\/> - quite cool as it lowers the barrier for participation because vs e.g. Jupyter there is no headache around provisioning backend resources for users to run arbitrary code",
                "author_name": "Daniel Bachler",
                "author_link": "https:\/\/futureofcoding.slack.com\/team\/UGT2XN01W",
                "author_icon": "https:\/\/secure.gravatar.com\/avatar\/b3405d9d5e0d530832a9511b27c6974e.jpg?s=48&d=https%3A%2F%2Fa.slack-edge.com%2F00b63%2Fimg%2Favatars%2Fava_0002-48.png",
                "mrkdwn_in": [
                    "text"
                ],
                "id": 1,
                "original_url": "https:\/\/futureofcoding.slack.com\/archives\/C5T9GPWFL\/p1552482891306200?thread_ts=1552482891.306200&amp;cid=C5T9GPWFL",
                "footer": "Thread in #general"
            }
        ],
        "thread_ts": "1552091392.017300",
        "parent_user_id": "UGK6F0RAA"
    }
]