[
    {
        "client_msg_id": "13cd68a5-cb80-4ae6-ac09-1a9642838914",
        "type": "message",
        "text": "Yes, and actually I'd like to chat 1-on-1 because ... well, a selfish reason :slightly_smiling_face: I tried to get involved with WebAssembly but it didn't work out too well because I didn't have any meaningful connections with anybody. So, on the off chance it isn't too late, I am hoping you can help me figure out if it is possible to try again.",
        "user": "UD6EXQVM0",
        "ts": "1554262222.003700",
        "thread_ts": "1553729620.097600",
        "parent_user_id": "UHDQ62M4P"
    },
    {
        "client_msg_id": "e129e647-83d9-447a-9ac0-02456516145c",
        "type": "message",
        "text": "Sure, I don't mind.. DM me :slightly_smiling_face:",
        "user": "UHDQ62M4P",
        "ts": "1554265990.003900",
        "thread_ts": "1553729620.097600",
        "parent_user_id": "UHDQ62M4P"
    }
]