[
    {
        "client_msg_id": "2e17557d-634a-4002-a554-29e0e6b77770",
        "type": "message",
        "text": "<@UJ6LDMMN0> I cannot go into detail as the novelty of what I'm doing will be gone :sweat_smile:. But in very broad terms, let's consider the 'space of images' as a high dimensional arbitrary space, turns out there is a transformation of this space (defined in abstract terms) that exposes a geometrical structure which makes this data very easy to work with, classify things, cluster them, etc... For this I had to learn differential geometry and a little bit of differential topology, so far I'm loving this new (for me) math, but I'm still a novice in these things!",
        "user": "UJC8ZDSTX",
        "ts": "1556871208.063400",
        "thread_ts": "1556826146.053300",
        "parent_user_id": "UJC8ZDSTX",
        "reactions": [
            {
                "name": "+1",
                "users": [
                    "UJ6LDMMN0"
                ],
                "count": 1
            }
        ]
    },
    {
        "client_msg_id": "e20980c1-4331-4a28-acee-0ace90c29e20",
        "type": "message",
        "text": "I understand! But as for my interest, it is because I have an image processing background and done some (small) study on geometric side (for map data) and feature extraction. So anytime you have something public I will be glad to hear about it. Anyway, have fun! :slightly_smiling_face:",
        "user": "UJ6LDMMN0",
        "ts": "1556872513.063800",
        "thread_ts": "1556826146.053300",
        "parent_user_id": "UJC8ZDSTX"
    },
    {
        "client_msg_id": "80522fbf-0e67-4eca-b21a-cf9c0bc0af96",
        "type": "message",
        "text": "Hi all, I am an art historian turned philosopher and historian of computing – . I was lucky enough to get a permanent research position at a time when I was starting to despair a bit and still feel as one of the most lucky persons when I realize I have this job. It gave me a new kind of freedom which I didn’t have in previous academic positions; and it took me quite a while to realize that.  I am very much engaged with retracing and rendering transparent through history where we are now with computing technology – as so many others; I worry a lot about this broad and disconnected field; I very much like an approach of asking rather basic questions (I guess that is the philosopher in me) which, at first sight, almost seem trivial but once one starts to dig a bit, seem to be quite hard. One main question I am currently focusing on is: What is a (computer) program? This is the guiding question of a research project I am coordinating and which involves historians, philosophers, computer scientists and some programmers. Note: the choice for \"program\" and not software; code; algorithm; etc is not arbitrary – I think it kind of comprises\/implied these other notions. If anyone of you might be interested in this or anything else that is losely or strictly related to history and philosophy of computing and programs, please do share your thoughts\/concerns\/etc with me. Also: I am currently starting to collect answers from as many people as possible to the main question above and I would be happy to receive some from you too – best wishes, L",
        "user": "UJCNG3FNY",
        "ts": "1556877537.071900",
        "thread_ts": "1556877537.071900",
        "reply_count": 13,
        "reply_users_count": 7,
        "latest_reply": "1557177849.085100",
        "reply_users": [
            "UF71PR58X",
            "UA14TGLTC",
            "UJ6LDMMN0",
            "UAVCC2X70",
            "UFB8STN7K",
            "UD6EXQVM0",
            "U8A5MS6R1"
        ],
        "replies": [
            {
                "user": "UF71PR58X",
                "ts": "1556878079.072300"
            },
            {
                "user": "UA14TGLTC",
                "ts": "1556878134.072500"
            },
            {
                "user": "UJ6LDMMN0",
                "ts": "1556879241.072700"
            },
            {
                "user": "UAVCC2X70",
                "ts": "1556894741.073700"
            },
            {
                "user": "UAVCC2X70",
                "ts": "1556895750.074200"
            },
            {
                "user": "UAVCC2X70",
                "ts": "1556896077.074500"
            },
            {
                "user": "UFB8STN7K",
                "ts": "1556899723.075500"
            },
            {
                "user": "UJ6LDMMN0",
                "ts": "1556902552.075900"
            },
            {
                "user": "UJ6LDMMN0",
                "ts": "1556902890.076200"
            },
            {
                "user": "UFB8STN7K",
                "ts": "1556903271.076600"
            },
            {
                "user": "UJ6LDMMN0",
                "ts": "1556903522.076800"
            },
            {
                "user": "UD6EXQVM0",
                "ts": "1557021504.077800"
            },
            {
                "user": "U8A5MS6R1",
                "ts": "1557177849.085100"
            }
        ],
        "reactions": [
            {
                "name": "wave",
                "users": [
                    "UF71PR58X",
                    "UJ6LDMMN0",
                    "UA14TGLTC",
                    "UAJ9DV971",
                    "U7C7B75R6",
                    "U8A5MS6R1",
                    "UGLSY9X3J",
                    "UHLAV7BB5",
                    "UFB8STN7K",
                    "U85HCL7JP",
                    "UEGFXUK3M",
                    "UHS9K1N6A",
                    "U5TCAFTD3",
                    "UC21F8Q48",
                    "UJDCQ0P6Z"
                ],
                "count": 15
            },
            {
                "name": "heart",
                "users": [
                    "UCUSW7WVD",
                    "UD6EXQVM0",
                    "U5TCAFTD3",
                    "U8A5MS6R1"
                ],
                "count": 4
            }
        ]
    },
    {
        "client_msg_id": "1062e283-e5a6-4eb6-af0b-22bc2df8538e",
        "type": "message",
        "text": "Teenage computer nerd, turned philosopher, turned programmer here. I think your question is a very subtle one. Back in my philosophy days I thought it might be interesting to run the same kind of \"multiple realizability\" arguments that you find in the philosophy of mind to argue for the non-reducibility of programs to, eg. patterns of activity in the hardware. These days I'm in the typed functional programming camp and like to think of programs as proofs, via the Curry-Howard isomorphism. So the next question is \"what is a proof?\".",
        "user": "UF71PR58X",
        "ts": "1556878079.072300",
        "thread_ts": "1556877537.071900",
        "parent_user_id": "UJCNG3FNY",
        "reactions": [
            {
                "name": "heart",
                "users": [
                    "UHS9K1N6A"
                ],
                "count": 1
            }
        ]
    },
    {
        "client_msg_id": "adf882c0-3a39-42e9-995b-5c29024a2917",
        "type": "message",
        "text": "Welcome to the club.  Philosophy backgrounds represent!",
        "user": "UA14TGLTC",
        "ts": "1556878134.072500",
        "thread_ts": "1556877537.071900",
        "parent_user_id": "UJCNG3FNY"
    },
    {
        "client_msg_id": "54dae6ca-37a5-414d-8adc-765865b12a20",
        "type": "message",
        "text": "Hi <@UJCNG3FNY> I would be happy to help you and share some thoughts. Also I see you work in a french research lab, and as I am french too, maybe as long as it is about the meaning of things (!), it would be better to exchange in french, which I guess is less prone to interpretation errors (from me at least). But maybe in DM\/email, so that we do not spam this slack. What do you think?",
        "user": "UJ6LDMMN0",
        "ts": "1556879241.072700",
        "thread_ts": "1556877537.071900",
        "parent_user_id": "UJCNG3FNY"
    },
    {
        "client_msg_id": "3a2e5995-c19c-4eea-9da9-45ce8b42ad41",
        "type": "message",
        "text": "Here is my \"Software History\" video playlist on YouTube:\n\n<https:\/\/www.youtube.com\/playlist?list=PLcxHi1cwstVANjtKFBFSomss42dDf5kpH>\n\nIn many ways, the software industry is more of a pop culture than a science or engineering field. Most professional developers know shockingly little about the history of the field, and don't care to know. As a result, there is a skewed view that newer is better, and things of the past are irrelevant or more primitive or crude form of the present. Ideas from the past are widely forgotten and reinvented every decade or two, and a lot of meaning is lost and terms redefined.\n\nThe playlist I'm sharing here mainly focuses on this aspect of software history. A few of the videos focus more on a particular programming topic, but paint a historical picture in doing so.\n\nSome of the videos with Jim Coplien focus a lot on the history of software *practices* (e.g. Agile &amp; Scrum)",
        "user": "UAVCC2X70",
        "ts": "1556894741.073700",
        "edited": {
            "user": "UAVCC2X70",
            "ts": "1556897629.000000"
        },
        "attachments": [
            {
                "service_name": "YouTube",
                "title": "Software History - YouTube",
                "title_link": "https:\/\/www.youtube.com\/playlist?list=PLcxHi1cwstVANjtKFBFSomss42dDf5kpH",
                "text": "How software has lost its way",
                "fallback": "YouTube: Software History - YouTube",
                "thumb_url": "https:\/\/i.ytimg.com\/vi\/DOyNfmqwR98\/hqdefault.jpg?sqp=-oaymwEWCKgBEF5IWvKriqkDCQgBFQAAiEIYAQ==&rs=AOn4CLD5q5UB148S-f2m6S3w1v7UwKYM8A",
                "from_url": "https:\/\/www.youtube.com\/playlist?list=PLcxHi1cwstVANjtKFBFSomss42dDf5kpH",
                "thumb_width": 168,
                "thumb_height": 94,
                "service_icon": "https:\/\/s.ytimg.com\/yts\/img\/favicon-vfl8qSV2F.ico",
                "id": 1,
                "original_url": "https:\/\/www.youtube.com\/playlist?list=PLcxHi1cwstVANjtKFBFSomss42dDf5kpH"
            }
        ],
        "thread_ts": "1556877537.071900",
        "parent_user_id": "UJCNG3FNY"
    },
    {
        "client_msg_id": "83414c2d-f319-40cd-a6cc-ee9edea50cd9",
        "type": "message",
        "text": "Oh thanks!  I'm using Nim (compiling to C) for the system and NodeJS for the RESTful API.  I built a spreadsheet in Canvas for the UI portion but I've been backing off of that to just focus on getting the back-end and the language right first -- and then I can go from there.",
        "user": "UJCHWTMH6",
        "ts": "1556895685.074000",
        "thread_ts": "1556810379.037700",
        "parent_user_id": "UJCHWTMH6",
        "reactions": [
            {
                "name": "bulb",
                "users": [
                    "UCUSW7WVD"
                ],
                "count": 1
            }
        ]
    },
    {
        "client_msg_id": "570fbeef-9772-4d51-8ca5-a476abfe3e6e",
        "type": "message",
        "text": "The Christopher Alexander video does not explain much about software history, but is itself a key event in software history. Alexander was looking to restore physical architecture to its more humanistic roots (find his video \"spaces for the soul\" on YouTube for more info). His \"pattern language\" theory was actually picked up by the software community, sparking a \"patterns\" movement which essentially sought to find patterns to build software that was more humane and useful to people. The founders of this movement formed \"The Hillside Group\" (find their website).\n\nHowever, \"patterns\" in software quickly devolved into ways to deal with problems in the code (e.g. like shifting from how to build a kitchen or entrance or living room that promotes togetherness while respecting personal space ... to how best to nail drywall to a wood frame). The change was solidified by a book published by 4 authors commonly known as \"The Gang of Four\" (GoF) (look it up, it's not hard to find them). The book and it's more mechanical idea of \"patterns\" still today forms a foundational part of modern software ideology.\n\nWith this flop, some key figures in software (many from the Hillside Group) sought other ways to make software more humanistic, and as a result we have \"Agile\" (see the \"Agile Manifesto\", also easy to find).\n\nThe Christopher Alexander video marks his address to the software community after this patterns movement had gained traction, and the Gang of Four book had taken its course. He talks a lot about his work, and then addresses the disparagement between it and what software has done with it.",
        "user": "UAVCC2X70",
        "ts": "1556895750.074200",
        "edited": {
            "user": "UAVCC2X70",
            "ts": "1556897912.000000"
        },
        "thread_ts": "1556877537.071900",
        "parent_user_id": "UJCNG3FNY"
    },
    {
        "client_msg_id": "a1da1970-ad00-42d1-8059-b3f838c59641",
        "type": "message",
        "text": "There are similar stories in software of taking a human-based idea and turning it into something mechanical and losing its human roots. This is the case with \"patterns\", but also with \"Object Oriented Programming\", which nowadays means many different things, most of them separate from it's original idea (i.e. representing human mental models directly in code, such that even a child could create meaningful programs)\n\n(For more on that, research Alan Kay)",
        "user": "UAVCC2X70",
        "ts": "1556896077.074500",
        "edited": {
            "user": "UAVCC2X70",
            "ts": "1556897995.000000"
        },
        "thread_ts": "1556877537.071900",
        "parent_user_id": "UJCNG3FNY"
    },
    {
        "client_msg_id": "915c83f0-7e33-4ad9-96c9-ce70b67fed92",
        "type": "message",
        "text": "Hey <@UJCNG3FNY>, this is something that I also have thought a lot about in the course of my PhD. I come at this from a programming languages perspective, but we’re all asking the same questions. See: <http:\/\/willcrichton.net\/notes\/what-is-a-programming-language\/>",
        "user": "UFB8STN7K",
        "ts": "1556899723.075500",
        "attachments": [
            {
                "title": "              What is a programming language? | Will Crichton            ",
                "title_link": "http:\/\/willcrichton.net\/notes\/what-is-a-programming-language\/",
                "text": "What is or isn't a programming language is a surprisingly subjective question. In this note, I try to nail down the major factors (precision, composition, reuse) that make a language\/model programmatic and clarify this definition vs. other related terminology likes libraries and data formats.",
                "fallback": "              What is a programming language? | Will Crichton            ",
                "from_url": "http:\/\/willcrichton.net\/notes\/what-is-a-programming-language\/",
                "service_name": "willcrichton.net",
                "id": 1,
                "original_url": "http:\/\/willcrichton.net\/notes\/what-is-a-programming-language\/"
            }
        ],
        "thread_ts": "1556877537.071900",
        "parent_user_id": "UJCNG3FNY",
        "reactions": [
            {
                "name": "+1",
                "users": [
                    "UJ6LDMMN0"
                ],
                "count": 1
            }
        ]
    },
    {
        "client_msg_id": "75db3cd8-e5a9-4d83-9f76-0e425d60a6ab",
        "type": "message",
        "text": "Thanks Will! I like the way your definition is wide enough to include some languages (like HTML) some do not consider as programming language.",
        "user": "UJ6LDMMN0",
        "ts": "1556902552.075900",
        "thread_ts": "1556877537.071900",
        "parent_user_id": "UJCNG3FNY",
        "reactions": [
            {
                "name": "grinning",
                "users": [
                    "UFB8STN7K"
                ],
                "count": 1
            }
        ]
    },
    {
        "client_msg_id": "5986347f-9886-4653-9a9d-78af01607672",
        "type": "message",
        "text": "I also find it usefull, as this give us a common ground to reason about all this languages.",
        "user": "UJ6LDMMN0",
        "ts": "1556902890.076200",
        "edited": {
            "user": "UJ6LDMMN0",
            "ts": "1556902993.000000"
        },
        "thread_ts": "1556877537.071900",
        "parent_user_id": "UJCNG3FNY"
    },
    {
        "client_msg_id": "27f02426-7c8f-435a-937b-a68ac7ac7325",
        "type": "message",
        "text": "<@UJ6LDMMN0> You may also enjoy the book “A Small Matter of Programming”. It provides a nice overview of the ubiquity of formal languages (e.g. legalese, smoke signals, etc.) and their relationship to end-user programming, e.g. with Excel or CAD.",
        "user": "UFB8STN7K",
        "ts": "1556903271.076600",
        "thread_ts": "1556877537.071900",
        "parent_user_id": "UJCNG3FNY"
    },
    {
        "client_msg_id": "490c60d8-ba75-48cb-851f-dd414b9422b5",
        "type": "message",
        "text": "Thanks for the pointer!",
        "user": "UJ6LDMMN0",
        "ts": "1556903522.076800",
        "thread_ts": "1556877537.071900",
        "parent_user_id": "UJCNG3FNY"
    }
]