[
    {
        "client_msg_id": "421e04da-2e10-41f9-9dec-a1355ed4f582",
        "type": "message",
        "text": "Happy to be here. I'm an Oracle database developer and have been sort of stuck in this niche for about 20 years. I do web development with Oracles newly rebranded low code tool called Application Express (Apex for short but not to be confused with Salesforce).\n\nI find I keep coming back to ideas around better languages, better tools, and developer experience and somehow found this group last night. For me it seems like we are swimming in place and I guess I feel like I'm smart enough to want to find a way out of this mouse maze and into a better one.",
        "user": "UHZNB3HRP",
        "ts": "1556213791.005400",
        "thread_ts": "1556213791.005400",
        "reply_count": 3,
        "reply_users_count": 2,
        "latest_reply": "1556557192.015800",
        "reply_users": [
            "UAVCC2X70",
            "UHZNB3HRP"
        ],
        "replies": [
            {
                "user": "UAVCC2X70",
                "ts": "1556332843.008300"
            },
            {
                "user": "UHZNB3HRP",
                "ts": "1556557016.015600"
            },
            {
                "user": "UHZNB3HRP",
                "ts": "1556557192.015800"
            }
        ],
        "reactions": [
            {
                "name": "wave",
                "users": [
                    "UC21F8Q48",
                    "U5TCAFTD3",
                    "U8A5MS6R1",
                    "U85HCL7JP",
                    "U7C7B75R6",
                    "UA14TGLTC",
                    "UCKRZS3DZ"
                ],
                "count": 7
            }
        ]
    }
]