[
    {
        "client_msg_id": "15f151d1-be3e-4b71-a88c-cc4817815461",
        "type": "message",
        "text": "Hi Sébastien. Welcome! Two questions..\n\n• Are you on Twitter?\n• Where can I learn more about Curved?",
        "user": "UC2A2ARPT",
        "ts": "1559318859.000900",
        "thread_ts": "1558011582.177300",
        "parent_user_id": "UJPHQ8Z3N"
    },
    {
        "client_msg_id": "3f9572a8-108c-489d-9cbc-4b636feab3ea",
        "type": "message",
        "text": "Hi Ivan, I have a twitter account but am not active <https:\/\/twitter.com\/ssebastien> -- there's a version from a few months ago online here <https:\/\/ffctn.com\/run\/curved\/index>, but it's very basic for now",
        "user": "UJPHQ8Z3N",
        "ts": "1559336144.001600",
        "attachments": [
            {
                "title": "Sébastien Pierre (@ssebastien) | Twitter",
                "title_link": "https:\/\/twitter.com\/ssebastien",
                "text": "The latest Tweets from Sébastien Pierre (@ssebastien). data visualization, open data &amp; digital activism. Director of @FFunction <https:\/\/t.co\/XAsCnr9opE>. Montréal, QC",
                "fallback": "Sébastien Pierre (@ssebastien) | Twitter",
                "from_url": "https:\/\/twitter.com\/ssebastien",
                "service_icon": "https:\/\/abs.twimg.com\/icons\/apple-touch-icon-192x192.png",
                "service_name": "twitter.com",
                "id": 1,
                "original_url": "https:\/\/twitter.com\/ssebastien"
            }
        ],
        "thread_ts": "1558011582.177300",
        "parent_user_id": "UJPHQ8Z3N"
    }
]