[
    {
        "client_msg_id": "18b27328-a0cf-488d-8378-ed45ef1e89f4",
        "type": "message",
        "text": "Hmm, this \"Lobster\" language sounds very nice, but I think distributed development - ability to combine independent components made by various groups\/people - is really important. Run-time plug-in loading must be possible and ought not be difficult. That may be why I generally ignore the design space that involves whole-program analysis.",
        "user": "UD6EXQVM0",
        "ts": "1554118628.010900",
        "thread_ts": "1553729620.097600",
        "parent_user_id": "UHDQ62M4P"
    },
    {
        "client_msg_id": "0c241564-930c-4867-9b37-5feef9c4b6b4",
        "type": "message",
        "text": "Am also a fan of runtime code generation which doesn't seem like it would mesh well with whole-program analysis. What work do you do in relation to WebAssembly? Do I understand correctly that WebAssembly doesn't support runtime codegen very well? I mean, sure you can create a module and compile it, but can the new module share the same memory as the old module? Can modules store function pointers to \"any module\" and call those pointers efficiently? Can the new module be garbage-collected?",
        "user": "UD6EXQVM0",
        "ts": "1554119171.011100",
        "edited": {
            "user": "UD6EXQVM0",
            "ts": "1554119189.000000"
        },
        "thread_ts": "1553729620.097600",
        "parent_user_id": "UHDQ62M4P"
    },
    {
        "client_msg_id": "443ccfa7-54ca-40de-b541-6d42a4b6e626",
        "type": "message",
        "text": "I'm surprised Restructor would make a function a(C)[A] = A - C which seems entirely redundant and reduces readability... what's with the square brackets? (oh, a captured variable, I'd assumed it was some kind of param.)",
        "user": "UD6EXQVM0",
        "ts": "1554120239.011400",
        "edited": {
            "user": "UD6EXQVM0",
            "ts": "1554120961.000000"
        },
        "thread_ts": "1553729620.097600",
        "parent_user_id": "UHDQ62M4P"
    },
    {
        "client_msg_id": "280ac6c7-ff15-45fa-8355-7dd5a9900326",
        "type": "message",
        "text": "On <http:\/\/vitor.io\/on-dynamicland>\n\nThere seem to be three distinct goals that tend to get conflated:\n\n1. Seeing as you create.\n2. Seeing what others have created. Or rather, creating in a way that makes creations easy for others to appreciate\/remix\/contribute to.\n3. Keeping a closely-coupled group on a single page about what they are seeing.\n\nAll three directions seem complementary, in that there's no reason they can't steal ideas from each other. The eventual goal seems like a workspace that supports groups spanning a spectrum of sizes (including individuals), and that is easy to export from one group to another.",
        "user": "UCUSW7WVD",
        "ts": "1554146676.000300",
        "edited": {
            "user": "UCUSW7WVD",
            "ts": "1554146683.000000"
        },
        "thread_ts": "1554092241.009900",
        "parent_user_id": "UH85W1ML1",
        "reactions": [
            {
                "name": "heavy_plus_sign",
                "users": [
                    "UH85W1ML1",
                    "UA14TGLTC"
                ],
                "count": 2
            }
        ]
    },
    {
        "client_msg_id": "0521a6ea-de3d-48d4-a50c-8791bd9addd5",
        "type": "message",
        "text": "On <http:\/\/discuss.nearthespeedoflight.com\/t\/dynamicland\/86>\n\nI think the most difficult thing about Dynamicland is importing a shared vocabulary of a group when you aren't part of the group. It's like the difficulty of understanding the implementation of some large system, but now many times harder.\n\nIt's easy to think this difficulty is comparable to the difficulty of getting to Oakland, or of getting invited into Dynamicland. But I think it's orders of magnitude harder. It's the \"essential complexity\" here.\n\nAs you point out, there are two ways to go about it:\n\na) Emphasize automation first, and try to create a single space with bespoke hardware and software in hopes that it automatically facilitates a wide range of conversations.\n\nb) Emphasize the facilitation, and hope that the variables introduced by the facilitators don't make it too intractable to make generalities about the approach. Then hope that the lessons learned are amenable to automation.\n\nBoth seem hard.\n\n(Thanks for reminding me of this forum. I'd signed up back when it was called tbd.cool.)",
        "user": "UCUSW7WVD",
        "ts": "1554147409.000700",
        "edited": {
            "user": "UCUSW7WVD",
            "ts": "1554147424.000000"
        },
        "thread_ts": "1554092241.009900",
        "parent_user_id": "UH85W1ML1"
    },
    {
        "client_msg_id": "0fc2fbd4-a098-4f57-8576-31396a72460d",
        "type": "message",
        "text": "David: I agree that is needed for larger teams \/ programs.. Lobster evolved as a nice language for 1 dude to write a game in, and it shows.. should not be hard to retrofit stricter modularity, it just means giving up on the nice type inference at the boundary.",
        "user": "UHDQ62M4P",
        "ts": "1554174220.001400",
        "thread_ts": "1553729620.097600",
        "parent_user_id": "UHDQ62M4P"
    },
    {
        "client_msg_id": "30e14222-daab-43c1-98dd-d8684b419ce1",
        "type": "message",
        "text": "Lobster currently supports runtime code generation, but it will simply run a second VM for that (a Lobster \"VM\" is pretty cheap), so that has the disadvantage that the two can only share data that was explicitly serialized.. again that can be improved.",
        "user": "UHDQ62M4P",
        "ts": "1554174300.001600",
        "thread_ts": "1553729620.097600",
        "parent_user_id": "UHDQ62M4P"
    },
    {
        "client_msg_id": "988b2eaa-0f3b-40b4-8b0d-03ecaddc8789",
        "type": "message",
        "text": "(It uses the same trick for multi-threading)",
        "user": "UHDQ62M4P",
        "ts": "1554174310.001800",
        "thread_ts": "1553729620.097600",
        "parent_user_id": "UHDQ62M4P"
    },
    {
        "client_msg_id": "0414ecc9-f07f-45d5-b63b-9373210e8721",
        "type": "message",
        "text": "I work on the LLVM backend for WebAssembly, but also do other things.. generally looking into supporting as many languages as possible on the platform.",
        "user": "UHDQ62M4P",
        "ts": "1554174369.002000",
        "thread_ts": "1553729620.097600",
        "parent_user_id": "UHDQ62M4P"
    },
    {
        "client_msg_id": "0a65ea31-1c19-4ef2-8ad1-aa6a2c9699d6",
        "type": "message",
        "text": "wasm internally to itself certainly doesn't support runtime codegen, as you have no access to the code at all (part of its security model), but you can generate a full wasm module, hand that back to the host (e.g. JS) to spin up a second wasm module. The future will give dynamic linking to make communication with such modules easier. Kind of like generating a DLL\/.so at runtime, just easier",
        "user": "UHDQ62M4P",
        "ts": "1554174488.002200",
        "thread_ts": "1553729620.097600",
        "parent_user_id": "UHDQ62M4P"
    },
    {
        "client_msg_id": "4838fc58-eeb2-476c-8a70-d960ae17645b",
        "type": "message",
        "text": "The memory sharing will be possible in the future. yes, but not currently (likely also with the dynamic loading)",
        "user": "UHDQ62M4P",
        "ts": "1554174535.002400",
        "thread_ts": "1553729620.097600",
        "parent_user_id": "UHDQ62M4P"
    },
    {
        "client_msg_id": "b5894138-073e-4055-aa21-dfbd43030203",
        "type": "message",
        "text": "Garbage collection also coming independently :slightly_smiling_face:",
        "user": "UHDQ62M4P",
        "ts": "1554174547.002600",
        "thread_ts": "1553729620.097600",
        "parent_user_id": "UHDQ62M4P"
    },
    {
        "client_msg_id": "f3b1627f-26e0-4ef9-9cf5-40bc3b960202",
        "type": "message",
        "text": "Restructor in its current form goes for maximum refactoring, and does not care about readability.. yes in a practical application you'd probably want some heuristics that bound the size of functions",
        "user": "UHDQ62M4P",
        "ts": "1554174638.002800",
        "thread_ts": "1553729620.097600",
        "parent_user_id": "UHDQ62M4P"
    },
    {
        "client_msg_id": "7a59c8da-59f4-4dc4-a86b-656eac1232e8",
        "type": "message",
        "text": "You know how to ask a lot of questions :stuck_out_tongue:",
        "user": "UHDQ62M4P",
        "ts": "1554174649.003000",
        "thread_ts": "1553729620.097600",
        "parent_user_id": "UHDQ62M4P"
    }
]