[
    {
        "client_msg_id": "19cdeeff-2396-46cf-9570-718ee6b78ae9",
        "type": "message",
        "text": "Hi Future of Coding Slack!\nI'm Christopher Schuster. I spent some time with Smalltalk and Lively, I was an intern at CDG\/HARC and I also ended up working on live programming for my PhD studies at University of California, Santa Cruz. I recently finished my thesis which tries to somewhat bridge live programming and static program verification (you can read more at <http:\/\/chris-schuster.net\/thesis|chris-schuster.net\/thesis>). I'm currently in the Bay Area.\n\nI'm also a frequent listener of Future of Coding podcast and I'm joining this Slack channel to get some news and updates.",
        "user": "UH1T67DT7",
        "ts": "1552859175.050000",
        "thread_ts": "1552859175.050000",
        "reply_count": 7,
        "reply_users_count": 3,
        "latest_reply": "1552970150.054500",
        "reply_users": [
            "UGMH4H202",
            "UH1T67DT7",
            "UEQ6M68H0"
        ],
        "replies": [
            {
                "user": "UGMH4H202",
                "ts": "1552859628.050100"
            },
            {
                "user": "UH1T67DT7",
                "ts": "1552890385.051600"
            },
            {
                "user": "UEQ6M68H0",
                "ts": "1552891865.051800"
            },
            {
                "user": "UGMH4H202",
                "ts": "1552913825.052700"
            },
            {
                "user": "UH1T67DT7",
                "ts": "1552968331.054000"
            },
            {
                "user": "UH1T67DT7",
                "ts": "1552968545.054300"
            },
            {
                "user": "UEQ6M68H0",
                "ts": "1552970150.054500"
            }
        ],
        "reactions": [
            {
                "name": "wave",
                "users": [
                    "UGMH4H202",
                    "U8A5MS6R1",
                    "UA14TGLTC",
                    "U5TCAFTD3",
                    "UGXH0HCSF",
                    "U85HCL7JP"
                ],
                "count": 6
            }
        ]
    },
    {
        "client_msg_id": "6d472689-c274-47ef-9d37-8678b46e6c07",
        "type": "message",
        "text": "hi chris! i was at cdg \/ harc too, but i don't think we met. what are you upto now?",
        "user": "UGMH4H202",
        "ts": "1552859628.050100",
        "thread_ts": "1552859175.050000",
        "parent_user_id": "UH1T67DT7"
    },
    {
        "client_msg_id": "52cda675-998b-48f3-824a-932ffa02cd64",
        "type": "message",
        "text": "Hi everyone! My name is Robin Allison. I want to understand stuff. I studied pure math in undergrad and grad school for a year. I studied math because I could get it and obsessed over algebraic topology because more than any other subject because I couldn't get it. That wasn't good for my career but its given me a unique perspective on math and I'm grateful for that. I read Michael Nielsen's essay \"Reinventing Explanation\" which eventually let me understand Bret Victor. I came to the conclusion that my understanding was limited by the representations we used, and that by inventing my own I could better understand.\n\nI've had two personal victories, one with spectral sequences and one with the proof of the cellular boundary, in designing better representations using static media. I'm working on better representing the computation of the homology of the projective plane using the decomposition RP^2 = e^2 \\cup e^1 \\cup e^0, extending the previous techniques. I hope that these \"prototypes\" can convince other mathematicians the merits and unexplored possibilities of design, leaving aside the possibilities of dynamic media. Additionally I speculate heavily on how we interface with mathematical ideas, motivated by whats probably considered low working memory and expressive language capabilities for math.\n\nIn my experience it is extremely difficult to get other mathematicians to think about the kinds of ideas talked about here. I think part of the problem is that the solution is outside of math whereas for coding at least the solution is still code and has a historical basis in the work of Alan Kay etc.  So I hope I can hang out here until mathematics expands to consider \"design\" a part of math too. :slightly_smiling_face:",
        "user": "UFPRPSA4S",
        "ts": "1552881152.050700",
        "edited": {
            "user": "UFPRPSA4S",
            "ts": "1552881616.000000"
        },
        "thread_ts": "1552881152.050700",
        "reply_count": 12,
        "reply_users_count": 6,
        "latest_reply": "1553376441.059000",
        "reply_users": [
            "UAVCC2X70",
            "UCGAK10LS",
            "UEQ6M68H0",
            "UAL7940NM",
            "UGMH4H202",
            "UFPRPSA4S"
        ],
        "replies": [
            {
                "user": "UAVCC2X70",
                "ts": "1552886961.051000"
            },
            {
                "user": "UCGAK10LS",
                "ts": "1552887278.051400"
            },
            {
                "user": "UEQ6M68H0",
                "ts": "1552892344.052000"
            },
            {
                "user": "UAL7940NM",
                "ts": "1552899196.052300"
            },
            {
                "user": "UGMH4H202",
                "ts": "1552913984.052900"
            },
            {
                "user": "UFPRPSA4S",
                "ts": "1552975776.054700"
            },
            {
                "user": "UFPRPSA4S",
                "ts": "1552975895.054900"
            },
            {
                "user": "UFPRPSA4S",
                "ts": "1552975986.055300"
            },
            {
                "user": "UFPRPSA4S",
                "ts": "1552976302.055700"
            },
            {
                "user": "UFPRPSA4S",
                "ts": "1552976634.056100"
            },
            {
                "user": "UGMH4H202",
                "ts": "1553376434.058800"
            },
            {
                "user": "UGMH4H202",
                "ts": "1553376441.059000"
            }
        ],
        "reactions": [
            {
                "name": "wave",
                "users": [
                    "UAVCC2X70",
                    "UAL7940NM",
                    "UGMH4H202",
                    "UFW3LB2KA",
                    "U5TCAFTD3",
                    "UEGFXUK3M",
                    "U85HCL7JP",
                    "UA14TGLTC",
                    "UD43R8ZFV",
                    "UFWR21E4W",
                    "UFQQ3P867"
                ],
                "count": 11
            }
        ]
    },
    {
        "client_msg_id": "ed21d6a5-68e8-4355-b31c-7c149232278e",
        "type": "message",
        "text": "Welcome! It sounds like you have some unique perspectives -- a \"blue thought\" in a \"pink plane\". I hope this group is able help you discover the \"blue plane\" you are looking for (and develop whatever tools or approach will make that plane visible). ... If I'm not making sense, I'll refer you to this recent post of mine:\n\n<https:\/\/futureofcoding.slack.com\/archives\/C5T9GPWFL\/p1552797651357800?thread_ts=1552755024.352300&amp;cid=C5T9GPWFL>\n\nI (and surely others here) are hoping to do something similar with programming or computing.",
        "user": "UAVCC2X70",
        "ts": "1552886961.051000",
        "edited": {
            "user": "UAVCC2X70",
            "ts": "1552887243.000000"
        },
        "thread_ts": "1552881152.050700",
        "parent_user_id": "UFPRPSA4S"
    },
    {
        "client_msg_id": "aabcb3dc-9de3-405e-9b7c-db339e618cd1",
        "type": "message",
        "text": "I've also thought heavily about representations of mathematical ideas in the past. I think mathematics and dynamic visualisation are made for one another. I assume you've seen 3blue1brown's visualisation work on YouTube?",
        "user": "UCGAK10LS",
        "ts": "1552887278.051400",
        "thread_ts": "1552881152.050700",
        "parent_user_id": "UFPRPSA4S"
    },
    {
        "client_msg_id": "37aee4de-ac5f-4715-8a7f-a55b4f6a6799",
        "type": "message",
        "text": "Hi nagle! I think I saw your name come up before. I was working in Dan Ingalls' group on Lively at YCR HARC but I worked on stlightly different but related topics for my PhD (see link above). I'm still trying to follow the work of Bret Victor and Jonathan Edwards, etc. By the way, Coda sounds pretty cool. I have to check it out at some point.",
        "user": "UH1T67DT7",
        "ts": "1552890385.051600",
        "thread_ts": "1552859175.050000",
        "parent_user_id": "UH1T67DT7"
    },
    {
        "client_msg_id": "e206849e-7168-473c-ab1d-c7021646ccf6",
        "type": "message",
        "text": "Great work on your thesis. I think that JS itself is the problem though; you can't make a sturdy structure on a foundation of mud, and JS being a copy of ActionScript 2 from so many years ago, has some intrinsic flaws that make it a quite poor choice for the main language of the internet, however that is the history of how it came out.",
        "user": "UEQ6M68H0",
        "ts": "1552891865.051800",
        "thread_ts": "1552859175.050000",
        "parent_user_id": "UH1T67DT7"
    },
    {
        "client_msg_id": "d616cfb2-6b7b-4c36-9025-56f283f95d20",
        "type": "message",
        "text": "Mathematicians by and large have not been much interested in computer programming as a field. For one, mathematics is at its core the study of pattern, and computer programming is very messy and patterns are hard to come by. Also, it doesn't lend itself to any proofs, because even a simple game like Snake can't be proven to be perfect, partly because there are subjective\/aesthetic aspects to defining \"correct\" in a game. I myself am interested in measuring robustness in computer programs, especially as it relates to comparing two languages. Which language has the lowest propensity for error? Can one through the design of a language, make it much more difficult o create an error? I call it the Calculus of Error, and after using Modula-2 for example when everyone else was using C, i found that M2 programs were smaller, faster, and much more reliable, so there are intrinsic characteristics in a language which are measurable. In our industry we haven't been willing to tell the truth about the weaknesses in various languages, preferring to categorize things as mere preference. Without measurement you have fad and fashion.",
        "user": "UEQ6M68H0",
        "ts": "1552892344.052000",
        "thread_ts": "1552881152.050700",
        "parent_user_id": "UFPRPSA4S"
    }
]