[
    {
        "client_msg_id": "0f9ae64e-a45f-4560-9185-a9113c9bc862",
        "type": "message",
        "text": "thanks peter, not sure why slack didnt show me this response tell now :slightly_smiling_face:",
        "user": "UJNJQD2AC",
        "ts": "1558317526.004000",
        "thread_ts": "1557418285.099100",
        "parent_user_id": "UHTPRR5SM",
        "reactions": [
            {
                "name": "+1",
                "users": [
                    "UHTPRR5SM"
                ],
                "count": 1
            }
        ]
    },
    {
        "client_msg_id": "d764466c-e671-4fcd-aff3-cbdd9e65f2a8",
        "type": "message",
        "text": "Hi Daniel :slightly_smiling_face: This is our mission at <http:\/\/storyscript.io|storyscript.io>",
        "user": "UJKKBAMLL",
        "ts": "1558332887.004200",
        "thread_ts": "1558213786.001900",
        "parent_user_id": "UJK8MKYAZ",
        "reactions": [
            {
                "name": "eyes",
                "users": [
                    "UFPPABQ7P"
                ],
                "count": 1
            }
        ]
    },
    {
        "client_msg_id": "54b68d70-d143-4228-973f-b2a7756adcdd",
        "type": "message",
        "text": "Also checkout this deck will will present at KubeCon this week <https:\/\/speakerdeck.com\/stevepeak\/serverless-gives-way-to-storytelling>",
        "user": "UJKKBAMLL",
        "ts": "1558332974.004400",
        "attachments": [
            {
                "service_name": "Speaker Deck",
                "title": "Serverless gives way to Storytelling",
                "title_link": "https:\/\/speakerdeck.com\/stevepeak\/serverless-gives-way-to-storytelling",
                "text": "Dear \"Serverless\", it's time to put you in your place: middle of stack, abstracted away. Developers need to focus on what matters most: business-logic and not the plumbing, deployments, and complexities that plague application development today. Application Storytelling is top-level language that seamlessly connects microservices and functions in a serverless way. Because \"serverless\" is just an abstraction after-all. It's time we amplify development with something we all want: glue code.",
                "fallback": "Speaker Deck: Serverless gives way to Storytelling",
                "image_url": "https:\/\/speakerd.s3.amazonaws.com\/presentations\/899a336f9a5c41118116afe3e5c2c669\/slide_0.jpg?517038",
                "from_url": "https:\/\/speakerdeck.com\/stevepeak\/serverless-gives-way-to-storytelling",
                "image_width": 352,
                "image_height": 250,
                "image_bytes": 37214,
                "service_icon": "https:\/\/d2dfho4r6t7asi.cloudfront.net\/assets\/favicon-c0fe5475f88a65b817c8cc7c0fedc01b7acc17fe27628fa13ca3f96e56e16977.png",
                "id": 1,
                "original_url": "https:\/\/speakerdeck.com\/stevepeak\/serverless-gives-way-to-storytelling"
            }
        ],
        "thread_ts": "1558213786.001900",
        "parent_user_id": "UJK8MKYAZ"
    }
]