[
    {
        "client_msg_id": "e588e386-917d-4e86-b500-6504f41ccbf2",
        "type": "message",
        "text": "How on earth did I forget to include Scriabin among my list of fascinating composers?! (Latter Scriabin of course, e.g. the two Symponies\/Poems and as you mentioned, the piano works). Mysterium - wasn’t that a work to be performed on a mountain in India during the end of the world? Got to get into this stuff more! Too much careerism can sap one’s spirituality. :slightly_smiling_face:",
        "user": "UCSJ44X1S",
        "ts": "1553596253.091000",
        "edited": {
            "user": "UCSJ44X1S",
            "ts": "1553596553.000000"
        },
        "thread_ts": "1549059485.116800",
        "parent_user_id": "UCSJ44X1S"
    },
    {
        "client_msg_id": "7c966fdc-123a-4b07-a969-5d251d47dd67",
        "type": "message",
        "text": "Never quite got into John Coltrane, but Sun Ra and Parliament Funkadelic interested me a lot with themes of space and transcendence (I experience “Maggot Brain” as simply pure meditation). Will check out Maurice Durfle.",
        "user": "UCSJ44X1S",
        "ts": "1553596467.091200",
        "thread_ts": "1549059485.116800",
        "parent_user_id": "UCSJ44X1S"
    },
    {
        "client_msg_id": "57fb4ea6-8118-4ebd-a35e-880a74ed77fb",
        "type": "message",
        "text": "Coltrane ranges from super mellow to unbearable atonality\/harshness. The album he did with Johnny Hartman is one of the most mellow records you will ever hear. There is also a compilation called the \"gentle side of JC\" that is particularly pleasant. His wife Alice Coltrane was no slouch either, and she made a lot of spacey harp music at the same time as he was doing his stuff. Coltrane got into heroin and then kicked it so there an intensity in his work, depending on his physical state, that is quite extreme. And of course you are getting McCoy Tyner who is super great. Tyner still performs a bit, he is one of the only survivors of that era. sorry i misspelled Durufle earlier. He wrote very little music, but his Requiem i believe is even nicer than Faure's. And also worth checking out is Cannonball Adderly &amp; Nancy Wilson. She was just a kid at the time, her first record, and it is spectacular. Youth is so beautiful.",
        "user": "UEQ6M68H0",
        "ts": "1553648291.091500",
        "thread_ts": "1549059485.116800",
        "parent_user_id": "UCSJ44X1S"
    }
]