[
    {
        "client_msg_id": "b4f36d23-5827-4008-bd36-99c516bef8c2",
        "type": "message",
        "text": "Hi Nathan, welcome. I'm curious if you could elaborate on how you feel the pedagogy led your students wrong and what you think is the right approach to learning to create things with code?",
        "user": "UFXFB1RK8",
        "ts": "1557765084.127000",
        "thread_ts": "1557597374.115100",
        "parent_user_id": "UJLHTBK0V"
    },
    {
        "client_msg_id": "ce50076e-cc57-4b15-8a45-ab720125b8bf",
        "type": "message",
        "text": "&gt; Both groups are excluded at present, and the seniors have the most to offer because they know what should be built, while kids typically only know games\n\nI think the tool that can make games well vs. the tool that can make \"what should be built\" is probably very different?  My guess is most serious applications that a senior might design look more like spreadsheets, or an ECA system, and wouldn't necessarily have the primitives to make compelling games or interactive art\\stories that more kid focused environments like scratch or etoys encourage.  This comes back to <@UCUSW7WVD>'s comment that simplifying programming language doesn't help much, you need to build environments that empower people",
        "user": "UBSMEUXAA",
        "ts": "1557769735.127300",
        "thread_ts": "1557655709.119900",
        "parent_user_id": "UEQ6M68H0"
    },
    {
        "client_msg_id": "92c81001-bb17-4637-a673-459699e8277e",
        "type": "message",
        "text": "One thing I've anecdotally experienced with seniors (relatively small sample size of my parents and their friends), is even if they use consumer applications daily, and have been using computers in some form for most of their lives, its common that they don't understand that they don't understand the limitations of modern computing devices, which is a big ask, but I wonder if a lot of great ideas seniors would come up with are probably the way things \"should be\" in computing, but are also 10x unsolved research problems stacked on top of each other :slightly_smiling_face:",
        "user": "UBSMEUXAA",
        "ts": "1557769903.127500",
        "thread_ts": "1557655709.119900",
        "parent_user_id": "UEQ6M68H0"
    },
    {
        "client_msg_id": "55b7e26f-7e3c-4c26-acda-14d5a8bf2726",
        "type": "message",
        "text": "this is one of the advantages of kids focusing on games, kids can be easily impressed with just moving a sprite on the screen or displaying some text, anything that allows for a little self-expression, imo seniors (and non-coding adults in general) have a higher bar",
        "user": "UBSMEUXAA",
        "ts": "1557769966.127700",
        "thread_ts": "1557655709.119900",
        "parent_user_id": "UEQ6M68H0",
        "reactions": [
            {
                "name": "bulb",
                "users": [
                    "UCUSW7WVD"
                ],
                "count": 1
            }
        ]
    },
    {
        "client_msg_id": "e33880d3-929b-47cb-acd7-1db235471447",
        "type": "message",
        "text": "seniors are a little different in that they probably don't care about immediate employment like most adults that go to coding bootcamps do, so they would care more about what they can do to make their lives or their community better, vs younger adults that aren't retired that tend to think about \"how much, javascript, python and sql can I learn to get a job\"",
        "user": "UBSMEUXAA",
        "ts": "1557770075.127900",
        "thread_ts": "1557655709.119900",
        "parent_user_id": "UEQ6M68H0"
    },
    {
        "client_msg_id": "e0ba8c70-5f30-4874-a700-445cebe7edd8",
        "type": "message",
        "text": "A local nonprofit that works closely with the school districts in my state recruited me and others as college mentors to lead a new coding camp, with one college mentor per class of about 30 kids. They gave us a curriculum provided by a local boot camp. The result was that the entire 9-week program was dedicated to having each kid build the same website, with a bit of flexibility for styling. I had to fight the system to give the kids in my classroom freedom to pursue the projects they actually wanted to work on.\n\nThe perception among educators seems to be that because programming is considered a STEM field, it can be effectively taught like a math class. The teacher presents the material, the kids are assigned homework problems, and the teacher grades the resulting work. This is not how anyone that I know who loves programming learned to code. In my experience, coding is much better learned the way an artist learns to paint or a writer to write. Rather than giving the kids homework assignments specially crafted to be easy to grade, we should be giving them freedom to pursue whatever projects interest them, and provide guidance and support in helping them to choose projects that are achievable and will stretch them. I find that the things I learn actually stick with me if I discover them for myself.",
        "user": "UJLHTBK0V",
        "ts": "1557773095.129000",
        "thread_ts": "1557597374.115100",
        "parent_user_id": "UJLHTBK0V"
    },
    {
        "client_msg_id": "0ffc40e1-fc83-4201-9fd3-a2bf0ce9a3a6",
        "type": "message",
        "text": "Hi! I’m Ian (but you could tell that already), from Minneapolis.\n\nI’m particularly interested in programming environments – for instance, notebook interfaces seem like the most notable programming exploration of the moment. But the specific project I’ve been mulling over and experimenting with is using fully automated testing (like fuzzing) of interactive applications to collect execution information to support the programmer. I imagine a system where you can get a map of what the application actually does (intentional or not), and then you can explore down into _why_ it does those things.\n\nBut it’s a side project, so maybe more dream than reality, but I’m sure I’m not alone :wink:",
        "user": "UJM9NG84Q",
        "ts": "1557773195.129600",
        "thread_ts": "1557773195.129600",
        "reply_count": 3,
        "reply_users_count": 3,
        "latest_reply": "1558011854.177400",
        "reply_users": [
            "U85HCL7JP",
            "UJM9NG84Q",
            "UJPHQ8Z3N"
        ],
        "replies": [
            {
                "user": "U85HCL7JP",
                "ts": "1557808580.133500"
            },
            {
                "user": "UJM9NG84Q",
                "ts": "1557851086.140500"
            },
            {
                "user": "UJPHQ8Z3N",
                "ts": "1558011854.177400"
            }
        ],
        "reactions": [
            {
                "name": "heart",
                "users": [
                    "UCUSW7WVD",
                    "UBSMEUXAA",
                    "U7C7B75R6",
                    "UJCHWTMH6"
                ],
                "count": 4
            },
            {
                "name": "wave",
                "users": [
                    "UC21F8Q48",
                    "U5TCAFTD3",
                    "U8A5MS6R1",
                    "UJCHWTMH6",
                    "UJLHTBK0V",
                    "UJ6LDMMN0",
                    "U85HCL7JP",
                    "UCKRZS3DZ",
                    "UA14TGLTC"
                ],
                "count": 9
            },
            {
                "name": "+1",
                "users": [
                    "UHZNB3HRP"
                ],
                "count": 1
            }
        ]
    },
    {
        "client_msg_id": "6A876D33-4EED-4409-8969-AED036F95DD7",
        "type": "message",
        "text": "Sounds cool <@UJM9NG84Q> ! Can you share more details about, like what programming languages it will work with? Is it open source? At what stage is the project?",
        "user": "U85HCL7JP",
        "ts": "1557808580.133500",
        "thread_ts": "1557773195.129600",
        "parent_user_id": "UJM9NG84Q"
    }
]