[
    {
        "client_msg_id": "f76a75e2-fea5-454b-b747-67e77bfd6043",
        "type": "message",
        "text": "interesting how all these approaches end up covering such similar ground. My current prototype incorporates an ordered sequence of atomic changes as well, mainly to enable distributed and offline programming. I'll look further into Interact soon, and hopefully I can show the group my own prototype in the coming weeks.",
        "user": "UH84GQ3CZ",
        "ts": "1555783164.043100",
        "thread_ts": "1555514720.025900",
        "parent_user_id": "UH84GQ3CZ",
        "reactions": [
            {
                "name": "+1",
                "users": [
                    "UAVCC2X70"
                ],
                "count": 1
            }
        ]
    }
]