[
    {
        "client_msg_id": "290a3971-f912-44bf-ac0a-64cedf19d256",
        "type": "message",
        "text": "Hello, I’m a long time Clojure developer based in Athens, Greece. I used to live in London for almost two decades. My personal journey was BASIC -&gt; some C\/C++ -&gt; Perl -&gt; Java -&gt; Clojure. I’m currently the tech lead for a couple of small Clojure teams (3 devs in each team but with very different projects) and I’m very interested in developer experience (DX as opposed to UX) so I found that the podcast really resonated with me. I’m here to just hang out and discuss stimulating ideas!",
        "user": "UF5PAGQQ4",
        "ts": "1546540132.039300",
        "thread_ts": "1546540132.039300",
        "reply_count": 2,
        "reply_users_count": 2,
        "latest_reply": "1546559575.050300",
        "reply_users": [
            "UF5PAGQQ4",
            "UC2A2ARPT"
        ],
        "replies": [
            {
                "user": "UF5PAGQQ4",
                "ts": "1546540345.039400"
            },
            {
                "user": "UC2A2ARPT",
                "ts": "1546559575.050300"
            }
        ],
        "reactions": [
            {
                "name": "wave",
                "users": [
                    "UEGFXUK3M",
                    "UE6EFEPTQ",
                    "UC2A2ARPT",
                    "U8A5MS6R1",
                    "UA14TGLTC",
                    "U5TCAFTD3",
                    "U85HCL7JP",
                    "UCSJ44X1S",
                    "U5STGTB3J"
                ],
                "count": 9
            }
        ]
    },
    {
        "client_msg_id": "ccc99a65-4400-416e-adc0-f9f7dd806e1e",
        "type": "message",
        "text": "Looking through <#C5T9GPWFL|general>, I’m glad to see that some Clojurians are already here",
        "user": "UF5PAGQQ4",
        "ts": "1546540345.039400",
        "edited": {
            "user": "UF5PAGQQ4",
            "ts": "1546607771.000000"
        },
        "thread_ts": "1546540132.039300",
        "parent_user_id": "UF5PAGQQ4"
    },
    {
        "client_msg_id": "d5bc3e8e-f083-46d1-9ee3-902e0f124d41",
        "type": "message",
        "text": "Hi folks, I'm here at <@UEK890E6A>'s invitation.",
        "user": "UF71PR58X",
        "ts": "1546542921.040500",
        "reactions": [
            {
                "name": "wave",
                "users": [
                    "UEGFXUK3M",
                    "U8A5MS6R1",
                    "U5TCAFTD3"
                ],
                "count": 3
            }
        ]
    },
    {
        "client_msg_id": "5f1da187-23e9-4244-becf-b89e417370ad",
        "type": "message",
        "text": "I'm in the typed functional programming camp. I've been working with Scala since the beginning in 2004. I'm a member of the Scala SIP (ie. language design) committee and a contributor to both Scala 2 and the upcoming Scala 3 (aka Dotty) compiler ... currently my day job is 50% work on the latter. I'm also the author of shapeless, Scala's main generic programming library, and a cofounder of Typelevel, an umbrella group for Scala projects which focuses on the typed functional end of the Scala spectrum combined with a desire to create a welcoming environment for people coming from outside that tradition.\nTypes are very much my thing, and I take the view that dependent types in particular are the future. I think of Scala and Haskell as being the partially dependent status quo, and languages like Agda and Idris showing the way ahead.",
        "user": "UF71PR58X",
        "ts": "1546543604.049200",
        "thread_ts": "1546543604.049200",
        "reply_count": 8,
        "reply_users_count": 2,
        "latest_reply": "1546608768.053300",
        "reply_users": [
            "UEZPBFZPC",
            "UF71PR58X"
        ],
        "replies": [
            {
                "user": "UEZPBFZPC",
                "ts": "1546586421.051300"
            },
            {
                "user": "UF71PR58X",
                "ts": "1546599564.051700"
            },
            {
                "user": "UF71PR58X",
                "ts": "1546599702.051900"
            },
            {
                "user": "UF71PR58X",
                "ts": "1546599730.052100"
            },
            {
                "user": "UF71PR58X",
                "ts": "1546599910.052300"
            },
            {
                "user": "UF71PR58X",
                "ts": "1546600098.052500"
            },
            {
                "user": "UEZPBFZPC",
                "ts": "1546608673.053100"
            },
            {
                "user": "UEZPBFZPC",
                "ts": "1546608768.053300"
            }
        ],
        "reactions": [
            {
                "name": "wave",
                "users": [
                    "UCSJ44X1S"
                ],
                "count": 1
            }
        ]
    },
    {
        "client_msg_id": "808f47ff-2550-4bcc-b1ac-3caeb3619ecd",
        "type": "message",
        "text": "Keen to find out what you folks find interesting :slightly_smiling_face:",
        "user": "UF71PR58X",
        "ts": "1546543618.049600",
        "reactions": [
            {
                "name": "wave::skin-tone-3",
                "users": [
                    "UE6EFEPTQ",
                    "U85MWBKEY",
                    "UDJ2TKB99",
                    "UC2A2ARPT",
                    "U8A5MS6R1",
                    "UA14TGLTC",
                    "UEZPBFZPC",
                    "U5TCAFTD3",
                    "UCSJ44X1S",
                    "U5STGTB3J"
                ],
                "count": 10
            }
        ]
    },
    {
        "client_msg_id": "f6b0773b-c9c9-42e0-930e-a8fd992ccc39",
        "type": "message",
        "text": "Hell yeah!",
        "user": "UC2A2ARPT",
        "ts": "1546559575.050300",
        "thread_ts": "1546540132.039300",
        "parent_user_id": "UF5PAGQQ4",
        "reactions": [
            {
                "name": "grin",
                "users": [
                    "UF5PAGQQ4"
                ],
                "count": 1
            }
        ]
    },
    {
        "client_msg_id": "eac2a3e0-1a49-4965-a567-30f11b7bfdab",
        "type": "message",
        "text": "Welcome Miles, great to have you here!\n\nI've been working with Typed FP (Reason\/OCaml) from last year, and after starting to see the interesting things PL Theory can do, I have a newfound respect for computer science academia and the steady progression to more powerful type systems. Also the guarantees they provide can be useful for things like bi-directional programming (<http:\/\/ravichugh.github.io\/sketch-n-sketch\/>).\n\nI'm curious about Dotty - I've wanted to learn how it does incremental compilation and have watched an Odersky talk about it. My main question was how it caches compilation results, and how to compute cache keys for AST nodes efficiently (if that is how it is done).",
        "user": "UEZPBFZPC",
        "ts": "1546586421.051300",
        "edited": {
            "user": "UEZPBFZPC",
            "ts": "1546586466.000000"
        },
        "thread_ts": "1546543604.049200",
        "parent_user_id": "UF71PR58X"
    }
]