[
    {
        "client_msg_id": "bdca1727-6722-48d2-bd7c-966451dee9e3",
        "type": "message",
        "text": "this is quite interesting, yes I think too that the dat project and also the IPFS project are among the most advanced and best organized projects in that space",
        "user": "UJFN50C00",
        "ts": "1557907164.164000",
        "thread_ts": "1557825879.137200",
        "parent_user_id": "UJBAJNFLK"
    },
    {
        "client_msg_id": "39dc9c32-333a-481d-970b-de9ee6ccd24d",
        "type": "message",
        "text": "\"that space\" I think is called web3 and you can find really many interesting projects related to these issues there",
        "user": "UJFN50C00",
        "ts": "1557907197.164200",
        "thread_ts": "1557825879.137200",
        "parent_user_id": "UJBAJNFLK"
    },
    {
        "client_msg_id": "18f0e8fa-8f40-4f81-a18f-a5bd4223c52c",
        "type": "message",
        "text": "here is a intro to web3 from juan benet ( creator IPFS, worked on DAT)",
        "user": "UJFN50C00",
        "ts": "1557907215.164400",
        "thread_ts": "1557825879.137200",
        "parent_user_id": "UJBAJNFLK"
    },
    {
        "client_msg_id": "a903ab5a-836a-4e31-a092-033a52ed87d0",
        "type": "message",
        "text": "<https:\/\/www.youtube.com\/watch?v=l44z35vabvA>",
        "user": "UJFN50C00",
        "ts": "1557907216.164600",
        "attachments": [
            {
                "service_name": "YouTube",
                "service_url": "https:\/\/www.youtube.com\/",
                "title": "What Exactly is Web3? by Juan Benet at Web3 Summit 2018",
                "title_link": "https:\/\/www.youtube.com\/watch?v=l44z35vabvA",
                "author_name": "Web3 Foundation",
                "author_link": "https:\/\/www.youtube.com\/channel\/UClnw_bcNg4CAzF772qEtq4g",
                "thumb_url": "https:\/\/i.ytimg.com\/vi\/l44z35vabvA\/hqdefault.jpg",
                "thumb_width": 480,
                "thumb_height": 360,
                "fallback": "YouTube Video: What Exactly is Web3? by Juan Benet at Web3 Summit 2018",
                "video_html": "<iframe width=\"400\" height=\"225\" src=\"https:\/\/www.youtube.com\/embed\/l44z35vabvA?feature=oembed&autoplay=1&iv_load_policy=3\" frameborder=\"0\" allow=\"accelerometer; autoplay; encrypted-media; gyroscope; picture-in-picture\" allowfullscreen><\/iframe>",
                "video_html_width": 400,
                "video_html_height": 225,
                "from_url": "https:\/\/www.youtube.com\/watch?v=l44z35vabvA",
                "service_icon": "https:\/\/a.slack-edge.com\/2089\/img\/unfurl_icons\/youtube.png",
                "id": 1,
                "original_url": "https:\/\/www.youtube.com\/watch?v=l44z35vabvA"
            }
        ],
        "thread_ts": "1557825879.137200",
        "parent_user_id": "UJBAJNFLK"
    },
    {
        "client_msg_id": "cefc15f7-3ff4-457e-9ec0-e586b098374c",
        "type": "message",
        "text": "<@UAVCC2X70> <@UCGAK10LS> <@UJFN50C00> Thanks for your comments on my introduction! <@UAVCC2X70>: your \"tool\" sounds promising and I am sure you have mentioned it here earlier, but I don't see how I can find this easily in the Slack history. Frustrating. <@UCGAK10LS> My focus is the same as yours: code and data. I'll happily leave infrastructures to others, such as the people imagining Web3 (thanks <@UJFN50C00> for the reference, I hadn't seen that particular label before).",
        "user": "UJBAJNFLK",
        "ts": "1557929363.165100",
        "thread_ts": "1557825879.137200",
        "parent_user_id": "UJBAJNFLK"
    },
    {
        "client_msg_id": "c6634816-6e0f-400b-b58d-9dedd1ee1f48",
        "type": "message",
        "text": "My project is here:\n\n<https:\/\/github.com\/d-cook\/Interact>\n\nIt's far from complete in the sense of having something meaningful to demonstrate (though it's not super far off from being minimally functional).\n\nThe I've tried to list all my plans &amp; considerations as \"issues\", so viewing those might give you some idea of what to expect (though some may make more sense than others, in somebody else's mind)",
        "user": "UAVCC2X70",
        "ts": "1557986831.165500",
        "thread_ts": "1557825879.137200",
        "parent_user_id": "UJBAJNFLK",
        "reactions": [
            {
                "name": "+1",
                "users": [
                    "UJBAJNFLK"
                ],
                "count": 1
            }
        ]
    }
]