[
    {
        "client_msg_id": "3a787898-ac19-4498-aa34-38e565f5938d",
        "type": "message",
        "text": "Have you seen Ali Momeni's dranimate?",
        "user": "UEGFXUK3M",
        "ts": "1559901445.016300",
        "thread_ts": "1559860382.014900",
        "parent_user_id": "UKASUGYL8",
        "reactions": [
            {
                "name": "+1",
                "users": [
                    "UKASUGYL8"
                ],
                "count": 1
            }
        ]
    },
    {
        "client_msg_id": "1a83c305-c42d-408d-a22e-da2e699e34bc",
        "type": "message",
        "text": "<https:\/\/vimeo.com\/batchku>",
        "user": "UEGFXUK3M",
        "ts": "1559901455.016500",
        "attachments": [
            {
                "service_name": "Vimeo",
                "title": "Ali Momeni",
                "title_link": "https:\/\/vimeo.com\/batchku",
                "text": "Ali Momeni was born in Isfahan, Iran. He studied physics and music and completed his doctoral degree in music composition, improvisation and performance with computers…",
                "fallback": "Vimeo: Ali Momeni",
                "thumb_url": "https:\/\/i.vimeocdn.com\/portrait\/131211_640x640",
                "from_url": "https:\/\/vimeo.com\/batchku",
                "thumb_width": 640,
                "thumb_height": 640,
                "service_icon": "https:\/\/i.vimeocdn.com\/favicon\/main-touch_180",
                "id": 1,
                "original_url": "https:\/\/vimeo.com\/batchku"
            }
        ],
        "thread_ts": "1559860382.014900",
        "parent_user_id": "UKASUGYL8",
        "reactions": [
            {
                "name": "+1",
                "users": [
                    "UKASUGYL8"
                ],
                "count": 1
            }
        ]
    },
    {
        "client_msg_id": "baf7b5a1-17f2-4815-bb13-a91234758d56",
        "type": "message",
        "text": "<@UJBC0NLDN> Nice project - I also have a project to try and recreate the Learnable Programming demos \"for real\" in Python.\n\nI am currently in a big rewrite of it and I have spun out the \"recording execution\" part into a separate library that you might find useful - <https:\/\/github.com\/ChrisKnott\/Execorder>",
        "user": "UDQBTJ211",
        "ts": "1559906140.017000",
        "thread_ts": "1559761728.006700",
        "parent_user_id": "UJBC0NLDN"
    },
    {
        "client_msg_id": "32fe0f51-f7b1-47fd-9a15-c350276e6df5",
        "type": "message",
        "text": "The main project is <https:\/\/github.com\/ChrisKnott\/Algojammer> - I only released a prototype so far but hopefully the rewrite (which has some very fundamental improvements) will be out soon!",
        "user": "UDQBTJ211",
        "ts": "1559906245.017500",
        "thread_ts": "1559761728.006700",
        "parent_user_id": "UJBC0NLDN"
    },
    {
        "client_msg_id": "0FBBBC2D-459F-4AAA-8B18-9CDB7BC5C56E",
        "type": "message",
        "text": "Wow that looks awesome! Will give it a try, looking forward to some time travel debugging too!",
        "user": "UJBC0NLDN",
        "ts": "1559906324.018500",
        "thread_ts": "1559761728.006700",
        "parent_user_id": "UJBC0NLDN"
    },
    {
        "client_msg_id": "5d471a33-31e1-4a73-963c-aa9caea4e3bb",
        "type": "message",
        "text": "dumb questions for y’all:\n\n- Isn’t the fact that state is destroyed \/ regenerated every time you make a change to Python code an issue to truly supporting Learnable Programming?\n- Is anyone aware of attempts to create some of the ideas in the essay in a live coding language?",
        "user": "UGLSY9X3J",
        "ts": "1559908503.018800",
        "thread_ts": "1559761728.006700",
        "parent_user_id": "UJBC0NLDN"
    },
    {
        "client_msg_id": "0a1d5226-193b-4a4d-a8a6-e773761153d8",
        "type": "message",
        "text": "<http:\/\/www.deepmotion.com|www.deepmotion.com> is quite cool. You can assign a skeleton to any 3d object and then you can train that skeleton to move. It has some underlying physics that makes the animated object want to keep from falling down, this seems to drive some of the movement but I can't explain it well.",
        "user": "UHZNB3HRP",
        "ts": "1559921904.019000",
        "thread_ts": "1559860382.014900",
        "parent_user_id": "UKASUGYL8",
        "reactions": [
            {
                "name": "+1",
                "users": [
                    "UKASUGYL8"
                ],
                "count": 1
            }
        ]
    }
]