[
    {
        "client_msg_id": "1bd7651f-cc3e-422a-abeb-4a66b2a0fd63",
        "type": "message",
        "text": "<@UJBC0NLDN> have you played with Python Tutor? Seems up your alley! Philip Guo is a great guy to chat with code execution visualization in general!",
        "user": "UGLSY9X3J",
        "ts": "1559831604.011400",
        "thread_ts": "1559761728.006700",
        "parent_user_id": "UJBC0NLDN"
    },
    {
        "client_msg_id": "56036435-E998-4DA2-AE28-C1EB50401232",
        "type": "message",
        "text": "2nded on the python tutor recommendation ",
        "user": "UHWC9PXBL",
        "ts": "1559832221.012000",
        "thread_ts": "1559761728.006700",
        "parent_user_id": "UJBC0NLDN"
    },
    {
        "client_msg_id": "51EC5ED6-7A15-4444-BE35-A752321DB101",
        "type": "message",
        "text": "I've not but it looks awesome will check it out!",
        "user": "UJBC0NLDN",
        "ts": "1559836961.012700",
        "thread_ts": "1559761728.006700",
        "parent_user_id": "UJBC0NLDN"
    },
    {
        "client_msg_id": "160bbbdc-cee2-4659-92fa-a62d578fb02b",
        "type": "message",
        "text": "<@UJBC0NLDN> <https:\/\/omny.fm\/shows\/future-of-coding\/22-teaching-programming-at-scale-philip-guo>",
        "user": "UGLSY9X3J",
        "ts": "1559837448.012900",
        "attachments": [
            {
                "title": "#22 - Learning Programming At Scale: Philip Guo - Future of Coding - Omny.fm",
                "title_link": "https:\/\/omny.fm\/shows\/future-of-coding\/22-teaching-programming-at-scale-philip-guo",
                "text": "Philip Guo researches ways to scale programming education beyond the classroom. He is the creator of Python Tutor (<http:\/\/pythontutor.com\/>), a widely-used code visualization and collaborative learning platform, and an assistant professor at UC San Diego. In this episode, we discuss why diverse groups of people study CS, his various prototypes, and the differences between technological research and industry. <http:\/\/futureofcoding.org\/episodes\/22>",
                "fallback": "#22 - Learning Programming At Scale: Philip Guo - Future of Coding - Omny.fm",
                "thumb_url": "https:\/\/omny.fm\/shows\/future-of-coding\/image.jpg?t=1501365999&size=WideShare",
                "fields": [
                    {
                        "title": "Duration",
                        "value": "1:10:49",
                        "short": true
                    }
                ],
                "from_url": "https:\/\/omny.fm\/shows\/future-of-coding\/22-teaching-programming-at-scale-philip-guo",
                "thumb_width": 1200,
                "thumb_height": 630,
                "service_icon": "http:\/\/assets.omny.fm\/assets\/omny\/img\/favicon\/favicon-144x144.png",
                "service_name": "omny.fm",
                "id": 1,
                "original_url": "https:\/\/omny.fm\/shows\/future-of-coding\/22-teaching-programming-at-scale-philip-guo"
            }
        ],
        "thread_ts": "1559761728.006700",
        "parent_user_id": "UJBC0NLDN"
    },
    {
        "client_msg_id": "AF65454E-0F62-4FB7-B1BE-147D4F42E1B3",
        "type": "message",
        "text": "Thank you <@UGLSY9X3J>! will give this a listen!",
        "user": "UJBC0NLDN",
        "ts": "1559837777.014100",
        "thread_ts": "1559761728.006700",
        "parent_user_id": "UJBC0NLDN"
    },
    {
        "client_msg_id": "8b3e878a-bc3b-4b58-8ff3-6eef3fe5098e",
        "type": "message",
        "text": "Hi!\n\nConsider a 3D animated character. How to build one such that it moves by itself? Then, how to make it such as it becomes a proxy for you to express your emotions and experiences, as quickly as possible, with as little indirection as possible?\n\nMy interest in programming and computer as a medium comes from these first set of questions. My name is Achraf (\"ash-rough\"), I live in Morocco, and I have a background in visual arts, philosophy, and cognitive science. I worked in 3D visualization, web programming, and user interface design. More info on my website: <https:\/\/www.achrafkassioui.com\/>\n\nI follow a lot of people in this group. Kudos to all of you who share and communicate your work.",
        "user": "UKASUGYL8",
        "ts": "1559860382.014900",
        "attachments": [
            {
                "title": "Achraf Kassioui",
                "title_link": "https:\/\/www.achrafkassioui.com\/",
                "text": "Philosophy, User interface design, Art.",
                "fallback": "Achraf Kassioui",
                "from_url": "https:\/\/www.achrafkassioui.com\/",
                "service_icon": "https:\/\/www.achrafkassioui.com\/apple-touch-icon.png",
                "service_name": "achrafkassioui.com",
                "id": 1,
                "original_url": "https:\/\/www.achrafkassioui.com\/"
            }
        ],
        "thread_ts": "1559860382.014900",
        "reply_count": 4,
        "reply_users_count": 3,
        "latest_reply": "1560087859.021000",
        "reply_users": [
            "UEGFXUK3M",
            "UHZNB3HRP",
            "UKASUGYL8"
        ],
        "replies": [
            {
                "user": "UEGFXUK3M",
                "ts": "1559901445.016300"
            },
            {
                "user": "UEGFXUK3M",
                "ts": "1559901455.016500"
            },
            {
                "user": "UHZNB3HRP",
                "ts": "1559921904.019000"
            },
            {
                "user": "UKASUGYL8",
                "ts": "1560087859.021000"
            }
        ],
        "reactions": [
            {
                "name": "wave",
                "users": [
                    "U7C7B75R6",
                    "UA14TGLTC",
                    "UJVEPCVT6",
                    "UAJ9DV971",
                    "UEGFXUK3M",
                    "UJ6LDMMN0",
                    "UJBC0NLDN",
                    "UC2A2ARPT",
                    "U85HCL7JP",
                    "U5TCAFTD3"
                ],
                "count": 10
            },
            {
                "name": "+1",
                "users": [
                    "UHDQ62M4P"
                ],
                "count": 1
            }
        ]
    }
]