[
    {
        "client_msg_id": "5d453c14-d86a-4272-a61c-61b73382b5bf",
        "type": "message",
        "text": "Hi, I'm a \"creative technologist\" running a small studio (<http:\/\/flow-control.io|flow-control.io>) and hacking on different projects (<http:\/\/szymonkaliski.com|szymonkaliski.com>), I work mostly in this alley of weird projects, ranging from data visualization and complex UI to art installations, generative graphics, etc. I also make experimental music with DIY software and hardware; I'm very interested in how tools shape what we do, and been recently experimenting with making some domain-specific tools for myself and others; besides all of this I also teach at SWPS university (intro to processing and arduino), and I'm part-time researcher at ink&amp;switch where I work on end-user-programming research.",
        "user": "UF6RLAL7J",
        "ts": "1546800190.058500",
        "thread_ts": "1546800190.058500",
        "reply_count": 2,
        "reply_users_count": 2,
        "latest_reply": "1546868610.060300",
        "reply_users": [
            "UEG9ECNSU",
            "UF6RLAL7J"
        ],
        "replies": [
            {
                "user": "UEG9ECNSU",
                "ts": "1546857147.060100"
            },
            {
                "user": "UF6RLAL7J",
                "ts": "1546868610.060300"
            }
        ],
        "reactions": [
            {
                "name": "wave",
                "users": [
                    "U5TCAFTD3",
                    "UE6EFEPTQ",
                    "UE1JQM9HQ",
                    "U8A5MS6R1",
                    "UF71PR58X",
                    "UEQ7QL15F",
                    "U85HCL7JP",
                    "UEGFXUK3M",
                    "UEXN47YUV",
                    "UDJ2TKB99",
                    "UF5PAGQQ4",
                    "UC25EFSJC",
                    "UC2A2ARPT",
                    "UD43R8ZFV",
                    "U5STGTB3J"
                ],
                "count": 15
            }
        ]
    },
    {
        "client_msg_id": "fb079197-a129-48ea-b41b-756ec719d05a",
        "type": "message",
        "text": "It isn't hard to prove that JavaScript is about 99% a perfect copy of AS2, because you can write a program in AS3, run it through a type-stripper find'replace script and voila you have a JavaScript program. Nowadays with the ES2015 and later additions to JS they have crept towards AS3 which although it has types so it is more like JS of the future does show the shameless copying that the JS team has done of the AS language. I just converted 25,000 lines of code the other day from AS3 to JS. You can tell it is a copy because of the strange quirks in AS which were copied verbatim. For example, when you ask the date functions for the month of their in AS2\/3 it returns the month based on 0, but the day based on 1. The JS date functions do this identically. And the Math... library is almost identical. When you have worked with converting AS3 code (originating from Adobe's Flash Builder, you can see how close they really are. They can't admit they copied it for legal reasons, so the myth that magically a fully formed syntax emerged in a mere 2 weeks persists. Larry Ellison once he bought Sun spent serious money suing Google over how Java was used, and to avoid another incident like that nobody wants to bring up the subject. Frankly Adobe is a much nicer company than Sun, and  I doubt they would ever be so litigious as Oracle is. What annoys me is how poorly they have copied the AS3 features like Modules; the ES Module system is deeply flawed because the implementors have misread the specification on modules, and if you have a module like Math, and import all the symbols, using import * from Math, and refer to a function in Math that doesn't exist, the compiler doesn't catch it. Oops! that is pretty dumb. The current JS compilers think of a module name as an object with an undefined property.  Once again people have neglected to study Prof. Wirth's brilliant work with Modula-2.",
        "user": "UEQ6M68H0",
        "ts": "1546838064.059500",
        "thread_ts": "1544525036.048000",
        "parent_user_id": "UE6EFEPTQ"
    },
    {
        "client_msg_id": "ba37bb55-a004-4194-968c-254796dbd1a4",
        "type": "message",
        "text": "I have some info on Beads at <http:\/\/e-dejong.com|e-dejong.com>, but there is no GitHub repository yet.",
        "user": "UEQ6M68H0",
        "ts": "1546838157.059700",
        "thread_ts": "1544526186.051000",
        "parent_user_id": "UE6EFEPTQ"
    }
]