[
    {
        "client_msg_id": "ad0bc038-9313-4a95-abce-988c3b9cca6e",
        "type": "message",
        "text": "Yes, we serve the slightly anonymous.  :grinning:",
        "user": "UA14TGLTC",
        "ts": "1546940792.067200",
        "thread_ts": "1546889075.066100",
        "parent_user_id": "UF9Q6U1FG"
    },
    {
        "client_msg_id": "46249860-fd04-4674-bdb0-bf22fe6bd024",
        "type": "message",
        "text": "Hello I'm Alex, a livecoding musician and researcher. I made the tidalcycles live coding environment (<http:\/\/tidalcycles.org>) and have in the past dabbled in strange visual programming languages\nMy blag: <http:\/\/slab.org\/>",
        "user": "UF89Z7SRF",
        "ts": "1546948502.068600",
        "attachments": [
            {
                "title": "Alex McLean",
                "title_link": "http:\/\/slab.org\/",
                "text": "Making music with text[ure]",
                "fallback": "Alex McLean",
                "from_url": "http:\/\/slab.org\/",
                "thumb_url": "https:\/\/s0.wp.com\/i\/blank.jpg",
                "thumb_width": 200,
                "thumb_height": 200,
                "service_name": "slab.org",
                "id": 1,
                "original_url": "http:\/\/slab.org\/"
            }
        ],
        "thread_ts": "1546948502.068600",
        "reply_count": 3,
        "reply_users_count": 3,
        "latest_reply": "1547500034.076000",
        "reply_users": [
            "UEGFXUK3M",
            "UEKEQGB9C",
            "UF89Z7SRF"
        ],
        "replies": [
            {
                "user": "UEGFXUK3M",
                "ts": "1546952839.069200"
            },
            {
                "user": "UEKEQGB9C",
                "ts": "1547425280.075500"
            },
            {
                "user": "UF89Z7SRF",
                "ts": "1547500034.076000"
            }
        ],
        "reactions": [
            {
                "name": "wave",
                "users": [
                    "UF71PR58X",
                    "UA14TGLTC",
                    "UEG9ECNSU",
                    "UEGFXUK3M",
                    "UF6RLAL7J",
                    "UD98CHSLS",
                    "UC21F8Q48",
                    "UC2A2ARPT",
                    "UDJ2TKB99",
                    "U5TCAFTD3",
                    "UC25EFSJC",
                    "UCXR52MU2",
                    "UEKEQGB9C",
                    "UD43R8ZFV",
                    "UFEQUBNNT",
                    "UFV8P4472",
                    "U5STGTB3J",
                    "UGP01SJGL"
                ],
                "count": 18
            }
        ]
    },
    {
        "client_msg_id": "7f3583f4-d389-46a0-9d66-7c10d9c9b683",
        "type": "message",
        "text": "<@UD98CHSLS> recommend you check out <@UF89Z7SRF>’s data flow projects, and his phd thesis particularly discussing secondary notation in data flow languages",
        "user": "UEGFXUK3M",
        "ts": "1546952839.069200",
        "edited": {
            "user": "UEGFXUK3M",
            "ts": "1546952862.000000"
        },
        "thread_ts": "1546948502.068600",
        "parent_user_id": "UF89Z7SRF",
        "reactions": [
            {
                "name": "heavy_check_mark",
                "users": [
                    "UD98CHSLS"
                ],
                "count": 1
            }
        ]
    }
]