[
    {
        "client_msg_id": "D32A3EB6-64DB-4BBA-AB8A-24324ED07AC1",
        "type": "message",
        "text": "Hey everybody, I'm a recent software engineering graduate interested in the future of programming.\n\nI'm a huge fan of the podcast and I've been working on bringing Bret Victors program visualiser to Python, here's a link to it running:\n<https:\/\/twitter.com\/frasergreenlee\/status\/1134805965725978624?s=21>\n\nI hope I can see what cool projects you guys are working on and learn more about the future of coding!",
        "user": "UJBC0NLDN",
        "ts": "1559761728.006700",
        "attachments": [
            {
                "fallback": "<https:\/\/twitter.com\/FraserGreenlee|@FraserGreenlee>: Just finished a demo for LiveCoder a tool that lets you see how your program executes while you code it! <https:\/\/gitlab.com\/Fraser-Greenlee\/live-coding> <https:\/\/pbs.twimg.com\/ext_tw_video_thumb\/1134804418870874112\/pu\/img\/9keHnw7GblMEjEpA.jpg>",
                "ts": 1559393800,
                "author_name": "Fraser",
                "author_link": "https:\/\/twitter.com\/FraserGreenlee\/status\/1134805965725978624",
                "author_icon": "https:\/\/pbs.twimg.com\/profile_images\/1109461184254799872\/edH1f7Ih_normal.jpg",
                "author_subname": "@FraserGreenlee",
                "text": "Just finished a demo for LiveCoder a tool that lets you see how your program executes while you code it! <https:\/\/gitlab.com\/Fraser-Greenlee\/live-coding>",
                "service_name": "twitter",
                "service_url": "https:\/\/twitter.com\/",
                "from_url": "https:\/\/twitter.com\/frasergreenlee\/status\/1134805965725978624?s=21",
                "thumb_url": "https:\/\/pbs.twimg.com\/ext_tw_video_thumb\/1134804418870874112\/pu\/img\/9keHnw7GblMEjEpA.jpg",
                "thumb_width": 1152,
                "thumb_height": 720,
                "video_html_width": 1152,
                "video_html_height": 720,
                "video_html": "<video controls poster=\"https:\/\/pbs.twimg.com\/ext_tw_video_thumb\/1134804418870874112\/pu\/img\/9keHnw7GblMEjEpA.jpg\" width=\"1152\" height=\"720\"><source type=\"video\/mp4\" src=\"https:\/\/video.twimg.com\/ext_tw_video\/1134804418870874112\/pu\/vid\/1152x720\/a6VSPag2ZyMp33Y_.mp4?tag=9\"><\/video>",
                "id": 1,
                "original_url": "https:\/\/twitter.com\/frasergreenlee\/status\/1134805965725978624?s=21",
                "footer": "Twitter",
                "footer_icon": "https:\/\/a.slack-edge.com\/6e067\/img\/services\/twitter_pixel_snapped_32.png"
            }
        ],
        "thread_ts": "1559761728.006700",
        "reply_count": 12,
        "reply_users_count": 5,
        "latest_reply": "1559908503.018800",
        "reply_users": [
            "UCUSW7WVD",
            "UJBC0NLDN",
            "UGLSY9X3J",
            "UHWC9PXBL",
            "UDQBTJ211"
        ],
        "replies": [
            {
                "user": "UCUSW7WVD",
                "ts": "1559762229.006900"
            },
            {
                "user": "UCUSW7WVD",
                "ts": "1559762393.007100"
            },
            {
                "user": "UJBC0NLDN",
                "ts": "1559769133.010000"
            },
            {
                "user": "UGLSY9X3J",
                "ts": "1559831604.011400"
            },
            {
                "user": "UHWC9PXBL",
                "ts": "1559832221.012000"
            },
            {
                "user": "UJBC0NLDN",
                "ts": "1559836961.012700"
            },
            {
                "user": "UGLSY9X3J",
                "ts": "1559837448.012900"
            },
            {
                "user": "UJBC0NLDN",
                "ts": "1559837777.014100"
            },
            {
                "user": "UDQBTJ211",
                "ts": "1559906140.017000"
            },
            {
                "user": "UDQBTJ211",
                "ts": "1559906245.017500"
            },
            {
                "user": "UJBC0NLDN",
                "ts": "1559906324.018500"
            },
            {
                "user": "UGLSY9X3J",
                "ts": "1559908503.018800"
            }
        ],
        "reactions": [
            {
                "name": "+1",
                "users": [
                    "UEQ7QL15F",
                    "UA14TGLTC",
                    "UEGFXUK3M",
                    "UHZNB3HRP",
                    "U5TCAFTD3"
                ],
                "count": 5
            }
        ]
    },
    {
        "client_msg_id": "49a4c47a-5393-4a87-b440-ca20edf83a25",
        "type": "message",
        "text": "That's awesome! The repo link seems broken?",
        "user": "UCUSW7WVD",
        "ts": "1559762229.006900",
        "thread_ts": "1559761728.006700",
        "parent_user_id": "UJBC0NLDN"
    },
    {
        "client_msg_id": "081f9c89-a50a-4aec-adbe-b58fbc10a466",
        "type": "message",
        "text": "This sort of thing with existing text-mode infrastructure has been on my mind ever since seeing <https:\/\/github.com\/akavel\/up>. Every now and then I noodle on what OS syscalls it would take to be able to type out arbitrary shell commands (including `rm -rf \/`) and see their effects in a sandbox, without hitting `&lt;Enter&gt;` to actually 'commit' the change.",
        "user": "UCUSW7WVD",
        "ts": "1559762393.007100",
        "edited": {
            "user": "UCUSW7WVD",
            "ts": "1559769275.000000"
        },
        "thread_ts": "1559761728.006700",
        "parent_user_id": "UJBC0NLDN"
    },
    {
        "client_msg_id": "F913CDC4-E450-48F3-8216-5663E1C5D704",
        "type": "message",
        "text": "Thank you! Yeah I'm in-between versions atm but should be out with a usable demo soon.\n\nThat's tool looks sweet will give it a shot!",
        "user": "UJBC0NLDN",
        "ts": "1559769133.010000",
        "thread_ts": "1559761728.006700",
        "parent_user_id": "UJBC0NLDN"
    }
]