[
    {
        "client_msg_id": "710246b1-d7a7-4e6e-8ff0-66a8db59c0d8",
        "type": "message",
        "text": "Interseting and nice work! I like the idea of abstracting things a bit more in the cloud technologies world. What are your plans to use other cloud providers than AWS (I am using GCP now)? Or maybe if you use something like kunernetes you can be more provider agnostic?",
        "user": "UJ6LDMMN0",
        "ts": "1557301422.091200",
        "thread_ts": "1557287801.090800",
        "parent_user_id": "UJKC8B0QN"
    },
    {
        "client_msg_id": "81815e9a-5efd-4a57-800e-24085d1729fc",
        "type": "message",
        "text": "The intro isn't clear. So first you write `Birth -&gt; \"Hello World!\"` and it presumably prints `Hello World!` on the screen...\nbut later you write `GitHubCommit { repository: \"Stratosphere\" } -&gt; \".\/beginCIBuild.js\"` and it... what, it _executes_ `\".\/beginCIBuild.js\"`? If so, why the different behavior?",
        "user": "UD6EXQVM0",
        "ts": "1557325517.091800",
        "edited": {
            "user": "UD6EXQVM0",
            "ts": "1557325694.000000"
        },
        "thread_ts": "1557287801.090800",
        "parent_user_id": "UJKC8B0QN"
    },
    {
        "client_msg_id": "69aa6981-0b59-4308-9354-c8010117378c",
        "type": "message",
        "text": "I also wonder what this can do that plain JavaScript couldn't.",
        "user": "UD6EXQVM0",
        "ts": "1557325638.092100",
        "thread_ts": "1557287801.090800",
        "parent_user_id": "UJKC8B0QN"
    },
    {
        "client_msg_id": "47f27a6a-b0a3-442e-8067-c9576c3c94e1",
        "type": "message",
        "text": "You got it; the -&gt; \"Hello World\" form is syntax sugar and creates a text file under the hood.  In the full HW guide uses the expanded form (<https:\/\/strat.world\/Guides\/Hello%20World>).  The compiler is written in plain JS so...nothing :stuck_out_tongue:.  At its core Strat abstracts \"surface area code\".  You don't have to know what infrastructure you're running on, or what infrastructure your dependencies are running on",
        "user": "UJKC8B0QN",
        "ts": "1557325733.092400",
        "thread_ts": "1557287801.090800",
        "parent_user_id": "UJKC8B0QN"
    },
    {
        "client_msg_id": "080cea30-2d7c-4ed3-b4d0-c5c478045c69",
        "type": "message",
        "text": "The core value comes from when you have lots of computational components that may be spread out--Strat helps those components connect to eachother (and does compiler tricks to make things more efficient)",
        "user": "UJKC8B0QN",
        "ts": "1557325777.092600",
        "thread_ts": "1557287801.090800",
        "parent_user_id": "UJKC8B0QN"
    },
    {
        "client_msg_id": "f7bc2dc3-e29c-4b37-a8f6-90d9c9326060",
        "type": "message",
        "text": "<@UJ6LDMMN0> Strat compiles to a \"bytecode\"-esque format that can be deployed on a wide variety of infrastructure including public cloud, single machines, on prem clouds, etc.  The AWS substrate that implements the bytecode format is just 500 LOC, so porting to GCP would be very easy",
        "user": "UJKC8B0QN",
        "ts": "1557325873.092800",
        "thread_ts": "1557287801.090800",
        "parent_user_id": "UJKC8B0QN",
        "reactions": [
            {
                "name": "+1",
                "users": [
                    "UJ6LDMMN0"
                ],
                "count": 1
            }
        ]
    },
    {
        "client_msg_id": "1c3b982f-7f2f-44c5-9670-b09c767a5e5c",
        "type": "message",
        "text": "Based on feedback the prio of supporting other clouds is climbing rapidly",
        "user": "UJKC8B0QN",
        "ts": "1557325903.093000",
        "thread_ts": "1557287801.090800",
        "parent_user_id": "UJKC8B0QN"
    },
    {
        "client_msg_id": "06ec4130-eb95-4da1-9bb9-94985b40503a",
        "type": "message",
        "text": "<@UD6EXQVM0> And more on the \"why not vanilla JS\"--you could get ~70% of what Strat does with a JS framework and yaml files, but I believe that yaml is not...\"the future of coding\".  We deserve better programmer UX than yaml.",
        "user": "UJKC8B0QN",
        "ts": "1557326038.093200",
        "thread_ts": "1557287801.090800",
        "parent_user_id": "UJKC8B0QN",
        "reactions": [
            {
                "name": "ok_hand",
                "users": [
                    "UFMD4TQMD"
                ],
                "count": 1
            }
        ]
    },
    {
        "client_msg_id": "39d32ed6-49b8-42ee-9875-bf6e70d6a39d",
        "type": "message",
        "text": "I didn't say anything about yaml. Can you give an example of what it does that you couldn't support in JS?",
        "user": "UD6EXQVM0",
        "ts": "1557326176.093400",
        "thread_ts": "1557287801.090800",
        "parent_user_id": "UJKC8B0QN"
    },
    {
        "client_msg_id": "58b0e3ae-56d2-4c1c-ad2e-374d82cd5cf6",
        "type": "message",
        "text": "linking to docs source md so I can target specific lines:\n<https:\/\/github.com\/stratworld\/strat\/blame\/master\/docsSrc\/markdown\/Guides\/Bookstore.md#L217>\nThat \"includes\" a full service into your system like you would a library, then you use it here:\n<https:\/\/github.com\/stratworld\/strat\/blame\/master\/docsSrc\/markdown\/Guides\/Bookstore.md#L191>\nOf note: no infrastructure concretions are used; wherever this is deployed the Books service can call the Sales service that was included.  Strat negotiates connection semantics between the two services.",
        "user": "UJKC8B0QN",
        "ts": "1557326441.093700",
        "thread_ts": "1557287801.090800",
        "parent_user_id": "UJKC8B0QN"
    },
    {
        "client_msg_id": "d1af316e-9847-471d-92ce-3e8c16055806",
        "type": "message",
        "text": "Well, I've never worked on a SOA so I'm not sure why a JS library couldn't do whatever it is that this is doing.",
        "user": "UD6EXQVM0",
        "ts": "1557327277.093900",
        "edited": {
            "user": "UD6EXQVM0",
            "ts": "1557327511.000000"
        },
        "thread_ts": "1557287801.090800",
        "parent_user_id": "UJKC8B0QN"
    },
    {
        "client_msg_id": "95a8ccf1-8460-4cd5-aaab-5f3165773489",
        "type": "message",
        "text": "Ah yea, Strat is purpose built for systems that are distributed in one way or another.  You wouldn't get anything from Strat if you're running on a single machine or a single Browser, etc.",
        "user": "UJKC8B0QN",
        "ts": "1557328272.094200",
        "thread_ts": "1557287801.090800",
        "parent_user_id": "UJKC8B0QN",
        "reactions": [
            {
                "name": "+1",
                "users": [
                    "UDQBTJ211"
                ],
                "count": 1
            }
        ]
    },
    {
        "client_msg_id": "47ef6af6-008a-455e-b99e-a3ef9e85a951",
        "type": "message",
        "text": "I understand, but I still would have liked to understand what it offers above any JS libraries that might exist for the same purpose.",
        "user": "UD6EXQVM0",
        "ts": "1557328694.094600",
        "edited": {
            "user": "UD6EXQVM0",
            "ts": "1557328756.000000"
        },
        "thread_ts": "1557287801.090800",
        "parent_user_id": "UJKC8B0QN"
    },
    {
        "client_msg_id": "3f334646-0844-4b5b-b2df-7d784f39ddd0",
        "type": "message",
        "text": "My philosophy of language design is that you usually shouldn't make a new language (unless it's the only way to offer the benefits you want to offer.)",
        "user": "UD6EXQVM0",
        "ts": "1557328964.094900",
        "edited": {
            "user": "UD6EXQVM0",
            "ts": "1557328979.000000"
        },
        "thread_ts": "1557287801.090800",
        "parent_user_id": "UJKC8B0QN",
        "reactions": [
            {
                "name": "+1::skin-tone-6",
                "users": [
                    "UCKRZS3DZ"
                ],
                "count": 1
            }
        ]
    }
]