[
    {
        "client_msg_id": "98360c13-1d30-407d-a877-b9a9c9950e53",
        "type": "message",
        "text": ":wave: I'm Vitorio, found this place from an HN comment.  I'm a UX designer and user researcher by day, but I've got Bret Victor's 2014 CDG research agenda tacked up on my wall, and I think there are a lot more intersections between this sort of work and more qualitative knowledge work (like user research) than is being broadly pursued.  I wrote up some early armchair Dynamicland commentary here: <http:\/\/vitor.io\/on-dynamicland> and followed it up on Jason Brennan's forum here: <http:\/\/discuss.nearthespeedoflight.com\/t\/dynamicland\/86\/9> (thoughts gratefully welcomed!)",
        "user": "UH85W1ML1",
        "ts": "1554092241.009900",
        "attachments": [
            {
                "title": "Dynamicland and design studio",
                "title_link": "http:\/\/vitor.io\/on-dynamicland",
                "text": "Seeing the Dynamicland tweets, I had to revisit Bret Victor’s “Seeing Spaces”, feeling I had missed a central idea.",
                "fallback": "Dynamicland and design studio",
                "from_url": "http:\/\/vitor.io\/on-dynamicland",
                "service_name": "vitor.io",
                "id": 1,
                "original_url": "http:\/\/vitor.io\/on-dynamicland"
            },
            {
                "service_name": "tbd",
                "title": "Dynamicland",
                "title_link": "http:\/\/discuss.nearthespeedoflight.com\/t\/dynamicland\/86\/9",
                "text": "Hello, okay! This will be my first time writing these ideas out loud, and I hope you’ll ask questions if they don’t make sense, and that you’ll have thoughts in response if they do. (Also I’ll be at XOXO if anyone’s going to that!) 1. It feels like the Geokit essay covers how Dynamicland currently functions in practice pretty well, in that it’s 1:1 with my imagination coming out of my essay last year. The physicality and visibility normalizes collaboration and interaction and access much dif...",
                "fallback": "tbd: Dynamicland",
                "thumb_url": "http:\/\/discuss.nearthespeedoflight.com\/letter_avatar_proxy\/v3\/letter\/v\/dc4da7\/200.png",
                "ts": 1535137329,
                "from_url": "http:\/\/discuss.nearthespeedoflight.com\/t\/dynamicland\/86\/9",
                "thumb_width": 200,
                "thumb_height": 200,
                "service_icon": "http:\/\/discuss.nearthespeedoflight.com\/uploads\/default\/original\/1X\/673d22bbd87c4033b70a2f769b7b985e34a598b5.png",
                "id": 2,
                "original_url": "http:\/\/discuss.nearthespeedoflight.com\/t\/dynamicland\/86\/9"
            }
        ],
        "thread_ts": "1554092241.009900",
        "reply_count": 2,
        "reply_users_count": 1,
        "latest_reply": "1554147409.000700",
        "reply_users": [
            "UCUSW7WVD"
        ],
        "replies": [
            {
                "user": "UCUSW7WVD",
                "ts": "1554146676.000300"
            },
            {
                "user": "UCUSW7WVD",
                "ts": "1554147409.000700"
            }
        ],
        "reactions": [
            {
                "name": "wave",
                "users": [
                    "U8A5MS6R1",
                    "U5TCAFTD3",
                    "UGYGY18UX",
                    "UBN1G4C1J",
                    "UCUSW7WVD",
                    "UAVCC2X70",
                    "UA14TGLTC",
                    "U85HCL7JP",
                    "UEGFXUK3M"
                ],
                "count": 9
            },
            {
                "name": "heart",
                "users": [
                    "UCUSW7WVD"
                ],
                "count": 1
            }
        ]
    }
]