[
    {
        "client_msg_id": "aaba6808-0651-488c-b285-94409f892bb2",
        "type": "message",
        "text": "Hi everyone! I've listened to a couple episodes of the podcast but I've been interested in the future of software development for quite a few years. I've been fascinated by the ideas Bret Victor talks about ever since I saw his talks, and I've been working on bringing together some of his ideas and others together into a new type of software development platform. This seems like a great place to discuss these ideas and learn new concepts too!",
        "user": "UJQRDCZRA",
        "ts": "1558004847.169100",
        "edited": {
            "user": "UJQRDCZRA",
            "ts": "1558004943.000000"
        },
        "reactions": [
            {
                "name": "wave",
                "users": [
                    "U5TCAFTD3",
                    "UC21F8Q48",
                    "UJ6LDMMN0",
                    "UJBAJNFLK",
                    "UAVCC2X70",
                    "U85HCL7JP",
                    "UDJ2TKB99",
                    "UHS9K1N6A",
                    "UCKRZS3DZ"
                ],
                "count": 9
            }
        ]
    },
    {
        "client_msg_id": "61158c3c-f641-4612-8b57-5f713c03bdd2",
        "type": "message",
        "text": "Hi there! I'm Sébastien and am currently based in Montréal (moving to Wellington, NZ in a few months). I've been interested in PL design since late 90s and have created a few transpilers ([Sugar](<https:\/\/github.com\/sebastien\/sugar>), [Sugar 2](<https:\/\/github.com\/sebastien\/sugar2>), [PAML](<https:\/\/github.com\/sebastien\/paml>), [PCSS](<https:\/\/github.com\/sebastien\/pcss]> as well as underlying tools\/libraries like [LambdaFactory](<https:\/\/github.com\/sebastien\/lambdafactory>) and [Libparsing](<https:\/\/github.com\/sebastien\/libparsing>)). My background is primarily in software engineering, but I also have studied design and have worked at the intersection of both creating interactive data-visualizations and data-rich interfaces at [FFunction](<https:\/\/ffctn.com>)\n\nI'm currently working on two PL-related projects at the moment: Curved, a visual editor for the Curv Language by Doug Moen (who's also on this forum) and TLang, a language for incremental tree processing to build compilers, build systems, reactive user interfaces, databases and other applications that rely heavily on a graph structure.\n\nI'm very interested in the topics of visual programming and how programming languages\/paradigms shape our mental model, and I'm particularly interested in the technical topics of parsing, abstract program model\/program representation and data structure synthesis (all of which, you can guess, are quite useful in building modern compilers!).",
        "user": "UJPHQ8Z3N",
        "ts": "1558011582.177300",
        "edited": {
            "user": "UJPHQ8Z3N",
            "ts": "1558012044.000000"
        },
        "thread_ts": "1558011582.177300",
        "reply_count": 5,
        "reply_users_count": 3,
        "latest_reply": "1559336144.001600",
        "reply_users": [
            "UAL7940NM",
            "UJPHQ8Z3N",
            "UC2A2ARPT"
        ],
        "replies": [
            {
                "user": "UAL7940NM",
                "ts": "1558020315.179400"
            },
            {
                "user": "UJPHQ8Z3N",
                "ts": "1558031826.180900"
            },
            {
                "user": "UAL7940NM",
                "ts": "1558079362.182000"
            },
            {
                "user": "UC2A2ARPT",
                "ts": "1559318859.000900"
            },
            {
                "user": "UJPHQ8Z3N",
                "ts": "1559336144.001600"
            }
        ],
        "reactions": [
            {
                "name": "wave",
                "users": [
                    "U5TCAFTD3",
                    "UC21F8Q48",
                    "UHTPRR5SM",
                    "UJCHWTMH6",
                    "UJ6LDMMN0",
                    "UJBAJNFLK",
                    "U85HCL7JP",
                    "UHS9K1N6A",
                    "UCKRZS3DZ",
                    "UC2A2ARPT"
                ],
                "count": 10
            },
            {
                "name": "+1",
                "users": [
                    "UHZNB3HRP"
                ],
                "count": 1
            }
        ]
    },
    {
        "client_msg_id": "e95cbb39-ac32-484a-8ee9-ddd0a7c5cb35",
        "type": "message",
        "text": "Hi Ian, I'm curious about this project, as it's something that I thought would be close to impossible given the almost infinite parameter space that user interactions can generate (and I'm not talking about network interaction with webservices). How do you model\/define the possible inputs to your application? How do you simulate\/synthesize sequences of interactions?",
        "user": "UJPHQ8Z3N",
        "ts": "1558011854.177400",
        "edited": {
            "user": "UJPHQ8Z3N",
            "ts": "1558011866.000000"
        },
        "thread_ts": "1557773195.129600",
        "parent_user_id": "UJM9NG84Q"
    },
    {
        "client_msg_id": "25727c84-f645-42aa-8fac-a75992d26751",
        "type": "message",
        "text": "hey Sebastien I've used sugar before! Thanks for building it, it's a really powerful paradigm :slightly_smiling_face:",
        "user": "UJQRDCZRA",
        "ts": "1558012351.178500",
        "thread_ts": "1558012351.178500",
        "reply_count": 2,
        "reply_users_count": 2,
        "latest_reply": "1558084152.182200",
        "reply_users": [
            "UJPHQ8Z3N",
            "UJQRDCZRA"
        ],
        "replies": [
            {
                "user": "UJPHQ8Z3N",
                "ts": "1558031757.180700"
            },
            {
                "user": "UJQRDCZRA",
                "ts": "1558084152.182200"
            }
        ]
    },
    {
        "client_msg_id": "8c825aff-4c93-4a97-91ce-aa610ea55777",
        "type": "message",
        "text": "Hi Sebastien, I'd be interested to learn more about TLang. Can you post a link to a blog post \/ repo, ...? Welcome to the group :wink:",
        "user": "UAL7940NM",
        "ts": "1558020315.179400",
        "thread_ts": "1558011582.177300",
        "parent_user_id": "UJPHQ8Z3N",
        "reactions": [
            {
                "name": "+1",
                "users": [
                    "UHTPRR5SM"
                ],
                "count": 1
            }
        ]
    },
    {
        "client_msg_id": "0e314817-388f-423e-a4f8-e0ece778cecc",
        "type": "message",
        "text": "It's probably another Sugar, some projects started with the same name. Mine was started in 2003.",
        "user": "UJPHQ8Z3N",
        "ts": "1558031757.180700",
        "thread_ts": "1558012351.178500",
        "parent_user_id": "UJQRDCZRA"
    },
    {
        "client_msg_id": "914d618f-6ee0-4fe4-933a-7caa2f7b4996",
        "type": "message",
        "text": "There's a repo here: <https:\/\/bitbucket.org\/sebastien\/tlang\/> -- but be warned, it's mostly a braindump with some prototypes at the moment. I do have parsers and models implemented though, but the compiler is not there yet. You can start here <https:\/\/bitbucket.org\/sebastien\/tlang\/src\/default\/README.txto>",
        "user": "UJPHQ8Z3N",
        "ts": "1558031826.180900",
        "edited": {
            "user": "UJPHQ8Z3N",
            "ts": "1558031860.000000"
        },
        "thread_ts": "1558011582.177300",
        "parent_user_id": "UJPHQ8Z3N"
    }
]