[
    {
        "client_msg_id": "98c932bd-a54e-4632-b2b9-a75df0cb2d03",
        "type": "message",
        "text": "Hi folks! I'm Pete. My background is as a fullstack developer, but I've become very interested in databases, since a lot of fullstack app development comes down to loading and saving data from the DB. I've been working on <https:\/\/github.com\/vilterp\/treesql>, a database which has GraphQL-inspired tree-structured queries, and pushes out updates to those queries when the underlying data changes.\n\nI work at <https:\/\/www.cockroachlabs.com\/>, where I'm learning the craft of database architecture from some of the greats. A few years ago, I also made some contributions to the Elm time-travelling debugger (<https:\/\/github.com\/elm-lang\/elm-reactor\/pull\/115>), so I have a soft spot for that project :slightly_smiling_face:",
        "user": "UHTPRR5SM",
        "ts": "1557418285.099100",
        "edited": {
            "user": "UHTPRR5SM",
            "ts": "1557418458.000000"
        },
        "thread_ts": "1557418285.099100",
        "reply_count": 6,
        "reply_users_count": 3,
        "latest_reply": "1558317526.004000",
        "reply_users": [
            "U85HCL7JP",
            "UHTPRR5SM",
            "UJNJQD2AC"
        ],
        "replies": [
            {
                "user": "U85HCL7JP",
                "ts": "1557469427.101700"
            },
            {
                "user": "UHTPRR5SM",
                "ts": "1557496582.102100"
            },
            {
                "user": "UHTPRR5SM",
                "ts": "1557496659.102300"
            },
            {
                "user": "UJNJQD2AC",
                "ts": "1557862376.141900"
            },
            {
                "user": "UHTPRR5SM",
                "ts": "1557895709.163100"
            },
            {
                "user": "UJNJQD2AC",
                "ts": "1558317526.004000"
            }
        ],
        "reactions": [
            {
                "name": "wave",
                "users": [
                    "U5TCAFTD3",
                    "UJ6LDMMN0",
                    "UCKRZS3DZ",
                    "UHS9K1N6A",
                    "U7C7B75R6",
                    "U8A5MS6R1",
                    "UD69XQ9J8",
                    "UD6EXQVM0",
                    "U85HCL7JP",
                    "UC21F8Q48"
                ],
                "count": 10
            }
        ]
    },
    {
        "client_msg_id": "a6f20715-f74d-411a-a7f0-c5c565b77bc0",
        "type": "message",
        "text": "Hi <@UHTPRR5SM>.\nI saw your language `lemur` some years ago, do you plan working on it some more in the future? Can you tell me a bit how was the experience of implementing the `diagrams` package in Elm and using it for `lemur`?\nWelcome to this Slack!",
        "user": "U85HCL7JP",
        "ts": "1557469427.101700",
        "thread_ts": "1557418285.099100",
        "parent_user_id": "UHTPRR5SM"
    }
]