[
    {
        "client_msg_id": "5450b2d9-3660-4fa4-9cc0-8cc313474a07",
        "type": "message",
        "text": "I like the visual semantics of eToys. I have just play with it for a few hours, and I have to dig it more. Thanks for pointing out the Alan Kay's video I will take a look!",
        "user": "UJ6LDMMN0",
        "ts": "1556348786.009000",
        "thread_ts": "1556312365.007400",
        "parent_user_id": "UJ6LDMMN0"
    },
    {
        "client_msg_id": "755b3130-2814-460b-a073-d3667c80cd9a",
        "type": "message",
        "text": "And thanks <@U85HCL7JP> for the link to the work on listing visual programming initiatives. I knew the basic list from Erik Hosick, but <@UC2A2ARPT>'s one adds some valuable informations (people, descriptions, comments...) ! I will check it out.",
        "user": "UJ6LDMMN0",
        "ts": "1556349167.009200",
        "thread_ts": "1556312365.007400",
        "parent_user_id": "UJ6LDMMN0",
        "reactions": [
            {
                "name": "+1",
                "users": [
                    "U85HCL7JP",
                    "UC2A2ARPT"
                ],
                "count": 2
            }
        ]
    },
    {
        "client_msg_id": "11496c56-8530-4ed5-a825-27bd9b05bdc8",
        "type": "message",
        "text": "Hi all, I found my way here via some Bret Victor talks, and am interested in learning more about the discussions going on, especially anything in London or the UK. Cheers",
        "user": "UJ7QVJ6MA",
        "ts": "1556378256.011200",
        "reactions": [
            {
                "name": "wave",
                "users": [
                    "U85HCL7JP",
                    "U8A5MS6R1",
                    "UA14TGLTC",
                    "U5TCAFTD3",
                    "UCKRZS3DZ",
                    "U7C7B75R6",
                    "UC21F8Q48"
                ],
                "count": 7
            }
        ]
    }
]