[
    {
        "client_msg_id": "f690cdbe-0c91-4e6e-8d67-126863dff4af",
        "type": "message",
        "text": "Good morning and hello all. My name is Jason Priestley, I'm a bay area software developer. I have one big idea for the future of software. It's hard to describe because it either sounds vague or trivial or incomprehensible depending on how I describe it, so I'll describe it in a few ways, and perhaps the sum will give a better sense of things.\n\nMy idea is to unify programmer and user. Seen from the programmer's side, this means an IDE that provides the discoverability and rich graphical UI that user's enjoy. Seen from the user's side, this means that their walled-garden \"apps\" are now part of one big app, they are unknowingly editing code by clicking buttons, and there is a smooth transition between graphical UI and code.\n\nMy idea is to bring the Lisp REPL into the graphical era. Read and Print are text-based primitives. The modern equivalent is a graphical UI that can extend and edit itself. The extension method may resemble Reader macros, but instead of taking over Read at certain syntax, it takes over the whole UI.\n\nMy idea is to make data into code. Lisp made code into data - a function declaration is also a linked list. Data into code means that whenever you are operating on data - editing a TODO list say - you are literally editing code in one big program. Editing your TODO list is a specialized UI that does the exact same thing as opening the TODOs variable in your code editor and typing out your changes manually.\n\nMy idea is to make a universal editor. Instead of one editor and many apps you have one editor that can be changed and customized to take on any behavior.\n\nMy idea is to complete the idea behind Emacs. People joke that Emacs is an OS, that you can do anything in Emacs. I take these jokes seriously. An extensible editor should be our OS, but emacs is too ad-hoc and too tied to text buffers to really suffice. Emacs, but the primitive operations are more low-level UI constructs, and graphical from the start.",
        "user": "UH84GQ3CZ",
        "ts": "1555514720.025900",
        "thread_ts": "1555514720.025900",
        "reply_count": 48,
        "reply_users_count": 10,
        "latest_reply": "1555783164.043100",
        "reply_users": [
            "UH85W1ML1",
            "UH84GQ3CZ",
            "UC21F8Q48",
            "U79HM6726",
            "UC25EFSJC",
            "UAVCC2X70",
            "U7C7B75R6",
            "U85HCL7JP",
            "UEQ6M68H0",
            "UCUSW7WVD"
        ],
        "replies": [
            {
                "user": "UH85W1ML1",
                "ts": "1555515022.026000"
            },
            {
                "user": "UH84GQ3CZ",
                "ts": "1555515030.026200"
            },
            {
                "user": "UH84GQ3CZ",
                "ts": "1555515392.026700"
            },
            {
                "user": "UC21F8Q48",
                "ts": "1555515806.027000"
            },
            {
                "user": "U79HM6726",
                "ts": "1555515949.027200"
            },
            {
                "user": "UC21F8Q48",
                "ts": "1555517004.027400"
            },
            {
                "user": "UC25EFSJC",
                "ts": "1555517448.027900"
            },
            {
                "user": "UH84GQ3CZ",
                "ts": "1555518950.028600"
            },
            {
                "user": "UH84GQ3CZ",
                "ts": "1555519085.028800"
            },
            {
                "user": "U79HM6726",
                "ts": "1555519256.029100"
            },
            {
                "user": "UC21F8Q48",
                "ts": "1555519563.029300"
            },
            {
                "user": "U79HM6726",
                "ts": "1555519629.029700"
            },
            {
                "user": "UH84GQ3CZ",
                "ts": "1555520362.030000"
            },
            {
                "user": "U79HM6726",
                "ts": "1555521004.030200"
            },
            {
                "user": "UC25EFSJC",
                "ts": "1555521375.030700"
            },
            {
                "user": "UC25EFSJC",
                "ts": "1555521437.030900"
            },
            {
                "user": "UC25EFSJC",
                "ts": "1555521472.031100"
            },
            {
                "user": "UH84GQ3CZ",
                "ts": "1555524631.031600"
            },
            {
                "user": "UC25EFSJC",
                "ts": "1555524843.031800"
            },
            {
                "user": "UC25EFSJC",
                "ts": "1555524884.032000"
            },
            {
                "user": "U79HM6726",
                "ts": "1555524901.032200"
            },
            {
                "user": "U79HM6726",
                "ts": "1555525065.032500"
            },
            {
                "user": "UAVCC2X70",
                "ts": "1555529858.033000"
            },
            {
                "user": "UAVCC2X70",
                "ts": "1555530438.033200"
            },
            {
                "user": "U7C7B75R6",
                "ts": "1555536223.033600"
            },
            {
                "user": "UC25EFSJC",
                "ts": "1555559444.034500"
            },
            {
                "user": "U85HCL7JP",
                "ts": "1555562917.034700"
            },
            {
                "user": "U7C7B75R6",
                "ts": "1555564361.035100"
            },
            {
                "user": "UC25EFSJC",
                "ts": "1555568162.035600"
            },
            {
                "user": "UEQ6M68H0",
                "ts": "1555581378.036400"
            },
            {
                "user": "U79HM6726",
                "ts": "1555589706.036600"
            },
            {
                "user": "UH84GQ3CZ",
                "ts": "1555601957.036900"
            },
            {
                "user": "UH84GQ3CZ",
                "ts": "1555602450.037100"
            },
            {
                "user": "UCUSW7WVD",
                "ts": "1555603159.037300"
            },
            {
                "user": "UH84GQ3CZ",
                "ts": "1555604440.037500"
            },
            {
                "user": "UCUSW7WVD",
                "ts": "1555605149.037700"
            },
            {
                "user": "UH84GQ3CZ",
                "ts": "1555605346.037900"
            },
            {
                "user": "UAVCC2X70",
                "ts": "1555617383.038300"
            },
            {
                "user": "UH84GQ3CZ",
                "ts": "1555628097.038700"
            },
            {
                "user": "UAVCC2X70",
                "ts": "1555631012.039100"
            },
            {
                "user": "UEQ6M68H0",
                "ts": "1555643590.039900"
            },
            {
                "user": "UC25EFSJC",
                "ts": "1555646273.040100"
            },
            {
                "user": "UC25EFSJC",
                "ts": "1555646319.040300"
            },
            {
                "user": "UC25EFSJC",
                "ts": "1555646381.040500"
            },
            {
                "user": "UAVCC2X70",
                "ts": "1555690849.041400"
            },
            {
                "user": "UAVCC2X70",
                "ts": "1555697376.042400"
            },
            {
                "user": "UAVCC2X70",
                "ts": "1555714922.042900"
            },
            {
                "user": "UH84GQ3CZ",
                "ts": "1555783164.043100"
            }
        ],
        "reactions": [
            {
                "name": "+1",
                "users": [
                    "U79HM6726",
                    "UA14TGLTC",
                    "UEGFXUK3M",
                    "UAL7940NM",
                    "U5TCAFTD3",
                    "UCGAK10LS",
                    "UD6EXQVM0"
                ],
                "count": 7
            },
            {
                "name": "100",
                "users": [
                    "UAVCC2X70",
                    "U8A5MS6R1"
                ],
                "count": 2
            },
            {
                "name": "eyes",
                "users": [
                    "UCKRZS3DZ",
                    "UD6EXQVM0"
                ],
                "count": 2
            },
            {
                "name": "wave",
                "users": [
                    "UD6EXQVM0",
                    "U85HCL7JP",
                    "UHS9K1N6A"
                ],
                "count": 3
            }
        ]
    },
    {
        "client_msg_id": "3357c7f7-f017-4df0-bad0-8d7cd9d169e0",
        "type": "message",
        "text": "How do you compare this to the principles behind Smalltalk, where everything in the system is an editable object?",
        "user": "UH85W1ML1",
        "ts": "1555515022.026000",
        "thread_ts": "1555514720.025900",
        "parent_user_id": "UH84GQ3CZ"
    },
    {
        "client_msg_id": "6d4b04f5-78a8-4d3c-b2a2-4c63db2883c7",
        "type": "message",
        "text": "Sent this accidentally before finishing. One last summary. My idea is a structure editor that operates on a unified database of code, shared by all users. The structure editor is written to be highly extensible by the basic operation of matching on syntax and taking over the UI at that point. Users can register syntax-editors, share them etc. They range from the simplest color picker up to potentially, a full graphical UI. More likely, the superior interoperability provided by this architecture would lead to smaller, more focused bits of UI that would be mixed-and-matched ... today's heavy, monolithic UIs would disappear",
        "user": "UH84GQ3CZ",
        "ts": "1555515030.026200",
        "thread_ts": "1555514720.025900",
        "parent_user_id": "UH84GQ3CZ"
    },
    {
        "client_msg_id": "240ef797-8eba-491f-861e-f1a635b70ef0",
        "type": "message",
        "text": "I haven't used smalltalk myself. I think it more or less fulfills the idea of a universal editor but I'm not sure it's a good one. I think OO programming is generally too loose, the UI abstractions from OO aren't very composable.",
        "user": "UH84GQ3CZ",
        "ts": "1555515392.026700",
        "thread_ts": "1555514720.025900",
        "parent_user_id": "UH84GQ3CZ",
        "reactions": [
            {
                "name": "+1",
                "users": [
                    "UH85W1ML1"
                ],
                "count": 1
            }
        ]
    },
    {
        "client_msg_id": "a9f48038-5805-4845-84a8-134325b4cd37",
        "type": "message",
        "text": "<@UH85W1ML1> Almost without exception, manipulating objects in Smalltalk is manipulating the state of the objects rather than their code.",
        "user": "UC21F8Q48",
        "ts": "1555515806.027000",
        "thread_ts": "1555514720.025900",
        "parent_user_id": "UH84GQ3CZ",
        "reactions": [
            {
                "name": "bulb",
                "users": [
                    "UCUSW7WVD"
                ],
                "count": 1
            }
        ]
    },
    {
        "client_msg_id": "4fa34195-acbc-496b-888e-95ff2afafffb",
        "type": "message",
        "text": "Lamdu, while at the moment more focused on lower level “real programming”, also shares the same idea in our “grander vision”..\n\nTo put it into different terms with an example - suppose that a user is editing a video - instead of using an opaque application Final Cut etc, they’ll be editing in a similar video timeline UI, which is just a domain-specific syntax-sugar for calling the appropriate video editing combinator. But an important part of any such projectional syntax sugar is that it doesn’t limit you and allows you also, if you wish, to also perform edits that change the code to anything really, even if it no longer fits the timeline pattern.. So that this timeline-like interface is for concatenating a bunch of videos in a literal list, and then the user wants to concatMap the list so that each video repeats twice - then they could do that but it just won’t have the timeline interface anymore, unless someone creates a sugar for that more complicated pattern too.\n\nBut to do that, I think that we need to start with a good ground to stand on. That’s why we’re starting with the more lower-lever programmingy stuff.\n\nIIUC Unison also has this in their grand vision, which is kind of what Paul Chiusano refers to when he talks about “UX derived from type theory”. And so Hazel too probably shares the same vision.",
        "user": "U79HM6726",
        "ts": "1555515949.027200",
        "thread_ts": "1555514720.025900",
        "parent_user_id": "UH84GQ3CZ",
        "reactions": [
            {
                "name": "heart",
                "users": [
                    "UCUSW7WVD",
                    "U5TCAFTD3"
                ],
                "count": 2
            },
            {
                "name": "+1",
                "users": [
                    "UD6EXQVM0"
                ],
                "count": 1
            }
        ]
    },
    {
        "client_msg_id": "2de270ab-399d-4750-8eec-f3ebcd90e50e",
        "type": "message",
        "text": "&gt;  IDE that provides the discoverability\nYep—current IDEs could do a much better job here!\n&gt; Data into code means that whenever you are operating on data - editing a TODO list say - you are literally editing code in one big program.\nThis is called “programming by demonstration”. It has pros and cons. The hard bit is “inference”: figuring what abstract operation the user intended by the single demonstrated example. DM me if you want a reference list. At the most basic level you can just dump a list of commands in order to a file (like a bash history) and not try to be smart, but these sorts of programs are not the highest quality. In Sketch-n-Sketch we’ve been playing around with an output-directed refactoring approach, but it’ll take some work to generalize that to general purpose programs. (c.f. <https:\/\/www.youtube.com\/watch?v=9JcKnJyufD8>)\n&gt; My idea is a structure editor that operates on a unified database of code, shared by all users.\nI understand this is also <@UC25EFSJC>’s vision for Hazel (<http:\/\/hazel.org\/>). He uses the term “Wikipedia” of code where everything is editable by everyone.\n&gt; The structure editor is written to be highly extensible by the basic operation of matching on syntax and taking over the UI at that point. Users can register syntax-editors, share them etc.\nAgreed! My current understanding is that the matching might be better done by types, actually. Hazel is moving in this direction, I believe.\n&gt; An extensible editor should be our OS\nAgreed! OSes need revisiting—they don’t provide good enough interfaces between disparate code elements.\n&gt; today’s heavy, monolithic UIs would disappear\nWe can hope! But I don’t think “everything is code” gets you all the way there. Even within a single language, there’s a big interface problem between software components and you’ve got to have a story for that. The problem is that it’s hard to (a) understand what kind of data the other source provides, (b) figure out the API to get it, and then (c) mangle the data into the form you need it.",
        "user": "UC21F8Q48",
        "ts": "1555517004.027400",
        "edited": {
            "user": "UC21F8Q48",
            "ts": "1555517012.000000"
        },
        "thread_ts": "1555514720.025900",
        "parent_user_id": "UH84GQ3CZ",
        "reactions": [
            {
                "name": "heart",
                "users": [
                    "UCUSW7WVD"
                ],
                "count": 1
            }
        ]
    },
    {
        "client_msg_id": "05dc55ae-4736-4d66-945b-a24720f80d0d",
        "type": "message",
        "text": "yeah we're working on pretty much everything you mention in Hazel. send me an email if you want to chat, <mailto:cyrus.omar@gmail.com|cyrus.omar@gmail.com>",
        "user": "UC25EFSJC",
        "ts": "1555517448.027900",
        "thread_ts": "1555514720.025900",
        "parent_user_id": "UH84GQ3CZ"
    },
    {
        "client_msg_id": "800dea87-fc06-41c3-b497-1ccd72d02756",
        "type": "message",
        "text": "<@UC21F8Q48> I'm a little bit familiar with programming by example, I don't think it's the same thing I'm going for. If you're editing a TODO list then you'd be editing some syntax like `[{name: \"get milk\"}, {name: \"change motor oil\"}]`. It would be a UI wrapper over the operation of manually typing in a list literal. There's no step of inferring a function from this input.\n\nActually I think I'm in a minority here, I think that ordinary programming languages provide a reasonable way to write logic. I don't really want to replace that kind of activity with drag-and-drop or spreadsheet interfaces or anything.\n\nI've thought about overloading editors based on type; syntax makes more sense to me right now. I think I'd rather edit, say, `take 5 (iterate succ 1)` as textual syntax, but `[1,2,3,4,5]` could be manipulated with a list control.\n\nThanks for the pointer to Hazel, I hadn't run across it before.",
        "user": "UH84GQ3CZ",
        "ts": "1555518950.028600",
        "thread_ts": "1555514720.025900",
        "parent_user_id": "UH84GQ3CZ",
        "reactions": [
            {
                "name": "heart",
                "users": [
                    "UCUSW7WVD",
                    "U7C7B75R6"
                ],
                "count": 2
            },
            {
                "name": "+1",
                "users": [
                    "UD6EXQVM0"
                ],
                "count": 1
            }
        ]
    },
    {
        "client_msg_id": "07189c6d-2f1c-4de7-96dc-dec5d482d59c",
        "type": "message",
        "text": "<@U79HM6726> agreed that we need to work out some fundamentals first. This is my grand vision but I've been mostly working on lower-level concerns including distributed editing, syntax-tree operations, structure editing, and UI combinators.",
        "user": "UH84GQ3CZ",
        "ts": "1555519085.028800",
        "thread_ts": "1555514720.025900",
        "parent_user_id": "UH84GQ3CZ",
        "reactions": [
            {
                "name": "heart",
                "users": [
                    "U79HM6726"
                ],
                "count": 1
            }
        ]
    },
    {
        "client_msg_id": "8d2c65c9-6ff7-41bf-82c5-b5cd5c319697",
        "type": "message",
        "text": "<@UH84GQ3CZ> it sounds like we’re going on very similar paths. Are you familiar with Lamdu?",
        "user": "U79HM6726",
        "ts": "1555519256.029100",
        "thread_ts": "1555514720.025900",
        "parent_user_id": "UH84GQ3CZ"
    },
    {
        "client_msg_id": "a48a4f49-af50-408c-85ac-89c61384269f",
        "type": "message",
        "text": "&gt; a UI wrapper over the operation of manually typing in a list literal\nI assumed you were implying full PBD because literal editing is only a small part of programming—it’s data manipulation not computation manipulation. You may be interested in Mikaël Mayer’s take on bidirectional programming: <https:\/\/www.youtube.com\/watch?v=SoLkTKmr4vU>\n&gt; I think I’m in a minority here, I think that ordinary programming languages provide a reasonable way to write logic\nNobody’s discovered anything better—that’s for sure!",
        "user": "UC21F8Q48",
        "ts": "1555519563.029300",
        "edited": {
            "user": "UC21F8Q48",
            "ts": "1555519568.000000"
        },
        "thread_ts": "1555514720.025900",
        "parent_user_id": "UH84GQ3CZ"
    },
    {
        "client_msg_id": "0a79f5f5-7f35-4a12-92f2-ac2b358e374d",
        "type": "message",
        "text": "&gt; I think I’m in a minority here, I think that ordinary programming languages provide a reasonable way to write logic\n\nIndeed it doesn’t seem to be the minority of this thread at least :slightly_smiling_face:",
        "user": "U79HM6726",
        "ts": "1555519629.029700",
        "thread_ts": "1555514720.025900",
        "parent_user_id": "UH84GQ3CZ"
    },
    {
        "client_msg_id": "836c2b03-5b35-45a1-b2e1-8d80181d0672",
        "type": "message",
        "text": "Lamdu's certainly been on my radar, as well as Unison. I didn't realize that Lamdu's larger vision coincided so closely with mine, I'll have to take a closer look.",
        "user": "UH84GQ3CZ",
        "ts": "1555520362.030000",
        "thread_ts": "1555514720.025900",
        "parent_user_id": "UH84GQ3CZ"
    },
    {
        "client_msg_id": "c33d1e61-4171-4ecb-8279-73eb1b4a4eed",
        "type": "message",
        "text": "Yeah we haven’t communicated our vision and plans as much as Unison or Hazel.\nSince I first saw <@U6KQ2S410>’s subtext videos in 2005 and was subsequently excited about ideas of how programming should be, my fellow leet colleagues were quite skeptical when discussing such stuff, so our approach tended more towards programming something and then talking\/demoing what we’ve already implemented.\n\nBut the not-as-discussed vision is very consistent with both Unison and Hazel. Even the differences with Lamdu that Hazel highlights, like Lamdu stopping evaluations on holes while Hazel resumes are not differences in vision but just in what we have got to implement so far.",
        "user": "U79HM6726",
        "ts": "1555521004.030200",
        "edited": {
            "user": "U79HM6726",
            "ts": "1555521063.000000"
        },
        "thread_ts": "1555514720.025900",
        "parent_user_id": "UH84GQ3CZ"
    },
    {
        "client_msg_id": "837ad12d-5def-4022-98ea-66ca71d23652",
        "type": "message",
        "text": "yeah I think there are several similar projects that differ in the details",
        "user": "UC25EFSJC",
        "ts": "1555521375.030700",
        "thread_ts": "1555514720.025900",
        "parent_user_id": "UH84GQ3CZ"
    },
    {
        "client_msg_id": "c1212850-1432-4751-8c96-2cf68dc5d5f4",
        "type": "message",
        "text": "right now in the Hazel project, we're working on 0) scaling up to an Elm\/ML-like language; 1) \"live palettes\", i.e. UIs that generate code underneath to fill holes and that have access to dynamic information and 2) a semantics for collaborative editing using CRDTs",
        "user": "UC25EFSJC",
        "ts": "1555521437.030900",
        "thread_ts": "1555514720.025900",
        "parent_user_id": "UH84GQ3CZ"
    },
    {
        "client_msg_id": "f552b558-195a-4692-96b0-b02ffe177ce8",
        "type": "message",
        "text": "the ultimate goal is, like Brian mentioned, a \"computational Wikipedia\" where each page is a module and each element on the page, including \"graphical elements\", is an expression in a typed FP",
        "user": "UC25EFSJC",
        "ts": "1555521472.031100",
        "edited": {
            "user": "UC25EFSJC",
            "ts": "1555521490.000000"
        },
        "thread_ts": "1555514720.025900",
        "parent_user_id": "UH84GQ3CZ"
    },
    {
        "client_msg_id": "bf6ecbd8-344e-4014-8484-92029f569a12",
        "type": "message",
        "text": "It seems like the biggest difference between my approach and both Hazel and Lamdu is that I'm not envisioning a type system as an integral component of the editor. I might add a type system but I think the main concepts I'm after could be put on top of untyped lisp or similar.\n\nThat said there seems to be a lot of overlap. \"computational Wikipedia\" is a great metaphor. I'm also working on collaborative editing with operational-transform, which I think is sort of just CRDTs through a different lens.",
        "user": "UH84GQ3CZ",
        "ts": "1555524631.031600",
        "thread_ts": "1555514720.025900",
        "parent_user_id": "UH84GQ3CZ",
        "reactions": [
            {
                "name": "+1::skin-tone-6",
                "users": [
                    "UCKRZS3DZ"
                ],
                "count": 1
            }
        ]
    },
    {
        "client_msg_id": "08eaad5b-e811-47c9-bcd4-83098655333e",
        "type": "message",
        "text": "static types enable a lot of nice edit-time automation at various scales. if you don't want to write types, Hazel has type-level holes (and we're adding type-hole-inference soon)",
        "user": "UC25EFSJC",
        "ts": "1555524843.031800",
        "thread_ts": "1555514720.025900",
        "parent_user_id": "UH84GQ3CZ"
    },
    {
        "client_msg_id": "ef068641-d412-42bf-89a7-8ac0951d79b3",
        "type": "message",
        "text": "operational transforms are an alternative approach to CRDTs",
        "user": "UC25EFSJC",
        "ts": "1555524884.032000",
        "thread_ts": "1555514720.025900",
        "parent_user_id": "UH84GQ3CZ"
    },
    {
        "client_msg_id": "96ac374f-c675-4df9-b844-47ea53630b6c",
        "type": "message",
        "text": "and if you go for the structural editor approach anyway, then you can have a much nicer UX for types. See <https:\/\/docs.google.com\/presentation\/d\/e\/2PACX-1vR7jyq9qWjbF9nIxysT8U3p_osJYn9tP7-vKvczcVNCy-JPwt7zTrvEZuE-lq2WxJwcg07STAOkpvGq\/pub?start=false&amp;loop=false&amp;delayms=5000&amp;slide=id.p> for more on this (these are slides from a talk that will hopefully be uploaded soon so for now fill in the blanks when reading :slightly_smiling_face:)",
        "user": "U79HM6726",
        "ts": "1555524901.032200",
        "thread_ts": "1555514720.025900",
        "parent_user_id": "UH84GQ3CZ"
    },
    {
        "type": "message",
        "text": "Projectional editing can enable solving most of the difficulties that types introduce in textual languages",
        "files": [
            {
                "id": "FHYUCQ2CC",
                "created": 1555525059,
                "timestamp": 1555525059,
                "name": "Screen Shot 2019-04-17 at 21.15.33.png",
                "title": "Screen Shot 2019-04-17 at 21.15.33.png",
                "mimetype": "image\/png",
                "filetype": "png",
                "pretty_type": "PNG",
                "user": "U79HM6726",
                "editable": false,
                "size": 905385,
                "mode": "hosted",
                "is_external": false,
                "external_type": "",
                "is_public": true,
                "public_url_shared": false,
                "display_as_bot": false,
                "username": "",
                "url_private": "https:\/\/files.slack.com\/files-pri\/T5TCAFTA9-FHYUCQ2CC\/screen_shot_2019-04-17_at_21.15.33.png?t=xoxe-197418537349-653683177169-653683177233-23343e578426a323e5fb905bbe2173fe",
                "url_private_download": "https:\/\/files.slack.com\/files-pri\/T5TCAFTA9-FHYUCQ2CC\/download\/screen_shot_2019-04-17_at_21.15.33.png?t=xoxe-197418537349-653683177169-653683177233-23343e578426a323e5fb905bbe2173fe",
                "thumb_64": "https:\/\/files.slack.com\/files-tmb\/T5TCAFTA9-FHYUCQ2CC-6b537a4c28\/screen_shot_2019-04-17_at_21.15.33_64.png?t=xoxe-197418537349-653683177169-653683177233-23343e578426a323e5fb905bbe2173fe",
                "thumb_80": "https:\/\/files.slack.com\/files-tmb\/T5TCAFTA9-FHYUCQ2CC-6b537a4c28\/screen_shot_2019-04-17_at_21.15.33_80.png?t=xoxe-197418537349-653683177169-653683177233-23343e578426a323e5fb905bbe2173fe",
                "thumb_360": "https:\/\/files.slack.com\/files-tmb\/T5TCAFTA9-FHYUCQ2CC-6b537a4c28\/screen_shot_2019-04-17_at_21.15.33_360.png?t=xoxe-197418537349-653683177169-653683177233-23343e578426a323e5fb905bbe2173fe",
                "thumb_360_w": 360,
                "thumb_360_h": 249,
                "thumb_480": "https:\/\/files.slack.com\/files-tmb\/T5TCAFTA9-FHYUCQ2CC-6b537a4c28\/screen_shot_2019-04-17_at_21.15.33_480.png?t=xoxe-197418537349-653683177169-653683177233-23343e578426a323e5fb905bbe2173fe",
                "thumb_480_w": 480,
                "thumb_480_h": 332,
                "thumb_160": "https:\/\/files.slack.com\/files-tmb\/T5TCAFTA9-FHYUCQ2CC-6b537a4c28\/screen_shot_2019-04-17_at_21.15.33_160.png?t=xoxe-197418537349-653683177169-653683177233-23343e578426a323e5fb905bbe2173fe",
                "thumb_720": "https:\/\/files.slack.com\/files-tmb\/T5TCAFTA9-FHYUCQ2CC-6b537a4c28\/screen_shot_2019-04-17_at_21.15.33_720.png?t=xoxe-197418537349-653683177169-653683177233-23343e578426a323e5fb905bbe2173fe",
                "thumb_720_w": 720,
                "thumb_720_h": 497,
                "thumb_800": "https:\/\/files.slack.com\/files-tmb\/T5TCAFTA9-FHYUCQ2CC-6b537a4c28\/screen_shot_2019-04-17_at_21.15.33_800.png?t=xoxe-197418537349-653683177169-653683177233-23343e578426a323e5fb905bbe2173fe",
                "thumb_800_w": 800,
                "thumb_800_h": 553,
                "thumb_960": "https:\/\/files.slack.com\/files-tmb\/T5TCAFTA9-FHYUCQ2CC-6b537a4c28\/screen_shot_2019-04-17_at_21.15.33_960.png?t=xoxe-197418537349-653683177169-653683177233-23343e578426a323e5fb905bbe2173fe",
                "thumb_960_w": 960,
                "thumb_960_h": 663,
                "thumb_1024": "https:\/\/files.slack.com\/files-tmb\/T5TCAFTA9-FHYUCQ2CC-6b537a4c28\/screen_shot_2019-04-17_at_21.15.33_1024.png?t=xoxe-197418537349-653683177169-653683177233-23343e578426a323e5fb905bbe2173fe",
                "thumb_1024_w": 1024,
                "thumb_1024_h": 707,
                "image_exif_rotation": 1,
                "original_w": 2612,
                "original_h": 1804,
                "permalink": "https:\/\/futureofcoding.slack.com\/files\/U79HM6726\/FHYUCQ2CC\/screen_shot_2019-04-17_at_21.15.33.png",
                "permalink_public": "https:\/\/slack-files.com\/T5TCAFTA9-FHYUCQ2CC-36f6ad0ee4",
                "has_rich_preview": false
            }
        ],
        "upload": true,
        "user": "U79HM6726",
        "display_as_bot": false,
        "ts": "1555525065.032500",
        "client_msg_id": "7f06dece-1a29-43ee-a30e-ab09f07261f0",
        "thread_ts": "1555514720.025900",
        "parent_user_id": "UH84GQ3CZ",
        "reactions": [
            {
                "name": "100",
                "users": [
                    "UC25EFSJC"
                ],
                "count": 1
            }
        ]
    },
    {
        "client_msg_id": "1ba0dccf-ed27-4e46-b2f8-03871e5b0c3c",
        "type": "message",
        "text": "Hi <@UH84GQ3CZ>, I think I'm working on much the same thing as you initially describe, and I think we even share some if the same views (or implementation choices) as far as dynamic types, using Lisp (or similar) as an underlying model, UI interaction as \"sugar\" for code manipulation, extending the idea of \"macros\"\/REPL into the UI, a UI that can extend and edit itself, etc.\n\nWe should talk more, and exchange thoughts",
        "user": "UAVCC2X70",
        "ts": "1555529858.033000",
        "edited": {
            "user": "UAVCC2X70",
            "ts": "1555537588.000000"
        },
        "thread_ts": "1555514720.025900",
        "parent_user_id": "UH84GQ3CZ"
    },
    {
        "client_msg_id": "47070806-b27e-4bf5-b9f0-bc743c86414a",
        "type": "message",
        "text": "I think the differing opinions\/choices (e.g. static or dynamic types) on otherwise similar projects\/goals, is a great opportunity to see how different branches of similar ideas play out.\n\nHopefully we get different end results \/ capabilities that will give us more value than we'd have by collectively commiting to only one. (Because, individually we've got to commit to specifics, and can't see where else we'd have ended up)",
        "user": "UAVCC2X70",
        "ts": "1555530438.033200",
        "edited": {
            "user": "UAVCC2X70",
            "ts": "1555530525.000000"
        },
        "thread_ts": "1555514720.025900",
        "parent_user_id": "UH84GQ3CZ"
    },
    {
        "client_msg_id": "c4f64efe-6578-44b9-8a73-f8c58ad3b0b2",
        "type": "message",
        "text": "So you too pick a red one? Welcome, aboard!\n\nMeta question: How does it feel to get flood of responses like \"Heyy it's pretty much I am working on.\"?\nIt's quite fascinating how similar conclusions people get more or less independently.\n\n-Consider is it code editor where the code is also data or is it \"just\" a data editor where the code is one possible domain (I prefer last one).\n    -I am really excited about empowering users for more complex use cases with Unix like reusable tools where classic GUIs are not powerful enough.\n    -A dream from an application developer point of view would be that you just describe part of your API and you would get super powerful UI cheaply.\n-I think some typing is required and for free data editing, I think it shouldn't be nominal.\n-One of my current problems is that what should a code execution look like? You can show a representation of computation result (diagram, SmallTalk GUI) and look for specific element and code behind it or the complete opposite where you can see partial results inside of your code. Or something completely different? You sided this slightly with REPL but it's pretty vague.\n&gt; Read and Print are text-based primitives. The modern equivalent is a graphical UI that can extend and edit itself.\nSo unsolved problem(?), all ideas are welcome.",
        "user": "U7C7B75R6",
        "ts": "1555536223.033600",
        "edited": {
            "user": "U7C7B75R6",
            "ts": "1555563799.000000"
        },
        "thread_ts": "1555514720.025900",
        "parent_user_id": "UH84GQ3CZ"
    },
    {
        "client_msg_id": "b3488a1e-5031-4195-bc32-c10b9def0408",
        "type": "message",
        "text": "(I don't think anyone was ranting, its exciting to see other people interested in similar ideas)",
        "user": "UC25EFSJC",
        "ts": "1555559444.034500",
        "thread_ts": "1555514720.025900",
        "parent_user_id": "UH84GQ3CZ",
        "reactions": [
            {
                "name": "100",
                "users": [
                    "UAVCC2X70",
                    "UH84GQ3CZ"
                ],
                "count": 2
            }
        ]
    },
    {
        "client_msg_id": "1b232b3f-ca12-42b1-bee8-45f408582b25",
        "type": "message",
        "text": "<@UH84GQ3CZ> can you go a bit into what do you see as the benefits for end users?",
        "user": "U85HCL7JP",
        "ts": "1555562917.034700",
        "thread_ts": "1555514720.025900",
        "parent_user_id": "UH84GQ3CZ"
    },
    {
        "client_msg_id": "5f8e26ce-7a78-43e3-a1db-0d2c44c6ec5d",
        "type": "message",
        "text": "(<@UC25EFSJC> Uh my mental image of meaning of 'rant'-word was incorrect. I edited that away.)",
        "user": "U7C7B75R6",
        "ts": "1555564361.035100",
        "thread_ts": "1555514720.025900",
        "parent_user_id": "UH84GQ3CZ"
    },
    {
        "client_msg_id": "61f50893-6e35-4f93-81d2-77162ae553cb",
        "type": "message",
        "text": "ok no worries :slightly_smiling_face:",
        "user": "UC25EFSJC",
        "ts": "1555568162.035600",
        "thread_ts": "1555514720.025900",
        "parent_user_id": "UH84GQ3CZ"
    }
]