[
    {
        "client_msg_id": "28754aaf-8517-4b4b-a308-39c15a11052e",
        "type": "message",
        "text": "hullo all. i'm a researcher working on p2p systems for an industrial research group called ink &amp; switch. we shared some of our earlier work on locally hosted collaborative systems in a post from last summer here: <https:\/\/medium.com\/@pvh\/pixelpusher-real-time-peer-to-peer-collaboration-with-react-7c7bc8ecbf74>",
        "user": "UFXFB1RK8",
        "ts": "1549053489.115300",
        "thread_ts": "1549053489.115300",
        "reply_count": 1,
        "reply_users_count": 1,
        "latest_reply": "1549106296.120400",
        "reply_users": [
            "UAL7940NM"
        ],
        "replies": [
            {
                "user": "UAL7940NM",
                "ts": "1549106296.120400"
            }
        ],
        "reactions": [
            {
                "name": "wave",
                "users": [
                    "UCKRZS3DZ",
                    "U5TCAFTD3",
                    "U8A5MS6R1",
                    "U85HCL7JP",
                    "UC2A2ARPT",
                    "UFB8STN7K",
                    "U5STGTB3J",
                    "UCUSW7WVD",
                    "UDJ2TKB99",
                    "UF6RLAL7J",
                    "UDRF3ALP4",
                    "UD43R8ZFV",
                    "UFPPABQ7P"
                ],
                "count": 13
            }
        ]
    },
    {
        "client_msg_id": "aa8fbb28-d9b3-4c34-bc01-6771e91b5346",
        "type": "message",
        "text": "He's here! <@UEQ6M68H0> ",
        "user": "U5TCAFTD3",
        "ts": "1549054250.115600",
        "thread_ts": "1548216477.109700",
        "parent_user_id": "UFLN9JFRT"
    },
    {
        "client_msg_id": "e23f13b8-f053-4b30-9f58-0c385ce777ca",
        "type": "message",
        "text": "Hello all! I’ve been hanging around this community since I attended the first London meetup, so it’s probably about time I introduced myself. :slightly_smiling_face:\n\nI’m an Australian software developer currently working as a contractor in London and looking forward to working in other global cities in the future. Was fortunate enough to discover computers around age 12, got my first paid development job at 15 (couldn’t believe that I could get paid to do something I already enjoy!) and never looked back. Worked with various languages, projects and stacks. These days it’s Typescript, Javascript, Rx and C#. Maybe (hopefully!) Scala in the near future.\n\nMy formal education is a bit scant, but I’ve reading up and doing courses here and there. Some books I really enjoyed were ‘A Philosophy of Software Design’ (Outsterhout), ‘Code Complete’ (McConnel) and ‘Design Patterns’ (GOF). And this community has also been a fount of resources.\n\nI constantly feel like a beginner with software, and maybe it’ll be that way for life, but I still want to advance my knowledge.\n\nI’m especially interested in the craft of coding, the construction of software and systems and the intersection of design and programming. My biggest weakness is fear &amp; ignorance of math, but I’m slowly chipping away at that.\n\nI’m very fond of certain kinds of music that have a systematic and\/or cyclic element to them. I especially love the symphonies of Anton Bruckner, which seem to have an organic complexity and depth that I get totally lost in.\n\nThanks <@U5TCAFTD3> &amp; <@U5STGTB3J> and all of you. Let’s get it started in here! B-)",
        "user": "UCSJ44X1S",
        "ts": "1549059485.116800",
        "edited": {
            "user": "UCSJ44X1S",
            "ts": "1549059498.000000"
        },
        "thread_ts": "1549059485.116800",
        "reply_count": 7,
        "reply_users_count": 2,
        "latest_reply": "1553648291.091500",
        "reply_users": [
            "UEQ6M68H0",
            "UCSJ44X1S"
        ],
        "replies": [
            {
                "user": "UEQ6M68H0",
                "ts": "1549091190.119800"
            },
            {
                "user": "UEQ6M68H0",
                "ts": "1549091264.120000"
            },
            {
                "user": "UCSJ44X1S",
                "ts": "1549112137.120700"
            },
            {
                "user": "UEQ6M68H0",
                "ts": "1549157528.122100"
            },
            {
                "user": "UCSJ44X1S",
                "ts": "1553596253.091000"
            },
            {
                "user": "UCSJ44X1S",
                "ts": "1553596467.091200"
            },
            {
                "user": "UEQ6M68H0",
                "ts": "1553648291.091500"
            }
        ],
        "reactions": [
            {
                "name": "wave",
                "users": [
                    "U5STGTB3J",
                    "U8A5MS6R1",
                    "UE1JQM9HQ",
                    "UC2A2ARPT",
                    "UCUSW7WVD",
                    "U5TCAFTD3",
                    "U85HCL7JP",
                    "UCKRZS3DZ",
                    "UEQ7QL15F",
                    "UAL7940NM",
                    "UDRF3ALP4",
                    "UD6EXQVM0"
                ],
                "count": 12
            }
        ]
    },
    {
        "client_msg_id": "2be21269-0547-4b35-a27c-81c42df172c1",
        "type": "message",
        "text": "Try Die Kunst Der Fuge :smile:",
        "user": "UE6EFEPTQ",
        "ts": "1549066281.119100"
    },
    {
        "client_msg_id": "fc9040cb-29b4-403d-bb55-979db4b7f8f4",
        "type": "message",
        "text": "(harpsichord not piano)",
        "user": "UE6EFEPTQ",
        "ts": "1549066340.119400",
        "reactions": [
            {
                "name": "notes",
                "users": [
                    "UCSJ44X1S"
                ],
                "count": 1
            }
        ]
    },
    {
        "client_msg_id": "4cb0f7e1-b27d-478c-afc9-b4990df9a871",
        "type": "message",
        "text": "There aren't a lot of great books on programming, but i can recommend Programs = Algorithms + Data Structures by Prof. Wirth of ETH. He invented Pascal, Modula-2, Oberon, the Lilith computer. His Modula-2 language was the high-water mark in the 70's for languages, and aspects of it have not been matched yet in any other language i am aware of. I would burn \"Code Complete\". Any company that has over a million outstanding unresolved bugs in their OS has no business writing a book on how to program properly. By any objective measurement, MS is one of the most inefficient companies in the history of computers. The previous most inefficient company was IBM, and indeed MS is better than they were, but seriously their systems are like swiss cheese.  Wirth's books are short, economical, beautiful work.",
        "user": "UEQ6M68H0",
        "ts": "1549091190.119800",
        "thread_ts": "1549059485.116800",
        "parent_user_id": "UCSJ44X1S",
        "reactions": [
            {
                "name": "+1",
                "users": [
                    "UCSJ44X1S"
                ],
                "count": 1
            }
        ]
    },
    {
        "client_msg_id": "71009203-4814-49c4-82e2-64295e1e4a5f",
        "type": "message",
        "text": "If you like Bruckner, you would probably like Aarvo Paart.",
        "user": "UEQ6M68H0",
        "ts": "1549091264.120000",
        "thread_ts": "1549059485.116800",
        "parent_user_id": "UCSJ44X1S"
    }
]