[
    {
        "client_msg_id": "ea99655c-95d1-4af2-8567-48fe075178a0",
        "type": "message",
        "text": "Very cool, I've been waiting for the Firefox version - but maybe I should just try Chrome.",
        "user": "U8A5MS6R1",
        "ts": "1552034993.014400",
        "thread_ts": "1551561431.002000",
        "parent_user_id": "UGMH4H202"
    },
    {
        "client_msg_id": "8ead124e-06ab-4138-aeba-ab05279d7411",
        "type": "message",
        "text": "“Right now, I’m experimenting with Quantified Self. I’m trying to collect as much information about my life as I can. This starts with IoT devices, wearables, NFC tags, QR codes, cameras, audio recorders, GPS trackers, keyloggers, IFTTT, manual input, etc. ” I like this line of thinking. I actually tried something similar and ended up putting the approach on its head.\n\nNow, I actually use a daily Excel spreadsheet that I reshape constantly. This no-doubt has some limitations, but it’s helped me be more concrete and think really hard about how to re-structure my data as I want to increase the useful data-collection territory.\n\nWhen I was playing with more passive \/ background data collection with the sensors I had at home, it was harder to iterate on the shape of the data, the view I was presented it, etc. I’ve used this Excel approach to cut a few habits out of my life :slightly_smiling_face:",
        "user": "UGLSY9X3J",
        "ts": "1552046905.014600",
        "thread_ts": "1551685884.008200",
        "parent_user_id": "UGPFAC8GN"
    },
    {
        "client_msg_id": "57cc2ad8-c238-4510-90a0-b65982370c90",
        "type": "message",
        "text": "That's a really good demo of a good-looking product",
        "user": "UE6EFEPTQ",
        "ts": "1552048363.014800",
        "thread_ts": "1551561431.002000",
        "parent_user_id": "UGMH4H202"
    },
    {
        "client_msg_id": "24efd47e-a658-414b-8eaf-529de4871376",
        "type": "message",
        "text": "(Actually it all ran a little fast for me to be honest, I may have to revisit with it slowed to 25%..)",
        "user": "UE6EFEPTQ",
        "ts": "1552048437.015000",
        "thread_ts": "1551561431.002000",
        "parent_user_id": "UGMH4H202"
    },
    {
        "client_msg_id": "e7677502-2867-46ca-bf78-0fab61b89455",
        "type": "message",
        "text": "<@UGMH4H202> my favorite features showed in the video are: the multiple views of the same data, and how easy is to add formulas with `=`, just like in Excel",
        "user": "U85HCL7JP",
        "ts": "1552068665.015700",
        "thread_ts": "1551561431.002000",
        "parent_user_id": "UGMH4H202"
    },
    {
        "client_msg_id": "63dfa7e0-1da9-40be-b1d9-0494db47278b",
        "type": "message",
        "text": "Hi Future of Coding!\n\nI'm Zachary R. Sewell. I was highly encouraged to check out Future of Coding by <@UFPPABQ7P> who designs, pitches, and develops digital products at Reaktr Inc. in NYC.\n\nI am a recent graduate from the University of Missouri-Kansas City (UMKC) with a bachelor's of liberal arts degree and a minor in healing arts and humanities. I leverage a dynamic background in research, R-programming, and professional nursing theory to champion high spirited teams. I am really comfortable with a variety of technologies and have an enjoyed history of wearing multiple hats.\n\nI love translating complex problems and ideas into practical tools. I think that this Slack has many bright contributors and I find this on-going dialog to be incredibly stimulating. I hope to add value to the experience of being human by incorporating what I learn within this community.\n\n-Zachary\n<mailto:mail@zrsewell.com|mail@zrsewell.com>\n+1 (917) 274-7696\n\n\n\nSidebar: I am slated to move to the NYC area on 03.28.2019 and am open to receiving advice on all things core to surviving (i.e. employment, housing, social circle building; etc.)",
        "user": "UGK6F0RAA",
        "ts": "1552091392.017300",
        "thread_ts": "1552091392.017300",
        "reply_count": 12,
        "reply_users_count": 4,
        "latest_reply": "1552536955.039500",
        "reply_users": [
            "UAVCC2X70",
            "UGLSY9X3J",
            "UFPPABQ7P",
            "UGK6F0RAA"
        ],
        "replies": [
            {
                "user": "UAVCC2X70",
                "ts": "1552093419.017700"
            },
            {
                "user": "UAVCC2X70",
                "ts": "1552093567.018000"
            },
            {
                "user": "UGLSY9X3J",
                "ts": "1552110104.018800"
            },
            {
                "user": "UFPPABQ7P",
                "ts": "1552153926.019200"
            },
            {
                "user": "UGK6F0RAA",
                "ts": "1552263421.019900"
            },
            {
                "user": "UGK6F0RAA",
                "ts": "1552263898.020100"
            },
            {
                "user": "UGK6F0RAA",
                "ts": "1552263950.020300"
            },
            {
                "user": "UAVCC2X70",
                "ts": "1552264119.020600"
            },
            {
                "user": "UGK6F0RAA",
                "ts": "1552264239.020900"
            },
            {
                "user": "UGK6F0RAA",
                "ts": "1552264522.021100"
            },
            {
                "user": "UGLSY9X3J",
                "ts": "1552265127.021400"
            },
            {
                "user": "UAVCC2X70",
                "ts": "1552536955.039500"
            }
        ],
        "reactions": [
            {
                "name": "wave",
                "users": [
                    "UFPPABQ7P",
                    "U85HCL7JP",
                    "UAVCC2X70",
                    "UD4Q9LT52",
                    "UGMH4H202",
                    "U5TCAFTD3",
                    "UCSJ44X1S",
                    "UEGFXUK3M",
                    "UD43R8ZFV"
                ],
                "count": 9
            }
        ]
    },
    {
        "client_msg_id": "e99996a2-2c02-4a47-a63a-ecd16fd8eddb",
        "type": "message",
        "text": "Based on what you've said, you might also be interested in looking at the Humane Tech Community: <https:\/\/humanetech.com>",
        "user": "UAVCC2X70",
        "ts": "1552093419.017700",
        "edited": {
            "user": "UAVCC2X70",
            "ts": "1552105689.000000"
        },
        "attachments": [
            {
                "title": "Humane Tech Community",
                "title_link": "https:\/\/community.humanetech.com\/",
                "text": "A place to discuss all things regarding the intersection between tech and humanity.",
                "fallback": "Humane Tech Community",
                "thumb_url": "https:\/\/discourse-cdn-sjc2.com\/standard10\/uploads\/humanetech\/original\/2X\/d\/ddd84fc7621d9e8ffdaa3d8ba205269bc2d6a889.jpeg",
                "from_url": "https:\/\/community.humanetech.com\/",
                "thumb_width": 1000,
                "thumb_height": 644,
                "service_icon": "https:\/\/discourse-cdn-sjc2.com\/standard10\/uploads\/humanetech\/original\/1X\/fefe20a6915c5b6fa52777a42adbe90c076f9a26.jpg",
                "service_name": "community.humanetech.com",
                "id": 1,
                "original_url": "https:\/\/community.humanetech.com"
            }
        ],
        "thread_ts": "1552091392.017300",
        "parent_user_id": "UGK6F0RAA"
    },
    {
        "client_msg_id": "7b98d712-f894-403e-9b76-aefd75a4a52d",
        "type": "message",
        "text": "But you'll find some good insight here as well. Do you have any specific thoughts or hopes for how you might use software to meet your goals?",
        "user": "UAVCC2X70",
        "ts": "1552093567.018000",
        "edited": {
            "user": "UAVCC2X70",
            "ts": "1552101782.000000"
        },
        "thread_ts": "1552091392.017300",
        "parent_user_id": "UGK6F0RAA"
    },
    {
        "client_msg_id": "ac53509d-f947-4dbc-bbd4-3a81cc76248c",
        "type": "message",
        "text": "It's definitely a really exciting piece of software: can't wait to see it grow",
        "user": "UCGAK10LS",
        "ts": "1552107450.018600",
        "thread_ts": "1551561431.002000",
        "parent_user_id": "UGMH4H202"
    },
    {
        "client_msg_id": "cf8277a1-1e01-43ff-81fb-43a7e24dd8a9",
        "type": "message",
        "text": "Super cool! My fiance’s from Kansas City &amp; went to Mizzou (and we know some people at UMKC med school)!",
        "user": "UGLSY9X3J",
        "ts": "1552110104.018800",
        "thread_ts": "1552091392.017300",
        "parent_user_id": "UGK6F0RAA"
    }
]