[
    {
        "client_msg_id": "ebb22188-ade4-4080-83ac-b67c114dac64",
        "type": "message",
        "text": "Thanks!",
        "user": "UAL7940NM",
        "ts": "1558079362.182000",
        "thread_ts": "1558011582.177300",
        "parent_user_id": "UJPHQ8Z3N"
    },
    {
        "client_msg_id": "e306696e-2740-4bfa-90dc-70e75a072aee",
        "type": "message",
        "text": "ooh, possibly",
        "user": "UJQRDCZRA",
        "ts": "1558084152.182200",
        "thread_ts": "1558012351.178500",
        "parent_user_id": "UJQRDCZRA"
    }
]