[
    {
        "type": "message",
        "text": "<http:\/\/plectrum.com\/novocard\/NovoCard.html>",
        "user": "U6DG0FHND",
        "ts": "1504757799.000030",
        "thread_ts": "1504757799.000030",
        "reply_count": 1,
        "reply_users_count": 1,
        "latest_reply": "1504976648.000039",
        "reply_users": [
            "U6KQ2S410"
        ],
        "replies": [
            {
                "user": "U6KQ2S410",
                "ts": "1504976648.000039"
            }
        ]
    },
    {
        "type": "message",
        "text": "HyperCard for the iPad",
        "user": "U6DG0FHND",
        "ts": "1504757805.000080"
    }
]