[
    {
        "user": "U5TCAFTD3",
        "type": "message",
        "subtype": "channel_join",
        "ts": "1497393298.528764",
        "text": "<@U5TCAFTD3> has joined the channel"
    },
    {
        "user": "U5TCAFTD3",
        "type": "message",
        "subtype": "channel_join",
        "ts": "1497393519.576457",
        "text": "<@U5TCAFTD3> has joined the channel"
    },
    {
        "user": "U5T9JLUAE",
        "type": "message",
        "subtype": "channel_join",
        "ts": "1497393585.590988",
        "text": "<@U5T9JLUAE> has joined the channel"
    },
    {
        "user": "U5SKCBN9E",
        "type": "message",
        "subtype": "channel_join",
        "ts": "1497393698.615908",
        "text": "<@U5SKCBN9E> has joined the channel"
    },
    {
        "user": "U5U4S45HC",
        "type": "message",
        "subtype": "channel_join",
        "ts": "1497399025.613928",
        "text": "<@U5U4S45HC> has joined the channel"
    }
]