[
    {
        "user": "U6KLWSPND",
        "type": "message",
        "subtype": "channel_join",
        "ts": "1502282409.999107",
        "text": "<@U6KLWSPND> has joined the channel"
    },
    {
        "user": "U6LBL2CJ1",
        "type": "message",
        "subtype": "channel_join",
        "ts": "1502284567.005061",
        "text": "<@U6LBL2CJ1> has joined the channel"
    },
    {
        "user": "U6LER153L",
        "type": "message",
        "subtype": "channel_join",
        "ts": "1502308095.741882",
        "text": "<@U6LER153L> has joined the channel"
    }
]