[
    {
        "type": "message",
        "text": "Hey, <@U5TCAFTD3>, I’m working my way through your podcast — thanks for making the effort to record and publish — and in episode #4 when you talk about the “spreadsheets all the way down” idea you say “streams are just spreadsheets”. Can you elaborate on that point a bit more or point me to some resources?",
        "user": "U5STGTB3J",
        "ts": "1507139056.000172",
        "thread_ts": "1507139056.000172",
        "reply_count": 2,
        "reply_users_count": 1,
        "latest_reply": "1507147283.000387",
        "reply_users": [
            "U5TCAFTD3"
        ],
        "replies": [
            {
                "user": "U5TCAFTD3",
                "ts": "1507139574.000380"
            },
            {
                "user": "U5TCAFTD3",
                "ts": "1507147283.000387"
            }
        ]
    },
    {
        "type": "message",
        "text": "Hey <@U5STGTB3J>! Thanks so much for listening to the podcast! It mean so much to me that you're finding value in it",
        "user": "U5TCAFTD3",
        "ts": "1507139574.000380",
        "thread_ts": "1507139056.000172",
        "parent_user_id": "U5STGTB3J"
    },
    {
        "type": "message",
        "text": "That's a great question... a lot of thoughts around that project are scattered all over my journal (<http:\/\/futureofcoding.org\/joural|futureofcoding.org\/joural>) but I'm reorganizing website imminently (<https:\/\/github.com\/stevekrouse\/futureofcoding.org\/issues\/51#issuecomment-334211450>) which should help. In the meanwhile, let me create a github issue for this to start answering your question... <https:\/\/github.com\/stevekrouse\/futureofcoding.org\/issues\/54>",
        "user": "U5TCAFTD3",
        "ts": "1507147283.000387",
        "edited": {
            "user": "U5TCAFTD3",
            "ts": "1507147293.000000"
        },
        "attachments": [
            {
                "service_name": "GitHub",
                "title": "StreamSheets - streams as spreadsheets · Issue #54 · stevekrouse\/futureofcoding.org",
                "title_link": "https:\/\/github.com\/stevekrouse\/futureofcoding.org\/issues\/54",
                "text": "StreamSheets In many scattered places in my \/journal, I mention the StreamSheets project. I also mention it in \/ideas. However until I reorganize this website around ideas (as opposed to time), thi...",
                "fallback": "GitHub: StreamSheets - streams as spreadsheets · Issue #54 · stevekrouse\/futureofcoding.org",
                "from_url": "https:\/\/github.com\/stevekrouse\/futureofcoding.org\/issues\/54",
                "thumb_url": "https:\/\/avatars1.githubusercontent.com\/u\/2288939?v=4&s=400",
                "thumb_width": 250,
                "thumb_height": 250,
                "service_icon": "https:\/\/a.slack-edge.com\/bfaba\/img\/unfurl_icons\/github.png",
                "id": 2
            }
        ],
        "thread_ts": "1507139056.000172",
        "parent_user_id": "U5STGTB3J"
    }
]