[
    {
        "type": "message",
        "text": "Nice, reminds me of <http:\/\/onuniverse.com\/>",
        "user": "U5TCAFTD3",
        "ts": "1504782378.000061",
        "attachments": [
            {
                "title": "Universe",
                "title_link": "http:\/\/onuniverse.com\/",
                "fallback": "Universe",
                "image_url": "https:\/\/onuniverse-assets.imgix.net\/94EA967F-75B7-4274-9A3F-CEB047BA779A.jpg",
                "from_url": "http:\/\/onuniverse.com\/",
                "image_width": 141,
                "image_height": 250,
                "image_bytes": 104358,
                "service_name": "onuniverse.com",
                "id": 1
            }
        ]
    }
]