[
    {
        "client_msg_id": "a6b08ee8-2b30-41b4-ba2c-4cc8dd3d74ef",
        "type": "message",
        "text": "yay! 200",
        "user": "UE6EFEPTQ",
        "ts": "1542572509.097000"
    },
    {
        "client_msg_id": "e65a5f64-187c-4c4f-864d-92da7d1b1a1f",
        "type": "message",
        "text": "how do we identify the lucky 200th member?",
        "user": "UE6EFEPTQ",
        "ts": "1542572543.097500",
        "thread_ts": "1542572543.097500",
        "reply_count": 3,
        "reply_users_count": 3,
        "latest_reply": "1545264565.023700",
        "reply_users": [
            "U5TCAFTD3",
            "UE7M1TT7Z",
            "UE6EFEPTQ"
        ],
        "replies": [
            {
                "user": "U5TCAFTD3",
                "ts": "1542612963.097800"
            },
            {
                "user": "UE7M1TT7Z",
                "ts": "1545256790.023100"
            },
            {
                "user": "UE6EFEPTQ",
                "ts": "1545264565.023700"
            }
        ]
    },
    {
        "client_msg_id": "b948e743-2991-443c-9ea4-8fd2a9eab5b4",
        "type": "message",
        "text": "I think it's <@UE7M1TT7Z> ",
        "user": "U5TCAFTD3",
        "ts": "1542612963.097800",
        "thread_ts": "1542572543.097500",
        "parent_user_id": "UE6EFEPTQ"
    }
]