[
    {
        "client_msg_id": "b383959b-4d66-4f6b-bac9-7ef722d12a8a",
        "type": "message",
        "text": "like some additional views on top of <https:\/\/codestream.com\/> ?",
        "user": "UDJ8A6RNH",
        "ts": "1544480947.017800",
        "attachments": [
            {
                "title": "CodeStream",
                "title_link": "https:\/\/codestream.com\/",
                "text": "Discuss code with the only team chat service for software developers. Use your Slack or CodeStream channels inside VS Code and other IDEs to build the knowledge base for your codebase.",
                "fallback": "CodeStream",
                "thumb_url": "https:\/\/codestream.com\/static\/assets\/logo.png",
                "from_url": "https:\/\/codestream.com\/",
                "thumb_width": 1603,
                "thumb_height": 1482,
                "service_icon": "https:\/\/codestream.com\/static\/favicons\/apple-touch-icon-57x57.png",
                "service_name": "marketing",
                "id": 1,
                "original_url": "https:\/\/codestream.com\/"
            }
        ],
        "thread_ts": "1544131462.015300",
        "parent_user_id": "UEKEQGB9C",
        "reactions": [
            {
                "name": "grin",
                "users": [
                    "UCUSW7WVD"
                ],
                "count": 1
            }
        ]
    },
    {
        "client_msg_id": "d24e248a-8bf6-4341-b881-d6b8672b04cc",
        "type": "message",
        "text": "One of the reasons is that the bureaucracies controlling science don't want to lose control, so they only fund projects that reinforce the existing status quo. So you spend a fortune on the near useless LHC and starve all the LENR people because they might invalidate the current model, which has all the complexity of Aristotle's epicycles. Time to break up the science funding monopolies.",
        "user": "UEQ6M68H0",
        "ts": "1544498221.018200",
        "thread_ts": "1542423826.093000",
        "parent_user_id": "UCGAK10LS"
    }
]