[
    {
        "client_msg_id": "8f330916-d6cd-4998-a87d-e860704cf3bd",
        "type": "message",
        "text": "I just found this website that organizes arguments about all kinds of topics. See this one for example:\n<https:\/\/en.arguman.org\/there-is-too-much-programming-languages>",
        "user": "UAL7940NM",
        "ts": "1541793622.007200",
        "attachments": [
            {
                "title": "There are too much programming languages.",
                "title_link": "https:\/\/en.arguman.org\/there-is-too-much-programming-languages",
                "text": "It split the community between a lot of different languages, decreasing the resources (documentation, tutorials, class, etc…) for each one of them.",
                "fallback": "There are too much programming languages.",
                "image_url": "http:\/\/arguman.org\/static\/img\/logo-large.png",
                "from_url": "https:\/\/en.arguman.org\/there-is-too-much-programming-languages",
                "image_width": 476,
                "image_height": 250,
                "image_bytes": 53593,
                "service_icon": "https:\/\/en.arguman.org\/static\/img\/favicon.png",
                "service_name": "en.arguman.org",
                "id": 1,
                "original_url": "https:\/\/en.arguman.org\/there-is-too-much-programming-languages"
            }
        ],
        "thread_ts": "1541793622.007200",
        "reply_count": 4,
        "reply_users_count": 2,
        "latest_reply": "1541795401.011300",
        "reply_users": [
            "U5Y7114NS",
            "UDCLT064X"
        ],
        "replies": [
            {
                "user": "U5Y7114NS",
                "ts": "1541793788.009200"
            },
            {
                "user": "UDCLT064X",
                "ts": "1541794541.009400"
            },
            {
                "user": "U5Y7114NS",
                "ts": "1541794672.011100"
            },
            {
                "user": "UDCLT064X",
                "ts": "1541795401.011300"
            }
        ]
    },
    {
        "client_msg_id": "800EED98-E3AD-4BFA-AA59-68D1EE42B160",
        "type": "message",
        "text": ":heart_eyes: I love this style of forum. Kialo is a similar site with a more accessible UI; but argüman seems more active and easier to explore",
        "user": "U5Y7114NS",
        "ts": "1541793788.009200",
        "thread_ts": "1541793622.007200",
        "parent_user_id": "UAL7940NM"
    },
    {
        "client_msg_id": "1438fbdc-ed20-4973-ab0d-dcf17278d76f",
        "type": "message",
        "text": "oh god, this is dangerous. I could see myself wasting a ton of time on a site like this.",
        "user": "UDCLT064X",
        "ts": "1541794541.009400",
        "thread_ts": "1541793622.007200",
        "parent_user_id": "UAL7940NM"
    },
    {
        "client_msg_id": "D5BE30B7-D143-4DCA-B95F-DD88DF062743",
        "type": "message",
        "text": "I feel like there should be a bot that crawls Ballotpedia or similar and posts every proposition as a topic",
        "user": "U5Y7114NS",
        "ts": "1541794672.011100",
        "thread_ts": "1541793622.007200",
        "parent_user_id": "UAL7940NM"
    },
    {
        "client_msg_id": "96f7f851-77f5-4598-9170-8f9bc1c1510e",
        "type": "message",
        "text": "Dragging to move around seems broken on large trees. I have to use my scrollbar to get all the way to  the right here: <http:\/\/en.arguman.org\/static-typing-is-better-than-dynamic-typing-in-programming-languages\/16097#26735>\n\nFunny how a little bug like that can make the whole site nearly unusable.",
        "user": "UDCLT064X",
        "ts": "1541795401.011300",
        "attachments": [
            {
                "title": "Static typing is better than dynamic typing in programming languages.",
                "title_link": "http:\/\/en.arguman.org\/static-typing-is-better-than-dynamic-typing-in-programming-languages\/16097#26735",
                "text": "Static typing allows compilers to optimize in a way that is hardly achievable with dynamic typed languages",
                "fallback": "Static typing is better than dynamic typing in programming languages.",
                "image_url": "http:\/\/arguman.org\/static\/img\/logo-large.png",
                "from_url": "http:\/\/en.arguman.org\/static-typing-is-better-than-dynamic-typing-in-programming-languages\/16097#26735",
                "image_width": 476,
                "image_height": 250,
                "image_bytes": 53593,
                "service_icon": "http:\/\/en.arguman.org\/static\/img\/favicon.png",
                "service_name": "en.arguman.org",
                "id": 1,
                "original_url": "http:\/\/en.arguman.org\/static-typing-is-better-than-dynamic-typing-in-programming-languages\/16097#26735"
            }
        ],
        "thread_ts": "1541793622.007200",
        "parent_user_id": "UAL7940NM"
    }
]