[
    {
        "client_msg_id": "97e4de54-06ab-4906-9f7e-0baaab54e980",
        "type": "message",
        "text": "Piece on the diminishing returns of scientific research: <https:\/\/www.theatlantic.com\/science\/archive\/2018\/11\/diminishing-returns-science\/575665\/>\n\nOne of the reasons scientific advances are becoming more incremental is that they're becoming more complex... better support tools can likely make a big difference.",
        "user": "UCGAK10LS",
        "ts": "1542423826.093000",
        "edited": {
            "user": "UCGAK10LS",
            "ts": "1542423850.000000"
        },
        "attachments": [
            {
                "service_name": "The Atlantic",
                "title": "Science Is Getting Less Bang for Its Buck",
                "title_link": "https:\/\/www.theatlantic.com\/science\/archive\/2018\/11\/diminishing-returns-science\/575665\/",
                "text": "Despite vast increases in the time and money spent on research, progress is barely keeping pace with the past. What went wrong?",
                "fallback": "The Atlantic: Science Is Getting Less Bang for Its Buck",
                "image_url": "https:\/\/cdn.theatlantic.com\/assets\/media\/img\/mt\/2018\/11\/AP_988890837029\/facebook.jpg?1542306018",
                "ts": 1542373200,
                "from_url": "https:\/\/www.theatlantic.com\/science\/archive\/2018\/11\/diminishing-returns-science\/575665\/",
                "image_width": 480,
                "image_height": 250,
                "image_bytes": 92147,
                "service_icon": "https:\/\/cdn.theatlantic.com\/assets\/static\/a\/theatlantic\/common\/img\/apple-touch-icon-iphone.png",
                "id": 1,
                "original_url": "https:\/\/www.theatlantic.com\/science\/archive\/2018\/11\/diminishing-returns-science\/575665\/"
            }
        ],
        "thread_ts": "1542423826.093000",
        "reply_count": 1,
        "reply_users_count": 1,
        "latest_reply": "1544498221.018200",
        "reply_users": [
            "UEQ6M68H0"
        ],
        "replies": [
            {
                "user": "UEQ6M68H0",
                "ts": "1544498221.018200"
            }
        ]
    },
    {
        "client_msg_id": "c31df70b-e8b8-483f-82d4-1d69ad732491",
        "type": "message",
        "text": "The thing is... scientists can't build their own tools. Software is still the arcane craft of professional developers...",
        "user": "UCGAK10LS",
        "ts": "1542423923.094100"
    },
    {
        "client_msg_id": "f804cc0a-3da7-432f-9f6b-72fdfd1e2db1",
        "type": "message",
        "text": "I'm sure we're all familiar with this story; this is just a reminder :innocent: it's up to people like us to provide the right kind of support",
        "user": "UCGAK10LS",
        "ts": "1542423996.095500",
        "reactions": [
            {
                "name": "+1",
                "users": [
                    "UDQKHNP51"
                ],
                "count": 1
            }
        ]
    }
]