[
    {
        "client_msg_id": "c1198063-ac31-4aa9-94a0-1a7125a12d11",
        "type": "message",
        "text": "semanticscholar is your friend",
        "user": "UC1TYP06P",
        "ts": "1543654637.000600",
        "thread_ts": "1542723817.105100",
        "parent_user_id": "UAVRZE1UG"
    },
    {
        "client_msg_id": "a93918bf-bb8b-4f7f-a84b-c146157f881a",
        "type": "message",
        "text": "There’s also a subreddit for this purpose",
        "user": "UC1TYP06P",
        "ts": "1543654642.000800",
        "thread_ts": "1542723817.105100",
        "parent_user_id": "UAVRZE1UG"
    }
]