[
    {
        "client_msg_id": "d278fdab-2f4d-4c0b-855d-ff7b7c6eb2d8",
        "type": "message",
        "text": "I have my own wiki engine for some things ... <https:\/\/github.com\/interstar\/ThoughtStorms> It's nothing special though. At the moment it's pretty standard, but it's evolving and I'm adding what's useful to me. I have a public notebook made with it and a couple of private local ones.\n\nI have my own minimal todo-queue app too (<https:\/\/github.com\/interstar\/MTC-CLJ> ) which I like a lot. It's a stupidly simple program but does what I want and I think it's very powerful.\n\nI confess I just keep pdfs in folders in the file-system. My own coding projects are in git with public facing github \/ gitlab and simple web interface to git hosted on my own site.\n\nThe file system is organized in my own idiosyncratic taxonomy that I keep fiddling with.",
        "user": "UEKEQGB9C",
        "ts": "1545395631.000400",
        "thread_ts": "1545290663.026000",
        "parent_user_id": "UDJ2TKB99",
        "reactions": [
            {
                "name": "+1",
                "users": [
                    "UEGFXUK3M"
                ],
                "count": 1
            }
        ]
    },
    {
        "client_msg_id": "6de26fd6-3ad2-4f30-adac-911d2d71bec0",
        "type": "message",
        "text": "I write my own stuff ... which I know is stupid and a waste of my time. But the number one thing I love about what I have is that I know I'm not dependent on a company that might disappear or turn evil or get me to vote for some dodgy cause in the next election. I want control over my software.\n\nThe one thing I really hate about my software is that I don't currently have a good synchronization story between my desktop and mobile. I used BTSync and SyncThing previously, but they've broken as Android has got more fussy about different apps sharing files.\n\nI want something P2P that isn't dependent on a cloud. And isn't trying to lock me in to someone else's protocols or proprietary system",
        "user": "UEKEQGB9C",
        "ts": "1545396734.000800",
        "thread_ts": "1545306355.053200",
        "parent_user_id": "U5STGTB3J"
    },
    {
        "client_msg_id": "fbf3cada-43fd-485d-b402-f0fb6b430db8",
        "type": "message",
        "text": "Recurring thought I’ve been having:\nThe tools I most rely on organise my workspace in *lists*. ≡\nI sometimes wish they could instead organise it in *graphs*. ፨\n\nExamples:\n• The text editor organises my code into *lines*.\n• The file system organises my files in *lists* of files within hierarchical folders.\n• The task tracker organises my tasks into categorised *lists*.\n\nThe list ordering is often tedious and inefficient to navigate. It forces me to switch back and forth rapidly between vastly separated areas, either with my eyes or with my eyes and mouse\/keyboard. It’s tricky or impossible to get a view of all the elements I am working with at the same time.\n\nWhen in “designer-mode” I often resort to diagramming (either paper or virtual). A diagram lets me position the elements the way I’m actually thinking about them, with closely related elements close to eachother and less-related elements farther apart. If an element has several closely related elements, it’s easy to draw them adjactent to eachother, whereas this wouldn’t be possible if they had to be in a flat list.\n\nIn an era of 3D virtual spaces and 3D printing, I find it ironic and aggravating that the typical programmer doesn’t even get a 2D, let alone 3D, view of their environment, but is still held down to 1D list-ual views! lol",
        "user": "UCSJ44X1S",
        "ts": "1545416335.003700",
        "edited": {
            "user": "UCSJ44X1S",
            "ts": "1545416412.000000"
        },
        "thread_ts": "1545416335.003700",
        "reply_count": 14,
        "reply_users_count": 6,
        "latest_reply": "1545436369.012900",
        "reply_users": [
            "UCUSW7WVD",
            "U5STGTB3J",
            "UBSMEUXAA",
            "UCSJ44X1S",
            "U8A5MS6R1",
            "UCSNED355"
        ],
        "replies": [
            {
                "user": "UCUSW7WVD",
                "ts": "1545416654.003900"
            },
            {
                "user": "U5STGTB3J",
                "ts": "1545416759.005500"
            },
            {
                "user": "UCUSW7WVD",
                "ts": "1545417447.005700"
            },
            {
                "user": "UCUSW7WVD",
                "ts": "1545417816.005900"
            },
            {
                "user": "UBSMEUXAA",
                "ts": "1545418484.006100"
            },
            {
                "user": "UCSJ44X1S",
                "ts": "1545418579.006400"
            },
            {
                "user": "UBSMEUXAA",
                "ts": "1545418628.006700"
            },
            {
                "user": "UCSJ44X1S",
                "ts": "1545418750.006900"
            },
            {
                "user": "UCSJ44X1S",
                "ts": "1545418779.007100"
            },
            {
                "user": "UCUSW7WVD",
                "ts": "1545418882.007400"
            },
            {
                "user": "UCUSW7WVD",
                "ts": "1545419353.007800"
            },
            {
                "user": "U8A5MS6R1",
                "ts": "1545424702.008500"
            },
            {
                "user": "U8A5MS6R1",
                "ts": "1545424853.008700"
            },
            {
                "user": "UCSNED355",
                "ts": "1545436369.012900"
            }
        ],
        "reactions": [
            {
                "name": "+1",
                "users": [
                    "U8A5MS6R1",
                    "UCSNED355"
                ],
                "count": 2
            }
        ]
    },
    {
        "client_msg_id": "e2588c4f-9449-4852-8fc1-af37d39b1acc",
        "type": "message",
        "text": "Maybe your text editor just needs hyperlinks? This thread from a couple of weeks ago seems relevant: <https:\/\/futureofcoding.slack.com\/archives\/C5U3SEW6A\/p1544131462015300>",
        "user": "UCUSW7WVD",
        "ts": "1545416654.003900",
        "edited": {
            "user": "UCUSW7WVD",
            "ts": "1545416693.000000"
        },
        "attachments": [
            {
                "from_url": "https:\/\/futureofcoding.slack.com\/archives\/C5U3SEW6A\/p1544131462015300",
                "fallback": "[December 6th, 2018 1:24 PM] interstar: Many years ago (over ten, I think), when I was very inspired by wikis, I put a couple of pages on the original wiki about the possibility of using wikis to develop software, or to give our IDEs wikilike (social, easy hyperlinking) etc. capabilities. It's been a long time since I looked at these pages, but they have grown a bit with contributions from other people in the community since then, and there are still some interesting thoughts there : <http:\/\/wiki.c2.com\/?ProgrammingInWiki> , <http:\/\/wiki.c2.com\/?WikiIde>",
                "ts": "1544131462.015300",
                "author_id": "UEKEQGB9C",
                "author_subname": "Phil Jones",
                "channel_id": "C5U3SEW6A",
                "channel_name": "random",
                "is_msg_unfurl": true,
                "is_thread_root_unfurl": true,
                "text": "Many years ago (over ten, I think), when I was very inspired by wikis, I put a couple of pages on the original wiki about the possibility of using wikis to develop software, or to give our IDEs wikilike (social, easy hyperlinking) etc. capabilities. It's been a long time since I looked at these pages, but they have grown a bit with contributions from other people in the community since then, and there are still some interesting thoughts there : <http:\/\/wiki.c2.com\/?ProgrammingInWiki> , <http:\/\/wiki.c2.com\/?WikiIde>",
                "author_name": "Phil Jones",
                "author_link": "https:\/\/futureofcoding.slack.com\/team\/UEKEQGB9C",
                "author_icon": "https:\/\/secure.gravatar.com\/avatar\/248a3c4ba8f2972427222d46954f9c1c.jpg?s=48&d=https%3A%2F%2Fa.slack-edge.com%2F66f9%2Fimg%2Favatars%2Fava_0009-48.png",
                "mrkdwn_in": [
                    "text"
                ],
                "id": 1,
                "original_url": "https:\/\/futureofcoding.slack.com\/archives\/C5U3SEW6A\/p1544131462015300",
                "footer": "Thread in #random"
            }
        ],
        "thread_ts": "1545416335.003700",
        "parent_user_id": "UCSJ44X1S"
    },
    {
        "client_msg_id": "A20EB813-AADE-40DB-8298-7EAB1F92D6B8",
        "type": "message",
        "text": "<@UCSJ44X1S> How do you feel about *trees* instead of full-blown graphs?",
        "user": "U5STGTB3J",
        "ts": "1545416759.005500",
        "thread_ts": "1545416335.003700",
        "parent_user_id": "UCSJ44X1S"
    },
    {
        "client_msg_id": "c0332e51-56bf-45a1-953f-62711c1e31c9",
        "type": "message",
        "text": "Ah, I just found and published my original message about using `ctags` to generate hyperlinks in my editor: <http:\/\/akkartik.name\/post\/2000-03-06-20-15-52_001-soc> (\/cc <@UEKEQGB9C>)",
        "user": "UCUSW7WVD",
        "ts": "1545417447.005700",
        "thread_ts": "1545416335.003700",
        "parent_user_id": "UCSJ44X1S"
    },
    {
        "client_msg_id": "cd589a77-62e7-4835-b409-2cfe5f9b1f4e",
        "type": "message",
        "text": "I think the most memorable feature of the original Light Table was that each function got a card, and you could reorganize cards on your screen any time you liked.",
        "user": "UCUSW7WVD",
        "ts": "1545417816.005900",
        "thread_ts": "1545416335.003700",
        "parent_user_id": "UCSJ44X1S"
    },
    {
        "client_msg_id": "9e3103df-f37e-4e22-a1b6-d463ae127a31",
        "type": "message",
        "text": "I'm working on a system that will basically be a 2.5D tree editor that uses 6DOF controllers, some parts of it (tbd) will also be fully 3D graphs or 3D visualizations\\editors embedded as tree nodes",
        "user": "UBSMEUXAA",
        "ts": "1545418484.006100",
        "thread_ts": "1545416335.003700",
        "parent_user_id": "UCSJ44X1S",
        "reactions": [
            {
                "name": "+1",
                "users": [
                    "UCUSW7WVD",
                    "UCSJ44X1S",
                    "UEGFXUK3M",
                    "UEQ7QL15F",
                    "U85HCL7JP"
                ],
                "count": 5
            }
        ]
    },
    {
        "client_msg_id": "9b08e091-a445-4153-b3f3-15996862b21f",
        "type": "message",
        "text": "&gt; <@UCSJ44X1S> How do you feel about *trees* instead of full-blown graphs?\n\nI thought about this a bit, but I don’t think trees would cut it.\n\nIt’s impossible to visually represent many-to-many relationships in a tree. Any node can only have one parent. Thus, the relationship is always one-to-many.",
        "user": "UCSJ44X1S",
        "ts": "1545418579.006400",
        "thread_ts": "1545416335.003700",
        "parent_user_id": "UCSJ44X1S"
    },
    {
        "client_msg_id": "e3178026-2fbe-4793-b272-5388c181053f",
        "type": "message",
        "text": "I think with full 3D occlusion becomes a problem, for example I think it'd be really interesting to work with a 3D cellular automata system (think minecraft but every block is fully programmable) but how do you easily \"see\" inside of a giant cube, instead of literal spaghetti code like you get with node-based systems you'd end up with literal black boxes :slightly_smiling_face:",
        "user": "UBSMEUXAA",
        "ts": "1545418628.006700",
        "thread_ts": "1545416335.003700",
        "parent_user_id": "UCSJ44X1S"
    },
    {
        "client_msg_id": "26cdbf0d-fa3a-4cbb-a8a8-6d1ccb152ee2",
        "type": "message",
        "text": "&gt; Maybe your text editor just needs hyperlinks?\n\nI kind of already have those, at least in my IDE, in the form of the ‘Go to Definition’ or ‘Find References’ commands or similar.\n\nProblem is, I still have to make this jarring transition between the thing I’m looking at now and the thing I want to navigate to.\n\nWhat I really want is to see those two things at the same time in the same view and in relation to eachother. I want my eye to be able to follow them, rather than having to clunkily tell the machine to navigate to them.\n\nMy eyes are already highly adapted to following patterns and paths, I’d rather use that physiological capability.",
        "user": "UCSJ44X1S",
        "ts": "1545418750.006900",
        "thread_ts": "1545416335.003700",
        "parent_user_id": "UCSJ44X1S",
        "reactions": [
            {
                "name": "+1",
                "users": [
                    "UBSMEUXAA"
                ],
                "count": 1
            }
        ]
    },
    {
        "client_msg_id": "a5fda107-5d27-4496-8c20-5861b75ffe6c",
        "type": "message",
        "text": "&gt; each function got a card, and you could reorganize cards on your screen any time you liked\n\/That\/ sounds closer! I’ll check out LightTable.",
        "user": "UCSJ44X1S",
        "ts": "1545418779.007100",
        "thread_ts": "1545416335.003700",
        "parent_user_id": "UCSJ44X1S"
    },
    {
        "client_msg_id": "a67de857-f9fe-486e-8ea4-9cbea0f2f366",
        "type": "message",
        "text": "I've been noodling for a few minutes on a text editor laid out as an infinite 2D grid of cards, one card per function, with the ability to move cards around at will. Kinda like a cross between Prezi and this mockup tool a coworker of mine uses. InVision? Something like that.\n\nIn this metaphor you could use the Z axis or tab for the history of a function, with keyboard shortcuts to say \"show me the entire layout at the current version of this card\" and \"undo that\". Might address the occlusion issue with 3D UIs.\n\nHaving lots of cards on screen may also help with the issue of hyperlinks you point out: clicking on one maybe only moves or pushes out one card, keeping the rest fairly stable visually. Does that seem helpful at all?",
        "user": "UCUSW7WVD",
        "ts": "1545418882.007400",
        "edited": {
            "user": "UCUSW7WVD",
            "ts": "1545418954.000000"
        },
        "thread_ts": "1545416335.003700",
        "parent_user_id": "UCSJ44X1S"
    },
    {
        "client_msg_id": "07bd961f-8957-4c05-b6c4-a68c1dbdc6d4",
        "type": "message",
        "text": "Here's a link to the Light Table prototype I was thinking of: <http:\/\/www.chris-granger.com\/2012\/08\/17\/light-table-reaches-010>.\n\nThey had several before and many since, and this particular feature seems to have fallen out of favor right now: <https:\/\/www.youtube.com\/watch?v=8C3yTweZOIU> (via <http:\/\/docs.lighttable.com\/tutorials\/full>)",
        "user": "UCUSW7WVD",
        "ts": "1545419353.007800",
        "edited": {
            "user": "UCUSW7WVD",
            "ts": "1545419661.000000"
        },
        "thread_ts": "1545416335.003700",
        "parent_user_id": "UCSJ44X1S",
        "reactions": [
            {
                "name": "+1",
                "users": [
                    "UCSJ44X1S"
                ],
                "count": 1
            }
        ]
    },
    {
        "client_msg_id": "26b9a046-0efa-4426-877f-647450474c08",
        "type": "message",
        "text": "&gt; I find it ironic and aggravating that the typical programmer doesn’t even get a 2D, let alone 3D, view of their environment, but is still held down to 1D list-ual views! lol\n\nI agree. Based on what you said Nelson's ideas of 'visible connection' for hypermedia comes to mind.\n\nI suppose it is ironic that large, linear blobs of text are the primary interface of programming a dynamic, interactive machine.\n\nThere is a fluidity aspect - e.g. navigating a list seems easier than clicking around in a graph - but this is a UX issue. A deeper issue might be that we need to draw a distinction between the presentation vs the deeper model of structure. Much information we deal with are cross connected clusters of entities (nothing short of a graph really works), but currently we limit ourselves to one or two projections, while mentally simulating other relationships.",
        "user": "U8A5MS6R1",
        "ts": "1545424702.008500",
        "thread_ts": "1545416335.003700",
        "parent_user_id": "UCSJ44X1S"
    },
    {
        "client_msg_id": "6d133b3e-018e-4a0e-89d6-726bd9ac2959",
        "type": "message",
        "text": "I am anti file and anti file system in general - these impose strict hierarcy and linear order.",
        "user": "U8A5MS6R1",
        "ts": "1545424853.008700",
        "thread_ts": "1545416335.003700",
        "parent_user_id": "UCSJ44X1S",
        "reactions": [
            {
                "name": "+1",
                "users": [
                    "U5TCAFTD3",
                    "UBSMEUXAA",
                    "UCSNED355",
                    "UCSJ44X1S"
                ],
                "count": 4
            }
        ]
    },
    {
        "client_msg_id": "4b9ce8e6-97f9-4d4e-beb5-f5be238d22e4",
        "type": "message",
        "text": "I'm feeling bad about going massively off-topic at <https:\/\/futureofcoding.slack.com\/archives\/C5T9GPWFL\/p1545412360017100?thread_ts=1545387390.005400&amp;cid=C5T9GPWFL> and below. Particularly since Slack threads are flat. So I'll demote myself here at <#C5U3SEW6A|random>.\n\nThis is super resonant to me:\n\n_\"For twenty years, we’ve been making corporations rich by buying into standardization and scale — making it feasible for them to funnel us into silos. We can stop this process, and perhaps even reverse it.. Personal software should be personal: it should not scale or conform; it should chafe at strictures the same way you do, and burst out of any box that dare enclose it.\"_ -- John Ohno (<http:\/\/www.lord-enki.net\/medium-backup\/2018-12-21_Free-software-and-the-revolt-against-transactionality-3a44a1b7f96d.html>)\n\n(\/cc <@UEH6T3RJB> in case this side was one of the things you wanted to reply to in the earlier thread.)",
        "user": "UCUSW7WVD",
        "ts": "1545434297.012700",
        "attachments": [
            {
                "from_url": "https:\/\/futureofcoding.slack.com\/archives\/C5T9GPWFL\/p1545412360017100?thread_ts=1545387390.005400&amp;cid=C5T9GPWFL",
                "fallback": "[December 21st, 2018 9:12 AM] ak: <@U5TCAFTD3> I think it's worth thinking through the implications of only wanting to democratize high-level programs. Since we don't really have a good way to build hardware that can execute recursively nested expressions, the lowest level will always execute statements that are connected by named locations. So by saying you don't want people to have to think about statements, you're asking for the lowest levels to just be \"handled\" for you. That's basically just the same priesthood arrangement we're trying to get away from, and we end up with the same questions about who watches the watchers, and so on.\n\nDemocratization is primarily a political activity, even if it happens to have some technical prerequisites that preoccupy us at the moment. Any major chasms between the front end and back end of programming lose us most of the benefit.\n\nSo you have to want people to be able to handle both statements and expressions. And compilers and OS and web frameworks and mobile apps. Luckily we can pick things up on an on-demand basis, and record the 'curriculum' in the software itself. So it's a bigger problem than you think, but not insurmountable. Except for backdoors in our processors. I have no idea how to attack _that_ problem :smile:",
                "ts": "1545412360.017100",
                "author_id": "UCUSW7WVD",
                "author_subname": "Kartik Agaram",
                "channel_id": "C5T9GPWFL",
                "channel_name": "general",
                "is_msg_unfurl": true,
                "is_reply_unfurl": true,
                "text": "<@U5TCAFTD3> I think it's worth thinking through the implications of only wanting to democratize high-level programs. Since we don't really have a good way to build hardware that can execute recursively nested expressions, the lowest level will always execute statements that are connected by named locations. So by saying you don't want people to have to think about statements, you're asking for the lowest levels to just be \"handled\" for you. That's basically just the same priesthood arrangement we're trying to get away from, and we end up with the same questions about who watches the watchers, and so on.\n\nDemocratization is primarily a political activity, even if it happens to have some technical prerequisites that preoccupy us at the moment. Any major chasms between the front end and back end of programming lose us most of the benefit.\n\nSo you have to want people to be able to handle both statements and expressions. And compilers and OS and web frameworks and mobile apps. Luckily we can pick things up on an on-demand basis, and record the 'curriculum' in the software itself. So it's a bigger problem than you think, but not insurmountable. Except for backdoors in our processors. I have no idea how to attack _that_ problem :smile:",
                "author_name": "Kartik Agaram",
                "author_link": "https:\/\/futureofcoding.slack.com\/team\/UCUSW7WVD",
                "author_icon": "https:\/\/avatars.slack-edge.com\/2018-09-14\/435669206004_3ed0e6ac6eafe8bcf338_48.jpg",
                "mrkdwn_in": [
                    "text"
                ],
                "id": 1,
                "original_url": "https:\/\/futureofcoding.slack.com\/archives\/C5T9GPWFL\/p1545412360017100?thread_ts=1545387390.005400&amp;cid=C5T9GPWFL",
                "footer": "From a thread in #general"
            }
        ],
        "thread_ts": "1545434297.012700",
        "reply_count": 3,
        "reply_users_count": 2,
        "latest_reply": "1545659090.034900",
        "reply_users": [
            "UDJ2TKB99",
            "UCUSW7WVD"
        ],
        "replies": [
            {
                "user": "UDJ2TKB99",
                "ts": "1545546793.022100"
            },
            {
                "user": "UCUSW7WVD",
                "ts": "1545634864.022700"
            },
            {
                "user": "UDJ2TKB99",
                "ts": "1545659090.034900"
            }
        ]
    },
    {
        "client_msg_id": "49f464f3-fdcb-4bd2-a3d1-b824869214d6",
        "type": "message",
        "text": "I agree with this. Files impose arbitrary linearity when there's no one. I think Smalltalk solves it to a great extent: classes and methods are categorized and can be reorganized, and you have several different views on them.",
        "user": "UCSNED355",
        "ts": "1545436369.012900",
        "thread_ts": "1545416335.003700",
        "parent_user_id": "UCSJ44X1S",
        "reactions": [
            {
                "name": "+1",
                "users": [
                    "UCUSW7WVD",
                    "U8A5MS6R1",
                    "UCSJ44X1S"
                ],
                "count": 3
            }
        ]
    }
]