[
    {
        "client_msg_id": "c5b11f16-07d9-453f-9b30-3883a62983b5",
        "type": "message",
        "text": "Since a bunch of us are going about this independently (no company backing us, no university affiliation) I'm wondering if you all have good suggestions for getting access to the materials that normal university researchers have access to. In particular I'm interested in research journals and libraries. We can of course join organizations like ACM and IEEE, and given that we aren't taking a salary for this work we can easily argue that we should get the student rate. But IEEE in particular is still pretty expensive. Your local university library is also a great resource and so far I've found that residents can walk through the stacks and in fact also borrow. But it's not the same as having a student id and accessing everything the university has to offer. Do any of you have any advice for indie researchers like myself?",
        "user": "UAVRZE1UG",
        "ts": "1542723817.105100",
        "thread_ts": "1542723817.105100",
        "reply_count": 22,
        "reply_users_count": 8,
        "latest_reply": "1543654642.000800",
        "reply_users": [
            "UAVRZE1UG",
            "U5TCAFTD3",
            "UCKRZS3DZ",
            "UBN9AFS0N",
            "UDYGH7K8V",
            "U8A5MS6R1",
            "UE0H4170F",
            "UC1TYP06P"
        ],
        "replies": [
            {
                "user": "UAVRZE1UG",
                "ts": "1542723905.105200"
            },
            {
                "user": "U5TCAFTD3",
                "ts": "1542724012.105400"
            },
            {
                "user": "UCKRZS3DZ",
                "ts": "1542724096.105600"
            },
            {
                "user": "UBN9AFS0N",
                "ts": "1542724220.105800"
            },
            {
                "user": "UDYGH7K8V",
                "ts": "1542724389.106000"
            },
            {
                "user": "UAVRZE1UG",
                "ts": "1542725230.106200"
            },
            {
                "user": "U8A5MS6R1",
                "ts": "1542729989.106700"
            },
            {
                "user": "UBN9AFS0N",
                "ts": "1542730253.106900"
            },
            {
                "user": "UBN9AFS0N",
                "ts": "1542730330.107100"
            },
            {
                "user": "UE0H4170F",
                "ts": "1542731066.107500"
            },
            {
                "user": "U8A5MS6R1",
                "ts": "1542731160.107700"
            },
            {
                "user": "U8A5MS6R1",
                "ts": "1542731180.108000"
            },
            {
                "user": "UBN9AFS0N",
                "ts": "1542731311.108200"
            },
            {
                "user": "UBN9AFS0N",
                "ts": "1542731342.108400"
            },
            {
                "user": "U8A5MS6R1",
                "ts": "1542731384.108600"
            },
            {
                "user": "U8A5MS6R1",
                "ts": "1542731446.108800"
            },
            {
                "user": "UBN9AFS0N",
                "ts": "1542731517.109000"
            },
            {
                "user": "U8A5MS6R1",
                "ts": "1542731584.109200"
            },
            {
                "user": "UBN9AFS0N",
                "ts": "1542731608.109400"
            },
            {
                "user": "UBN9AFS0N",
                "ts": "1542731614.109800"
            },
            {
                "user": "UC1TYP06P",
                "ts": "1543654637.000600"
            },
            {
                "user": "UC1TYP06P",
                "ts": "1543654642.000800"
            }
        ],
        "reactions": [
            {
                "name": "+1",
                "users": [
                    "UCUSW7WVD",
                    "UA14TGLTC",
                    "UCXR52MU2"
                ],
                "count": 3
            }
        ]
    },
    {
        "client_msg_id": "422b0cf3-b63a-4417-9f5a-e5676b7126ab",
        "type": "message",
        "text": "Honestly, I'm almost ready to go get a part time job at the University in order to get access.",
        "user": "UAVRZE1UG",
        "ts": "1542723905.105200",
        "thread_ts": "1542723817.105100",
        "parent_user_id": "UAVRZE1UG"
    },
    {
        "client_msg_id": "b6a24955-4b08-4cff-8b96-2ebcdf5d8f8a",
        "type": "message",
        "text": "Haha yeah I feel you. I'm semi-ashamed to mention sci-hub in this context... Can you give specific examples of books or papers you want access to but cannot find currently?",
        "user": "U5TCAFTD3",
        "ts": "1542724012.105400",
        "thread_ts": "1542723817.105100",
        "parent_user_id": "UAVRZE1UG"
    },
    {
        "client_msg_id": "2c71471d-1cf8-4e28-8f31-4a536fdf8aa8",
        "type": "message",
        "text": "I use pirated scientific articles without any shame",
        "user": "UCKRZS3DZ",
        "ts": "1542724096.105600",
        "thread_ts": "1542723817.105100",
        "parent_user_id": "UAVRZE1UG"
    },
    {
        "client_msg_id": "20ec1a3d-a359-43c6-9cb8-bc68b0ba41c6",
        "type": "message",
        "text": "I've heard that if you contact the authors they sent you a copy (if not already in their profile page in the publications section)",
        "user": "UBN9AFS0N",
        "ts": "1542724220.105800",
        "thread_ts": "1542723817.105100",
        "parent_user_id": "UAVRZE1UG",
        "reactions": [
            {
                "name": "+1",
                "users": [
                    "U8A5MS6R1",
                    "UC2A2ARPT"
                ],
                "count": 2
            }
        ]
    },
    {
        "client_msg_id": "0d5d865c-8504-429f-86ad-eae46f49dd48",
        "type": "message",
        "text": "Lots of times you can find an article on the authors website if you search `title.pdf`. Depending on your location, you might be able to go to a library with access to some db. And finally, I’m lucky enough to still have friends in grad school and i send them periodic emails with long lists of pdfs I want :slightly_smiling_face:",
        "user": "UDYGH7K8V",
        "ts": "1542724389.106000",
        "thread_ts": "1542723817.105100",
        "parent_user_id": "UAVRZE1UG",
        "reactions": [
            {
                "name": "+1",
                "users": [
                    "UA14TGLTC",
                    "UC2A2ARPT"
                ],
                "count": 2
            }
        ]
    },
    {
        "client_msg_id": "ec81b0c8-4812-4e80-898a-9cf77c2ba3c3",
        "type": "message",
        "text": "I almost always end up finding the papers somehow. The internet is awesome! But it can sometimes be a pain and I wish I could just browse and view them one after another. A lot of the papers I like I find out about in the references to other papers on the ACM website. It's the one membership that I actually pay for and then the link is to the damned IEEE website. Ugh. A lot of the papers I want are old, scanned from the original journal, so they are unlikely to be anywhere else on the web.",
        "user": "UAVRZE1UG",
        "ts": "1542725230.106200",
        "edited": {
            "user": "UAVRZE1UG",
            "ts": "1542725297.000000"
        },
        "thread_ts": "1542723817.105100",
        "parent_user_id": "UAVRZE1UG",
        "reactions": [
            {
                "name": "point_up",
                "users": [
                    "UDYGH7K8V",
                    "UA14TGLTC"
                ],
                "count": 2
            }
        ]
    },
    {
        "client_msg_id": "59553e3f-1a6e-4748-a9ef-1b1b96d0649b",
        "type": "message",
        "text": "Coincidentally Apress and Springer are having a sale right now where *all* their e-books are $7 only.",
        "user": "U8A5MS6R1",
        "ts": "1542729989.106700",
        "thread_ts": "1542723817.105100",
        "parent_user_id": "UAVRZE1UG"
    },
    {
        "client_msg_id": "4ac91b43-46b7-4820-89ce-6dddf3a850d8",
        "type": "message",
        "text": "link?",
        "user": "UBN9AFS0N",
        "ts": "1542730253.106900",
        "thread_ts": "1542723817.105100",
        "parent_user_id": "UAVRZE1UG"
    },
    {
        "client_msg_id": "651b2e17-2101-42f7-a2f7-f35ea14cba24",
        "type": "message",
        "text": "this one is still 59 :stuck_out_tongue: <https:\/\/www.springer.com\/de\/book\/9783540278849>",
        "user": "UBN9AFS0N",
        "ts": "1542730330.107100",
        "edited": {
            "user": "UBN9AFS0N",
            "ts": "1542730335.000000"
        },
        "thread_ts": "1542723817.105100",
        "parent_user_id": "UAVRZE1UG"
    },
    {
        "client_msg_id": "fb019948-34cb-4efd-a1ae-51fb61ee4742",
        "type": "message",
        "text": "ResearchGate is good for requesting articles from authors; they make it simple to both request and reply to requests. Without an institutional affiliation you’ll have to send RG an email to get an account.",
        "user": "UE0H4170F",
        "ts": "1542731066.107500",
        "thread_ts": "1542723817.105100",
        "parent_user_id": "UAVRZE1UG",
        "reactions": [
            {
                "name": "+1",
                "users": [
                    "UC2A2ARPT"
                ],
                "count": 1
            }
        ]
    },
    {
        "client_msg_id": "7bc456c5-a6ab-491e-9e66-7ee3acc3ec39",
        "type": "message",
        "text": "<@UBN9AFS0N> Do you see this link at the top about cyber week (not sure if it's US only :disappointed:) <https:\/\/screenshotscdn.firefoxusercontent.com\/images\/e2b38d1c-a0dc-4221-94ef-05f6a1d0536a.png>",
        "user": "U8A5MS6R1",
        "ts": "1542731160.107700",
        "attachments": [
            {
                "fallback": "1841x928px image",
                "image_url": "https:\/\/screenshotscdn.firefoxusercontent.com\/images\/e2b38d1c-a0dc-4221-94ef-05f6a1d0536a.png",
                "image_width": 1841,
                "image_height": 928,
                "image_bytes": 288209,
                "from_url": "https:\/\/screenshotscdn.firefoxusercontent.com\/images\/e2b38d1c-a0dc-4221-94ef-05f6a1d0536a.png",
                "id": 1,
                "original_url": "https:\/\/screenshotscdn.firefoxusercontent.com\/images\/e2b38d1c-a0dc-4221-94ef-05f6a1d0536a.png"
            }
        ],
        "thread_ts": "1542723817.105100",
        "parent_user_id": "UAVRZE1UG"
    },
    {
        "client_msg_id": "3f743155-aedf-45d4-b28b-2c8587170622",
        "type": "message",
        "text": "But the do have poor UI design, after I click the link, the cart price for this book drops to 7.",
        "user": "U8A5MS6R1",
        "ts": "1542731180.108000",
        "thread_ts": "1542723817.105100",
        "parent_user_id": "UAVRZE1UG"
    },
    {
        "client_msg_id": "7cc62f86-1bfd-483c-95ff-e7e87e46f4fa",
        "type": "message",
        "text": "navigating a little the banner appeared! thanks! :slightly_smiling_face:",
        "user": "UBN9AFS0N",
        "ts": "1542731311.108200",
        "thread_ts": "1542723817.105100",
        "parent_user_id": "UAVRZE1UG"
    },
    {
        "client_msg_id": "082aef13-1ff7-4aed-95bf-2f29f08ebdb9",
        "type": "message",
        "text": "but the book is still 60€ :confused:",
        "user": "UBN9AFS0N",
        "ts": "1542731342.108400",
        "thread_ts": "1542723817.105100",
        "parent_user_id": "UAVRZE1UG"
    },
    {
        "client_msg_id": "a50a6268-7aeb-4b3b-8995-cdab4210da9f",
        "type": "message",
        "text": "did you click the link in the banner? then go to the cart and see.",
        "user": "U8A5MS6R1",
        "ts": "1542731384.108600",
        "thread_ts": "1542723817.105100",
        "parent_user_id": "UAVRZE1UG"
    },
    {
        "client_msg_id": "4cf6ce52-0b3f-4a32-9370-a33f415bc724",
        "type": "message",
        "text": "They also surface on <http:\/\/apress.com|apress.com> but you have to click a checkbox for 'Springer' on bottom left. I bought Springer stuff from Apress just because it seems like a nicer UI. First go to <http:\/\/apress.com|apress.com> main page and click the deal link to activate some magic cookie. Then go here: <https:\/\/www.apress.com\/us\/search?publisher=all&amp;query=Unconventional+Programming+Paradigms>",
        "user": "U8A5MS6R1",
        "ts": "1542731446.108800",
        "thread_ts": "1542723817.105100",
        "parent_user_id": "UAVRZE1UG"
    },
    {
        "client_msg_id": "2e21e7a8-5fb8-44a2-bb8e-e3958f2f3207",
        "type": "message",
        "text": "<https:\/\/www.researchgate.net\/publication\/247935713_Unconventional_Programming_Paradigms_UPP'04>",
        "user": "UBN9AFS0N",
        "ts": "1542731517.109000",
        "thread_ts": "1542723817.105100",
        "parent_user_id": "UAVRZE1UG"
    },
    {
        "client_msg_id": "fe135d32-6964-4cdd-ba28-6889c27b1f96",
        "type": "message",
        "text": "Haha nice :smile:",
        "user": "U8A5MS6R1",
        "ts": "1542731584.109200",
        "thread_ts": "1542723817.105100",
        "parent_user_id": "UAVRZE1UG"
    },
    {
        "type": "message",
        "text": "",
        "files": [
            {
                "id": "FE9AUL2HM",
                "created": 1542731605,
                "timestamp": 1542731605,
                "name": "yay.png",
                "title": "yay.png",
                "mimetype": "image\/png",
                "filetype": "png",
                "pretty_type": "PNG",
                "user": "UBN9AFS0N",
                "editable": false,
                "size": 128209,
                "mode": "hosted",
                "is_external": false,
                "external_type": "",
                "is_public": true,
                "public_url_shared": false,
                "display_as_bot": false,
                "username": "",
                "url_private": "https:\/\/files.slack.com\/files-pri\/T5TCAFTA9-FE9AUL2HM\/yay.png?t=xoxe-197418537349-653683177169-653683177233-23343e578426a323e5fb905bbe2173fe",
                "url_private_download": "https:\/\/files.slack.com\/files-pri\/T5TCAFTA9-FE9AUL2HM\/download\/yay.png?t=xoxe-197418537349-653683177169-653683177233-23343e578426a323e5fb905bbe2173fe",
                "thumb_64": "https:\/\/files.slack.com\/files-tmb\/T5TCAFTA9-FE9AUL2HM-1fd7883abc\/yay_64.png?t=xoxe-197418537349-653683177169-653683177233-23343e578426a323e5fb905bbe2173fe",
                "thumb_80": "https:\/\/files.slack.com\/files-tmb\/T5TCAFTA9-FE9AUL2HM-1fd7883abc\/yay_80.png?t=xoxe-197418537349-653683177169-653683177233-23343e578426a323e5fb905bbe2173fe",
                "thumb_360": "https:\/\/files.slack.com\/files-tmb\/T5TCAFTA9-FE9AUL2HM-1fd7883abc\/yay_360.png?t=xoxe-197418537349-653683177169-653683177233-23343e578426a323e5fb905bbe2173fe",
                "thumb_360_w": 360,
                "thumb_360_h": 148,
                "thumb_480": "https:\/\/files.slack.com\/files-tmb\/T5TCAFTA9-FE9AUL2HM-1fd7883abc\/yay_480.png?t=xoxe-197418537349-653683177169-653683177233-23343e578426a323e5fb905bbe2173fe",
                "thumb_480_w": 480,
                "thumb_480_h": 197,
                "thumb_160": "https:\/\/files.slack.com\/files-tmb\/T5TCAFTA9-FE9AUL2HM-1fd7883abc\/yay_160.png?t=xoxe-197418537349-653683177169-653683177233-23343e578426a323e5fb905bbe2173fe",
                "thumb_720": "https:\/\/files.slack.com\/files-tmb\/T5TCAFTA9-FE9AUL2HM-1fd7883abc\/yay_720.png?t=xoxe-197418537349-653683177169-653683177233-23343e578426a323e5fb905bbe2173fe",
                "thumb_720_w": 720,
                "thumb_720_h": 296,
                "thumb_800": "https:\/\/files.slack.com\/files-tmb\/T5TCAFTA9-FE9AUL2HM-1fd7883abc\/yay_800.png?t=xoxe-197418537349-653683177169-653683177233-23343e578426a323e5fb905bbe2173fe",
                "thumb_800_w": 800,
                "thumb_800_h": 329,
                "thumb_960": "https:\/\/files.slack.com\/files-tmb\/T5TCAFTA9-FE9AUL2HM-1fd7883abc\/yay_960.png?t=xoxe-197418537349-653683177169-653683177233-23343e578426a323e5fb905bbe2173fe",
                "thumb_960_w": 960,
                "thumb_960_h": 395,
                "thumb_1024": "https:\/\/files.slack.com\/files-tmb\/T5TCAFTA9-FE9AUL2HM-1fd7883abc\/yay_1024.png?t=xoxe-197418537349-653683177169-653683177233-23343e578426a323e5fb905bbe2173fe",
                "thumb_1024_w": 1024,
                "thumb_1024_h": 421,
                "image_exif_rotation": 1,
                "original_w": 1162,
                "original_h": 478,
                "permalink": "https:\/\/futureofcoding.slack.com\/files\/UBN9AFS0N\/FE9AUL2HM\/yay.png",
                "permalink_public": "https:\/\/slack-files.com\/T5TCAFTA9-FE9AUL2HM-7cd5fe073f",
                "has_rich_preview": false
            }
        ],
        "upload": true,
        "user": "UBN9AFS0N",
        "display_as_bot": false,
        "ts": "1542731608.109400",
        "thread_ts": "1542723817.105100",
        "parent_user_id": "UAVRZE1UG"
    },
    {
        "client_msg_id": "ef562d8c-7572-4f67-b067-b947d224a19d",
        "type": "message",
        "text": ":tada:",
        "user": "UBN9AFS0N",
        "ts": "1542731614.109800",
        "thread_ts": "1542723817.105100",
        "parent_user_id": "UAVRZE1UG"
    },
    {
        "type": "message",
        "text": "The Synthesizer Generator\nA System for Constructing Language-Based Editors",
        "files": [
            {
                "id": "FE8TZ0LJ1",
                "created": 1542762465,
                "timestamp": 1542762465,
                "name": "image.png",
                "title": "Pasted image at 2018-11-20, 5:07 PM",
                "mimetype": "image\/png",
                "filetype": "png",
                "pretty_type": "PNG",
                "user": "U8A5MS6R1",
                "editable": false,
                "size": 39989,
                "mode": "hosted",
                "is_external": false,
                "external_type": "",
                "is_public": true,
                "public_url_shared": false,
                "display_as_bot": false,
                "username": "",
                "url_private": "https:\/\/files.slack.com\/files-pri\/T5TCAFTA9-FE8TZ0LJ1\/image.png?t=xoxe-197418537349-653683177169-653683177233-23343e578426a323e5fb905bbe2173fe",
                "url_private_download": "https:\/\/files.slack.com\/files-pri\/T5TCAFTA9-FE8TZ0LJ1\/download\/image.png?t=xoxe-197418537349-653683177169-653683177233-23343e578426a323e5fb905bbe2173fe",
                "thumb_64": "https:\/\/files.slack.com\/files-tmb\/T5TCAFTA9-FE8TZ0LJ1-16ee990da9\/image_64.png?t=xoxe-197418537349-653683177169-653683177233-23343e578426a323e5fb905bbe2173fe",
                "thumb_80": "https:\/\/files.slack.com\/files-tmb\/T5TCAFTA9-FE8TZ0LJ1-16ee990da9\/image_80.png?t=xoxe-197418537349-653683177169-653683177233-23343e578426a323e5fb905bbe2173fe",
                "thumb_360": "https:\/\/files.slack.com\/files-tmb\/T5TCAFTA9-FE8TZ0LJ1-16ee990da9\/image_360.png?t=xoxe-197418537349-653683177169-653683177233-23343e578426a323e5fb905bbe2173fe",
                "thumb_360_w": 360,
                "thumb_360_h": 101,
                "thumb_480": "https:\/\/files.slack.com\/files-tmb\/T5TCAFTA9-FE8TZ0LJ1-16ee990da9\/image_480.png?t=xoxe-197418537349-653683177169-653683177233-23343e578426a323e5fb905bbe2173fe",
                "thumb_480_w": 480,
                "thumb_480_h": 135,
                "thumb_160": "https:\/\/files.slack.com\/files-tmb\/T5TCAFTA9-FE8TZ0LJ1-16ee990da9\/image_160.png?t=xoxe-197418537349-653683177169-653683177233-23343e578426a323e5fb905bbe2173fe",
                "image_exif_rotation": 1,
                "original_w": 648,
                "original_h": 182,
                "permalink": "https:\/\/futureofcoding.slack.com\/files\/U8A5MS6R1\/FE8TZ0LJ1\/image.png",
                "permalink_public": "https:\/\/slack-files.com\/T5TCAFTA9-FE8TZ0LJ1-683d9d89b7",
                "has_rich_preview": false
            }
        ],
        "upload": true,
        "user": "U8A5MS6R1",
        "display_as_bot": false,
        "ts": "1542762468.110200",
        "thread_ts": "1542263780.084400",
        "parent_user_id": "UCKRZS3DZ"
    },
    {
        "client_msg_id": "ff70d8ad-3275-443b-95c4-3231bfa858a4",
        "type": "message",
        "text": "(This is from 1989..much good stuff is available from decades ago)",
        "user": "U8A5MS6R1",
        "ts": "1542762518.110600",
        "thread_ts": "1542263780.084400",
        "parent_user_id": "UCKRZS3DZ"
    }
]