[
    {
        "client_msg_id": "a10cddb7-ac41-4267-89cd-541a9daf0c5f",
        "type": "message",
        "text": "<http:\/\/www.ultratechnology.com\/method.htm>",
        "user": "U8A5MS6R1",
        "ts": "1542131476.015600",
        "attachments": [
            {
                "title": "The Forth Methodology of Charles Moore by Jeff Fox 12\/09\/01",
                "title_link": "http:\/\/www.ultratechnology.com\/method.htm",
                "text": "Essay about the Forth methodology of Chuck Moore as interpreted by Jeff Fox",
                "fallback": "The Forth Methodology of Charles Moore by Jeff Fox 12\/09\/01",
                "from_url": "http:\/\/www.ultratechnology.com\/method.htm",
                "service_icon": "http:\/\/www.ultratechnology.com\/favicon.ico",
                "service_name": "ultratechnology.com",
                "id": 1,
                "original_url": "http:\/\/www.ultratechnology.com\/method.htm"
            }
        ]
    },
    {
        "client_msg_id": "984d9ab5-f1a8-47de-82fd-106eef588745",
        "type": "message",
        "text": ":heart: I've been trying to design a better `read()` syscall for the past month. Heartening to know it can take time..",
        "user": "UCUSW7WVD",
        "ts": "1542132457.016900"
    },
    {
        "client_msg_id": "e02fa793-805a-41df-81a4-165ed2d36687",
        "type": "message",
        "text": "Then again, not one word in all that about collaboration, or working together with someone. That leaves a lot of fun on the table: <https:\/\/plforums.org\/practice\/minimal-features-required-for-an-extensible-language#post_65>\n\nAnd the Forth libraries I've seen don't really follow step 10 about documentation.",
        "user": "UCUSW7WVD",
        "ts": "1542133138.019000",
        "thread_ts": "1542133138.019000",
        "reply_count": 1,
        "reply_users_count": 1,
        "latest_reply": "1542217863.047700",
        "reply_users": [
            "UAL7940NM"
        ],
        "replies": [
            {
                "user": "UAL7940NM",
                "ts": "1542217863.047700"
            }
        ]
    },
    {
        "client_msg_id": "db00476d-0f89-477e-ae88-c10d935d7321",
        "type": "message",
        "text": "Documentation is a lousy way to foster collaboration.",
        "user": "UCUSW7WVD",
        "ts": "1542133289.019600"
    },
    {
        "client_msg_id": "40073d4c-572e-46cd-808c-3bdb089bc4f0",
        "type": "message",
        "text": "And all the up-front design really discourages collaboration. If the next person can't make any improvements, they have no opportunity to make it their own. This is where compatibility really kills you. Either you have to get it right up front, or you get stuck supporting crap. Either way: no collaboration.",
        "user": "UCUSW7WVD",
        "ts": "1542133404.022400",
        "reactions": [
            {
                "name": "+1::skin-tone-3",
                "users": [
                    "UAL7940NM"
                ],
                "count": 1
            }
        ]
    },
    {
        "client_msg_id": "1aa9741d-967a-44f8-850b-5573a1f343a4",
        "type": "message",
        "text": "interesting. I think interesting documentation can be conducive to collaboration.",
        "user": "UE1JQM9HQ",
        "ts": "1542142207.023000"
    },
    {
        "client_msg_id": "7688e2b8-a0ec-44dd-b767-a527d70c6473",
        "type": "message",
        "text": "Yeah, I should elaborate. Well-written documentation can be _great_ for collaboration. But well-written documentation can be _really_ hard to do, _even_ when the incentives are perfectly aligned (very rare even in open source; the world is complex). So lately I try to at least talk about the thing right in front of the thing rather than on some other page all by itself. That way at least if I screw up how I describe the thing, at least the reader has a chance at trying to cross-triangulate what I mean by looking at and running the thing itself.\n\nBut you're a Smalltalk guy. I suspect I'm preaching to the choir :slightly_smiling_face:",
        "user": "UCUSW7WVD",
        "ts": "1542143526.025900",
        "thread_ts": "1542143526.025900",
        "reply_count": 1,
        "reply_users_count": 1,
        "latest_reply": "1542182643.027000",
        "reply_users": [
            "UCKRZS3DZ"
        ],
        "replies": [
            {
                "user": "UCKRZS3DZ",
                "ts": "1542182643.027000"
            }
        ]
    },
    {
        "client_msg_id": "df99744f-c34f-4789-bc6d-932bc28d9a63",
        "type": "message",
        "text": "---\nOn a separate note, I did a brief analysis this morning of just how much GNU `cat` (and therefore GNU) sucks: <https:\/\/news.ycombinator.com\/item?id=18436735#18438344>",
        "user": "UCUSW7WVD",
        "ts": "1542143900.026600"
    }
]