[
    {
        "client_msg_id": "f16a3443-8713-49fd-a8f7-4251366ab28d",
        "type": "message",
        "text": "Today I learned about site called \"Un-code Mania\" where \"un\" rhymes with \"boon\".  It was a Japanese site where it's a pun because \"unko\" means \"shit\" so \"un-code\" was shit code. It was a site where you post code you think is crap and people shit :hankey:vote it. The more :hankey:votes the worse the code.\n\nOf course at first it sounds like a joke and it is, but, it also serves as a place to look at code people judge as bad and hopefully learn why it's bad.\n\nI'm only guessing the reason it is offline is that most people who want to post bad code probably saw that code at work and if they post it might get the site in trouble. Just a guess.\n\nApparently you could also judge the code as \"Hiyo-code\" which is another pun as \"Hiyoko\" means baby chicken. Putting this mark meant code by a beginner but fixable.\n\nAnyway, it brought up interesting thoughts given it provides a chance to understand why some code is judged as bad",
        "user": "UC6997THT",
        "ts": "1543767323.008100",
        "edited": {
            "user": "UC6997THT",
            "ts": "1543822789.000000"
        },
        "thread_ts": "1543767323.008100",
        "reply_count": 1,
        "reply_users_count": 1,
        "latest_reply": "1543810077.008700",
        "reply_users": [
            "UCXR52MU2"
        ],
        "replies": [
            {
                "user": "UCXR52MU2",
                "ts": "1543810077.008700"
            }
        ],
        "reactions": [
            {
                "name": "bulb",
                "users": [
                    "UDJ2TKB99",
                    "UA14TGLTC",
                    "UCXR52MU2"
                ],
                "count": 3
            }
        ]
    },
    {
        "client_msg_id": "89473062-f56a-474c-8e9e-35c0c07e0ae6",
        "type": "message",
        "text": "reminds me if anyone is doing <https:\/\/adventofcode.com>, it will be cool to marry these 2 ideas together :slightly_smiling_face:",
        "user": "UCXR52MU2",
        "ts": "1543810077.008700",
        "thread_ts": "1543767323.008100",
        "parent_user_id": "UC6997THT"
    }
]