[
    {
        "client_msg_id": "1A89CCEC-637A-4C6A-8723-91EFB3BB4F2C",
        "type": "message",
        "text": "Oh, I just came across John Ohno’s stuff yesterday while researching Named Data Networking. It’s very relevant to this audience—and he actually spent several recent years working on the modern iteration of the Xanadu project!\n\nRelating to that particular excerpt, I also (after many years of recommendations) finally started reading James C. Scott’s “Seeing Like A State”, which seems to be at least partly about how governments and other large organizations tend to manifest a homogenizing pressure in order to make the world manageable to them, losing vital local knowledge and diversity in the process",
        "user": "UDJ2TKB99",
        "ts": "1545546793.022100",
        "thread_ts": "1545434297.012700",
        "parent_user_id": "UCUSW7WVD",
        "reactions": [
            {
                "name": "+1",
                "users": [
                    "UCUSW7WVD",
                    "UAJ9DV971"
                ],
                "count": 2
            }
        ]
    }
]