[
    {
        "type": "message",
        "subtype": "thread_broadcast",
        "text": "Interesting. Are there other ways than documentation that foster collaboration? Something less tiresome to maintain.",
        "user": "UCKRZS3DZ",
        "ts": "1542182643.027000",
        "thread_ts": "1542143526.025900",
        "root": {
            "client_msg_id": "7688e2b8-a0ec-44dd-b767-a527d70c6473",
            "type": "message",
            "text": "Yeah, I should elaborate. Well-written documentation can be _great_ for collaboration. But well-written documentation can be _really_ hard to do, _even_ when the incentives are perfectly aligned (very rare even in open source; the world is complex). So lately I try to at least talk about the thing right in front of the thing rather than on some other page all by itself. That way at least if I screw up how I describe the thing, at least the reader has a chance at trying to cross-triangulate what I mean by looking at and running the thing itself.\n\nBut you're a Smalltalk guy. I suspect I'm preaching to the choir :slightly_smiling_face:",
            "user": "UCUSW7WVD",
            "ts": "1542143526.025900",
            "thread_ts": "1542143526.025900",
            "reply_count": 1,
            "reply_users_count": 1,
            "latest_reply": "1542182643.027000",
            "reply_users": [
                "UCKRZS3DZ"
            ],
            "replies": [
                {
                    "user": "UCKRZS3DZ",
                    "ts": "1542182643.027000"
                }
            ]
        },
        "client_msg_id": "7f0e8a25-1d44-417b-b0c4-f4042b19a231"
    },
    {
        "client_msg_id": "ca5d9976-2f8c-44a1-9571-64ebed4db699",
        "type": "message",
        "text": "Documentation does not have to be tiresome to maintain :slightly_smiling_face:",
        "user": "UE1JQM9HQ",
        "ts": "1542182726.027500"
    },
    {
        "client_msg_id": "89e68066-ae30-45a0-98de-b6beea24f390",
        "type": "message",
        "text": "What I find interesting is telling a story about and with the system I am building. To do that I am forced to build the story in the system. This often leads to visualizations that describe internal aspects, and this leads to live documentation.",
        "user": "UE1JQM9HQ",
        "ts": "1542182754.028100",
        "edited": {
            "user": "UE1JQM9HQ",
            "ts": "1542184433.000000"
        },
        "reactions": [
            {
                "name": "heart",
                "users": [
                    "UCUSW7WVD",
                    "UCQ4BBFQ9",
                    "UD3AK9JRF"
                ],
                "count": 3
            }
        ]
    },
    {
        "client_msg_id": "bda52b1f-5592-4f4a-aacc-6d33d65a4078",
        "type": "message",
        "text": "I think writing documentation would be really fun if we had the right tools to do good storytelling. That's why I'm excited about efforts toward literate programming.",
        "user": "UCGAK10LS",
        "ts": "1542187318.029200"
    },
    {
        "client_msg_id": "5c3f8de9-0226-4df1-ba13-7ed03cbc0669",
        "type": "message",
        "text": "I think literate programming is interesting, too. But, we should not limit storytelling to words. Live and visual interactions are too powerful to leave out :slightly_smiling_face:",
        "user": "UE1JQM9HQ",
        "ts": "1542187830.030200"
    },
    {
        "client_msg_id": "26CDC337-64E4-4938-A863-BB5A1872CD8C",
        "type": "message",
        "text": "It seems obvious that the person who knows most about the system needs to document it. However, it turns out _good_ documentation often comes from other people, who had to understand the system from scratch long after it has been designed.\n\nIt’s hard to look at our own creations with a Beginner’s Mind again, but that’s really helpful, if not essential, to write good documentation.\n\nAnd I’m not sure if writing documentation itself can be more fun — I’d like to think so. For sure though, there are people who like writing documentation. So it’s great if you have a chance to collaborate with those.",
        "user": "U5STGTB3J",
        "ts": "1542189244.037300",
        "reactions": [
            {
                "name": "point_up",
                "users": [
                    "UDYGH7K8V",
                    "UAL7940NM",
                    "U8A5MS6R1",
                    "UA14TGLTC"
                ],
                "count": 4
            }
        ]
    },
    {
        "client_msg_id": "c928609a-3de4-4b49-b0d8-83ead36b48be",
        "type": "message",
        "text": "Precisely",
        "user": "UE1JQM9HQ",
        "ts": "1542189647.037500"
    },
    {
        "client_msg_id": "fd07cf6b-9176-432f-b5cf-9a14f80ec512",
        "type": "message",
        "text": "I do think that writing documentation can be fun if you have the right development experience for it",
        "user": "UE1JQM9HQ",
        "ts": "1542189688.038400",
        "edited": {
            "user": "UE1JQM9HQ",
            "ts": "1542189707.000000"
        }
    },
    {
        "client_msg_id": "2438ce4a-276d-44e8-92d5-b96e06866e1c",
        "type": "message",
        "text": "Since about 15 years I am practicing demo-driven development. This means that I drive my development form the point of view of the demo that I will give with and about it. This forces me to build the story into the system, including the visuals.",
        "user": "UE1JQM9HQ",
        "ts": "1542189768.039700"
    },
    {
        "client_msg_id": "b447c3de-e71b-422e-bcca-1d86f0993055",
        "type": "message",
        "text": "And here I am referring to any details about my system. I think everything about my system should be explainable to a newcomer in minutes",
        "user": "UE1JQM9HQ",
        "ts": "1542189807.040500",
        "reactions": [
            {
                "name": "heart",
                "users": [
                    "U8A5MS6R1",
                    "UCSJ44X1S",
                    "UD3AK9JRF"
                ],
                "count": 3
            }
        ]
    },
    {
        "client_msg_id": "47026cf6-e01c-407b-bd71-d7e2e5b62208",
        "type": "message",
        "text": "It seems like large amount of documentation could be generated if we had proper programming environments.\nVersion incompatabilities, examples of usage, changes in API -- all of this can be generated.\n\nWhat else is left? Stories, grand narratives? Use cases?",
        "user": "UCKRZS3DZ",
        "ts": "1542191164.042500",
        "edited": {
            "user": "UCKRZS3DZ",
            "ts": "1542191182.000000"
        }
    },
    {
        "client_msg_id": "cfffab04-3ca2-49fa-bfb1-d90129cc0bbc",
        "type": "message",
        "text": "Explaining what a function\/method\/class does :stuck_out_tongue:",
        "user": "UCGAK10LS",
        "ts": "1542196989.043200"
    },
    {
        "client_msg_id": "2d2cacf0-4db3-46be-bb79-1ebc53a11876",
        "type": "message",
        "text": "explaining _why_ a design or implementation choice was made",
        "user": "UDYGH7K8V",
        "ts": "1542204330.044800",
        "reactions": [
            {
                "name": "+1",
                "users": [
                    "UCUSW7WVD"
                ],
                "count": 1
            }
        ]
    },
    {
        "client_msg_id": "99f276d9-44f7-4fbc-bad8-448507fb6082",
        "type": "message",
        "text": "Thanks for the link to your comment. Very interesting :+1::skin-tone-3:",
        "user": "UAL7940NM",
        "ts": "1542217863.047700",
        "thread_ts": "1542133138.019000",
        "parent_user_id": "UCUSW7WVD",
        "reactions": [
            {
                "name": "wave",
                "users": [
                    "UCUSW7WVD"
                ],
                "count": 1
            }
        ]
    },
    {
        "client_msg_id": "98b5a89e-7624-4121-922b-5e967cc3b0a3",
        "type": "message",
        "text": "There's the question of content (what should be written, what aspects covered). But there's also the problem of the representation medium - most documentation today is off to the side, completely disconnected from the artifacts it is talking about. This is a fundamentally fractured model. You not only have out of date stuff, but constantly jump back and forth. Instead of a clear distinction between 'docs' and 'code', ideally there would be a hypermedium with various views at different levels of detail: high level views (system design, narratives) all the way to low level views (code) - all of them interconnected and traversible.",
        "user": "U8A5MS6R1",
        "ts": "1542220667.062400",
        "thread_ts": "1542220667.062400",
        "reply_count": 14,
        "reply_users_count": 4,
        "latest_reply": "1542237990.072700",
        "reply_users": [
            "UAL7940NM",
            "U8A5MS6R1",
            "UDYGH7K8V",
            "UCUSW7WVD"
        ],
        "replies": [
            {
                "user": "UAL7940NM",
                "ts": "1542221336.064700"
            },
            {
                "user": "UAL7940NM",
                "ts": "1542221708.064900"
            },
            {
                "user": "U8A5MS6R1",
                "ts": "1542222082.066500"
            },
            {
                "user": "UDYGH7K8V",
                "ts": "1542222466.066800"
            },
            {
                "user": "UDYGH7K8V",
                "ts": "1542222508.067000"
            },
            {
                "user": "U8A5MS6R1",
                "ts": "1542222544.067200"
            },
            {
                "user": "UDYGH7K8V",
                "ts": "1542223012.067500"
            },
            {
                "user": "U8A5MS6R1",
                "ts": "1542223070.067700"
            },
            {
                "user": "UDYGH7K8V",
                "ts": "1542223312.068000"
            },
            {
                "user": "U8A5MS6R1",
                "ts": "1542223696.068300"
            },
            {
                "user": "UCUSW7WVD",
                "ts": "1542223799.068500"
            },
            {
                "user": "UDYGH7K8V",
                "ts": "1542226659.069300"
            },
            {
                "user": "U8A5MS6R1",
                "ts": "1542231802.072300"
            },
            {
                "user": "UCUSW7WVD",
                "ts": "1542237990.072700"
            }
        ]
    },
    {
        "client_msg_id": "930ed1e9-ea13-4a64-adff-eefcace29652",
        "type": "message",
        "text": "That's an interesting discussion! I'd be neat if more people would collaborate on documentation, and as <@U5STGTB3J> pointed out, novices to a project are especially important as collaborators.\nI wonder if more people would edit documentation if it wasn't owned by the project's owner. Think about having wikipedia-like editing right within your documentation. Especially if I'm new to a project, I'm always afraid to screw up other people's documentation by writing something stupid. I wonder if knowing that the next regular guy who reads my changes could easily improve or correct them would lower the bar to start collaborating.\nAnother option could be to include comments into each documentation page. People are used to providing feedback if they can, so they would probably point out a lot of issues that could then be used by maintainers to improve documentation.\nUsing current tools (IRC, github issues \/ PRs) all of this is possible already, but I think that making it easier and integrating it better into the documentation itself could make a huge difference.",
        "user": "UAL7940NM",
        "ts": "1542220709.063000",
        "reactions": [
            {
                "name": "heart",
                "users": [
                    "UCUSW7WVD"
                ],
                "count": 1
            }
        ]
    },
    {
        "client_msg_id": "72bb3c8c-d3f1-4ffb-b3b7-9d09ff9446a3",
        "type": "message",
        "text": "GToolkit is doing going in this direction, it seems. E.g. you can have markdown like docs within which you embed live results of relevant queries on the code repository.",
        "user": "U8A5MS6R1",
        "ts": "1542220795.064400",
        "reactions": [
            {
                "name": "+1",
                "users": [
                    "UE1JQM9HQ"
                ],
                "count": 1
            },
            {
                "name": "bulb",
                "users": [
                    "UCUSW7WVD"
                ],
                "count": 1
            }
        ]
    },
    {
        "client_msg_id": "d6310350-65f3-473d-bacd-f19cf35c3d5b",
        "type": "message",
        "text": "I agree that code and documentation should be as close together as possible. When talking about different views, *projectional editors* come to mind. The data structure they use internally is more like an AST and therefore more expressive than the \"source text\" commonly used today. You could add a \"comment\" attribute to each node type (module, class, even parts of an expression) or introduce additional node types only suited for documentation (tables, graphs, ...).",
        "user": "UAL7940NM",
        "ts": "1542221336.064700",
        "thread_ts": "1542220667.062400",
        "parent_user_id": "U8A5MS6R1"
    },
    {
        "client_msg_id": "da7da23e-4c70-4d1b-9a9e-ec38912c641c",
        "type": "message",
        "text": "In general, PL designers seem to not think about program comprehensibility beyond code syntax and allowing you to insert a couple of characters here and there as part of a comment. I wonder how a programming system that focuses on being understandable by humans would look like. Rich documentation, visible connections \/ dependencies between components, abstract overview projections, ...",
        "user": "UAL7940NM",
        "ts": "1542221708.064900",
        "thread_ts": "1542220667.062400",
        "parent_user_id": "U8A5MS6R1",
        "reactions": [
            {
                "name": "heart",
                "users": [
                    "U8A5MS6R1"
                ],
                "count": 1
            }
        ]
    },
    {
        "client_msg_id": "7478fdf4-36fd-448c-b04b-7cf69d2b304e",
        "type": "message",
        "text": "The 'syntax' is important only because the def facto medium is directly edited plain text files. To get all the good things you have to give that up, which unfortunately leaves you in a bubble.",
        "user": "U8A5MS6R1",
        "ts": "1542222082.066500",
        "thread_ts": "1542220667.062400",
        "parent_user_id": "U8A5MS6R1"
    },
    {
        "client_msg_id": "0ecc4570-a3df-44c4-8a44-ff20efc4b42b",
        "type": "message",
        "text": "yeah, moving away from text you lose a ton of nice properties.  I’m thinking searchability, easy generation \/ transformation, copy\/paste.",
        "user": "UDYGH7K8V",
        "ts": "1542222466.066800",
        "thread_ts": "1542220667.062400",
        "parent_user_id": "U8A5MS6R1"
    },
    {
        "client_msg_id": "8a1cd04a-ccb6-4e15-a337-20257382229b",
        "type": "message",
        "text": "But I’m sure alternative media have still _other_ properties that I just don’t know\/appreciate because I’m so oriented to text-based programs",
        "user": "UDYGH7K8V",
        "ts": "1542222508.067000",
        "thread_ts": "1542220667.062400",
        "parent_user_id": "U8A5MS6R1"
    },
    {
        "client_msg_id": "392a681a-59a3-4bea-823a-3230aadcd4c3",
        "type": "message",
        "text": "All of those things get better, no? It's just your text oriented operating systems and tooling don't work for you anymore.",
        "user": "U8A5MS6R1",
        "ts": "1542222544.067200",
        "thread_ts": "1542220667.062400",
        "parent_user_id": "U8A5MS6R1",
        "reactions": [
            {
                "name": "+1::skin-tone-3",
                "users": [
                    "UAL7940NM"
                ],
                "count": 1
            }
        ]
    },
    {
        "client_msg_id": "a3a5f898-2ba8-4099-b671-97774e3f29d1",
        "type": "message",
        "text": "right, thats 40+ years of accumulated tooling",
        "user": "UDYGH7K8V",
        "ts": "1542223012.067500",
        "thread_ts": "1542220667.062400",
        "parent_user_id": "U8A5MS6R1"
    },
    {
        "client_msg_id": "ffcb3c89-030c-430d-a836-f87f1c963c83",
        "type": "message",
        "text": "Yes.. and do we want the next 40 years to be different, or the same? :wink:",
        "user": "U8A5MS6R1",
        "ts": "1542223070.067700",
        "thread_ts": "1542220667.062400",
        "parent_user_id": "U8A5MS6R1",
        "reactions": [
            {
                "name": "point_up",
                "users": [
                    "UDYGH7K8V",
                    "UDHAKT0P3"
                ],
                "count": 2
            }
        ]
    },
    {
        "client_msg_id": "4ba05bf7-3f2b-498e-962e-19abc2695e79",
        "type": "message",
        "text": "haha, for sure. I don’t know specifically what you’re thinking of, I’ve just read other kinda of proposals for new program _authoring_ environments that don’t take into account program _comprehension_. Which I get concerned about.",
        "user": "UDYGH7K8V",
        "ts": "1542223312.068000",
        "thread_ts": "1542220667.062400",
        "parent_user_id": "U8A5MS6R1",
        "reactions": [
            {
                "name": "heart",
                "users": [
                    "UCUSW7WVD"
                ],
                "count": 1
            }
        ]
    },
    {
        "client_msg_id": "700b2a32-c0a7-4511-b495-e9481707acd8",
        "type": "message",
        "text": "TBH, I'm not bringing solutions, only problems. But one creeping realization I have is that fixing the problem might mean first changing some of the underlying assumptions and entrenched realities.",
        "user": "U8A5MS6R1",
        "ts": "1542223696.068300",
        "thread_ts": "1542220667.062400",
        "parent_user_id": "U8A5MS6R1"
    },
    {
        "client_msg_id": "18895dff-5262-4551-be0e-32c1970b7045",
        "type": "message",
        "text": "'Comprehension' is key terminology here. Most people focus on 'readability' in the small rather than the sorts of global activities programmers need to do that look a lot more like reading comprehension.\n\nI tend to think text is a perfectly fine way to do comprehension. We just need to do a better job (in some fairly straight-forward, actionable ways) within the context of existing text-based systems. Maybe going beyond text will also be helpful, but that seems an open question. For now, text is an assumption I'm content to retain. <@U8A5MS6R1> and I have argued this before :slightly_smiling_face:",
        "user": "UCUSW7WVD",
        "ts": "1542223799.068500",
        "thread_ts": "1542220667.062400",
        "parent_user_id": "U8A5MS6R1",
        "reactions": [
            {
                "name": "clap",
                "users": [
                    "UDYGH7K8V"
                ],
                "count": 1
            },
            {
                "name": "sunglasses",
                "users": [
                    "U8A5MS6R1"
                ],
                "count": 1
            }
        ]
    },
    {
        "client_msg_id": "84032ff1-2d8f-4d18-b6a6-a81058568859",
        "type": "message",
        "text": "pulling out that distinction between readability and comprehension is useful",
        "user": "UDYGH7K8V",
        "ts": "1542226659.069300",
        "thread_ts": "1542220667.062400",
        "parent_user_id": "U8A5MS6R1"
    },
    {
        "client_msg_id": "a8a4e3cd-6636-4b8a-a7d0-770f1c49a669",
        "type": "message",
        "text": "We also can embed various views of examples. Examples have assertions, like tests, but they also return the object. Combined with the fact that objects can have different facets and with the fact that we can embed these artifacts in a document, it becomes a highly effective mechanism. We have a simple example framework that replaces the testing framework and we now practice example-driven development.",
        "user": "UE1JQM9HQ",
        "ts": "1542230757.072100",
        "reactions": [
            {
                "name": "+1",
                "users": [
                    "UA14TGLTC"
                ],
                "count": 1
            }
        ]
    },
    {
        "client_msg_id": "78902df0-1de8-4b8b-ae5f-c077cab215b5",
        "type": "message",
        "text": "Great point. I'm careful now to use the phrase 'plain text files'.  Things like spreadsheets, Subtext and <http:\/\/infra-structure.org|infra-structure.org> are excluded by text oriented systems like Git. You still have text in these systems, mainly at the boundary with the reader (not necessarily as a large blob though, but organized within a different structure). If you have projectional interfaces, much of the content could be text. But why version and store large blobs of text when you really want history and different projections of the richer interconnected structures that are being represented? That's my thinking anyway.",
        "user": "U8A5MS6R1",
        "ts": "1542231802.072300",
        "thread_ts": "1542220667.062400",
        "parent_user_id": "U8A5MS6R1",
        "reactions": [
            {
                "name": "+1::skin-tone-3",
                "users": [
                    "UAL7940NM"
                ],
                "count": 1
            }
        ]
    },
    {
        "client_msg_id": "2973842f-01eb-4f38-8a48-396770d7a47d",
        "type": "message",
        "text": "Ah, that's a good distinction that you've had to remind me of a few times now. Very subtle and seems to easily fall off my head.",
        "user": "UCUSW7WVD",
        "ts": "1542237990.072700",
        "thread_ts": "1542220667.062400",
        "parent_user_id": "U8A5MS6R1"
    },
    {
        "client_msg_id": "d92a0e8f-48f9-4d7e-9436-d4d811336f40",
        "type": "message",
        "text": "Just realized that documentation usually describes higher level of abstraction about code. It describers into what layers program is split, or what functionality several applications should provide.\n\nThere must be a tool that would parse plain English statements with links to your code, transform it into some constraints, and then apply these constraints while developing. This will connect documentation and code more tightly, reduce chance of being obsolete.\n\nSay you're writing in documentation that: \"The whole application is split into three layers: A, B, C. A and C layers never communicate. A consists of ComponentA1, ComponentA2. Components in C layers are all located in 'c_layer' directory\". A tool gonna parse it and produce rules:\n\n```\nlayer('A', 'ComponentA1').\nlayer('A', 'ComponentA2').\n\nread_components_in_dir('C', \"c_layer\").\n\nio_allowed(Component1, Component2) :-\n  layer('A', Component1), layer('C', Component2), false;\nio_allowed(Component1, Component2) :-\n  layer('A', Component2), layer('C', Component1), false;\nio_allowed(Component1, Component2).\n```\n\nI'm not sure I got the Prolog code right, but you get the idea.\n\nThus it will throw a warning if it notices that code break constraint described in documentation.\n\nThis will motivate programmers describe higher level assumptions about code in documentation, because it constraints it and provides some kind of safety. Just like static typing or assertion does.",
        "user": "UCKRZS3DZ",
        "ts": "1542263780.084400",
        "thread_ts": "1542263780.084400",
        "reply_count": 13,
        "reply_users_count": 3,
        "latest_reply": "1542762518.110600",
        "reply_users": [
            "UCKRZS3DZ",
            "UE1JQM9HQ",
            "U8A5MS6R1"
        ],
        "replies": [
            {
                "user": "UCKRZS3DZ",
                "ts": "1542264193.084500"
            },
            {
                "user": "UE1JQM9HQ",
                "ts": "1542265827.086300"
            },
            {
                "user": "UCKRZS3DZ",
                "ts": "1542266008.086500"
            },
            {
                "user": "UE1JQM9HQ",
                "ts": "1542266174.086700"
            },
            {
                "user": "UE1JQM9HQ",
                "ts": "1542266210.086900"
            },
            {
                "user": "UE1JQM9HQ",
                "ts": "1542266391.087200"
            },
            {
                "user": "UCKRZS3DZ",
                "ts": "1542266568.087400"
            },
            {
                "user": "U8A5MS6R1",
                "ts": "1542304815.088000"
            },
            {
                "user": "UE1JQM9HQ",
                "ts": "1542305018.088200"
            },
            {
                "user": "UE1JQM9HQ",
                "ts": "1542305072.088400"
            },
            {
                "user": "UE1JQM9HQ",
                "ts": "1542315971.088700"
            },
            {
                "user": "U8A5MS6R1",
                "ts": "1542762468.110200"
            },
            {
                "user": "U8A5MS6R1",
                "ts": "1542762518.110600"
            }
        ]
    },
    {
        "client_msg_id": "81a8611a-7238-4e01-a2e4-7884fa681e07",
        "type": "message",
        "text": "Actually it reminds Gherkin somewhat: <https:\/\/docs.cucumber.io\/gherkin\/reference\/>\n\nTo make this kind of constraints really work, it will require code and deployment identifiers to be located in single namespace. This way it would be possible to reason about anything in documentation, describe any type of constraints on application or service behavior,\n\nThat's why I look at IPFS with hope.",
        "user": "UCKRZS3DZ",
        "ts": "1542264193.084500",
        "edited": {
            "user": "UCKRZS3DZ",
            "ts": "1542264205.000000"
        },
        "thread_ts": "1542263780.084400",
        "parent_user_id": "UCKRZS3DZ"
    },
    {
        "client_msg_id": "ae9623b6-890f-4ccf-85d4-c2176dae00f3",
        "type": "message",
        "text": "Parsing natural language to produce accurate queries is a hard problem. But, you do not need natural language for that. For example, <http:\/\/moosetechnology.org|moosetechnology.org> offers an extensive mechanism for writing queries like this. In fact, I believe this is the only way we can steer agile architecture.",
        "user": "UE1JQM9HQ",
        "ts": "1542265827.086300",
        "thread_ts": "1542263780.084400",
        "parent_user_id": "UCKRZS3DZ"
    },
    {
        "client_msg_id": "7e1bf8d8-cf48-492c-864d-c100f4a5fe6c",
        "type": "message",
        "text": "Well, I still want to keep it as documentation first. Make it undestandable for humans first.\n\nI'm fine with manual assistance of translating plain text statement into formula.",
        "user": "UCKRZS3DZ",
        "ts": "1542266008.086500",
        "thread_ts": "1542263780.084400",
        "parent_user_id": "UCKRZS3DZ"
    },
    {
        "client_msg_id": "531e1f37-443c-4dec-b241-8b4a1e375e17",
        "type": "message",
        "text": "The problem with this is that if you need to maintain it manually, it will get obsolete.",
        "user": "UE1JQM9HQ",
        "ts": "1542266174.086700",
        "thread_ts": "1542263780.084400",
        "parent_user_id": "UCKRZS3DZ",
        "reactions": [
            {
                "name": "point_up",
                "users": [
                    "U8A5MS6R1"
                ],
                "count": 1
            }
        ]
    },
    {
        "client_msg_id": "075dbf29-1ac1-47b9-b13c-25e9cad13e27",
        "type": "message",
        "text": "but, queries do not have to be unapproachable. A query could look like this: `componentA shouldNotUse: componentB`.",
        "user": "UE1JQM9HQ",
        "ts": "1542266210.086900",
        "edited": {
            "user": "UE1JQM9HQ",
            "ts": "1542266219.000000"
        },
        "thread_ts": "1542263780.084400",
        "parent_user_id": "UCKRZS3DZ"
    },
    {
        "client_msg_id": "030395f9-819f-42ed-b001-847f830e1d39",
        "type": "message",
        "text": "Also, translating queries to natural language should be an easier problem than the other way around.",
        "user": "UE1JQM9HQ",
        "ts": "1542266391.087200",
        "thread_ts": "1542263780.084400",
        "parent_user_id": "UCKRZS3DZ",
        "reactions": [
            {
                "name": "+1::skin-tone-3",
                "users": [
                    "UAL7940NM",
                    "U8A5MS6R1"
                ],
                "count": 2
            }
        ]
    },
    {
        "client_msg_id": "3dac7af1-2dfb-4c7c-8ff9-ccb7fec3c475",
        "type": "message",
        "text": "yeah",
        "user": "UCKRZS3DZ",
        "ts": "1542266568.087400",
        "thread_ts": "1542263780.084400",
        "parent_user_id": "UCKRZS3DZ"
    }
]