[
    {
        "client_msg_id": "5895291C-9157-4588-A97E-C32F42FFCD3B",
        "type": "message",
        "text": "<@U7ERJK07Q> just published a new thing! <https:\/\/tinyletter.com\/Flowsheets\/letters\/repl-debugger-replugger-a-pleasant-and-scalable-live-code-editor>",
        "user": "U5TCAFTD3",
        "ts": "1536091529.000100",
        "attachments": [
            {
                "service_name": "TinyLetter",
                "title": "REPL + Debugger = REPLugger, a pleasant and scalable live code editor",
                "title_link": "https:\/\/tinyletter.com\/Flowsheets\/letters\/repl-debugger-replugger-a-pleasant-and-scalable-live-code-editor",
                "text": "Hello friends! :smile: In this email I'll be describing my work on a research programming environment, a mix between a code editor, a REPL, and a debugger, which I'm naturally calling REPLugger.",
                "fallback": "TinyLetter: REPL + Debugger = REPLugger, a pleasant and scalable live code editor",
                "from_url": "https:\/\/tinyletter.com\/Flowsheets\/letters\/repl-debugger-replugger-a-pleasant-and-scalable-live-code-editor",
                "service_icon": "https:\/\/tinyletter.com\/site\/favicon.ico",
                "id": 1,
                "original_url": "https:\/\/tinyletter.com\/Flowsheets\/letters\/repl-debugger-replugger-a-pleasant-and-scalable-live-code-editor"
            }
        ]
    }
]