[
    {
        "client_msg_id": "14bd4f61-96aa-461b-9dd4-2f334d9f3168",
        "type": "message",
        "text": "I use <http:\/\/hypothesis.is|hypothesis.is>.",
        "user": "U8A5MS6R1",
        "ts": "1545294074.031400",
        "thread_ts": "1545290663.026000",
        "parent_user_id": "UDJ2TKB99"
    },
    {
        "client_msg_id": "FCD4D8B2-2351-4725-BD16-7263F137F417",
        "type": "message",
        "text": "I collect PDFs on iCloud Drive, so I can read and highlight them with Preview on Mac, iPad, iPhone. I read books mostly in (i)Books on all devices.\nI then capture notes in either the Notes app or in iA Writer, also on all devices.\nMy reading list (links) I manage (together with my todos and projects) in Things on iPhone and iPad. Read articles and papers turn into references in my notes.\nSometimes I throw in a Pencil drawing on iPad  done in Linea Sketch or (currently testing) Nebo.\n\nThe transition from annotating external content and transforming it into my own notes is a very active part of my research right now, and I hope to switch to a different setup using our prototype early next year.",
        "user": "U5STGTB3J",
        "ts": "1545297734.045400",
        "thread_ts": "1545290663.026000",
        "parent_user_id": "UDJ2TKB99"
    },
    {
        "client_msg_id": "9088fb1f-659e-4154-9129-6b2ad5996196",
        "type": "message",
        "text": "I use  GitHub Issues\/projects and GitHub Pages mostly because transparency is so important to me but it's sometime annoying because some things are private and scattered throughout Google Docs and a few other platforms ",
        "user": "U5TCAFTD3",
        "ts": "1545297742.045600",
        "thread_ts": "1545290663.026000",
        "parent_user_id": "UDJ2TKB99"
    },
    {
        "client_msg_id": "b8acf689-18bc-4db0-919d-98b6867fe24f",
        "type": "message",
        "text": "This is a topic I care about a lot and I feel like research tools are underwhelming in general but here are some I use:",
        "user": "UEG9ECNSU",
        "ts": "1545299970.045800",
        "thread_ts": "1545290663.026000",
        "parent_user_id": "UDJ2TKB99"
    },
    {
        "client_msg_id": "e4533b92-c5c0-41b2-882f-c3dd762d224b",
        "type": "message",
        "text": "<https:\/\/workflowy.com>\n\nis great for structuring your research \/ ideas \/ todos bookmarks and I generally use it for structured bookmarks of big topics",
        "user": "UEG9ECNSU",
        "ts": "1545300008.046000",
        "attachments": [
            {
                "service_name": "WorkFlowy",
                "title": "A simple way to organize your brain.",
                "title_link": "https:\/\/workflowy.com\/",
                "text": "WorkFlowy is an incredible tool for thinking, writing, planning, organizing. Think like Einstein, and give it a shot.",
                "fallback": "WorkFlowy: A simple way to organize your brain.",
                "from_url": "https:\/\/workflowy.com\/",
                "service_icon": "https:\/\/workflowy.com\/media\/i\/workflowy-touch-icon-iphone.png",
                "id": 1,
                "original_url": "https:\/\/workflowy.com"
            }
        ],
        "thread_ts": "1545290663.026000",
        "parent_user_id": "UDJ2TKB99",
        "reactions": [
            {
                "name": "+1",
                "users": [
                    "UDSVC5RK2",
                    "UDRF3ALP4"
                ],
                "count": 2
            }
        ]
    },
    {
        "client_msg_id": "85cd8216-d0be-4ef0-9034-fadb3e2a6917",
        "type": "message",
        "text": "I recently started using <https:\/\/paperpile.com> for collecting and managing academic papers and compared to Zotero and the rest of the alternatives I find it much nicer, they even introduced a new browser-based PDF highlighter",
        "user": "UEG9ECNSU",
        "ts": "1545300068.046300",
        "attachments": [
            {
                "title": "Paperpile: Modern reference and PDF management",
                "title_link": "https:\/\/paperpile.com\/",
                "text": "Clean and simple and reference management for the web. Sync your PDFs to Google Drive and cite your papers in Google Docs.",
                "fallback": "Paperpile: Modern reference and PDF management",
                "from_url": "https:\/\/paperpile.com\/",
                "service_icon": "https:\/\/cdn.paperpile.com\/resources\/images\/favicon.ico?v=36",
                "service_name": "paperpile.com",
                "id": 1,
                "original_url": "https:\/\/paperpile.com"
            }
        ],
        "thread_ts": "1545290663.026000",
        "parent_user_id": "UDJ2TKB99"
    },
    {
        "client_msg_id": "63571dbd-988e-4554-8cc5-0a85fb53bf64",
        "type": "message",
        "text": "<https:\/\/www.marginnote.com\/>\n\nis a bit of an undiscovered gem of mine if you are osx\/ios person. It can read pdfs and epubs and has GREAT highlighting tools, can create mindmaps maps out of them or structured notes, export flash card sync with anki etc. Amazing little app to read your pdf \/ epub books",
        "user": "UEG9ECNSU",
        "ts": "1545300160.046600",
        "thread_ts": "1545290663.026000",
        "parent_user_id": "UDJ2TKB99"
    },
    {
        "client_msg_id": "91002128-916d-4445-a025-624e43dab2b6",
        "type": "message",
        "text": "As a general note taking app I tend to struggle to find anything I like and usually go back to google docs \/ apple notes and some stuff I keep in workflowy. I would be interested to try out <@U5TCAFTD3>’s chrome plugin",
        "user": "UEG9ECNSU",
        "ts": "1545300219.046800",
        "thread_ts": "1545290663.026000",
        "parent_user_id": "UDJ2TKB99"
    },
    {
        "client_msg_id": "43060a7a-a7d9-4487-b73a-af7756fa2797",
        "type": "message",
        "text": "I also think <https:\/\/hackmd.io> is a *great* idea but i wish it had some companion app or something like that..",
        "user": "UEG9ECNSU",
        "ts": "1545300249.047000",
        "attachments": [
            {
                "service_name": "HackMD",
                "title": "HackMD - Collaborative markdown notes",
                "title_link": "https:\/\/hackmd.io\/",
                "text": "Best way to write and share your knowledge in markdown.",
                "fallback": "HackMD: HackMD - Collaborative markdown notes",
                "thumb_url": "https:\/\/hackmd.io\/favicon.png",
                "from_url": "https:\/\/hackmd.io\/",
                "thumb_width": 128,
                "thumb_height": 128,
                "service_icon": "https:\/\/hackmd.io\/apple-touch-icon.png",
                "id": 1,
                "original_url": "https:\/\/hackmd.io"
            }
        ],
        "thread_ts": "1545290663.026000",
        "parent_user_id": "UDJ2TKB99"
    },
    {
        "client_msg_id": "32ecabe2-00dc-414e-be3a-7844605b3f8c",
        "type": "message",
        "text": "for unstructured bookmarks I use <https:\/\/pinboard.in> a lot and sometimes <https:\/\/www.are.na\/> for visual stuff. I love both",
        "user": "UEG9ECNSU",
        "ts": "1545300298.047300",
        "attachments": [
            {
                "title": "Are.na",
                "title_link": "https:\/\/www.are.na\/",
                "text": "<http:\/\/Are.na|Are.na> is a social platform for creative and collaborative research.",
                "fallback": "Are.na",
                "image_url": "https:\/\/d2w9rnfcy7mm78.cloudfront.net\/1819015\/original_bf3404f8a3c72230a0c20a870232c2f5.jpg",
                "from_url": "https:\/\/www.are.na\/",
                "image_width": 375,
                "image_height": 250,
                "image_bytes": 377359,
                "service_icon": "http:\/\/d2hp0ptr16qg89.cloudfront.net\/assets\/127302a\/touch-icon-iphone.png",
                "service_name": "are.na",
                "id": 1,
                "original_url": "https:\/\/www.are.na\/"
            }
        ],
        "thread_ts": "1545290663.026000",
        "parent_user_id": "UDJ2TKB99"
    },
    {
        "client_msg_id": "936571d3-c15a-4a45-b0d7-1547722555fc",
        "type": "message",
        "text": "Also I love <https:\/\/instapaper.com> it’s my go to read it later app",
        "user": "UEG9ECNSU",
        "ts": "1545300366.047600",
        "attachments": [
            {
                "title": "Instapaper",
                "title_link": "https:\/\/instapaper.com\/",
                "text": "A simple tool for saving web pages to read later on your iPhone, iPad, Android, computer, or Kindle.",
                "fallback": "Instapaper",
                "image_url": "http:\/\/www.instapaper.com\/static\/img\/insta_logo_large.png",
                "from_url": "https:\/\/instapaper.com\/",
                "image_width": 250,
                "image_height": 250,
                "image_bytes": 129886,
                "service_icon": "https:\/\/staticinstapaper.s3.dualstack.us-west-2.amazonaws.com\/img\/apple-icon-57x57.png?v=a75d85bb1d6bb65c3b5f0f0ca760f365",
                "service_name": "instapaper.com",
                "id": 1,
                "original_url": "https:\/\/instapaper.com"
            }
        ],
        "thread_ts": "1545290663.026000",
        "parent_user_id": "UDJ2TKB99"
    },
    {
        "client_msg_id": "7079664d-f865-4139-a43a-e86b51ef2900",
        "type": "message",
        "text": "My content and notes is smattered across Zotero, Notion, Scrivener, Notational Velocity, Simplenote, Clearview, Calibre, Sublime Text, Todo.txt, Github, Gitlab… Still waiting on that Memex!",
        "user": "UEGFXUK3M",
        "ts": "1545305939.048000",
        "thread_ts": "1545290663.026000",
        "parent_user_id": "UDJ2TKB99",
        "reactions": [
            {
                "name": "joy",
                "users": [
                    "U5TCAFTD3",
                    "UDYGH7K8V"
                ],
                "count": 2
            }
        ]
    },
    {
        "client_msg_id": "B2644379-3F74-46A3-AE35-C5E0680492F2",
        "type": "message",
        "text": "I’d like to build on <@UDJ2TKB99>’ thread above and know these two things about your favorite app or system to organize yourself: \n(a) What is the one thing you love the most and can’t live without?\n(b) What’s the one feature you miss so dearly that it keeps you looking for alternatives? \n(Can be something you saw somewhere else, or something you haven’t seen and just dream up.)",
        "user": "U5STGTB3J",
        "ts": "1545306355.053200",
        "thread_ts": "1545306355.053200",
        "reply_count": 2,
        "reply_users_count": 2,
        "latest_reply": "1545659030.033700",
        "reply_users": [
            "UEKEQGB9C",
            "UDJ2TKB99"
        ],
        "replies": [
            {
                "user": "UEKEQGB9C",
                "ts": "1545396734.000800"
            },
            {
                "user": "UDJ2TKB99",
                "ts": "1545659030.033700"
            }
        ]
    },
    {
        "client_msg_id": "cb8d9f2c-cfcb-4099-a2f7-78d53968666b",
        "type": "message",
        "text": "I use Mendeley for PDF and citation management. I wouldn’t necessarily recommend it after it got bought by Elsevier but I have a lot of inertia with it :disappointed:\n\nI use Airtable for organizing notes \/ tagging documents. Its really slick if ya don’t mind proprietary web \/ cloud based stuff.",
        "user": "UDYGH7K8V",
        "ts": "1545311371.053400",
        "thread_ts": "1545290663.026000",
        "parent_user_id": "UDJ2TKB99"
    },
    {
        "client_msg_id": "49BFBC6B-33C1-41F7-AC73-71C168F11EE0",
        "type": "message",
        "text": "Most of my thinking time is in front of <https:\/\/ulysses.app>",
        "user": "U6KQ2S410",
        "ts": "1545311587.054600",
        "attachments": [
            {
                "title": "Ulysses - The Ultimate Writing App for Mac, iPad and iPhone",
                "title_link": "https:\/\/ulysses.app\/",
                "text": "A pleasant, focused writing experience combined with effective document management, fast syncing and flexible export make Ulysses the first choice for writers of all kinds.",
                "fallback": "Ulysses - The Ultimate Writing App for Mac, iPad and iPhone",
                "image_url": "https:\/\/ulysses.app\/assets\/images\/og_image.jpg?v=1545117475",
                "from_url": "https:\/\/ulysses.app\/",
                "image_width": 382,
                "image_height": 250,
                "image_bytes": 693294,
                "service_icon": "https:\/\/ulysses.app\/assets\/images\/favicon\/apple-touch-icon.png?v1",
                "service_name": "ulysses.app",
                "id": 1,
                "original_url": "https:\/\/ulysses.app"
            }
        ],
        "thread_ts": "1545290663.026000",
        "parent_user_id": "UDJ2TKB99"
    },
    {
        "client_msg_id": "e66d475d-c102-4086-a662-0c79c6385f06",
        "type": "message",
        "text": "<@U6KQ2S410> is this just for prose? do you ever have to do math latex or something more complicated like that?",
        "user": "UEG9ECNSU",
        "ts": "1545312257.054900",
        "edited": {
            "user": "UEG9ECNSU",
            "ts": "1545312271.000000"
        },
        "thread_ts": "1545290663.026000",
        "parent_user_id": "UDJ2TKB99"
    },
    {
        "client_msg_id": "8829fc26-d88a-4cd0-b275-9714a26b8a55",
        "type": "message",
        "text": "I used Slack at work a lot, but we never used threads. I find the UI confusing even without side threads, esp across mobile and web.",
        "user": "UE6EFEPTQ",
        "ts": "1545315358.055900",
        "thread_ts": "1545226936.022000",
        "parent_user_id": "UEDDR6L5Q"
    },
    {
        "client_msg_id": "FC0C0FB3-FC64-4E66-A40A-B3C9DBEE431A",
        "type": "message",
        "text": "For conference papers I use latex in vscode. Even without math you need to use their latex template for layout. ",
        "user": "U6KQ2S410",
        "ts": "1545315461.057300",
        "thread_ts": "1545290663.026000",
        "parent_user_id": "UDJ2TKB99"
    }
]