[
    {
        "client_msg_id": "8ed2c80f-53a7-472e-8e97-3b58a6ee1307",
        "type": "message",
        "text": "If anyone's interested, I've been keeping a long list of \"tools for thinking\" that includes also a lot of \"future programming\" references. It's public, so feel free to add to the list: <https:\/\/www.are.na\/marcel-wolkenmachine\/tools-for-thinking-with>",
        "user": "UAJ9DV971",
        "ts": "1544023715.011200",
        "attachments": [
            {
                "title": "Are.na \/ tools for thinking with",
                "title_link": "https:\/\/www.are.na\/marcel-wolkenmachine\/tools-for-thinking-with",
                "text": "<http:\/\/Are.na|Are.na> is a social platform for creative and collaborative research.",
                "fallback": "Are.na \/ tools for thinking with",
                "image_url": "https:\/\/d2w9rnfcy7mm78.cloudfront.net\/3105268\/display_4a1327a6da8db2dc66ee2d59ae526916.png?1543322219",
                "from_url": "https:\/\/www.are.na\/marcel-wolkenmachine\/tools-for-thinking-with",
                "image_width": 250,
                "image_height": 250,
                "image_bytes": 154234,
                "service_icon": "http:\/\/d2hp0ptr16qg89.cloudfront.net\/assets\/127302a\/touch-icon-iphone.png",
                "service_name": "are.na",
                "id": 1,
                "original_url": "https:\/\/www.are.na\/marcel-wolkenmachine\/tools-for-thinking-with"
            }
        ],
        "reactions": [
            {
                "name": "+1",
                "users": [
                    "UEG9ECNSU",
                    "UCUSW7WVD",
                    "UEKEQGB9C",
                    "UCSJ44X1S",
                    "UDYGH7K8V",
                    "U5TCAFTD3",
                    "UEQ7QL15F",
                    "UC2A2ARPT"
                ],
                "count": 8
            }
        ]
    }
]