[
    {
        "client_msg_id": "05c718ab-285a-4f66-bb27-506f9bf81d7e",
        "type": "message",
        "text": "I haven't really used slack before. What's the etiquette re replying in threads vs on the same level?",
        "user": "UEDDR6L5Q",
        "ts": "1545226936.022000",
        "thread_ts": "1545226936.022000",
        "reply_count": 4,
        "reply_users_count": 3,
        "latest_reply": "1545315358.055900",
        "reply_users": [
            "UDYGH7K8V",
            "UEDDR6L5Q",
            "UE6EFEPTQ"
        ],
        "replies": [
            {
                "user": "UDYGH7K8V",
                "ts": "1545230376.022200"
            },
            {
                "user": "UDYGH7K8V",
                "ts": "1545230411.022400"
            },
            {
                "user": "UEDDR6L5Q",
                "ts": "1545230975.022600"
            },
            {
                "user": "UE6EFEPTQ",
                "ts": "1545315358.055900"
            }
        ]
    },
    {
        "client_msg_id": "8e1aa251-f594-40f9-ba67-9fba3b77ec30",
        "type": "message",
        "text": "This slack has a pretty strong preference for threads. Thanks for asking!",
        "user": "UDYGH7K8V",
        "ts": "1545230376.022200",
        "thread_ts": "1545226936.022000",
        "parent_user_id": "UEDDR6L5Q",
        "reactions": [
            {
                "name": "heart",
                "users": [
                    "U5TCAFTD3",
                    "UA14TGLTC"
                ],
                "count": 2
            }
        ]
    },
    {
        "client_msg_id": "5e10c9d3-f0fa-44f1-b5fa-302a0d76e82d",
        "type": "message",
        "text": "Other slacks I’m in don’t necessarily share that preference :man-shrugging:",
        "user": "UDYGH7K8V",
        "ts": "1545230411.022400",
        "thread_ts": "1545226936.022000",
        "parent_user_id": "UEDDR6L5Q"
    },
    {
        "client_msg_id": "0f87a218-5a05-4116-a341-938199e2c094",
        "type": "message",
        "text": "Thanks :slightly_smiling_face:",
        "user": "UEDDR6L5Q",
        "ts": "1545230975.022600",
        "thread_ts": "1545226936.022000",
        "parent_user_id": "UEDDR6L5Q"
    },
    {
        "client_msg_id": "8e31d7c4-60b0-45a7-9fd2-9c50bef0bf5d",
        "type": "message",
        "text": "hello!",
        "user": "UE7M1TT7Z",
        "ts": "1545256790.023100",
        "thread_ts": "1542572543.097500",
        "parent_user_id": "UE6EFEPTQ"
    },
    {
        "client_msg_id": "9c1b5db1-fe58-4972-bfb0-6cede046b7da",
        "type": "message",
        "text": "only a month late to the thread! :smile:",
        "user": "UE6EFEPTQ",
        "ts": "1545264565.023700",
        "thread_ts": "1542572543.097500",
        "parent_user_id": "UE6EFEPTQ"
    },
    {
        "client_msg_id": "9CA3269F-D780-4817-95BF-D49EC504826C",
        "type": "message",
        "text": "I’m curious about what y’all are using for *organizing your research*: what apps\/systems do you use to take notes, collect papers &amp; links, etc.?",
        "user": "UDJ2TKB99",
        "ts": "1545290663.026000",
        "thread_ts": "1545290663.026000",
        "reply_count": 18,
        "reply_users_count": 9,
        "latest_reply": "1545395631.000400",
        "reply_users": [
            "UDJ2TKB99",
            "U8A5MS6R1",
            "U5STGTB3J",
            "U5TCAFTD3",
            "UEG9ECNSU",
            "UEGFXUK3M",
            "UDYGH7K8V",
            "U6KQ2S410",
            "UEKEQGB9C"
        ],
        "replies": [
            {
                "user": "UDJ2TKB99",
                "ts": "1545290911.031100"
            },
            {
                "user": "U8A5MS6R1",
                "ts": "1545294074.031400"
            },
            {
                "user": "U5STGTB3J",
                "ts": "1545297734.045400"
            },
            {
                "user": "U5TCAFTD3",
                "ts": "1545297742.045600"
            },
            {
                "user": "UEG9ECNSU",
                "ts": "1545299970.045800"
            },
            {
                "user": "UEG9ECNSU",
                "ts": "1545300008.046000"
            },
            {
                "user": "UEG9ECNSU",
                "ts": "1545300068.046300"
            },
            {
                "user": "UEG9ECNSU",
                "ts": "1545300160.046600"
            },
            {
                "user": "UEG9ECNSU",
                "ts": "1545300219.046800"
            },
            {
                "user": "UEG9ECNSU",
                "ts": "1545300249.047000"
            },
            {
                "user": "UEG9ECNSU",
                "ts": "1545300298.047300"
            },
            {
                "user": "UEG9ECNSU",
                "ts": "1545300366.047600"
            },
            {
                "user": "UEGFXUK3M",
                "ts": "1545305939.048000"
            },
            {
                "user": "UDYGH7K8V",
                "ts": "1545311371.053400"
            },
            {
                "user": "U6KQ2S410",
                "ts": "1545311587.054600"
            },
            {
                "user": "UEG9ECNSU",
                "ts": "1545312257.054900"
            },
            {
                "user": "U6KQ2S410",
                "ts": "1545315461.057300"
            },
            {
                "user": "UEKEQGB9C",
                "ts": "1545395631.000400"
            }
        ],
        "reactions": [
            {
                "name": "+1",
                "users": [
                    "UEGFXUK3M",
                    "UCSJ44X1S"
                ],
                "count": 2
            }
        ]
    },
    {
        "client_msg_id": "4D900F65-B0CF-4C50-86AC-C2549F8298A2",
        "type": "message",
        "text": "Lately I’ve been trying out <https:\/\/www.notebooksapp.com> since it has both iOS and desktop apps, and it can sync\/persist via files on Dropbox, so I don’t feel so locked in. It can also store\/read PDFs for all the academic papers, and take archives of websites (though that isn’t as smooth as Instapaper). I also use youtube-dl a lot to convert videos of talks into MP3 files that I upload into Overcast for efficient listening.",
        "user": "UDJ2TKB99",
        "ts": "1545290911.031100",
        "attachments": [
            {
                "service_name": "Notebooks",
                "title": "Notebooks. The only notebook you need. For iOS, macOS and PC.",
                "title_link": "https:\/\/www.notebooksapp.com\/",
                "text": "Notebooks for iPad, iPhone, Mac and PC is a writing app, task manager and file manager all in one. Sync to Dropbox, use Markdown, create eBooks and more.",
                "fallback": "Notebooks: Notebooks. The only notebook you need. For iOS, macOS and PC.",
                "image_url": "https:\/\/www.notebooksapp.com\/wp-content\/uploads\/startpage\/header.jpg",
                "from_url": "https:\/\/www.notebooksapp.com\/",
                "image_width": 958,
                "image_height": 250,
                "image_bytes": 58969,
                "service_icon": "https:\/\/www.notebooksapp.com\/favicon.ico",
                "id": 1,
                "original_url": "https:\/\/www.notebooksapp.com"
            }
        ],
        "thread_ts": "1545290663.026000",
        "parent_user_id": "UDJ2TKB99"
    }
]