[
    {
        "client_msg_id": "55111101-5a47-4a65-9fa2-92f45e84269b",
        "type": "message",
        "text": "I disagree with this point: \"Atom, Sublime Edit, and Visual Studio Code are neat, but they do not represent a great improvement over TextMate circa 2007\"",
        "user": "UE0ETTCG7",
        "ts": "1541725055.005100",
        "thread_ts": "1538336441.000200",
        "parent_user_id": "U5TCAFTD3"
    },
    {
        "client_msg_id": "35424a3c-475b-4417-a693-5e3a54978a42",
        "type": "message",
        "text": "TextMate lacks important customization APIs and correspondingly is missing table-stakes-for-2018 features the rest of those editors have: live autocomplete, splits, and linter integrations.",
        "user": "UE0ETTCG7",
        "ts": "1541725067.005400",
        "thread_ts": "1538336441.000200",
        "parent_user_id": "U5TCAFTD3"
    },
    {
        "client_msg_id": "49307d27-07b5-41c5-939c-cb066c91b499",
        "type": "message",
        "text": "Note I prefer TextMate to all the rest of those editors, but claiming they haven't advanced programming since 2007 TextMate is false.",
        "user": "UE0ETTCG7",
        "ts": "1541725082.005700",
        "thread_ts": "1538336441.000200",
        "parent_user_id": "U5TCAFTD3"
    },
    {
        "client_msg_id": "755d28cd-d6a9-4a34-b09a-9f8fbd5b8f2d",
        "type": "message",
        "text": "The paragraph after has a bunch of great points though",
        "user": "UE0ETTCG7",
        "ts": "1541725094.006000",
        "thread_ts": "1538336441.000200",
        "parent_user_id": "U5TCAFTD3"
    }
]