[
    {
        "client_msg_id": "fb465464-443a-40da-b91d-0b2c4d6e1d73",
        "type": "message",
        "text": "<https:\/\/blog.cloudflare.com\/distributed-web-gateway\/>",
        "user": "U8A5MS6R1",
        "ts": "1537296182.000100",
        "attachments": [
            {
                "service_name": "The Cloudflare Blog",
                "title": "Cloudflare goes InterPlanetary - Introducing Cloudflare’s IPFS Gateway",
                "title_link": "https:\/\/blog.cloudflare.com\/distributed-web-gateway\/",
                "text": "Today we’re excited to introduce Cloudflare’s IPFS Gateway, an easy way to access content from the the InterPlanetary File System (IPFS) that doesn’t require installing and running any special software on your computer.",
                "fallback": "The Cloudflare Blog: Cloudflare goes InterPlanetary - Introducing Cloudflare’s IPFS Gateway",
                "image_url": "https:\/\/blog.cloudflare.com\/content\/images\/2018\/09\/ipfs-gateway-header@3.5x-2.png",
                "image_width": 334,
                "image_height": 250,
                "fields": [
                    {
                        "title": "Written by",
                        "value": "Andy Parker",
                        "short": true
                    },
                    {
                        "title": "Filed under",
                        "value": "Crypto Week, Crypto, Security, IPFS, Universal SSL, SSL, DNSSEC, HTTPS",
                        "short": true
                    }
                ],
                "ts": 1537189200,
                "from_url": "https:\/\/blog.cloudflare.com\/distributed-web-gateway\/",
                "image_bytes": 292827,
                "service_icon": "https:\/\/blog.cloudflare.com\/assets\/images\/apple-touch-icon-57x57-precomposed.png?v=fb1bb00e90",
                "id": 1,
                "original_url": "https:\/\/blog.cloudflare.com\/distributed-web-gateway\/"
            }
        ],
        "reactions": [
            {
                "name": "star-struck",
                "users": [
                    "U9ZU3C9KM",
                    "UCKRZS3DZ",
                    "UAL7940NM"
                ],
                "count": 3
            }
        ]
    }
]