[
    {
        "client_msg_id": "33ef79e0-b717-4f11-99d3-1c90ea132eec",
        "type": "message",
        "text": "Top down design is useful. Bottom up should also be possible - e.g. write programs that grow organically over time but then you identify the boundaries, patterns extract the higher level descriptions. Doing this in form that remains connected and true to the lower levels is what could make this different from the alternative 'document the architecture in a google doc'.",
        "user": "U8A5MS6R1",
        "ts": "1542304815.088000",
        "thread_ts": "1542263780.084400",
        "parent_user_id": "UCKRZS3DZ"
    },
    {
        "client_msg_id": "78e4ba95-c61c-41d1-884c-5561a66bb5c2",
        "type": "message",
        "text": "I developed a method that does exactly that and used it in practice for the last 9 years. It works really well :slightly_smiling_face:",
        "user": "UE1JQM9HQ",
        "ts": "1542305018.088200",
        "thread_ts": "1542263780.084400",
        "parent_user_id": "UCKRZS3DZ"
    },
    {
        "client_msg_id": "e1e7a2ea-d1ad-453c-adc3-1a921057860c",
        "type": "message",
        "text": "in fact, even if you do top down design, the reality is always in the code, so the ability to know what is there is crucial. Code reading does not scale, so we need tools that answer questions for us.",
        "user": "UE1JQM9HQ",
        "ts": "1542305072.088400",
        "thread_ts": "1542263780.084400",
        "parent_user_id": "UCKRZS3DZ",
        "reactions": [
            {
                "name": "+1",
                "users": [
                    "U8A5MS6R1"
                ],
                "count": 1
            }
        ]
    },
    {
        "client_msg_id": "fe476a1a-8c4d-4ca3-86df-6cab7d64de59",
        "type": "message",
        "text": "if anyone is interested, you can look for more details at <http:\/\/humane-assessment.com>",
        "user": "UE1JQM9HQ",
        "ts": "1542315971.088700",
        "thread_ts": "1542263780.084400",
        "parent_user_id": "UCKRZS3DZ"
    },
    {
        "client_msg_id": "bcf6c956-ea1e-40ab-a412-4b0ca5e550c2",
        "type": "message",
        "text": "Quite impressied how fast this community is growing. Does anybody <!here> happen to be based in Berlin?",
        "user": "UA8HY8R7B",
        "ts": "1542319304.090700"
    }
]