[
    {
        "client_msg_id": "3FCBCD19-C8EC-4E55-AE46-E34AABF1032B",
        "type": "message",
        "text": "The bottom half of this article is all about the sorts of questions we’re all interested in <https:\/\/patrickcollison.com\/questions>",
        "user": "U5TCAFTD3",
        "ts": "1538336441.000200",
        "thread_ts": "1538336441.000200",
        "reply_count": 4,
        "reply_users_count": 1,
        "latest_reply": "1541725094.006000",
        "reply_users": [
            "UE0ETTCG7"
        ],
        "replies": [
            {
                "user": "UE0ETTCG7",
                "ts": "1541725055.005100"
            },
            {
                "user": "UE0ETTCG7",
                "ts": "1541725067.005400"
            },
            {
                "user": "UE0ETTCG7",
                "ts": "1541725082.005700"
            },
            {
                "user": "UE0ETTCG7",
                "ts": "1541725094.006000"
            }
        ],
        "reactions": [
            {
                "name": "+1",
                "users": [
                    "UC2A2ARPT",
                    "UAL7940NM",
                    "U85HCL7JP"
                ],
                "count": 3
            }
        ]
    }
]