[
    {
        "client_msg_id": "6cd51c33-b166-41de-b87b-cfc30146f7c0",
        "type": "message",
        "text": "Many years ago (over ten, I think), when I was very inspired by wikis, I put a couple of pages on the original wiki about the possibility of using wikis to develop software, or to give our IDEs wikilike (social, easy hyperlinking) etc. capabilities. It's been a long time since I looked at these pages, but they have grown a bit with contributions from other people in the community since then, and there are still some interesting thoughts there : <http:\/\/wiki.c2.com\/?ProgrammingInWiki> , <http:\/\/wiki.c2.com\/?WikiIde>",
        "user": "UEKEQGB9C",
        "ts": "1544131462.015300",
        "thread_ts": "1544131462.015300",
        "reply_count": 5,
        "reply_users_count": 3,
        "latest_reply": "1544480947.017800",
        "reply_users": [
            "UCUSW7WVD",
            "UEKEQGB9C",
            "UDJ8A6RNH"
        ],
        "replies": [
            {
                "user": "UCUSW7WVD",
                "ts": "1544135713.015600"
            },
            {
                "user": "UCUSW7WVD",
                "ts": "1544136480.015800"
            },
            {
                "user": "UEKEQGB9C",
                "ts": "1544144589.016200"
            },
            {
                "user": "UCUSW7WVD",
                "ts": "1544148216.016500"
            },
            {
                "user": "UDJ8A6RNH",
                "ts": "1544480947.017800"
            }
        ],
        "reactions": [
            {
                "name": "+1",
                "users": [
                    "UEH6T3RJB",
                    "UA14TGLTC",
                    "UAJ9DV971",
                    "UCXR52MU2",
                    "UEQ7QL15F",
                    "UC25EFSJC"
                ],
                "count": 6
            },
            {
                "name": "heart",
                "users": [
                    "UCUSW7WVD",
                    "U5TCAFTD3"
                ],
                "count": 2
            }
        ]
    },
    {
        "client_msg_id": "62677a30-94f8-42ec-9337-f06c7a23dae1",
        "type": "message",
        "text": "I used a trick for a few years that would teach `ctags` about wikiwords so I could refer to large comments on specific design decisions by name in arbitrary places.",
        "user": "UCUSW7WVD",
        "ts": "1544135713.015600",
        "thread_ts": "1544131462.015300",
        "parent_user_id": "UEKEQGB9C"
    },
    {
        "client_msg_id": "b264e3eb-3d68-4bee-974e-9e2a5c73c4c7",
        "type": "message",
        "text": "In a different direction, I spent a while ten years ago noodling on a 'wikipedia for open source projects'. Changing code is too complex to do on the browser (I thought then) so treat the code as immutable, or rather as an immutable stream of changes flowing in the background. But as people try to make sense of how some code works, make it easy for them to add _annotations_ on a web UI at the moment of insight (_ah, so that's why this is written like so!_). To address the problem of annotations getting outdated, tie them to a single snapshot, and provide filters and visual indicators for displaying annotations from old versions. (And of course allow others to edit annotations.)",
        "user": "UCUSW7WVD",
        "ts": "1544136480.015800",
        "edited": {
            "user": "UCUSW7WVD",
            "ts": "1544136499.000000"
        },
        "thread_ts": "1544131462.015300",
        "parent_user_id": "UEKEQGB9C",
        "reactions": [
            {
                "name": "+1",
                "users": [
                    "UEKEQGB9C"
                ],
                "count": 1
            },
            {
                "name": "bulb",
                "users": [
                    "UDJ2TKB99"
                ],
                "count": 1
            }
        ]
    },
    {
        "client_msg_id": "885086ea-35f6-4cc8-827f-99a1861926c8",
        "type": "message",
        "text": "Interesting thought.\n\nIn a sense things like Github do a job of providing some web annotations to a code base, but it could be done at a finer-grained level with actual annotations to the code itself, not IN the code, but in the github page about it.\n\nOr not necessarily github you could put it into any web front-end to git.",
        "user": "UEKEQGB9C",
        "ts": "1544144589.016200",
        "thread_ts": "1544131462.015300",
        "parent_user_id": "UEKEQGB9C"
    },
    {
        "client_msg_id": "19a159c9-338d-48a8-a5b0-d94fe071e40b",
        "type": "message",
        "text": "Yeah, exactly.",
        "user": "UCUSW7WVD",
        "ts": "1544148216.016500",
        "thread_ts": "1544131462.015300",
        "parent_user_id": "UEKEQGB9C"
    }
]