[
    {
        "client_msg_id": "8ce24d2d-8cc6-42dc-af21-fa7c5e25b76c",
        "type": "message",
        "text": "\"Unicode exemplifies the tyranny of committees staffed with people who don't care how much damage they do as they erect their perfectly hypercomplex edifice.\"\n\nSounds like software development in general :\/",
        "user": "UAVCC2X70",
        "ts": "1558904150.002300",
        "thread_ts": "1558597512.086500",
        "parent_user_id": "UEQ6M68H0"
    },
    {
        "client_msg_id": "12005d62-22bc-4c8a-8d7e-6ae108226270",
        "type": "message",
        "text": "So many things in software have changed meaning or mean different things to different people. So it's kinda pointless to argue over what \"really\" means what.\n\nHOWEVER, the more serious problem is that things that have been claimed, proven, accepted, etc. regarding one definition, are then misapplied to the other. This is how TDD has somehow been \"proven\" successful and unsuccessful by different studies, etc.\n\nThat also makes it darn near impossible to communicate about the good and bad in software, because there are so many contradictory claims and attitudes, that it's easy to dismiss things as being opinionated or very wrong, or to accept things as \"proven\" or \"tried &amp; true\" that are actually not the thing that was proven.",
        "user": "UAVCC2X70",
        "ts": "1558908694.002500",
        "edited": {
            "user": "UAVCC2X70",
            "ts": "1558978657.000000"
        },
        "thread_ts": "1558629635.107000",
        "parent_user_id": "U8A5MS6R1"
    },
    {
        "client_msg_id": "8d99b800-19fd-4a88-8696-f1b888244d5d",
        "type": "message",
        "text": "So anyway, it's helpful to be aware of the different perspectives, and do your best to clarify what you (and others) mean by \"OO\" (or whatever else) when talking about it.\n\nI'd like to see *THAT* become a better practice in software ... But I'm not sure that most are aware of the extent of disconnect and the harm it does, and perhaps just think there's the common or \"right\" view, and then crazy people who argue for no reason.\n\nBut anyway, for OO, there's essentially classes &amp; inheritance, and there's message passing. My understanding is that Kay's OO was the latter, but then pulled in classes and perhaps (for a time) conflated it all as one approach himself. Perhaps even Byte magazine was incorrect about message passing coming from SIMULA (does SIMULA even have message passing?). It's all a confusing mess, so who's to say?\n\nSo all we have is that there's classes, and there's message passing, and we just need be clear.",
        "user": "UAVCC2X70",
        "ts": "1558909598.002700",
        "edited": {
            "user": "UAVCC2X70",
            "ts": "1558978721.000000"
        },
        "thread_ts": "1558629635.107000",
        "parent_user_id": "U8A5MS6R1"
    },
    {
        "client_msg_id": "187944c1-9863-4302-884d-5533f0036d8f",
        "type": "message",
        "text": "Thanks for sharing this!",
        "user": "UAVCC2X70",
        "ts": "1558909657.002900",
        "thread_ts": "1558629635.107000",
        "parent_user_id": "U8A5MS6R1"
    }
]