[
    {
        "client_msg_id": "45c99359-9749-4ec8-aabd-d5ebce547554",
        "type": "message",
        "text": "This link is trending on HN with the title\n\n<https:\/\/news.ycombinator.com\/item?id=18866500>\n\nNot sure if slack will show a title but it's about someone who says he taught his little brother to code and made a small game. The game is designed for mobile. Hold the phone flat and tilt.\n\nIn any case it kind of shows my point above on JavaScript vs PICO-8.\n\nI agree that PICO-8 with build in sprite editor, map editor, sound editor, music tracker helps. The small size also make it less likely you're going to spend too long on making pretty graphics instead of coding.\n\nAt the same time you're entirely your own. Instead of just deciding what you want your character to do like you might in Unity you've got to code your own collisions, your own (simple) physics, etc...  That might be good for learning but it seems the far opposite of the topic \"future of coding\". More like \"past of coding\" :stuck_out_tongue:   I guess it's still undecided if the old way is the best or if some new way would be better. Having learned the old way it certainly can work but it seems like the premise of this group is that there's likely a much better way.",
        "user": "UC6997THT",
        "ts": "1547109738.074000",
        "thread_ts": "1546431799.043400",
        "parent_user_id": "UEQ7QL15F",
        "reactions": [
            {
                "name": "+1",
                "users": [
                    "UEQ7QL15F"
                ],
                "count": 1
            }
        ]
    },
    {
        "client_msg_id": "fbab6533-a359-496b-a1b3-4f0075eddafa",
        "type": "message",
        "text": "The right level of abstraction is always hard. Ideally, you’d want to have something that is low-level to give full flexibility and small API, but something that is at the same time expressive enough to make it easy to do complex things as well.\n\nI think the lack of inbuilt collision detection etc is by design in PICO-8. Other tools, like GDevelop and Stencyl (and Unity), give you those out-of-the-box, but then you will never learn how they work.",
        "user": "UEQ7QL15F",
        "ts": "1547116041.074300",
        "thread_ts": "1546431799.043400",
        "parent_user_id": "UEQ7QL15F"
    },
    {
        "client_msg_id": "5280e1c7-2024-4b0c-b9ce-2c581ed5c62e",
        "type": "message",
        "text": "I dunno. Unity gives you collision detection, sure, but a lot of people (myself included) end up writing their own, because the kind of game they're making doesn't fit the kind of collision Unity handles best. That's a testament to Unity — when you _need_ to make your own, you can. But until then, there's a nice built-in implementation to get you started. It'd be nicer though, I'd argue, if the built-in one was open source and designed to be hackable.",
        "user": "UC2A2ARPT",
        "ts": "1547135882.074500",
        "thread_ts": "1546431799.043400",
        "parent_user_id": "UEQ7QL15F",
        "reactions": [
            {
                "name": "+1",
                "users": [
                    "UEQ7QL15F",
                    "UBSMEUXAA"
                ],
                "count": 2
            }
        ]
    }
]