[
    {
        "client_msg_id": "0aa0f5a1-105d-4a28-935a-adeba42e6720",
        "type": "message",
        "text": "I’m waiting for Dreams to come out — it is very interesting and ambitious. <https:\/\/en.wikipedia.org\/wiki\/Dreams_(video_game)>",
        "user": "UEQ7QL15F",
        "ts": "1556093019.011500",
        "edited": {
            "user": "UEQ7QL15F",
            "ts": "1556093023.000000"
        },
        "thread_ts": "1555883667.011000",
        "parent_user_id": "UBSMEUXAA"
    }
]