[
    {
        "client_msg_id": "de3bf858-3336-4b3c-9243-a17f3310592e",
        "type": "message",
        "text": "so rename it 'off-topic' (and police it with threats of ex-communication for daring to mention programming!) :smile:",
        "user": "UE6EFEPTQ",
        "ts": "1552556515.067600",
        "reactions": [
            {
                "name": "smile",
                "users": [
                    "UBSMEUXAA",
                    "UA14TGLTC",
                    "UAVCC2X70",
                    "UCXR52MU2"
                ],
                "count": 4
            }
        ]
    },
    {
        "client_msg_id": "c6385126-b8e8-4755-9133-2399b3d7a9e0",
        "type": "message",
        "text": "but I think we need:\n - introductions\n - feedback for\/on your project\n - discussion of foc\/fop - may need to be split into techie and non-techie focused?\n - off-topic - not allowed to mention programming!!",
        "user": "UE6EFEPTQ",
        "ts": "1552556590.069100",
        "thread_ts": "1552556590.069100",
        "reply_count": 8,
        "reply_users_count": 5,
        "latest_reply": "1552695106.078500",
        "reply_users": [
            "UEQ7QL15F",
            "UAVCC2X70",
            "U5STGTB3J",
            "UE6EFEPTQ",
            "UC2A2ARPT"
        ],
        "replies": [
            {
                "user": "UEQ7QL15F",
                "ts": "1552558766.072400"
            },
            {
                "user": "UAVCC2X70",
                "ts": "1552678759.074400"
            },
            {
                "user": "U5STGTB3J",
                "ts": "1552683977.076700"
            },
            {
                "user": "UAVCC2X70",
                "ts": "1552690349.076900"
            },
            {
                "user": "UE6EFEPTQ",
                "ts": "1552693797.077300"
            },
            {
                "user": "UAVCC2X70",
                "ts": "1552694197.077800"
            },
            {
                "user": "UC2A2ARPT",
                "ts": "1552694846.078300"
            },
            {
                "user": "UAVCC2X70",
                "ts": "1552695106.078500"
            }
        ]
    },
    {
        "client_msg_id": "3ba7cfce-d17c-40d9-bce1-a64b69ce03f1",
        "type": "message",
        "text": "Oh - and:",
        "user": "UE6EFEPTQ",
        "ts": "1552556609.069300"
    },
    {
        "client_msg_id": "407e343d-d8f0-4510-a433-59d3e6b47d21",
        "type": "message",
        "text": "- links I've discovered",
        "user": "UE6EFEPTQ",
        "ts": "1552556614.069500",
        "thread_ts": "1552556614.069500",
        "reply_count": 2,
        "reply_users_count": 1,
        "latest_reply": "1552693862.077500",
        "reply_users": [
            "UE6EFEPTQ"
        ],
        "replies": [
            {
                "user": "UE6EFEPTQ",
                "ts": "1552693789.077100"
            },
            {
                "user": "UE6EFEPTQ",
                "ts": "1552693862.077500"
            }
        ]
    },
    {
        "client_msg_id": "35691212-9a44-4b0e-ba9b-908a3d6b5e7f",
        "type": "message",
        "text": "introductions and feedback can be combined in to an 'about me and my project' channel",
        "user": "UE6EFEPTQ",
        "ts": "1552556652.070100"
    },
    {
        "client_msg_id": "c0a30f8d-d954-4e54-bdbb-1a4b8f821797",
        "type": "message",
        "text": "THIS SHOULD HAVE BEEN IN <#CEXED56UR|meta>!!! :open_mouth:",
        "user": "UE6EFEPTQ",
        "ts": "1552556675.070500"
    },
    {
        "client_msg_id": "18db4712-8c52-4a4f-a0ff-85815e041b35",
        "type": "message",
        "text": "which makes the point that strict categories NEVER work - and I've now started a thread about classifying versus tagging!!",
        "user": "UE6EFEPTQ",
        "ts": "1552556725.071200",
        "thread_ts": "1552556725.071200",
        "reply_count": 2,
        "reply_users_count": 2,
        "latest_reply": "1552678970.074700",
        "reply_users": [
            "UAJ9DV971",
            "UAVCC2X70"
        ],
        "replies": [
            {
                "user": "UAJ9DV971",
                "ts": "1552585595.073800"
            },
            {
                "user": "UAVCC2X70",
                "ts": "1552678970.074700"
            }
        ],
        "reactions": [
            {
                "name": "+1",
                "users": [
                    "UAVCC2X70"
                ],
                "count": 1
            }
        ]
    },
    {
        "client_msg_id": "0e895a13-5375-410f-adf7-bd04db216c69",
        "type": "message",
        "text": "I agree with <@UC2A2ARPT>, that sometimes it is easier to post something to <#C5U3SEW6A|random>, when you are uncertain if it is relevant-enough to be shared to people on <#C5T9GPWFL|general>.\n\nAlso, perhaps we should thread the discussions to keep the channels easier to follow?",
        "user": "UEQ7QL15F",
        "ts": "1552558766.072400",
        "thread_ts": "1552556590.069100",
        "parent_user_id": "UE6EFEPTQ",
        "reactions": [
            {
                "name": "+1",
                "users": [
                    "UC2A2ARPT",
                    "U5STGTB3J",
                    "UA14TGLTC"
                ],
                "count": 3
            }
        ]
    },
    {
        "client_msg_id": "120d2f68-16f0-46ce-bdb5-f6e6c904a520",
        "type": "message",
        "text": "<http:\/\/www.gierad.com\/projects\/supersensor\/>",
        "user": "UBN9AFS0N",
        "ts": "1552559959.072700",
        "attachments": [
            {
                "title": "Gierad Laput | Synthetic Sensors",
                "title_link": "http:\/\/www.gierad.com\/projects\/supersensor\/",
                "text": "We explore the notion of general-purpose sensing, wherein a single, highly capable sensor can indirectly monitor a large context, without direct instrumentation of objects. Further, through what we call Synthetic Sensors, we can virtualize raw sensor data into actionable feeds, whilst simultaneously mitigating immediate privacy issues. We use a series of structured, formative studies to inform the development of new sensor hardware and accompanying information architecture. We deployed our system across many months and environments, the results of which show the versatility, accuracy and potential of this approach.",
                "fallback": "Gierad Laput | Synthetic Sensors",
                "from_url": "http:\/\/www.gierad.com\/projects\/supersensor\/",
                "service_name": "gierad.com",
                "id": 1,
                "original_url": "http:\/\/www.gierad.com\/projects\/supersensor\/"
            }
        ],
        "reactions": [
            {
                "name": "+1::skin-tone-3",
                "users": [
                    "UE6EFEPTQ"
                ],
                "count": 1
            }
        ]
    },
    {
        "client_msg_id": "f86df968-13ff-4346-a74c-ef2c90275fcd",
        "type": "message",
        "text": "Which is, coincidentally one of the reasons programming is hard.",
        "user": "UAJ9DV971",
        "ts": "1552585595.073800",
        "thread_ts": "1552556725.071200",
        "parent_user_id": "UE6EFEPTQ"
    }
]