[
    {
        "client_msg_id": "36DFF5B5-5A7F-4331-B26D-80BE5B388BEE",
        "type": "message",
        "text": "The latest Future of Coding podcast is on the homepage of Hacker News right now <https:\/\/news.ycombinator.com\/item?id=19663810> (<@U5TCAFTD3>)",
        "user": "UE0ETTCG7",
        "ts": "1555416478.003300",
        "reactions": [
            {
                "name": "clap",
                "users": [
                    "U5TCAFTD3",
                    "UA14TGLTC",
                    "UC2A2ARPT",
                    "UAVCC2X70",
                    "UBSMEUXAA"
                ],
                "count": 5
            }
        ]
    }
]