[
    {
        "client_msg_id": "129bd310-be37-4f1d-a934-679780eb6e91",
        "type": "message",
        "text": "Thanks for that discussion, I enjoyed reading through!",
        "user": "UAL7940NM",
        "ts": "1548838129.130800",
        "thread_ts": "1548773912.119400",
        "parent_user_id": "UFD2JRE58"
    },
    {
        "client_msg_id": "7c6c77c5-6a2d-4088-9222-53ebf04957da",
        "type": "message",
        "text": "So beautiful.  I'll reiterate that messy node-based VPL is \"obviously\" messy whereas messy code is less so.  Though some of these are rat's nests, many cases appear to suffer from the common problem of flattening a stack of similar elements which would appear much more natural in 3D.",
        "user": "UA14TGLTC",
        "ts": "1548863606.131900",
        "thread_ts": "1548773912.119400",
        "parent_user_id": "UFD2JRE58",
        "reactions": [
            {
                "name": "+1",
                "users": [
                    "UBSMEUXAA",
                    "UD43R8ZFV"
                ],
                "count": 2
            }
        ]
    }
]