[
    {
        "client_msg_id": "bad6d468-ebc0-40c3-a7d0-e9633c8fea0b",
        "type": "message",
        "text": "<https:\/\/www.devever.net\/~hl\/objectworld>\n\nRethinking files\n\nIn Unix, everything is a file. This is often viewed as a positive, but it's often a poor abstraction for many things. This discussion goes into some of the issues.",
        "user": "U8A5MS6R1",
        "ts": "1559494578.008700",
        "edited": {
            "user": "U8A5MS6R1",
            "ts": "1559494638.000000"
        },
        "thread_ts": "1559494578.008700",
        "reply_count": 3,
        "reply_users_count": 2,
        "latest_reply": "1559519825.010200",
        "reply_users": [
            "UBN9AFS0N",
            "UCUSW7WVD"
        ],
        "replies": [
            {
                "user": "UBN9AFS0N",
                "ts": "1559497666.009100"
            },
            {
                "user": "UCUSW7WVD",
                "ts": "1559498388.009700"
            },
            {
                "user": "UCUSW7WVD",
                "ts": "1559519825.010200"
            }
        ],
        "reactions": [
            {
                "name": "heart",
                "users": [
                    "UCUSW7WVD",
                    "UA14TGLTC"
                ],
                "count": 2
            },
            {
                "name": "thinking_face",
                "users": [
                    "UFMD4TQMD",
                    "U5TCAFTD3"
                ],
                "count": 2
            }
        ]
    },
    {
        "client_msg_id": "0ae9c2dc-150e-4701-a67b-d58ee77167fd",
        "type": "message",
        "text": "page doesn't load for me...",
        "user": "UBN9AFS0N",
        "ts": "1559497666.009100",
        "thread_ts": "1559494578.008700",
        "parent_user_id": "U8A5MS6R1"
    },
    {
        "client_msg_id": "7c6c4b7a-a61d-486b-85eb-917b7a0b4500",
        "type": "message",
        "text": "The approach used in Mercury OS and reminds me of Jef Raskin's Archy <https:\/\/en.wikipedia.org\/wiki\/Archy> (formerly The Humane Environment). The umbrella term for this type of interface is a zooming user interface (ZUI) <https:\/\/en.wikipedia.org\/wiki\/Zooming_user_interface.> Ink &amp; Switch's Muse <https:\/\/www.inkandswitch.com\/muse-studio-for-ideas.html> was recently discussed here and also uses this paradigm.\n\nYou could loosely categorize operating systems this way: Traditional desktop OSs (Windows\/macOS\/Linux) are file-centric, mobile OSs are app-centric (iOS\/Android), and ZUI\/Mercury OS\/Artifacts are document\/task-centric.",
        "user": "UE0ETTCG7",
        "ts": "1559497832.009300",
        "attachments": [
            {
                "image_url": "https:\/\/upload.wikimedia.org\/wikipedia\/commons\/6\/66\/Commands_in_Archy.png",
                "image_width": 525,
                "image_height": 184,
                "image_bytes": 4829,
                "title": "Archy",
                "title_link": "https:\/\/en.wikipedia.org\/wiki\/Archy",
                "from_url": "https:\/\/en.wikipedia.org\/wiki\/Archy",
                "author_name": "Wikipedia",
                "author_link": "https:\/\/en.wikipedia.org\/",
                "text": "Archy is a software system whose user interface poses a radically different approach for interacting with computers with respect to traditional graphical user interfaces. Designed by human-computer interface expert Jef Raskin, it embodies his ideas and established results about human-centered design described in his book The Humane Interface.  These ideas include content persistence, modelessness, a nucleus with commands instead of applications, navigation using incremental text search, and a zooming user interface (ZUI).  The system was being implemented at the Raskin Center for Humane Interfaces under Raskin's leadership. Since his death in February 2005 the project was continued by his team, which later shifted focus to the Ubiquity extension for the Firefox browser.\nArchy in large part builds on Raskin's earlier work with the Apple Macintosh, Canon Cat, SwyftWare, and Ken Perlin's Pad ZUI system. It can be described as a combination of Canon Cat's text processing functions with a modern ZUI.  Archy is more radically different from established systems than are Sun Microsystems' Project Looking Glass and Microsoft Research's \"Task Gallery\" prototype. While these systems build upon the WIMP desktop paradigm, Archy has been compared as similar to the Emacs text editor, although its design begins from a clean slate.\nArchy used to be called The Humane Environment (\"THE\").  On January 1, 2005, Raskin announced the new name, and that Archy would be further developed by the non-profit Raskin Center for Humane Interfaces. The name \"Archy\" is a play on the Center's acronym, R-CHI.  It is also an allusion to Don Marquis' archy and mehitabel poetry. Jef Raskin jokingly stated: \"Yes, we named our software after a bug.\" (a cockroach), further playing with the meaning of bugs in software.",
                "fallback": "wikipedia: Archy",
                "service_icon": "https:\/\/a.slack-edge.com\/bfaba\/img\/unfurl_icons\/wikipedia.png",
                "id": 1,
                "original_url": "https:\/\/en.wikipedia.org\/wiki\/Archy"
            },
            {
                "title": "Muse: designing a studio for ideas",
                "title_link": "https:\/\/www.inkandswitch.com\/muse-studio-for-ideas.html",
                "text": "Physical workspaces inspire a fast, fluid digital tool for creative thinking.",
                "fallback": "Muse: designing a studio for ideas",
                "image_url": "https:\/\/www.inkandswitch.com\/media\/muse-studio-for-ideas\/muse-annotating.png",
                "from_url": "https:\/\/www.inkandswitch.com\/muse-studio-for-ideas.html",
                "image_width": 444,
                "image_height": 250,
                "image_bytes": 673693,
                "service_icon": "https:\/\/www.inkandswitch.com\/assets\/logo-favicon-apple-touch.png",
                "service_name": "inkandswitch.com",
                "id": 2,
                "original_url": "https:\/\/www.inkandswitch.com\/muse-studio-for-ideas.html"
            }
        ],
        "thread_ts": "1559190299.000300",
        "parent_user_id": "U8A5MS6R1",
        "reactions": [
            {
                "name": "+1",
                "users": [
                    "UA14TGLTC"
                ],
                "count": 1
            }
        ]
    },
    {
        "client_msg_id": "a5067afd-1805-4e4d-8d99-f7b02af7289a",
        "type": "message",
        "text": "There's a chain of links leading up to this. Not required reading, but interesting for us junkies:\n\n• <https:\/\/www.devever.net\/~hl\/nexuses>\n• <https:\/\/christine.website\/blog\/olin-1-why-09-1-2018>\n• <https:\/\/news.ycombinator.com\/item?id=17896307#17897325> (just the exchange between `_wmd` and `xena`)\n• <https:\/\/www.devever.net\/~hl\/globalfs>",
        "user": "UCUSW7WVD",
        "ts": "1559498388.009700",
        "attachments": [
            {
                "service_name": "Christine Dodrill's Blog",
                "title": "Olin: 1: Why",
                "title_link": "https:\/\/christine.website\/blog\/olin-1-why-09-1-2018",
                "text": "Posted on 2018-09-01",
                "fallback": "Christine Dodrill's Blog: Olin: 1: Why",
                "from_url": "https:\/\/christine.website\/blog\/olin-1-why-09-1-2018",
                "service_icon": "https:\/\/christine.website\/static\/favicon\/apple-icon-57x57.png",
                "id": 1,
                "original_url": "https:\/\/christine.website\/blog\/olin-1-why-09-1-2018"
            }
        ],
        "thread_ts": "1559494578.008700",
        "parent_user_id": "U8A5MS6R1",
        "reactions": [
            {
                "name": "heart",
                "users": [
                    "U8A5MS6R1"
                ],
                "count": 1
            }
        ]
    },
    {
        "client_msg_id": "32ef5953-5432-4d96-a706-e202cddc8b37",
        "type": "message",
        "text": "The sequel explores passing in file systems to commands. I had that in my last prototype of Mu: <http:\/\/akkartik.github.io\/mu\/html\/edit\/004-programming-environment.mu.html#L242> (`assume-resources`)",
        "user": "UCUSW7WVD",
        "ts": "1559519825.010200",
        "thread_ts": "1559494578.008700",
        "parent_user_id": "U8A5MS6R1"
    }
]