[
    {
        "client_msg_id": "e56a06d6-e14f-4ff4-b162-58418f90f9b5",
        "type": "message",
        "text": "I think it's worth trying again. I failed at least once before I passed everything, all on technical stages",
        "user": "UFW3LB2KA",
        "ts": "1549966086.001400",
        "thread_ts": "1549468527.178500",
        "parent_user_id": "UFW3LB2KA"
    },
    {
        "client_msg_id": "612d2a16-18ec-4461-b496-a0edb76b020b",
        "type": "message",
        "text": "That's motivating thanks =)",
        "user": "UA8HY8R7B",
        "ts": "1549967268.002100",
        "thread_ts": "1549468527.178500",
        "parent_user_id": "UFW3LB2KA"
    }
]