[
    {
        "client_msg_id": "8374d541-2fcb-4b07-8c0e-eeb01d08c9b6",
        "type": "message",
        "text": "To achieve maximum productivity, being able to execute the spec means you just saved an implementation phase that could easily deviate from the spec. So eliminating this step means a whole category of errors that can't happen. Also, it means you don't partially program the system in the spec phase then throw that work away. If such a thing can be done, it is a big win.  In Modula-2  for example, each module consisted of 2 files, one was the DEFINITION part, which contained all externally visible (exported) items, which might be constants, types, functions, etc. and the IMPLEMENTATION module had the actual code for the definition. Thus it was possible by merely sending the tiny compiled DEFINITION file to another programmer, and they could build a system without a) seeing the implementation, or b) caring about the internals. The linker used a series of tricks to guarantee that the version you built against was up to date. This is decades ago, and still C++ doesn't have anything this elegant or simple, and the JS module system is a mediocre partial implementation of Modula-2's module system.\n\nIn reality an executable spec is a slightly more detailed than ordinary spec, as one is combining what traditionally was done in two phases (and two separate documents) into one document. Still a big win, as a project development cycle would start with a concept, proceed to napkin spec, to data structure\/algorithm design, to executable specification, and then alpha testing, beta testing, shipping. Also means that over time the changes to the product are kept synchronized with the spec. Who hasn't in their career faced the situation where the spec disagrees with the running product?, and in that situation, it is often unclear which should change. It is a well known fact that if you have sensors in a spacecraft, you better have an odd number, so you know by majority rule which one will be the source of truth. Reducing it to a single document IMHO is a really big win, and is the focus of my particular research.",
        "user": "UEQ6M68H0",
        "ts": "1558338518.044000"
    },
    {
        "client_msg_id": "bd9372ad-7821-4f3c-b30a-a24dc54fd39e",
        "type": "message",
        "text": "The reason Idris, et al, are woefully inadequate to provide executable specifications is that they contain neither a database model nor a graphical\/interactive model. 90% of the code in games is related to tracking user interaction or drawing, and only a small part of any typical graphical interactive product could possibly be programmed in the academic tools. Since a lot of products have aesthetic aspects like ease of learning and use, that are every bit as important as calculating a sum correctly, i find every single proving system to be utterly useless in my day to day work. I want the computer to catch as many errors as possible, without inducing extra work.",
        "user": "UEQ6M68H0",
        "ts": "1558338818.047900",
        "reactions": [
            {
                "name": "+1",
                "users": [
                    "UHDQ62M4P"
                ],
                "count": 1
            }
        ]
    },
    {
        "client_msg_id": "a3f88882-ee05-4fb1-86f4-97ff6b0c2ce7",
        "type": "message",
        "text": "<https:\/\/twitter.com\/paulbiggar\/status\/1124831866052235264?s=19> via <@U6BRN7A0Y>.",
        "user": "U8A5MS6R1",
        "ts": "1558378464.048600",
        "attachments": [
            {
                "fallback": "<https:\/\/twitter.com\/paulbiggar|@paulbiggar>: Short comment about debugging in <https:\/\/twitter.com\/darklang|@darklang>: <https:\/\/news.ycombinator.com\/item?id=19830256>",
                "ts": 1557015789,
                "author_name": "Paul Biggar",
                "author_link": "https:\/\/twitter.com\/paulbiggar\/status\/1124831866052235264",
                "author_icon": "https:\/\/pbs.twimg.com\/profile_images\/1085753285171064832\/lfl-GoxH_normal.jpg",
                "author_subname": "@paulbiggar",
                "text": "Short comment about debugging in <https:\/\/twitter.com\/darklang|@darklang>: <https:\/\/news.ycombinator.com\/item?id=19830256>",
                "service_name": "twitter",
                "service_url": "https:\/\/twitter.com\/",
                "from_url": "https:\/\/twitter.com\/paulbiggar\/status\/1124831866052235264?s=19",
                "id": 1,
                "original_url": "https:\/\/twitter.com\/paulbiggar\/status\/1124831866052235264?s=19",
                "footer": "Twitter",
                "footer_icon": "https:\/\/a.slack-edge.com\/6e067\/img\/services\/twitter_pixel_snapped_32.png"
            }
        ],
        "reactions": [
            {
                "name": "+1",
                "users": [
                    "UJ6LDMMN0",
                    "UFV8P4472"
                ],
                "count": 2
            }
        ]
    },
    {
        "client_msg_id": "a3f93866-0421-4795-9495-c2f8649c5f7a",
        "type": "message",
        "text": "Sounds familiar :wink:",
        "user": "UEBG0NPDK",
        "ts": "1558378857.049200",
        "reactions": [
            {
                "name": "100",
                "users": [
                    "U8A5MS6R1",
                    "UJUGB1XGD",
                    "UHWC9PXBL"
                ],
                "count": 3
            }
        ]
    },
    {
        "client_msg_id": "459c6041-7d81-4442-8e45-bed8cec1928e",
        "type": "message",
        "text": "<@UEBG0NPDK> lol",
        "user": "U6BRN7A0Y",
        "ts": "1558379289.049500"
    },
    {
        "client_msg_id": "f161e3bf-76cf-47d3-94cd-c87b3b66beb0",
        "type": "message",
        "text": "Dark’s debugging situation is very similar to lighttable in terms of UI. We designed the language to support this too, including making the language and values immutable, and automatically recording results of any impure fns called in production. In future, we’re planning on better sampling of production values (eg always tracking errors, and otherwise tracking “interesting” values), integrating fuzzing\/quickcheck, integrating unit testing, adding visualizations (I think LT had\/has this?).",
        "user": "U6BRN7A0Y",
        "ts": "1558379654.054500"
    },
    {
        "client_msg_id": "8ceac568-1f81-41a6-b48c-c5bc74002c25",
        "type": "message",
        "text": "Yeah, it's super cool you guys are headed in that direction. :slightly_smiling_face:",
        "user": "UEBG0NPDK",
        "ts": "1558379757.055200"
    },
    {
        "client_msg_id": "d8e55335-f534-4b01-9beb-4a7b8928aeaa",
        "type": "message",
        "text": "Excited to see where you land with it",
        "user": "UEBG0NPDK",
        "ts": "1558379784.055800"
    },
    {
        "client_msg_id": "f6640de8-a515-4240-813b-50e757145ef7",
        "type": "message",
        "text": "One issue we’re having is choosing what “live values” to display. Right now we only show the value where the cursor is. We tried showing the “trace” of values through the function (ie for each line, statement, expr, whateve: show the value), but it ended up being super cluttered cause most of the values were larger than one line (long string, object\/record with more than 1 field)",
        "user": "U6BRN7A0Y",
        "ts": "1558379881.057200",
        "reactions": [
            {
                "name": "point_up",
                "users": [
                    "UA14TGLTC"
                ],
                "count": 1
            }
        ]
    },
    {
        "client_msg_id": "8fa11a45-71c2-49f4-b2d9-4844ce501933",
        "type": "message",
        "text": "yeah, we ended up with explicit watches where you told us what you wanted",
        "user": "UEBG0NPDK",
        "ts": "1558380048.057600",
        "thread_ts": "1558380048.057600",
        "reply_count": 2,
        "reply_users_count": 1,
        "latest_reply": "1558380464.059200",
        "reply_users": [
            "UEBG0NPDK"
        ],
        "replies": [
            {
                "user": "UEBG0NPDK",
                "ts": "1558380447.059000"
            },
            {
                "user": "UEBG0NPDK",
                "ts": "1558380464.059200"
            }
        ]
    },
    {
        "client_msg_id": "ade5e2bb-5c49-45dc-8590-f4819dc3ba77",
        "type": "message",
        "text": "I think something along those lines is important",
        "user": "UEBG0NPDK",
        "ts": "1558380059.057900"
    },
    {
        "client_msg_id": "20b5f82a-e5ae-4836-879c-b3d7d73e63d5",
        "type": "message",
        "text": "you could do the \"where your cursor is\" + a pin action",
        "user": "UEBG0NPDK",
        "ts": "1558380069.058200",
        "edited": {
            "user": "UEBG0NPDK",
            "ts": "1558380424.000000"
        }
    },
    {
        "client_msg_id": "c89ea4f2-c96d-47d9-b0d7-dbeef47f583e",
        "type": "message",
        "text": "Sean McDirmid used a symbol to indicate he wanted that value to be pinned and displayed",
        "user": "UEBG0NPDK",
        "ts": "1558380109.058800"
    },
    {
        "client_msg_id": "e5c631ad-dfd3-4977-aad7-345f0d650b31",
        "type": "message",
        "text": "it's worth noting all you did was highlight some code and press a button",
        "user": "UEBG0NPDK",
        "ts": "1558380447.059000",
        "thread_ts": "1558380048.057600",
        "parent_user_id": "UEBG0NPDK"
    },
    {
        "client_msg_id": "55144370-e2c0-400a-af70-dfd0cd72e13b",
        "type": "message",
        "text": "not the weird watch window stuff which is really for something else",
        "user": "UEBG0NPDK",
        "ts": "1558380464.059200",
        "thread_ts": "1558380048.057600",
        "parent_user_id": "UEBG0NPDK"
    },
    {
        "client_msg_id": "c74cce2d-829b-4ac0-ae39-5ac0b33c736b",
        "type": "message",
        "text": "yeah, we’ve talked about pinning. Good to know",
        "user": "U6BRN7A0Y",
        "ts": "1558383876.060100"
    },
    {
        "client_msg_id": "6a4ea766-7bd8-4f59-9208-cfb7c55342e2",
        "type": "message",
        "text": "<@U6BRN7A0Y> I have just discovered Dark and read your article \"What is Dark?\" on Medium. It sounds very promising! I wonder how it fits for some use cases at work. Anyway, at the end of the article there is a list of some more posts you are working one. One I am particulary curious to read is “A retrospective on our experiments with a graph-based language”. It sounds like it did not succeed?",
        "user": "UJ6LDMMN0",
        "ts": "1558384647.063600"
    },
    {
        "client_msg_id": "f053240a-91f1-413d-b094-4cfdd786160d",
        "type": "message",
        "text": "<@UJ6LDMMN0> Good to know. Will prioritize that one.",
        "user": "U6BRN7A0Y",
        "ts": "1558384983.064100",
        "thread_ts": "1558384983.064100",
        "reply_count": 1,
        "reply_users_count": 1,
        "latest_reply": "1558387372.069100",
        "reply_users": [
            "UJ6LDMMN0"
        ],
        "replies": [
            {
                "user": "UJ6LDMMN0",
                "ts": "1558387372.069100"
            }
        ],
        "reactions": [
            {
                "name": "+1",
                "users": [
                    "UJ6LDMMN0"
                ],
                "count": 1
            }
        ]
    },
    {
        "client_msg_id": "26f8a0b6-4646-4c5e-9289-31c7e78d137d",
        "type": "message",
        "text": "<@UJ6LDMMN0> Basically, we struggled at the intersection of “how does this language actually work” and “can people understand this”. An example of the former was “what is the lifecycle of a HTTP request that touches a DB”, and of the latter “can we make `if (x % 5 == 0)` easy to read, understand, and edit”",
        "user": "U6BRN7A0Y",
        "ts": "1558385091.066100",
        "thread_ts": "1558385091.066100",
        "reply_count": 3,
        "reply_users_count": 1,
        "latest_reply": "1558421300.078200",
        "reply_users": [
            "UEP7RL0HX"
        ],
        "replies": [
            {
                "user": "UEP7RL0HX",
                "ts": "1558419815.073600"
            },
            {
                "user": "UEP7RL0HX",
                "ts": "1558419874.073800"
            },
            {
                "user": "UEP7RL0HX",
                "ts": "1558421300.078200"
            }
        ]
    },
    {
        "client_msg_id": "6cc53869-f80b-4e17-8ecb-9c45d36bb2e5",
        "type": "message",
        "text": "With the latter, <@UFXFB1RK8> told us (paraphrased) “ive never felt so stupid when coding”, which is a strong indication that your language is on the wrong track :slightly_smiling_face:",
        "user": "U6BRN7A0Y",
        "ts": "1558385156.067100",
        "thread_ts": "1558385156.067100",
        "reply_count": 1,
        "reply_users_count": 1,
        "latest_reply": "1558391521.072800",
        "reply_users": [
            "UFXFB1RK8"
        ],
        "replies": [
            {
                "user": "UFXFB1RK8",
                "ts": "1558391521.072800"
            }
        ],
        "reactions": [
            {
                "name": "smile",
                "users": [
                    "UJ6LDMMN0"
                ],
                "count": 1
            }
        ]
    },
    {
        "client_msg_id": "7e4ff8e9-a549-4d6a-9536-689856a53540",
        "type": "message",
        "text": "Looks like Hillel (who was recently on the podcast) is joining the cause (of some of us): <https:\/\/twitter.com\/hillelogram\/status\/1130517002425122816>",
        "user": "U8A5MS6R1",
        "ts": "1558386229.068600",
        "attachments": [
            {
                "fallback": "<https:\/\/twitter.com\/hillelogram|@hillelogram>: Unpopular opinion: text is actually a really bad medium for storing source code\n\nText source code should be a view of the truth, not the source of truth. I should be able to freely switch between whatever views I want.",
                "ts": 1558371232,
                "author_name": "Hillel",
                "author_link": "https:\/\/twitter.com\/hillelogram\/status\/1130517002425122816",
                "author_icon": "https:\/\/pbs.twimg.com\/profile_images\/1130579781270024192\/O4oOJ6-N_normal.png",
                "author_subname": "@hillelogram",
                "text": "Unpopular opinion: text is actually a really bad medium for storing source code\n\nText source code should be a view of the truth, not the source of truth. I should be able to freely switch between whatever views I want.",
                "service_name": "twitter",
                "service_url": "https:\/\/twitter.com\/",
                "from_url": "https:\/\/twitter.com\/hillelogram\/status\/1130517002425122816",
                "id": 1,
                "original_url": "https:\/\/twitter.com\/hillelogram\/status\/1130517002425122816",
                "footer": "Twitter",
                "footer_icon": "https:\/\/a.slack-edge.com\/6e067\/img\/services\/twitter_pixel_snapped_32.png"
            }
        ],
        "reactions": [
            {
                "name": "+1",
                "users": [
                    "UJ6LDMMN0",
                    "U85HCL7JP",
                    "UA14TGLTC",
                    "UC2A2ARPT",
                    "UFMD4TQMD",
                    "U5TCAFTD3",
                    "UAL7940NM",
                    "U79HM6726"
                ],
                "count": 8
            }
        ]
    },
    {
        "client_msg_id": "367b238f-61b9-4d00-b1e2-5b30e658052f",
        "type": "message",
        "text": "Thanks! :slightly_smiling_face:",
        "user": "UJ6LDMMN0",
        "ts": "1558387372.069100",
        "thread_ts": "1558384983.064100",
        "parent_user_id": "U6BRN7A0Y"
    },
    {
        "client_msg_id": "ad0ac407-b4d2-41da-980c-180847dd3890",
        "type": "message",
        "text": "<https:\/\/www.facebook.com\/permalink.php?story_fbid=2407256322842204&amp;id=100006735798590>",
        "user": "UBSMEUXAA",
        "ts": "1558388970.069500",
        "attachments": [
            {
                "title": "John Carmack",
                "title_link": "https:\/\/www.facebook.com\/permalink.php?story_fbid=2407256322842204&id=100006735798590",
                "text": "This was an internal post I made in 2017, and my position has only strengthened in the following years: ----------------------------------- 3D interfaces are usually worse than 2D interfaces. Last...",
                "fallback": "John Carmack",
                "image_url": "https:\/\/scontent-iad3-1.xx.fbcdn.net\/v\/t1.0-1\/p200x200\/10525819_1515727755328403_3791257847922948008_n.jpg?_nc_cat=1&_nc_ht=scontent-iad3-1.xx&oh=c6733e803f64b393aec1757aa4ab98d0&oe=5D6EE259",
                "from_url": "https:\/\/www.facebook.com\/permalink.php?story_fbid=2407256322842204&id=100006735798590",
                "image_width": 188,
                "image_height": 250,
                "image_bytes": 9745,
                "service_icon": "https:\/\/static.xx.fbcdn.net\/rsrc.php\/yz\/r\/KFyVIAWzntM.ico",
                "service_name": "facebook.com",
                "id": 1,
                "original_url": "https:\/\/www.facebook.com\/permalink.php?story_fbid=2407256322842204&amp;id=100006735798590"
            }
        ],
        "reactions": [
            {
                "name": "+1",
                "users": [
                    "UCUSW7WVD",
                    "UJUGB1XGD",
                    "UFMD4TQMD",
                    "UE0ETTCG7",
                    "UHDQ62M4P"
                ],
                "count": 5
            }
        ]
    },
    {
        "client_msg_id": "8b1088ea-ad2c-461a-931d-807a39c00ea3",
        "type": "message",
        "text": "Disclaimer:  I work at Facebook on VR and have directly and indirectly been part of 3D interface conversations",
        "user": "UBSMEUXAA",
        "ts": "1558389019.070600"
    },
    {
        "client_msg_id": "2022f71e-f4e1-4790-8fb6-dbd576d9164a",
        "type": "message",
        "text": "I know many of you in the Slack have interest in VR programming environments so I'd like to hear thoughts",
        "user": "UBSMEUXAA",
        "ts": "1558389074.071500"
    },
    {
        "client_msg_id": "81fca0c6-83c3-43e8-807d-7b1f57d52acd",
        "type": "message",
        "text": "Main thought is \"already linked at <https:\/\/futureofcoding.slack.com\/archives\/C5T9GPWFL\/p1558369330475800>\" :stuck_out_tongue:",
        "user": "UJUGB1XGD",
        "ts": "1558390118.072400",
        "edited": {
            "user": "UJUGB1XGD",
            "ts": "1558390146.000000"
        },
        "reactions": [
            {
                "name": "+1",
                "users": [
                    "UBSMEUXAA"
                ],
                "count": 1
            }
        ]
    },
    {
        "client_msg_id": "0a188a2b-d72a-45dc-acea-5d8b14bcf274",
        "type": "message",
        "text": "maybe, maybe. i think it was more a matter of performance anxiety and a\/or lack of tutorial",
        "user": "UFXFB1RK8",
        "ts": "1558391521.072800",
        "thread_ts": "1558385156.067100",
        "parent_user_id": "U6BRN7A0Y"
    },
    {
        "client_msg_id": "255af8ed-3a6d-450e-a4dc-1b8b4c704269",
        "type": "message",
        "text": "What if the statement is augmented with text that disappears during editing? As in \"if (the remainder of x \/ 5 == 0)\"?",
        "user": "UEP7RL0HX",
        "ts": "1558419815.073600",
        "thread_ts": "1558385091.066100",
        "parent_user_id": "U6BRN7A0Y",
        "reactions": [
            {
                "name": "+1",
                "users": [
                    "UJ6LDMMN0"
                ],
                "count": 1
            }
        ]
    },
    {
        "client_msg_id": "318e6f08-b175-4d55-ad0c-4c9cf93ed353",
        "type": "message",
        "text": "Of course, that would need to be an editor feature, and the editor would need to \"know\" the language",
        "user": "UEP7RL0HX",
        "ts": "1558419874.073800",
        "thread_ts": "1558385091.066100",
        "parent_user_id": "U6BRN7A0Y"
    },
    {
        "client_msg_id": "f259edbb-e1c6-40e0-bd14-026bf4963c9b",
        "type": "message",
        "text": "I will remind people that the Luna people are going for a very hard target, which is having dual graphical + textual representation, freely convertible. Also, i added info on Jonathan Blow's Jai language, which i estimate will release in 2020. It is an extremely thorough implementation, designed for building games, and is already greatly superior to C++ IMHO in its current state. Of course we can only see videos at this point, but you can tell it is real, and coming.",
        "user": "UEQ6M68H0",
        "ts": "1558420574.077800",
        "thread_ts": "1558420574.077800",
        "reply_count": 14,
        "reply_users_count": 4,
        "latest_reply": "1558719829.001600",
        "reply_users": [
            "U79HM6726",
            "UBSMEUXAA",
            "UEQ6M68H0",
            "UCUSW7WVD"
        ],
        "replies": [
            {
                "user": "U79HM6726",
                "ts": "1558448802.078900"
            },
            {
                "user": "UBSMEUXAA",
                "ts": "1558463021.079400"
            },
            {
                "user": "UBSMEUXAA",
                "ts": "1558463426.079600"
            },
            {
                "user": "UBSMEUXAA",
                "ts": "1558463753.079800"
            },
            {
                "user": "UBSMEUXAA",
                "ts": "1558463764.080000"
            },
            {
                "user": "UBSMEUXAA",
                "ts": "1558465466.080200"
            },
            {
                "user": "UBSMEUXAA",
                "ts": "1558471416.080800"
            },
            {
                "user": "UEQ6M68H0",
                "ts": "1558515628.081500"
            },
            {
                "user": "UBSMEUXAA",
                "ts": "1558567021.082400"
            },
            {
                "user": "UEQ6M68H0",
                "ts": "1558599387.086600"
            },
            {
                "user": "UCUSW7WVD",
                "ts": "1558621919.086900"
            },
            {
                "user": "UEQ6M68H0",
                "ts": "1558681112.000800"
            },
            {
                "user": "UCUSW7WVD",
                "ts": "1558711260.001300"
            },
            {
                "user": "UBSMEUXAA",
                "ts": "1558719829.001600"
            }
        ]
    },
    {
        "client_msg_id": "51ae62d9-449e-44cd-8470-575a8a99d3de",
        "type": "message",
        "text": "When I say augmented, I mean automatically by the editor after the statement has been written",
        "user": "UEP7RL0HX",
        "ts": "1558421300.078200",
        "thread_ts": "1558385091.066100",
        "parent_user_id": "U6BRN7A0Y"
    }
]