[
    {
        "client_msg_id": "1960cb0e-afad-43cc-a4ac-8bc76b16ab4a",
        "type": "message",
        "text": "Adding to <@UFV8P4472> earlier point, here is a full video of SwiftUI, it looks quite impressive <https:\/\/developer.apple.com\/videos\/play\/wwdc2019\/204\/>",
        "user": "U85HCL7JP",
        "ts": "1560150178.035900",
        "attachments": [
            {
                "service_name": "Apple Developer",
                "title": "Introducing SwiftUI: Building Your First App - WWDC 2019 - Videos - Apple Developer",
                "title_link": "https:\/\/developer.apple.com\/videos\/play\/wwdc2019\/204\/",
                "text": "See SwiftUI in action! Watch as engineers from the SwiftUI team build a fully-functioning app from scratch. Understand the philosophy...",
                "fallback": "Apple Developer: Introducing SwiftUI: Building Your First App - WWDC 2019 - Videos - Apple Developer",
                "image_url": "https:\/\/devimages-cdn.apple.com\/wwdc-services\/images\/48\/2671\/2671_wide_250x141_2x.jpg",
                "from_url": "https:\/\/developer.apple.com\/videos\/play\/wwdc2019\/204\/",
                "image_width": 443,
                "image_height": 250,
                "image_bytes": 36166,
                "service_icon": "https:\/\/developer.apple.com\/favicon.ico",
                "id": 1,
                "original_url": "https:\/\/developer.apple.com\/videos\/play\/wwdc2019\/204\/"
            }
        ]
    }
]