[
    {
        "client_msg_id": "572F6818-3F24-4142-AF6F-4DED11B1A3D0",
        "type": "message",
        "text": "Is an executable spec a programming language that looks spec-like? ",
        "user": "UJM9NG84Q",
        "ts": "1558199564.010900",
        "thread_ts": "1558125688.007600",
        "parent_user_id": "UEQ6M68H0"
    },
    {
        "client_msg_id": "ee6bfbab-a06d-4bdc-b761-e23a967ceb2b",
        "type": "message",
        "text": "yes, an executable spec is just a very concise programming language that leans towards the declarative, and has a minimum of \"fat\" in terms of extraneous words. I measure projects by how many words are typed into the computer, as line count is highly misleading due to some languages being more vertical than horizontal. I consider spec-only languages to be a giant waste of time because with almost the same level of effort you can build the product, so why bother with a non-executable intermediary? The other objection i have with TLA+ is that it doesn't include a graphical model, and since the majority of words of code in a typical graphical interactive product relates to drawing, specifications which don't cover visual appearance are thus only partial specifications, and not conducive to improving productivity.",
        "user": "UEQ6M68H0",
        "ts": "1558213573.011100",
        "edited": {
            "user": "UEQ6M68H0",
            "ts": "1558213616.000000"
        },
        "thread_ts": "1558125688.007600",
        "parent_user_id": "UEQ6M68H0"
    },
    {
        "client_msg_id": "b5001937-643f-4f37-a144-ce0059117f2f",
        "type": "message",
        "text": "Idris is not an executable spec language. Idris has some features inherited from proof assistants, but is again a totally insufficient language in which to express visual concepts, much less access a database. If you only have a computational program, Coq, Idris, and all the academic languages look promising, but i find Academia's willful ignoring of the last 30 years of personal computer evolution, which is a steady progression towards full-on bitmap graphics and internet\/database access to be puzzling, to the point of being annoying.",
        "user": "UEQ6M68H0",
        "ts": "1558241473.014700",
        "reactions": [
            {
                "name": "+1::skin-tone-6",
                "users": [
                    "UCKRZS3DZ",
                    "UA14TGLTC"
                ],
                "count": 2
            }
        ]
    },
    {
        "client_msg_id": "1d6e0710-8cf9-461d-96c2-cbd79e53bb1f",
        "type": "message",
        "text": "Interesting to see the term executable specifications brought up. One of the major use cases for Glamorous Toolkit is exactly this one. We found that, like <@UEQ6M68H0> is saying, we need a complete platform underneath combined with an expressive user interface. In our case, we use the Pharo language\/runtime as the underlying platform.\n\nThe idea of a specification is that it is simpler to understand than the real system. Now, if the specification is executable, what is the difference between that and a real system. Our answer is that there does not need to be one. However, various technical considerations might impose differences, such as having only certain languages supported in the target deployment environment.  Even in this case, the specification can replace the documentation and can be traced to the actual implementation, too.",
        "user": "UE1JQM9HQ",
        "ts": "1558248733.021500",
        "reactions": [
            {
                "name": "+1",
                "users": [
                    "UA14TGLTC"
                ],
                "count": 1
            }
        ]
    }
]