[
    {
        "client_msg_id": "89cd1f25-a7e9-49e6-b372-82b4356dd96f",
        "type": "message",
        "text": "Great article by <@UC1TYP06P>: <http:\/\/www.pathsensitive.com\/2019\/05\/book-review-practical-tla.html>",
        "user": "UCUSW7WVD",
        "ts": "1558116955.000500",
        "attachments": [
            {
                "title": "Book Review: Practical TLA+",
                "title_link": "http:\/\/www.pathsensitive.com\/2019\/05\/book-review-practical-tla.html",
                "text": "I want to make something clear: I am not, and have never been, an advocate for formal verification of production systems. Sometimes people...",
                "fallback": "Book Review: Practical TLA+",
                "image_url": "https:\/\/lh6.googleusercontent.com\/b4MLRx4r6nxhtBYKFu-AsNV7ElvtteVSLYeAkIl_LIRTHTpRH-SYMw3V-fopAGfWEQXKrWojL1zJfuOP9NHR2VqsD4mTmJWEY3OfPOP4o74o0yMILYzMu2cBA8WPnPX36EjfTOqR",
                "from_url": "http:\/\/www.pathsensitive.com\/2019\/05\/book-review-practical-tla.html",
                "image_width": 175,
                "image_height": 250,
                "image_bytes": 168513,
                "service_icon": "http:\/\/www.pathsensitive.com\/favicon.ico",
                "service_name": "pathsensitive.com",
                "id": 1,
                "original_url": "http:\/\/www.pathsensitive.com\/2019\/05\/book-review-practical-tla.html"
            }
        ],
        "reactions": [
            {
                "name": "slightly_smiling_face",
                "users": [
                    "UC1TYP06P"
                ],
                "count": 1
            }
        ]
    },
    {
        "client_msg_id": "23d477fa-81d8-4bb4-b8e4-b750c6b0b2a9",
        "type": "message",
        "text": "I have this book. I know I’m sounding like yet another entitled dev, but the main turnoff for TLA+ (for me anyway) is the editor.",
        "user": "UJK8MKYAZ",
        "ts": "1558117741.001400",
        "thread_ts": "1558117741.001400",
        "reply_count": 1,
        "reply_users_count": 1,
        "latest_reply": "1558123472.004700",
        "reply_users": [
            "UJTHWNH2T"
        ],
        "replies": [
            {
                "user": "UJTHWNH2T",
                "ts": "1558123472.004700"
            }
        ]
    },
    {
        "client_msg_id": "0517d877-37c3-4260-a147-6d63e81d92c4",
        "type": "message",
        "text": "You _must_ use the provided GUI to learn the language. But the GUI, compared to my other tools that I learned to program with (VS Code, even Emacs) is really confusing.",
        "user": "UJK8MKYAZ",
        "ts": "1558117791.002500"
    },
    {
        "client_msg_id": "eeaf7b32-25ac-40f9-aa4e-bb0c194e4270",
        "type": "message",
        "text": "So, I haven’t discounted it, and am actually looking forward to digging in, but the language does really suffer from the coupling to the GUI editor.",
        "user": "UJK8MKYAZ",
        "ts": "1558117908.003300"
    },
    {
        "client_msg_id": "60da5eaf-496f-45fb-8a68-efa7d9ede0fc",
        "type": "message",
        "text": "I also realize experts can use the CLI, and Hillel says he edits in Vim, but a beginner can’t learn it in Vim.",
        "user": "UJK8MKYAZ",
        "ts": "1558117945.004100"
    },
    {
        "client_msg_id": "0b5fc18b-68d8-4f71-9d87-cd6cb75e07ba",
        "type": "message",
        "text": "(Not because Vim, but because TLA+)",
        "user": "UJK8MKYAZ",
        "ts": "1558117955.004400"
    },
    {
        "client_msg_id": "fb090f3b-039a-4470-aa00-537582a1041a",
        "type": "message",
        "text": "fwiw I also started learning TLA+ with this book recently, and the editor was a major turnoff for me too",
        "user": "UJTHWNH2T",
        "ts": "1558123472.004700",
        "thread_ts": "1558117741.001400",
        "parent_user_id": "UJK8MKYAZ"
    },
    {
        "client_msg_id": "5c384efd-9334-42cb-bf09-ae14a9180d56",
        "type": "message",
        "text": "One of the features of some next-gen projects is to eliminate the need for techniques like TLA+ and UML. The concept is to make the specification the final code, and skip the implementation phase. Since TLA+ and UML do not produce a final product you have then the errors related to mapping those into executable code. In my own work i go from sketch, to data structure design, to executable spec which is the final product. I believe that is the shortest way to the goal.",
        "user": "UEQ6M68H0",
        "ts": "1558125688.007600",
        "thread_ts": "1558125688.007600",
        "reply_count": 2,
        "reply_users_count": 2,
        "latest_reply": "1558213573.011100",
        "reply_users": [
            "UJM9NG84Q",
            "UEQ6M68H0"
        ],
        "replies": [
            {
                "user": "UJM9NG84Q",
                "ts": "1558199564.010900"
            },
            {
                "user": "UEQ6M68H0",
                "ts": "1558213573.011100"
            }
        ],
        "reactions": [
            {
                "name": "+1",
                "users": [
                    "U79HM6726"
                ],
                "count": 1
            }
        ]
    },
    {
        "client_msg_id": "17605d32-ef03-4af1-a2ea-5993d50ca912",
        "type": "message",
        "text": "Can you expound what an “executable spec” looks like? What technology would that be? (Don’t say Haskell :face_with_rolling_eyes: )",
        "user": "UJK8MKYAZ",
        "ts": "1558126245.008300"
    },
    {
        "client_msg_id": "370fb8f9-471d-49a2-bb44-b005f15c5dfd",
        "type": "message",
        "text": "Idris is in this space, right?",
        "user": "UJK8MKYAZ",
        "ts": "1558126282.008600"
    }
]