[
    {
        "client_msg_id": "ea481814-bc9d-439a-9d5d-7c9ce58383f2",
        "type": "message",
        "text": "This seems oddly relevant to this group: <https:\/\/www.ribbonfarm.com\/2019\/03\/05\/worlding-raga-2-what-is-a-world>",
        "user": "UCUSW7WVD",
        "ts": "1552086223.001900",
        "attachments": [
            {
                "service_name": "ribbonfarm",
                "title": "Worlding Raga: 2 – What is a World?",
                "title_link": "https:\/\/www.ribbonfarm.com\/2019\/03\/05\/worlding-raga-2-what-is-a-world",
                "text": "Hi, I’m Ian Cheng. I’m an artist. Over the last six years, I’ve been creating a series of simulations that explore an agent’s capacity to deal with an ever-changing environm…",
                "fallback": "ribbonfarm: Worlding Raga: 2 – What is a World?",
                "image_url": "https:\/\/206hwf3fj4w52u3br03fi242-wpengine.netdna-ssl.com\/wp-content\/uploads\/2019\/03\/ic_worlding2-e1551806076201.jpg",
                "image_width": 250,
                "image_height": 250,
                "ts": 1551806315,
                "from_url": "https:\/\/www.ribbonfarm.com\/2019\/03\/05\/worlding-raga-2-what-is-a-world",
                "image_bytes": 43214,
                "service_icon": "https:\/\/206hwf3fj4w52u3br03fi242-wpengine.netdna-ssl.com\/wp-content\/themes\/prose\/images\/favicon.ico",
                "id": 1,
                "original_url": "https:\/\/www.ribbonfarm.com\/2019\/03\/05\/worlding-raga-2-what-is-a-world"
            }
        ]
    }
]