[
    {
        "client_msg_id": "EA46A989-7754-4532-BA7C-79F7F2BC29DA",
        "type": "message",
        "text": "I enjoyed this old interview with Ellen Ullman about _The Bug_ and the experience of working on software: <https:\/\/www.salon.com\/2003\/05\/16\/ullman_4\/> that I found through this post about the relatively unexplored space of art about programming: <https:\/\/www.harihareswara.net\/sumana\/2019\/02\/22\/1>",
        "user": "UDJ2TKB99",
        "ts": "1550913967.009900",
        "attachments": [
            {
                "service_name": "Salon",
                "title": "Bugged out",
                "title_link": "https:\/\/www.salon.com\/2003\/05\/16\/ullman_4\/",
                "text": "\"The Bug\" author Ellen Ullman talks about the Gothic terrors that lurk between the rational lines of computer code.",
                "fallback": "Salon: Bugged out",
                "image_url": "https:\/\/media.salon.com\/2003\/05\/bugged_out.jpg",
                "ts": 1053136800,
                "from_url": "https:\/\/www.salon.com\/2003\/05\/16\/ullman_4\/",
                "image_width": 257,
                "image_height": 250,
                "image_bytes": 40735,
                "service_icon": "https:\/\/www.salon.com\/apple-touch-icon.png",
                "id": 1,
                "original_url": "https:\/\/www.salon.com\/2003\/05\/16\/ullman_4\/"
            }
        ]
    }
]