[
    {
        "client_msg_id": "e03c6932-3a64-4a8b-99a7-0fe8856b3eb7",
        "type": "message",
        "text": "random rant: we talk about end user programming, but we don't even have programmers programming for most tasks, I wanted to save all the links from a page as pdfs to read them offline while I travel, the reason I save them as pdfs is that the style of the pages looks really bad (small text, really long lines, no margins or paddings) and saving them as pdfs makes them readable, saving them to pocket doesn't fix it either. So I have to long press each link, open in new tab, then switch tab, select menu, page &gt; download as pdf, close tab, for each link (more than 20), then I go to the file manager, I can't figure out the gesture to select a range (click, shift click on a laptop, I'm on the tablet I will take on the trip), I select each item manually, select share to google drive so that they appear on my cellphone too. either the file manager or google drive decides to upload all the files with the title \"Untitled\", not the filename, not the pdf title metadata, just Untitled. There's no way I, a programmer, can automate any of this, neither can I discover if there's a feature or gesture I need in the applications I'm using. Where I'm going is that a closer objetive may be an \"advanced mode\" for applications, it doesn't have to be easy to start, but at least it has to be possible, we are not even there :confused:",
        "user": "UBN9AFS0N",
        "ts": "1553160019.089500",
        "edited": {
            "user": "UBN9AFS0N",
            "ts": "1553160121.000000"
        },
        "thread_ts": "1553160019.089500",
        "reply_count": 9,
        "reply_users_count": 5,
        "latest_reply": "1553230317.093000",
        "reply_users": [
            "UGK6P07UP",
            "UBN9AFS0N",
            "UCUSW7WVD",
            "UA14TGLTC",
            "U8A5MS6R1"
        ],
        "replies": [
            {
                "user": "UGK6P07UP",
                "ts": "1553160153.089900"
            },
            {
                "user": "UGK6P07UP",
                "ts": "1553160180.090100"
            },
            {
                "user": "UGK6P07UP",
                "ts": "1553160225.090300"
            },
            {
                "user": "UBN9AFS0N",
                "ts": "1553160309.090500"
            },
            {
                "user": "UBN9AFS0N",
                "ts": "1553160391.090700"
            },
            {
                "user": "UCUSW7WVD",
                "ts": "1553189147.091500"
            },
            {
                "user": "UA14TGLTC",
                "ts": "1553228190.092300"
            },
            {
                "user": "U8A5MS6R1",
                "ts": "1553230237.092800"
            },
            {
                "user": "U8A5MS6R1",
                "ts": "1553230317.093000"
            }
        ],
        "reactions": [
            {
                "name": "point_up",
                "users": [
                    "UA14TGLTC",
                    "U8A5MS6R1",
                    "UAL7940NM"
                ],
                "count": 3
            },
            {
                "name": "100",
                "users": [
                    "UAVCC2X70",
                    "UBSMEUXAA"
                ],
                "count": 2
            }
        ]
    },
    {
        "client_msg_id": "796d2695-fbc8-4db1-a061-4095c1a4b04d",
        "type": "message",
        "text": "Hmm, there is a certain breed of programmers that could and would automate a task like that, though.",
        "user": "UGK6P07UP",
        "ts": "1553160153.089900",
        "thread_ts": "1553160019.089500",
        "parent_user_id": "UBN9AFS0N",
        "reactions": [
            {
                "name": "100",
                "users": [
                    "UFMD4TQMD"
                ],
                "count": 1
            }
        ]
    },
    {
        "client_msg_id": "42c63341-c9db-40f8-95d6-67f79618cc14",
        "type": "message",
        "text": "I mean commandline unix geeks.",
        "user": "UGK6P07UP",
        "ts": "1553160180.090100",
        "thread_ts": "1553160019.089500",
        "parent_user_id": "UBN9AFS0N"
    },
    {
        "client_msg_id": "54976123-2dc0-4e8b-9020-7dc27601c65e",
        "type": "message",
        "text": "However, that does not invalidate your point in general. Just meant the remark as a further food for thought.",
        "user": "UGK6P07UP",
        "ts": "1553160225.090300",
        "thread_ts": "1553160019.089500",
        "parent_user_id": "UBN9AFS0N"
    },
    {
        "client_msg_id": "0bd46c30-8bf3-420d-ac35-a71ab410b1b0",
        "type": "message",
        "text": "I could use curl mirror and some html to pdf thing on my computer, but I'm on a tablet, it's not possible there",
        "user": "UBN9AFS0N",
        "ts": "1553160309.090500",
        "thread_ts": "1553160019.089500",
        "parent_user_id": "UBN9AFS0N",
        "reactions": [
            {
                "name": "thinking_face",
                "users": [
                    "UFMD4TQMD"
                ],
                "count": 1
            }
        ]
    },
    {
        "client_msg_id": "17b932aa-0e3a-48ec-9947-c87717af90e5",
        "type": "message",
        "text": "just to add it, since drive stored everything as untitle, now they are not sorted by order (the filenames had a number at the beginning that sorted them nicely). I wanted to select \"available offline\" for the folder, it seems it's only possible per file, so I have to select the 34 items one by one (same problem as before, but on drive) and then select \"available offline\"",
        "user": "UBN9AFS0N",
        "ts": "1553160391.090700",
        "edited": {
            "user": "UBN9AFS0N",
            "ts": "1553160569.000000"
        },
        "thread_ts": "1553160019.089500",
        "parent_user_id": "UBN9AFS0N"
    },
    {
        "client_msg_id": "f0d41e81-8d57-4f25-b8a4-9d9f858e9f26",
        "type": "message",
        "text": "Since we're ranting, I'll throw out something I've written out and deleted a couple of times.\n\nEnd-user programming shouldn't stand in contrast to programmer programming. Any vision that relies on these categories feels doomed to me. We all rely on the same primitive mechanisms. People who use your shiny new platform will quickly find that there are limits to its power. You'll just end up perpetuating the same learned helplessness we all feel when faced with our computers. Meet the new master, same as the old master.\n\nIt's like we're on a riverbank littered with half-built bridges to the other side. It may be more worthwhile to swim across and start from the other end. At least, not many people have tried it so it seems worth trying.\n\nThis constraint seems to apply particularly to any GUI work. The state of graphics rendering is utterly abysmal across all platforms. The sheer depth of the stack needed, the performance-sensitivity, the number of leaks in abstractions everywhere (especially in service of performance), these all ensure that anybody thinking about new UIs will need to eventually think about their underpinnings, the way artists constantly think about the sourcing of their paint (<https:\/\/quoteinvestigator.com\/2016\/10\/20\/turpentine>). You can't run a restaurant with just a facade. Front ends need back ends. And we don't have good back ends, so you're all on your own there.\n\nThat seems depressing (and it's why I've avoided graphics in my projects so far). But there's one simple thing we can all do to at least avoid digging ourselves deeper: avoid tablets, iPads, mobile devices. Or at least stop trying to make them programmable. They are fundamentally closed, and adding programmability is an exercise in frustration. Worse, you're liable to hook someone else who may otherwise have moved to a more programmable platform.\n\nSo those are my constraints today:\n• I refuse to build for iOS or even Android.\n• I avoid working on GUIs for now, until I have some sort of story for the destination that I can sleep easy with.\n• I try to avoid 'thick' platforms that have a lot of implementation complexity. (e.g. Rust)\n• I'm considering creating my own hardware. (I've always wanted to just be a brain in a vat, so this is extremely painful.)\n\nIf all this seems too hard to be worth doing, consider that the hole is this deep because the multitudes before us overwhelmingly chose expedience. Someone somewhere has to turn against the tide even though it seems impossible.\n\nI try to spend some time everyday where I work without regard to the incentives my environment gives me. I'm a rat in a maze, but this is my way of screaming at the cosmos. A rat in a maze isn't _all_ I am.",
        "user": "UCUSW7WVD",
        "ts": "1553189147.091500",
        "edited": {
            "user": "UCUSW7WVD",
            "ts": "1553191981.000000"
        },
        "thread_ts": "1553160019.089500",
        "parent_user_id": "UBN9AFS0N"
    },
    {
        "client_msg_id": "5469a62f-f627-4f9b-9b86-a2892ccedea4",
        "type": "message",
        "text": "Totally with you on the rant.  Right in line with what I was thinking reading the End-user programming <https:\/\/futureofcoding.slack.com\/archives\/C5T9GPWFL\/p1553137796402100> thread.  Most GUIs have no way to abstract over the actions we perform in them.  There's rarely a direct way to do the exact same thing twice let alone slightly different things.  Of course, there are hard conceptual problems, but the seemingly arbitrary you-can't-get-there-from-here feels the worst.",
        "user": "UA14TGLTC",
        "ts": "1553228190.092300",
        "attachments": [
            {
                "title": "End-user programming",
                "title_link": "https:\/\/www.inkandswitch.com\/end-user-programming.html",
                "text": "A vision for empowered computing that reaches back forty years. Our research lab examines why it has been so hard to achieve.",
                "fallback": "End-user programming",
                "image_url": "https:\/\/www.inkandswitch.com\/media\/end-user-programming\/exp2-grades.png",
                "from_url": "https:\/\/www.inkandswitch.com\/end-user-programming.html",
                "image_width": 224,
                "image_height": 250,
                "image_bytes": 16807,
                "service_icon": "https:\/\/www.inkandswitch.com\/black-square.png",
                "service_name": "inkandswitch.com",
                "id": 1,
                "original_url": "https:\/\/futureofcoding.slack.com\/archives\/C5T9GPWFL\/p1553137796402100"
            }
        ],
        "thread_ts": "1553160019.089500",
        "parent_user_id": "UBN9AFS0N",
        "reactions": [
            {
                "name": "heart",
                "users": [
                    "UCUSW7WVD",
                    "UBSMEUXAA"
                ],
                "count": 2
            }
        ]
    },
    {
        "client_msg_id": "fe9d17de-23bd-455c-bb1b-c499d074a994",
        "type": "message",
        "text": "I agree that end-user vs programmer programming shouldn't have a hard boundary.. at the same time I also love all the end user programming initiatives. My hope is that we get develop and refine the good ideas trying to do end-user, specially wrt scale, collaboration, tangibility, dealing with complexity etc. and we can then just apply those ideas for programmers. The programmer is just an end-user in a different domain.",
        "user": "U8A5MS6R1",
        "ts": "1553230237.092800",
        "thread_ts": "1553160019.089500",
        "parent_user_id": "UBN9AFS0N"
    },
    {
        "client_msg_id": "3cb9f7fa-ad7c-47c0-8b05-926ec92f1106",
        "type": "message",
        "text": "For instance the hypermerge documents (<https:\/\/github.com\/inkandswitch\/farm>) could be even a solid foundation for 'programmer programming', once you have a suitable programming language designed for it.",
        "user": "U8A5MS6R1",
        "ts": "1553230317.093000",
        "thread_ts": "1553160019.089500",
        "parent_user_id": "UBN9AFS0N"
    }
]