[
    {
        "client_msg_id": "62ba9c8e-e508-48fd-a2f2-709c4bbced5f",
        "type": "message",
        "text": "Apple just announced a new framework SwiftUI that uses a \"declarative syntax\", and includes features in Xcode that allow editing source code and seeing the user interface changes live (it's not clear to me yet whether that can be done while the application is running, or only with a non-interactive preview of the UI) <https:\/\/developer.apple.com\/xcode\/swiftui\/>",
        "user": "UE0ETTCG7",
        "ts": "1559593978.011600",
        "attachments": [
            {
                "title": "Xcode - SwiftUI- Apple Developer",
                "title_link": "https:\/\/developer.apple.com\/xcode\/swiftui\/",
                "text": "SwiftUI is an innovative, exceptionally simple way to build user interfaces across all Apple platforms with the power of Swift.",
                "fallback": "Xcode - SwiftUI- Apple Developer",
                "from_url": "https:\/\/developer.apple.com\/xcode\/swiftui\/",
                "service_icon": "https:\/\/developer.apple.com\/favicon.ico",
                "service_name": "developer.apple.com",
                "id": 1,
                "original_url": "https:\/\/developer.apple.com\/xcode\/swiftui\/"
            }
        ],
        "thread_ts": "1559593978.011600",
        "reply_count": 6,
        "reply_users_count": 4,
        "latest_reply": "1560082265.034700",
        "reply_users": [
            "UC2A2ARPT",
            "UE0ETTCG7",
            "U8A5MS6R1",
            "U5STGTB3J"
        ],
        "replies": [
            {
                "user": "UC2A2ARPT",
                "ts": "1559595431.011900"
            },
            {
                "user": "UC2A2ARPT",
                "ts": "1559595502.012100"
            },
            {
                "user": "UE0ETTCG7",
                "ts": "1559596579.012300"
            },
            {
                "user": "UC2A2ARPT",
                "ts": "1559597151.012600"
            },
            {
                "user": "U8A5MS6R1",
                "ts": "1559623477.001100"
            },
            {
                "user": "U5STGTB3J",
                "ts": "1560082265.034700"
            }
        ],
        "reactions": [
            {
                "name": "+1",
                "users": [
                    "UC2A2ARPT",
                    "UA14TGLTC",
                    "UEQ7QL15F"
                ],
                "count": 3
            }
        ]
    },
    {
        "client_msg_id": "9a88490b-6f52-4077-a2d0-7083465198be",
        "type": "message",
        "text": "This was rumoured over a year ago under the codename \"Amber\"",
        "user": "UC2A2ARPT",
        "ts": "1559595431.011900",
        "thread_ts": "1559593978.011600",
        "parent_user_id": "UE0ETTCG7"
    },
    {
        "client_msg_id": "33ddafe0-1ac0-4fd5-9321-1db9912951ce",
        "type": "message",
        "text": "At first glance, I think the editor tool features look more exciting than the framework, but there's not much information yet. Will be curious to see what they discuss in the Platforms State of the Union this afternoon.",
        "user": "UC2A2ARPT",
        "ts": "1559595502.012100",
        "thread_ts": "1559593978.011600",
        "parent_user_id": "UE0ETTCG7"
    },
    {
        "client_msg_id": "375d0a56-990b-443a-9358-0813f263c227",
        "type": "message",
        "text": "Yeah ditto, I don't think the PSOTU is streamed live, but it should be up here soon <https:\/\/developer.apple.com\/videos\/play\/wwdc2019\/103\/>",
        "user": "UE0ETTCG7",
        "ts": "1559596579.012300",
        "attachments": [
            {
                "service_name": "Apple Developer",
                "title": "Platforms State of the Union - WWDC 2019 - Videos - Apple Developer",
                "title_link": "https:\/\/developer.apple.com\/videos\/play\/wwdc2019\/103\/",
                "text": "WWDC 2019 Platforms State of the Union",
                "fallback": "Apple Developer: Platforms State of the Union - WWDC 2019 - Videos - Apple Developer",
                "image_url": "https:\/\/devimages-cdn.apple.com\/wwdc-services\/images\/48\/3028\/3028_wide_250x141_2x.jpg",
                "from_url": "https:\/\/developer.apple.com\/videos\/play\/wwdc2019\/103\/",
                "image_width": 443,
                "image_height": 250,
                "image_bytes": 36163,
                "service_icon": "https:\/\/developer.apple.com\/favicon.ico",
                "id": 1,
                "original_url": "https:\/\/developer.apple.com\/videos\/play\/wwdc2019\/103\/"
            }
        ],
        "thread_ts": "1559593978.011600",
        "parent_user_id": "UE0ETTCG7"
    },
    {
        "client_msg_id": "673f97b1-451b-4ca6-8a19-33bf348cab1b",
        "type": "message",
        "text": "They will stream it here: <https:\/\/developer.apple.com\/wwdc19\/live\/>",
        "user": "UC2A2ARPT",
        "ts": "1559597151.012600",
        "edited": {
            "user": "UC2A2ARPT",
            "ts": "1559597159.000000"
        },
        "attachments": [
            {
                "title": "Live WWDC 2019 Apple Developer",
                "title_link": "https:\/\/developer.apple.com\/wwdc19\/live\/",
                "text": "Watch live streams of this year's exciting sessions at WWDC.",
                "fallback": "Live WWDC 2019 Apple Developer",
                "image_url": "https:\/\/developer.apple.com\/wwdc19\/images\/wwdc19-og.jpg",
                "from_url": "https:\/\/developer.apple.com\/wwdc19\/live\/",
                "image_width": 500,
                "image_height": 250,
                "image_bytes": 173744,
                "service_icon": "https:\/\/developer.apple.com\/favicon.ico",
                "service_name": "developer.apple.com",
                "id": 1,
                "original_url": "https:\/\/developer.apple.com\/wwdc19\/live\/"
            }
        ],
        "thread_ts": "1559593978.011600",
        "parent_user_id": "UE0ETTCG7",
        "reactions": [
            {
                "name": "pray",
                "users": [
                    "UE0ETTCG7"
                ],
                "count": 1
            }
        ]
    },
    {
        "client_msg_id": "6ebe4952-9371-47ac-94af-2121a0a7afeb",
        "type": "message",
        "text": "One of the things that hit me in the SwiftUI XCode demo (in the opening keynote, not PSOTU): at the very beginning, he clicks the rendered “Hello world” widget in the simulator panel; XCode focuses the editor panel and highlights the code for the widget instance in question. It’s blink-and-you’ll-miss-it fast, and the audience don’t react at all.\n\nI’d like to know: which existing web framework + IDE combos currently do this? Specifically: click a _rendered component in a page_ (in a browser, or browser preview panel) and be taken to the code that instantiates that component?",
        "user": "UFV8P4472",
        "ts": "1559604803.017700",
        "edited": {
            "user": "UFV8P4472",
            "ts": "1559604854.000000"
        },
        "thread_ts": "1559604803.017700",
        "reply_count": 14,
        "reply_users_count": 9,
        "latest_reply": "1559717729.000200",
        "reply_users": [
            "UFV8P4472",
            "UAVCC2X70",
            "UC2A2ARPT",
            "UEQ7QL15F",
            "UDKTZSD6H",
            "UDRF3ALP4",
            "U85HCL7JP",
            "UE0ETTCG7",
            "UHTPRR5SM"
        ],
        "replies": [
            {
                "user": "UFV8P4472",
                "ts": "1559605437.018000"
            },
            {
                "user": "UFV8P4472",
                "ts": "1559605568.018200"
            },
            {
                "user": "UAVCC2X70",
                "ts": "1559613677.018500"
            },
            {
                "user": "UC2A2ARPT",
                "ts": "1559623285.000800"
            },
            {
                "user": "UFV8P4472",
                "ts": "1559624002.003900"
            },
            {
                "user": "UEQ7QL15F",
                "ts": "1559636143.004700"
            },
            {
                "user": "UDKTZSD6H",
                "ts": "1559642786.005000"
            },
            {
                "user": "UDRF3ALP4",
                "ts": "1559652230.005500"
            },
            {
                "user": "UDRF3ALP4",
                "ts": "1559652307.005700"
            },
            {
                "user": "U85HCL7JP",
                "ts": "1559667526.006500"
            },
            {
                "user": "UE0ETTCG7",
                "ts": "1559668891.006800"
            },
            {
                "user": "UE0ETTCG7",
                "ts": "1559668901.007100"
            },
            {
                "user": "U85HCL7JP",
                "ts": "1559669111.007300"
            },
            {
                "user": "UHTPRR5SM",
                "ts": "1559717729.000200"
            }
        ],
        "reactions": [
            {
                "name": "+1",
                "users": [
                    "UEQ7QL15F",
                    "U79HM6726",
                    "UEGFXUK3M",
                    "UJ6LDMMN0"
                ],
                "count": 4
            }
        ]
    },
    {
        "client_msg_id": "ce82007e-4b79-4af9-94ad-b5eb8994a49b",
        "type": "message",
        "text": "Most modern web framework code goes through enough compilation and rendering steps that simply finding the widget instantiation code requires multiple hops, assisted by generated source maps.",
        "user": "UFV8P4472",
        "ts": "1559605437.018000",
        "thread_ts": "1559604803.017700",
        "parent_user_id": "UFV8P4472"
    },
    {
        "client_msg_id": "e37a5f81-3ac8-4da0-aee7-33c6d6951fef",
        "type": "message",
        "text": "One example that’s fairly terrible to use: Chrome Inspector + React DevTools. It’s terrible because\n(a) RDT is old and buggy, and much of the vital component metadata can be lost even in totally valid React programs (but fortunately there’s a new version that looks a lot better), and\n(b) although you _can_ use Chrome Inspector as your IDE of choice (yes, it lets you edit and save files), I can’t imagine that many people want to",
        "user": "UFV8P4472",
        "ts": "1559605568.018200",
        "thread_ts": "1559604803.017700",
        "parent_user_id": "UFV8P4472",
        "reactions": [
            {
                "name": "+1",
                "users": [
                    "UJUGB1XGD",
                    "UA14TGLTC"
                ],
                "count": 2
            }
        ]
    },
    {
        "client_msg_id": "c1c132a6-c33d-4bcc-90bf-625000d2fd17",
        "type": "message",
        "text": "Sounds like sketch-n-sketch",
        "user": "UAVCC2X70",
        "ts": "1559613677.018500",
        "thread_ts": "1559604803.017700",
        "parent_user_id": "UFV8P4472"
    },
    {
        "client_msg_id": "F832DA1A-3FBA-4F42-922E-5AABA9FC6AD2",
        "type": "message",
        "text": "In a way, Unity and Unreal let you do this.",
        "user": "UC2A2ARPT",
        "ts": "1559623285.000800",
        "thread_ts": "1559604803.017700",
        "parent_user_id": "UFV8P4472"
    },
    {
        "client_msg_id": "e1913a33-28d4-4ada-98fb-338cd5be7296",
        "type": "message",
        "text": "Looks a bit like flutter - wonder if someone has enough knowledge of both to comment?",
        "user": "U8A5MS6R1",
        "ts": "1559623477.001100",
        "thread_ts": "1559593978.011600",
        "parent_user_id": "UE0ETTCG7",
        "reactions": [
            {
                "name": "+1",
                "users": [
                    "UDKTZSD6H",
                    "UE0ETTCG7"
                ],
                "count": 2
            }
        ]
    },
    {
        "client_msg_id": "A12AF307-FDD6-4202-8764-4016F0F31C97",
        "type": "message",
        "text": "To clarify: I'm looking specifically for web development tools that are usable right now. (And yes, this is more about the Present than the Future of Coding, but I'm continually fascinated by how poor most web dev tooling _still_ is.)",
        "user": "UFV8P4472",
        "ts": "1559624002.003900",
        "thread_ts": "1559604803.017700",
        "parent_user_id": "UFV8P4472"
    }
]