[
    {
        "client_msg_id": "c6352fa4-cbf6-452f-b50c-a74b6dbdf7e5",
        "type": "message",
        "text": "I'm well aware that a _simulation_ of an entire bacterium is generally beyond our computational abilities. To counterargue,\n1. both bacteria and mitochondria vary a lot in size, and some are less than one micron in all dimensions.\n2. a car is ~2 metres wides. The planet is ~20,000,000 metres from pole to pole. Across two dimensions that's (over) 14 orders of magnitude (510 trillion m^2). But individual cars are generally discernable in Google Maps.\n3. I don't see what the problem is with the visualization. The person building the model knows the boundaries of each component and subcomponent (AFAIK the model cannot be produced automatically using, say, an electron microscope; experts in the detailed structure would have to make it, so they know the boundaries) so these boundaries can be easily highlighted for visualization. And with a GPU, local approximate simulations of parts of the cell should be possible.\n4. I think lots of _software developers_ feel a low need for visualizations compared to the general population, but I don't feel that way. It's weird to me to hear someone imply that we need not \"visualize\" a physical object.",
        "user": "UD6EXQVM0",
        "ts": "1553519002.095800",
        "edited": {
            "user": "UD6EXQVM0",
            "ts": "1553520404.000000"
        },
        "thread_ts": "1553457261.095400",
        "parent_user_id": "UD6EXQVM0"
    },
    {
        "client_msg_id": "20552309-cf40-4c42-bee9-8f2bff5d4d32",
        "type": "message",
        "text": "Yeah, maybe it's not a bad idea. But seems reasonable to me that nobody's tried it yet. There has to be a focused economic incentive to do something on the scale of Google maps. (And we'll have to agree to disagree that Google Maps is a reasonable proxy for the complexity of the project.)",
        "user": "UCUSW7WVD",
        "ts": "1553533490.096400",
        "thread_ts": "1553457261.095400",
        "parent_user_id": "UD6EXQVM0"
    },
    {
        "client_msg_id": "81e4884e-075c-4293-8c62-59e0ca83b89d",
        "type": "message",
        "text": "I wasn't claiming that we shouldn't visualize physical objects. I was claiming that focusing on _just_ the physical is an intellectual disease. When we think of the world we mostly visualize maps. When we think of \"Steve Jobs\" we mostly visualize his body, which is why sharing the same restaurant or auditorium with it seems to become worthy of comment. But the geography of the world hides many flows that would be better off emphasized. Steve Jobs when he lived inhabited a far vaster phase space than just his body.\n\nI think you should visualize a bacterium or mitochondrion out of building blocks of flows rather than atoms. That may end up being vastly more complex or less complex, depending on the details of the flows you choose. Neither should stop you.\n\nShort story recommendation: <https:\/\/www.goodreads.com\/book\/show\/17084967-wang-s-carpets>",
        "user": "UCUSW7WVD",
        "ts": "1553533870.096600",
        "edited": {
            "user": "UCUSW7WVD",
            "ts": "1553533910.000000"
        },
        "attachments": [
            {
                "title": "Wang's Carpets",
                "title_link": "https:\/\/www.goodreads.com\/book\/show\/17084967-wang-s-carpets",
                "text": "Far in the distant, post-human future, the Cater-Zimmermann community set out to refute the theory that the universe is created exclusive...",
                "fallback": "Wang's Carpets",
                "thumb_url": "https:\/\/i.gr-assets.com\/images\/S\/compressed.photo.goodreads.com\/books\/1384783663i\/17084967._UY630_SR1200,630_.jpg",
                "from_url": "https:\/\/www.goodreads.com\/book\/show\/17084967-wang-s-carpets",
                "thumb_width": 1200,
                "thumb_height": 630,
                "service_icon": "https:\/\/www.goodreads.com\/favicon.ico",
                "service_name": "goodreads.com",
                "id": 1,
                "original_url": "https:\/\/www.goodreads.com\/book\/show\/17084967-wang-s-carpets"
            }
        ],
        "thread_ts": "1553457261.095400",
        "parent_user_id": "UD6EXQVM0"
    },
    {
        "client_msg_id": "e77774ee-d9d6-4165-81b7-29f3e81941aa",
        "type": "message",
        "text": "Like Drew Berry's animations?  <https:\/\/www.youtube.com\/watch?v=WFCvkkDSfIU>",
        "user": "UA14TGLTC",
        "ts": "1553551050.097000",
        "attachments": [
            {
                "service_name": "YouTube",
                "service_url": "https:\/\/www.youtube.com\/",
                "title": "Drew Berry: Animations of unseeable biology",
                "title_link": "https:\/\/www.youtube.com\/watch?v=WFCvkkDSfIU",
                "author_name": "TED",
                "author_link": "https:\/\/www.youtube.com\/user\/TEDtalksDirector",
                "thumb_url": "https:\/\/i.ytimg.com\/vi\/WFCvkkDSfIU\/hqdefault.jpg",
                "thumb_width": 480,
                "thumb_height": 360,
                "fallback": "YouTube Video: Drew Berry: Animations of unseeable biology",
                "video_html": "<iframe width=\"400\" height=\"225\" src=\"https:\/\/www.youtube.com\/embed\/WFCvkkDSfIU?feature=oembed&autoplay=1&iv_load_policy=3\" frameborder=\"0\" allow=\"accelerometer; autoplay; encrypted-media; gyroscope; picture-in-picture\" allowfullscreen><\/iframe>",
                "video_html_width": 400,
                "video_html_height": 225,
                "from_url": "https:\/\/www.youtube.com\/watch?v=WFCvkkDSfIU",
                "service_icon": "https:\/\/a.slack-edge.com\/2089\/img\/unfurl_icons\/youtube.png",
                "id": 1,
                "original_url": "https:\/\/www.youtube.com\/watch?v=WFCvkkDSfIU"
            }
        ],
        "thread_ts": "1553457261.095400",
        "parent_user_id": "UD6EXQVM0",
        "reactions": [
            {
                "name": "heart",
                "users": [
                    "UCUSW7WVD"
                ],
                "count": 1
            },
            {
                "name": "+1",
                "users": [
                    "UD6EXQVM0"
                ],
                "count": 1
            }
        ]
    },
    {
        "client_msg_id": "a4487ddc-040d-4486-aa4f-050071103307",
        "type": "message",
        "text": "Btw I found a reasonable-looking estimate of the number of atoms in a bacterium of E. coli weighing 10^-12 g: 93 billion, of which 61% are hydrogen atoms (and about 2\/3 are water). It's unclear if this is a typical bacterial size but it does appear to be a typical E. coli size based on this page <http:\/\/book.bionumbers.org\/how-big-is-an-e-coli-cell-and-what-is-its-mass\/>",
        "user": "UD6EXQVM0",
        "ts": "1553557235.097400",
        "edited": {
            "user": "UD6EXQVM0",
            "ts": "1553557357.000000"
        },
        "thread_ts": "1553457261.095400",
        "parent_user_id": "UD6EXQVM0"
    },
    {
        "client_msg_id": "b0f84612-0a8f-4b98-8939-52bcdb0cc827",
        "type": "message",
        "text": "Yeah, I always like seeing animations like that, I just wish I could zoom in and out and pan - zoom out to see things in context, zoom in to get a sense of how molecular machines work, lower the playback speed...",
        "user": "UD6EXQVM0",
        "ts": "1553557411.097900",
        "edited": {
            "user": "UD6EXQVM0",
            "ts": "1553557801.000000"
        },
        "thread_ts": "1553457261.095400",
        "parent_user_id": "UD6EXQVM0"
    },
    {
        "client_msg_id": "10f8ff5c-7e8e-4999-9346-42a8240d26ac",
        "type": "message",
        "text": "<https:\/\/bzdww.com\/article\/163937\/>",
        "user": "U8A5MS6R1",
        "ts": "1553571991.098500",
        "attachments": [
            {
                "service_name": "Get answers and suggestions for various questions from here",
                "title": "Dr. Xu Zhongxing's speech: Fuchsia OS Introduction Complete Record and Slide Download",
                "title_link": "https:\/\/bzdww.com\/article\/163937\/",
                "text": "Global file system User Process creation Global file system In Unix, there is a global root file system It is the basic resource shared by each process The file system covers non-file resources: \/proc, \/sys, .. Network is an exception In Fuchsia, there is no global root file system File and file system becomes a partial concept (limited to each file system process), so there is no file in the process kernel data structure Use namespace to define a resource that a process can access Each name corresponds to the handle of a resource process channel \"\/\" -&gt; root vfs service handle, \"\/dev\" -&gt; dev fs service handle, \"\/net\/dns\" -&gt; DNS service handle User In Unix, user was originally used as a mechanism for different users to log in to the shared server.",
                "fallback": "Get answers and suggestions for various questions from here: Dr. Xu Zhongxing's speech: Fuchsia OS Introduction Complete Record and Slide Download",
                "from_url": "https:\/\/bzdww.com\/article\/163937\/",
                "id": 1,
                "original_url": "https:\/\/bzdww.com\/article\/163937\/"
            }
        ],
        "reactions": [
            {
                "name": "+1",
                "users": [
                    "UBSMEUXAA"
                ],
                "count": 1
            }
        ]
    },
    {
        "client_msg_id": "e3a28fe3-1c94-459d-81ec-4d68e28666c9",
        "type": "message",
        "text": "The BioVisions project at Harvard has mind-blowing videos around the web. Well worth watching. To think that each of our trillions of cells has 100,000 transport \"workers\" moving stuff around inside, is a mind-boggling concept.",
        "user": "UEQ6M68H0",
        "ts": "1553573583.098700",
        "thread_ts": "1553457261.095400",
        "parent_user_id": "UD6EXQVM0"
    }
]