[
    {
        "client_msg_id": "29b5c93a-1bd6-4ea2-8998-a49fd910a705",
        "type": "message",
        "text": "19 mentions of \"syntax\", only 1 mention of \"semantics\"",
        "user": "UAVCC2X70",
        "ts": "1557247738.021300",
        "thread_ts": "1557201449.020500",
        "parent_user_id": "UCGR73CAY"
    },
    {
        "client_msg_id": "eb10a4a7-8250-45fd-9c29-cb571bc1a433",
        "type": "message",
        "text": "I actually think the ideal language for most programmers is just some variant of Java :slightly_smiling_face:",
        "user": "UBSMEUXAA",
        "ts": "1557255246.021800",
        "reactions": [
            {
                "name": "disappointed",
                "users": [
                    "UHDQ62M4P",
                    "UA14TGLTC",
                    "UCKRZS3DZ"
                ],
                "count": 3
            },
            {
                "name": "face_vomiting",
                "users": [
                    "UFMD4TQMD"
                ],
                "count": 1
            }
        ]
    },
    {
        "client_msg_id": "190bf80a-d63e-4263-8338-f01712f7910b",
        "type": "message",
        "text": "\"D is getting pretty close.\"",
        "user": "UBSMEUXAA",
        "ts": "1557255506.023600"
    },
    {
        "client_msg_id": "D582A63E-A686-49F4-983F-8E74A38E8ABA",
        "type": "message",
        "text": "Could also be that these people are focussed on the first order problem they need to solve for their job\/hobby\/study, and are not in the position to zoom out and think broadly, or are not aware of the broad range of possibilities.\n\nI mean, we all fancy ourselves imagineers, but none of us are actually entertaining ideas like “do what I mean not what I say, perfectly” because we know how damned impossible that’d be to build. We’re all focussed on what we think we can actually build. Safe to assume they are too.",
        "user": "UC2A2ARPT",
        "ts": "1557260815.028800",
        "reactions": [
            {
                "name": "+1",
                "users": [
                    "UBSMEUXAA",
                    "UAVCC2X70",
                    "UA14TGLTC",
                    "UCKRZS3DZ"
                ],
                "count": 4
            }
        ]
    },
    {
        "client_msg_id": "58cc05e5-1216-4efb-8c34-d74bfb442240",
        "type": "message",
        "text": "The journey to enlightenment is a long one... if only syntax was a little better... syntax doesn't matter in the least... syntax matters, but not at all how I originally thought.",
        "user": "UA14TGLTC",
        "ts": "1557280864.030500",
        "thread_ts": "1557201449.020500",
        "parent_user_id": "UCGR73CAY"
    },
    {
        "client_msg_id": "47fd345a-301e-4e8a-b0fa-b1e072b965d1",
        "type": "message",
        "text": "&gt; Could also be that these people are focussed on the first order problem they need to solve for their job\/hobby\/study\n\nI might give you that if this subreddit were't filled with hobbyist programming language designers!",
        "user": "UCGR73CAY",
        "ts": "1557282732.031600"
    },
    {
        "client_msg_id": "6b076724-594d-4b53-b840-efd5a5ee2488",
        "type": "message",
        "text": "If you ask people what kind of eating utensil they wish they had, they can't imagine anything but what they know; it takes a genius to invent the spork, the trong, and the splayd. If you ask people to imagine a color they haven't seen, they can't. Invention is not primarily driven by minor improvements. Small improvements are the realm of the engineer, which is a very conservative profession. I foolishly attended an engineering school, when i would have been happier in a science-oriented university. The training of engineers is primarily negative: they see what failed, and avoid it, using safe-for-deployment proven methods. Really quite opposite in their fundamental attitudes about change. The artist\/inventor boldly goes where nobody imagines, and often suffers greatly because people reject things oftentimes when it is too far from their current experience. For example, I was one of a lucky few students who attended a talk by John Backus, the inventor of FORTRAN, about his new Functional language, and when he told the professors in attendance that you couldn't update a variable they were shocked and leaving the room all shook their heads and exclaimed he was a madman. Fast forward to now and everyone and their brother is talking about functional languages. As the old Panasonic slogan goes \"slightly ahead of our time\", it is far more lucrative to be slightly ahead than way ahead!",
        "user": "UEQ6M68H0",
        "ts": "1557292392.036600",
        "edited": {
            "user": "UEQ6M68H0",
            "ts": "1558843652.000000"
        },
        "thread_ts": "1557292392.036600",
        "reply_count": 1,
        "reply_users_count": 1,
        "latest_reply": "1557292868.036800",
        "reply_users": [
            "UE1JQM9HQ"
        ],
        "replies": [
            {
                "user": "UE1JQM9HQ",
                "ts": "1557292868.036800"
            }
        ],
        "reactions": [
            {
                "name": "+1",
                "users": [
                    "UE1JQM9HQ",
                    "UAVCC2X70",
                    "UAL7940NM",
                    "UJCHWTMH6",
                    "UHDQ62M4P"
                ],
                "count": 5
            }
        ]
    },
    {
        "client_msg_id": "036cb792-b7f6-44b2-836f-17ae5436d529",
        "type": "message",
        "text": "This is also where the dilemma stems from. Not all things that are new are also of value. Yet, both a thing that is of value, like your FORTRAN example, and a thing that is not of value might elicit the same reaction and feedback. Understanding on which side you are can be quite when receiving end of that feedback :slightly_smiling_face:.",
        "user": "UE1JQM9HQ",
        "ts": "1557292868.036800",
        "thread_ts": "1557292392.036600",
        "parent_user_id": "UEQ6M68H0"
    }
]