[
    {
        "type": "message",
        "text": "Interesting!",
        "files": [
            {
                "id": "FGHUWN2QZ",
                "created": 1551286905,
                "timestamp": 1551286905,
                "name": "image.png",
                "title": "Pasted image at 2019-02-27, 5:01 PM",
                "mimetype": "image\/png",
                "filetype": "png",
                "pretty_type": "PNG",
                "user": "UFD2JRE58",
                "editable": false,
                "size": 126876,
                "mode": "hosted",
                "is_external": false,
                "external_type": "",
                "is_public": true,
                "public_url_shared": false,
                "display_as_bot": false,
                "username": "",
                "url_private": "https:\/\/files.slack.com\/files-pri\/T5TCAFTA9-FGHUWN2QZ\/image.png?t=xoxe-197418537349-653683177169-653683177233-23343e578426a323e5fb905bbe2173fe",
                "url_private_download": "https:\/\/files.slack.com\/files-pri\/T5TCAFTA9-FGHUWN2QZ\/download\/image.png?t=xoxe-197418537349-653683177169-653683177233-23343e578426a323e5fb905bbe2173fe",
                "thumb_64": "https:\/\/files.slack.com\/files-tmb\/T5TCAFTA9-FGHUWN2QZ-dfc30ed8e7\/image_64.png?t=xoxe-197418537349-653683177169-653683177233-23343e578426a323e5fb905bbe2173fe",
                "thumb_80": "https:\/\/files.slack.com\/files-tmb\/T5TCAFTA9-FGHUWN2QZ-dfc30ed8e7\/image_80.png?t=xoxe-197418537349-653683177169-653683177233-23343e578426a323e5fb905bbe2173fe",
                "thumb_360": "https:\/\/files.slack.com\/files-tmb\/T5TCAFTA9-FGHUWN2QZ-dfc30ed8e7\/image_360.png?t=xoxe-197418537349-653683177169-653683177233-23343e578426a323e5fb905bbe2173fe",
                "thumb_360_w": 276,
                "thumb_360_h": 360,
                "thumb_480": "https:\/\/files.slack.com\/files-tmb\/T5TCAFTA9-FGHUWN2QZ-dfc30ed8e7\/image_480.png?t=xoxe-197418537349-653683177169-653683177233-23343e578426a323e5fb905bbe2173fe",
                "thumb_480_w": 368,
                "thumb_480_h": 480,
                "thumb_160": "https:\/\/files.slack.com\/files-tmb\/T5TCAFTA9-FGHUWN2QZ-dfc30ed8e7\/image_160.png?t=xoxe-197418537349-653683177169-653683177233-23343e578426a323e5fb905bbe2173fe",
                "thumb_720": "https:\/\/files.slack.com\/files-tmb\/T5TCAFTA9-FGHUWN2QZ-dfc30ed8e7\/image_720.png?t=xoxe-197418537349-653683177169-653683177233-23343e578426a323e5fb905bbe2173fe",
                "thumb_720_w": 553,
                "thumb_720_h": 720,
                "thumb_800": "https:\/\/files.slack.com\/files-tmb\/T5TCAFTA9-FGHUWN2QZ-dfc30ed8e7\/image_800.png?t=xoxe-197418537349-653683177169-653683177233-23343e578426a323e5fb905bbe2173fe",
                "thumb_800_w": 614,
                "thumb_800_h": 800,
                "image_exif_rotation": 1,
                "original_w": 614,
                "original_h": 800,
                "permalink": "https:\/\/futureofcoding.slack.com\/files\/UFD2JRE58\/FGHUWN2QZ\/image.png",
                "permalink_public": "https:\/\/slack-files.com\/T5TCAFTA9-FGHUWN2QZ-a3d128bc8f",
                "has_rich_preview": false
            }
        ],
        "upload": true,
        "user": "UFD2JRE58",
        "display_as_bot": false,
        "ts": "1551286910.011100",
        "thread_ts": "1551286910.011100",
        "reply_count": 3,
        "reply_users_count": 2,
        "latest_reply": "1551289142.012200",
        "reply_users": [
            "UFD2JRE58",
            "UBN9AFS0N"
        ],
        "replies": [
            {
                "user": "UFD2JRE58",
                "ts": "1551286918.011400"
            },
            {
                "user": "UBN9AFS0N",
                "ts": "1551289083.011900"
            },
            {
                "user": "UBN9AFS0N",
                "ts": "1551289142.012200"
            }
        ],
        "reactions": [
            {
                "name": "heart",
                "users": [
                    "UCUSW7WVD",
                    "UD43R8ZFV"
                ],
                "count": 2
            },
            {
                "name": "laughing",
                "users": [
                    "UFMD4TQMD",
                    "UD3AK9JRF"
                ],
                "count": 2
            }
        ]
    },
    {
        "client_msg_id": "c4218d58-f650-492c-9b2f-7883df2a1f73",
        "type": "message",
        "text": "<https:\/\/twitter.com\/ID_AA_Carmack\/status\/1100800372950646786>",
        "user": "UFD2JRE58",
        "ts": "1551286918.011400",
        "edited": {
            "user": "UFD2JRE58",
            "ts": "1551286927.000000"
        },
        "thread_ts": "1551286910.011100",
        "parent_user_id": "UFD2JRE58",
        "reactions": [
            {
                "name": "heart",
                "users": [
                    "UCUSW7WVD"
                ],
                "count": 1
            }
        ]
    },
    {
        "client_msg_id": "c8bca938-9f4f-46a9-8135-b0ac91979c8f",
        "type": "message",
        "text": "<https:\/\/www.youtube.com\/watch?v=8SkdfdXWYaI>",
        "user": "UBN9AFS0N",
        "ts": "1551289083.011900",
        "attachments": [
            {
                "service_name": "YouTube",
                "service_url": "https:\/\/www.youtube.com\/",
                "title": "Using Python to Code by Voice",
                "title_link": "https:\/\/www.youtube.com\/watch?v=8SkdfdXWYaI",
                "author_name": "Next Day Video",
                "author_link": "https:\/\/www.youtube.com\/user\/NextDayVideo",
                "thumb_url": "https:\/\/i.ytimg.com\/vi\/8SkdfdXWYaI\/hqdefault.jpg",
                "thumb_width": 480,
                "thumb_height": 360,
                "fallback": "YouTube Video: Using Python to Code by Voice",
                "video_html": "<iframe width=\"400\" height=\"300\" src=\"https:\/\/www.youtube.com\/embed\/8SkdfdXWYaI?feature=oembed&autoplay=1&iv_load_policy=3\" frameborder=\"0\" allow=\"accelerometer; autoplay; encrypted-media; gyroscope; picture-in-picture\" allowfullscreen><\/iframe>",
                "video_html_width": 400,
                "video_html_height": 300,
                "from_url": "https:\/\/www.youtube.com\/watch?v=8SkdfdXWYaI",
                "service_icon": "https:\/\/a.slack-edge.com\/2089\/img\/unfurl_icons\/youtube.png",
                "id": 1,
                "original_url": "https:\/\/www.youtube.com\/watch?v=8SkdfdXWYaI"
            }
        ],
        "thread_ts": "1551286910.011100",
        "parent_user_id": "UFD2JRE58"
    },
    {
        "client_msg_id": "51821ad7-ec3b-4111-b026-18c1fa00f11e",
        "type": "message",
        "text": "skip to 9:00 to see demo",
        "user": "UBN9AFS0N",
        "ts": "1551289142.012200",
        "thread_ts": "1551286910.011100",
        "parent_user_id": "UFD2JRE58"
    },
    {
        "client_msg_id": "df068213-92f7-4829-a57a-b0867e9a9b36",
        "type": "message",
        "text": "This came up on HN just now <https:\/\/historyview.blogspot.com\/2011\/10\/yukaghir-girl-writes-love-letter.html>",
        "user": "UBSMEUXAA",
        "ts": "1551296727.012800",
        "thread_ts": "1551296727.012800",
        "reply_count": 5,
        "reply_users_count": 4,
        "latest_reply": "1551441493.000900",
        "reply_users": [
            "UBSMEUXAA",
            "UA14TGLTC",
            "UCKRZS3DZ",
            "UEGFXUK3M"
        ],
        "replies": [
            {
                "user": "UBSMEUXAA",
                "ts": "1551297345.012900"
            },
            {
                "user": "UBSMEUXAA",
                "ts": "1551297822.013200"
            },
            {
                "user": "UA14TGLTC",
                "ts": "1551344950.000100"
            },
            {
                "user": "UCKRZS3DZ",
                "ts": "1551358117.000400"
            },
            {
                "user": "UEGFXUK3M",
                "ts": "1551441493.000900"
            }
        ],
        "reactions": [
            {
                "name": "heart",
                "users": [
                    "UEGFXUK3M",
                    "UGK6P07UP"
                ],
                "count": 2
            },
            {
                "name": "+1",
                "users": [
                    "UAVCC2X70"
                ],
                "count": 1
            }
        ]
    },
    {
        "client_msg_id": "0af8e6a6-3d71-473c-9108-3ded27f2d332",
        "type": "message",
        "text": "This is interesting because it is a written language that is a mix of pictograph and spatial relationships to tell a story.\n\nOne common argument against visual programming languages is that popular writing systems are the most efficient way to communicate, therefore programming should be text, but this is a good example of a writing system that is \"visual\" in the way we think of visual programming languages",
        "user": "UBSMEUXAA",
        "ts": "1551297345.012900",
        "edited": {
            "user": "UBSMEUXAA",
            "ts": "1551297450.000000"
        },
        "thread_ts": "1551296727.012800",
        "parent_user_id": "UBSMEUXAA"
    },
    {
        "client_msg_id": "aaa93ec3-ab5f-41aa-86e3-dd3a662524da",
        "type": "message",
        "text": "Hmmm based on some comments its not actually a letter, its the result of a game where one person draws and another person has to guess the meaning of the drawing",
        "user": "UBSMEUXAA",
        "ts": "1551297822.013200",
        "thread_ts": "1551296727.012800",
        "parent_user_id": "UBSMEUXAA"
    }
]