[
    {
        "client_msg_id": "050175b6-c911-4668-b484-04ec41390336",
        "type": "message",
        "text": "Pico-8 is a cute little thing. On the web site, it is said to be a \"fantasy console\". It includes a minimal Lua, graphics editor + sound + music editor. \"Cartridges\" are shared as PNG images with the code embedded in the image. You can inspect code of any cartridge. You can even run it on a Raspberry Pi and use I\/O to interact with sensors, motors, etc. Fans of C64\/Amiga, or HyperCard, might appreciate.\n\nSome things that might be interesting in terms of future or coding:\n- a small API that you can remember makes things fun\n- constraints can invoke creativity\n- how you call something, in this case \"fantasy console\", matters\n- community, and learning, is important when building dev tools\n\nPico-8:\n<https:\/\/www.lexaloffle.com\/pico-8.php>\n\nA presentation from the creator of Pico-8:\n<https:\/\/www.youtube.com\/watch?v=87jfTIWosBw>\n\nThere is also a prototype tool by Gabriel Florit, which combines Pico-8 with Bret Victor -style live coding and time scrubbing: <https:\/\/script-8.github.io>",
        "user": "UEQ7QL15F",
        "ts": "1546431799.043400",
        "edited": {
            "user": "UEQ7QL15F",
            "ts": "1546431804.000000"
        },
        "thread_ts": "1546431799.043400",
        "reply_count": 19,
        "reply_users_count": 5,
        "latest_reply": "1547685759.078800",
        "reply_users": [
            "UC2A2ARPT",
            "UBSMEUXAA",
            "UC6997THT",
            "UEQ7QL15F",
            "UD43R8ZFV"
        ],
        "replies": [
            {
                "user": "UC2A2ARPT",
                "ts": "1546441154.045600"
            },
            {
                "user": "UBSMEUXAA",
                "ts": "1546449086.046100"
            },
            {
                "user": "UBSMEUXAA",
                "ts": "1546449367.046300"
            },
            {
                "user": "UC6997THT",
                "ts": "1547007929.072700"
            },
            {
                "user": "UEQ7QL15F",
                "ts": "1547023870.072900"
            },
            {
                "user": "UC2A2ARPT",
                "ts": "1547068824.073200"
            },
            {
                "user": "UC6997THT",
                "ts": "1547109738.074000"
            },
            {
                "user": "UEQ7QL15F",
                "ts": "1547116041.074300"
            },
            {
                "user": "UC2A2ARPT",
                "ts": "1547135882.074500"
            },
            {
                "user": "UBSMEUXAA",
                "ts": "1547492183.075000"
            },
            {
                "user": "UBSMEUXAA",
                "ts": "1547492267.075200"
            },
            {
                "user": "UBSMEUXAA",
                "ts": "1547492283.075400"
            },
            {
                "user": "UBSMEUXAA",
                "ts": "1547492290.075600"
            },
            {
                "user": "UBSMEUXAA",
                "ts": "1547492347.075800"
            },
            {
                "user": "UBSMEUXAA",
                "ts": "1547492362.076000"
            },
            {
                "user": "UEQ7QL15F",
                "ts": "1547534046.077600"
            },
            {
                "user": "UEQ7QL15F",
                "ts": "1547534103.077800"
            },
            {
                "user": "UD43R8ZFV",
                "ts": "1547685703.078600"
            },
            {
                "user": "UD43R8ZFV",
                "ts": "1547685759.078800"
            }
        ],
        "reactions": [
            {
                "name": "sunglasses",
                "users": [
                    "UDJ2TKB99",
                    "UEGFXUK3M",
                    "UA14TGLTC",
                    "UBSMEUXAA",
                    "UD43R8ZFV",
                    "UCSJ44X1S"
                ],
                "count": 6
            }
        ]
    },
    {
        "client_msg_id": "BE5E9011-FC87-470E-A33F-4BFFC7812FD5",
        "type": "message",
        "text": "For anyone who played the fantastic game Celeste this year, it was originally prototyped on a Pico-8, and you can find that version of the game hidden in the real game.",
        "user": "UC2A2ARPT",
        "ts": "1546441154.045600",
        "edited": {
            "user": "UC2A2ARPT",
            "ts": "1546441205.000000"
        },
        "thread_ts": "1546431799.043400",
        "parent_user_id": "UEQ7QL15F",
        "reactions": [
            {
                "name": "+1",
                "users": [
                    "UEQ7QL15F"
                ],
                "count": 1
            }
        ]
    },
    {
        "client_msg_id": "d98661e6-ad0a-4917-9591-018fcd919b40",
        "type": "message",
        "text": "Pico-8 is one of my favorite environments to code in",
        "user": "UBSMEUXAA",
        "ts": "1546449086.046100",
        "thread_ts": "1546431799.043400",
        "parent_user_id": "UEQ7QL15F",
        "reactions": [
            {
                "name": "+1",
                "users": [
                    "UEQ7QL15F",
                    "UD43R8ZFV"
                ],
                "count": 2
            }
        ]
    },
    {
        "client_msg_id": "cff17124-c648-4a4d-acbf-4061f987c00e",
        "type": "message",
        "text": "definitely watch the practice talk, the philosophy of building an environment with the right constraints in order to reduce friction is important",
        "user": "UBSMEUXAA",
        "ts": "1546449367.046300",
        "thread_ts": "1546431799.043400",
        "parent_user_id": "UEQ7QL15F",
        "reactions": [
            {
                "name": "+1",
                "users": [
                    "UEQ7QL15F",
                    "UA14TGLTC",
                    "UD43R8ZFV"
                ],
                "count": 3
            }
        ]
    }
]