[
    {
        "client_msg_id": "f90e0f3f-55ff-43cf-a764-021af27e28b6",
        "type": "message",
        "text": "<@UFD2JRE58> Once every blood moon, I revisit concatenative programming, which is, arguably about using 1d node-edge diagrams.  :wolf:",
        "user": "UA14TGLTC",
        "ts": "1549011236.137100",
        "thread_ts": "1548773912.119400",
        "parent_user_id": "UFD2JRE58"
    },
    {
        "client_msg_id": "2efc8b88-3e07-4e19-926f-bd999f829954",
        "type": "message",
        "text": "<@UA14TGLTC>\nI think you might be on to something about messes. You are are only talking about evil messes but I think there are also \"virtuous messes\". A virtuous mess is much better than another evil \"premature organisation\". I think traditional file\/text encourages premature organisation and then makes it hard to restructure your way into a better organisation.\n\nI think about virtuous messes as an Academic's study. They often have towers of papers and apparent mess... but I think that is because they are trying to discover a new organisation. If they prematurely organised all their papers into files then it would be harder to discover the new organisation they are pursuing.\n\nI think it's a bit like Marie Kondo - for refactoring, you need to pull everything out of the files into one big pile on your bed to then reorganise and cut the dead weight. A virtuous mess is a positive and necessary transition state for finding optimal organisations.\n\nI think visual tools are better for making virtuous messes!",
        "user": "UFD2JRE58",
        "ts": "1549018796.137300",
        "edited": {
            "user": "UFD2JRE58",
            "ts": "1549019357.000000"
        },
        "thread_ts": "1548773912.119400",
        "parent_user_id": "UFD2JRE58"
    },
    {
        "client_msg_id": "0db6c3b5-d34b-43c4-9d49-c7f5fe850d0e",
        "type": "message",
        "text": "<@UC2A2ARPT> for 3d interfaces, something I find fascinating are non-euclidean spaces (I guess they are not 3d anymore lol). I think they have profound scope for representing multi-dimensional computational concepts yet still being tactile and intuitive.  There are not nearly as abstract and mathematical as they sound.\n\nTake a look at this awesome video. I love\n- walking up a hill both ways\n- the bit at 2:40 where walking through a tunnel makes you smaller alice and wonderland style. This is not representing computation this is experiencing computation from a first person perspective operating on your own perception\n- the room totally convinces me - it's feels so natural despite being non-euclidean\n\nMind blowing:\n\n<https:\/\/www.youtube.com\/watch?v=kEB11PQ9Eo8>",
        "user": "UFD2JRE58",
        "ts": "1549019282.142700",
        "attachments": [
            {
                "service_name": "YouTube",
                "service_url": "https:\/\/www.youtube.com\/",
                "title": "Non-Euclidean Worlds Engine",
                "title_link": "https:\/\/www.youtube.com\/watch?v=kEB11PQ9Eo8",
                "author_name": "CodeParade",
                "author_link": "https:\/\/www.youtube.com\/channel\/UCrv269YwJzuZL3dH5PCgxUw",
                "thumb_url": "https:\/\/i.ytimg.com\/vi\/kEB11PQ9Eo8\/hqdefault.jpg",
                "thumb_width": 480,
                "thumb_height": 360,
                "fallback": "YouTube Video: Non-Euclidean Worlds Engine",
                "video_html": "<iframe width=\"400\" height=\"225\" src=\"https:\/\/www.youtube.com\/embed\/kEB11PQ9Eo8?feature=oembed&autoplay=1&iv_load_policy=3\" frameborder=\"0\" allow=\"accelerometer; autoplay; encrypted-media; gyroscope; picture-in-picture\" allowfullscreen><\/iframe>",
                "video_html_width": 400,
                "video_html_height": 225,
                "from_url": "https:\/\/www.youtube.com\/watch?v=kEB11PQ9Eo8",
                "service_icon": "https:\/\/a.slack-edge.com\/2089\/img\/unfurl_icons\/youtube.png",
                "id": 1,
                "original_url": "https:\/\/www.youtube.com\/watch?v=kEB11PQ9Eo8"
            }
        ],
        "thread_ts": "1549019282.142700",
        "reply_count": 3,
        "reply_users_count": 3,
        "latest_reply": "1549048274.161100",
        "reply_users": [
            "U5STGTB3J",
            "U5TCAFTD3",
            "UAJ9DV971"
        ],
        "replies": [
            {
                "user": "U5STGTB3J",
                "ts": "1549019827.143200"
            },
            {
                "user": "U5TCAFTD3",
                "ts": "1549037558.160800"
            },
            {
                "user": "UAJ9DV971",
                "ts": "1549048274.161100"
            }
        ],
        "reactions": [
            {
                "name": "exploding_head",
                "users": [
                    "U5STGTB3J",
                    "UAJ9DV971",
                    "UE6EFEPTQ",
                    "U5TCAFTD3"
                ],
                "count": 4
            }
        ]
    },
    {
        "client_msg_id": "5A5D9F0D-23BB-4A49-BCF8-1737F7647DEE",
        "type": "message",
        "text": "This is amazing! Thanks for sharing.",
        "user": "U5STGTB3J",
        "ts": "1549019827.143200",
        "thread_ts": "1549019282.142700",
        "parent_user_id": "UFD2JRE58"
    },
    {
        "client_msg_id": "94c84fee-a9d7-42aa-9ca3-d29e99e91b5e",
        "type": "message",
        "text": "<@UFD2JRE58> Virtuous messes!  An aspect of it is that there's may not be one \"true\" representation.  One virtue of code (or diagrams) from hell is that they are optimizing something – something different than what we we're used to.  It's like having familiarity with cross-discipline tooling.  Some of the things that \"they\" do will be abhorrent from our side of the and some will be miraculous.",
        "user": "UA14TGLTC",
        "ts": "1549020024.143500",
        "thread_ts": "1548773912.119400",
        "parent_user_id": "UFD2JRE58"
    },
    {
        "client_msg_id": "27D50B45-4C28-4BC8-9FFD-8AE79E00BE45",
        "type": "message",
        "text": "Yes! Code in its raw text form feels to me like just one representation that we’re mostly adapted to, partly because we’ve been working with text for ages and partly because that’s just how we program. It still is just one particular view on a mess of entangled objects, which happens to be the most common and popular one today.\n\nWe’ve grown accustomed to using spatial positioning (which line in the text file), visual hierarchy (tabs or spaces), and some other sometimes language-specific tricks (scope, functions, classes, etc.) to categorize things so we can keep some overview, and yet there are dimensions that this text view can’t be optimized for at the same time. Like for instance the mentioned call-graphs, or finding the place where a symbol is declared vs. used or vice versa. For these things, we need either different (often graphical) representations, or interactive tricks like a “jump to definition” feature in our IDE.\n\nI’m still wondering how much of our preference for text is just habit or familiarity versus text being inherently superior to other representations. After all, isn’t text rendered through a UI framework just another bunch of glyphs rasterized into textures positioned on a 2D plane following strict layout rules?",
        "user": "U5STGTB3J",
        "ts": "1549020940.156800",
        "thread_ts": "1548773912.119400",
        "parent_user_id": "UFD2JRE58",
        "reactions": [
            {
                "name": "point_up",
                "users": [
                    "U85HCL7JP",
                    "UBSMEUXAA"
                ],
                "count": 2
            },
            {
                "name": "clap",
                "users": [
                    "U85HCL7JP"
                ],
                "count": 1
            }
        ]
    },
    {
        "client_msg_id": "5274EB73-54EE-4D9A-B8FC-6E17F421B7DB",
        "type": "message",
        "text": "That “jump to definition” feature I mention above somewhat reminds me of those tunnels in that non-Euclidean space engine that was just posted… :thinking_face:",
        "user": "U5STGTB3J",
        "ts": "1549021414.158900",
        "thread_ts": "1548773912.119400",
        "parent_user_id": "UFD2JRE58"
    },
    {
        "client_msg_id": "bad4c9c5-b6a6-4953-927b-fa61b5783159",
        "type": "message",
        "text": "Yep <@UC2A2ARPT> mentioned flying but I'm reminded of Eric Reis talking about how IMVU added teleportation to their VR experience as a quick movement hack because implementing walking was going to be so much work but users actually _preferred_ it to walking. There is so much more magic available to us building virtual worlds that we shouldn't take the physical constraints of our real 3d space too literally.\n\n<https:\/\/www.inc.com\/magazine\/201110\/eric-ries-usability-testing-product-development.html>",
        "user": "UFD2JRE58",
        "ts": "1549022216.159200",
        "edited": {
            "user": "UFD2JRE58",
            "ts": "1549025184.000000"
        },
        "thread_ts": "1548773912.119400",
        "parent_user_id": "UFD2JRE58"
    },
    {
        "client_msg_id": "dea3e8b5-9207-4886-a110-44e4be74baf3",
        "type": "message",
        "text": "yeah ...notice he's writing with his \"left\" hand",
        "user": "UEKEQGB9C",
        "ts": "1549031774.160300",
        "thread_ts": "1548761082.118100",
        "parent_user_id": "UE6EFEPTQ"
    },
    {
        "client_msg_id": "ffd222ea-e296-4a32-88f5-de3b7e0779dc",
        "type": "message",
        "text": "Ahhhh.. nice observation\/insight!",
        "user": "UE6EFEPTQ",
        "ts": "1549037073.160500",
        "thread_ts": "1548761082.118100",
        "parent_user_id": "UE6EFEPTQ"
    },
    {
        "client_msg_id": "8be59a36-9c88-434e-b785-95c009887843",
        "type": "message",
        "text": "So great!!!",
        "user": "U5TCAFTD3",
        "ts": "1549037558.160800",
        "thread_ts": "1549019282.142700",
        "parent_user_id": "UFD2JRE58"
    },
    {
        "client_msg_id": "5a28fde2-8d65-4d76-a92e-724ff56b3368",
        "type": "message",
        "text": "Equally mind bending: <https:\/\/www.youtube.com\/watch?v=ztsi0CLxmjw>",
        "user": "UAJ9DV971",
        "ts": "1549048274.161100",
        "attachments": [
            {
                "service_name": "YouTube",
                "service_url": "https:\/\/www.youtube.com\/",
                "title": "Non-euclidean virtual reality",
                "title_link": "https:\/\/www.youtube.com\/watch?v=ztsi0CLxmjw",
                "author_name": "Henry Segerman",
                "author_link": "https:\/\/www.youtube.com\/user\/henryseg",
                "thumb_url": "https:\/\/i.ytimg.com\/vi\/ztsi0CLxmjw\/hqdefault.jpg",
                "thumb_width": 480,
                "thumb_height": 360,
                "fallback": "YouTube Video: Non-euclidean virtual reality",
                "video_html": "<iframe width=\"400\" height=\"225\" src=\"https:\/\/www.youtube.com\/embed\/ztsi0CLxmjw?feature=oembed&autoplay=1&iv_load_policy=3\" frameborder=\"0\" allow=\"accelerometer; autoplay; encrypted-media; gyroscope; picture-in-picture\" allowfullscreen><\/iframe>",
                "video_html_width": 400,
                "video_html_height": 225,
                "from_url": "https:\/\/www.youtube.com\/watch?v=ztsi0CLxmjw",
                "service_icon": "https:\/\/a.slack-edge.com\/2089\/img\/unfurl_icons\/youtube.png",
                "id": 1,
                "original_url": "https:\/\/www.youtube.com\/watch?v=ztsi0CLxmjw"
            }
        ],
        "thread_ts": "1549019282.142700",
        "parent_user_id": "UFD2JRE58"
    },
    {
        "client_msg_id": "d129d3f7-2531-4a59-b7fa-f8555e9f914a",
        "type": "message",
        "text": "<@UFD2JRE58> I wouldn't call IMVU a VR experience in modern times (maybe in the 90s when anything 3D called was called a VR experience...). This highly depends on the expectations of your audience.  In virtual reality (referring to HMD based VR, which is what people mean by VR when experience in 2019 for the most part) teleportation of a specific style is standard because it universally fixes motion sickness due to locomotion (motion outside of natural motion as a result of tracked movement), and there is a strong vocal minority of users that hate it, so VR games with any kind of locomotion almost always have to have options",
        "user": "UBSMEUXAA",
        "ts": "1549054941.163300",
        "thread_ts": "1548773912.119400",
        "parent_user_id": "UFD2JRE58"
    },
    {
        "client_msg_id": "123e67b0-d711-4bdc-b53c-3050464691b9",
        "type": "message",
        "text": "many games are defaulting to analog stick movement, because that is the reference point for a lot of people playing games in VR",
        "user": "UBSMEUXAA",
        "ts": "1549054985.164000",
        "thread_ts": "1548773912.119400",
        "parent_user_id": "UFD2JRE58"
    },
    {
        "client_msg_id": "2c758df2-ed5b-453f-a27f-8e0d292acbfd",
        "type": "message",
        "text": "so yes, teleport was great for IMVU's more casual audience, they thought it was more advanced than the Sims, even though from a technical standpoint it was simpler than A*",
        "user": "UBSMEUXAA",
        "ts": "1549055041.165100",
        "thread_ts": "1548773912.119400",
        "parent_user_id": "UFD2JRE58"
    },
    {
        "client_msg_id": "d93b655e-cf0d-4d29-9de6-54ff3815d34b",
        "type": "message",
        "text": "<@UFD2JRE58> This is a cool tech demo. Thanks for sharing it! Neat to hear about the applications for VR — I'd never considered that portal-rendering would be useful there, but it's pretty obviously powerful in hindsight.",
        "user": "UC2A2ARPT",
        "ts": "1549055053.165500",
        "thread_ts": "1549055053.165500",
        "reply_count": 1,
        "reply_users_count": 1,
        "latest_reply": "1549468118.176500",
        "reply_users": [
            "UFD2JRE58"
        ],
        "replies": [
            {
                "user": "UFD2JRE58",
                "ts": "1549468118.176500"
            }
        ]
    },
    {
        "client_msg_id": "bf5063de-54d3-44ca-9586-4a98ad305ff1",
        "type": "message",
        "text": "There's a game that came out a handful of years ago, that is based on these sorts of non-euclidean spaces (and all sorts of other tricks), using the same implementation (portal rendering). It's not a very long game, and I _highly_ recommend it as a super-stimulating experience. (Lots of folks referencing it in the YT comments — no surprise, it's a fantastic game).",
        "user": "UC2A2ARPT",
        "ts": "1549055086.166200",
        "edited": {
            "user": "UC2A2ARPT",
            "ts": "1549055217.000000"
        }
    },
    {
        "client_msg_id": "5bfcfa34-32d8-46b4-8329-d8498f06ffe8",
        "type": "message",
        "text": "<https:\/\/www.youtube.com\/watch?v=aGsnm2nOnso>",
        "user": "UC2A2ARPT",
        "ts": "1549055193.166500",
        "edited": {
            "user": "UC2A2ARPT",
            "ts": "1549055212.000000"
        },
        "attachments": [
            {
                "service_name": "YouTube",
                "service_url": "https:\/\/www.youtube.com\/",
                "title": "Antichamber Launch Trailer - January 31st, 2013 on Steam",
                "title_link": "https:\/\/www.youtube.com\/watch?v=aGsnm2nOnso",
                "author_name": "Demruth",
                "author_link": "https:\/\/www.youtube.com\/user\/Demruth",
                "thumb_url": "https:\/\/i.ytimg.com\/vi\/aGsnm2nOnso\/hqdefault.jpg",
                "thumb_width": 480,
                "thumb_height": 360,
                "fallback": "YouTube Video: Antichamber Launch Trailer - January 31st, 2013 on Steam",
                "video_html": "<iframe width=\"400\" height=\"225\" src=\"https:\/\/www.youtube.com\/embed\/aGsnm2nOnso?feature=oembed&autoplay=1&iv_load_policy=3\" frameborder=\"0\" allow=\"accelerometer; autoplay; encrypted-media; gyroscope; picture-in-picture\" allowfullscreen><\/iframe>",
                "video_html_width": 400,
                "video_html_height": 225,
                "from_url": "https:\/\/www.youtube.com\/watch?v=aGsnm2nOnso",
                "service_icon": "https:\/\/a.slack-edge.com\/2089\/img\/unfurl_icons\/youtube.png",
                "id": 1,
                "original_url": "https:\/\/www.youtube.com\/watch?v=aGsnm2nOnso"
            }
        ]
    },
    {
        "client_msg_id": "11de1d7b-30d9-4cc3-abdc-49ded95c8e10",
        "type": "message",
        "text": ":sparkle: <http:\/\/antichamber-game.com> :sparkle:",
        "user": "UC2A2ARPT",
        "ts": "1549055262.167400"
    },
    {
        "client_msg_id": "783fb309-e205-4dbc-9fc7-998df6d9ae5a",
        "type": "message",
        "text": "<@UCXR52MU2> Sorry I didn’t thank you, thanks a bunch for sharing those readings, checking them out now",
        "user": "UCSJ44X1S",
        "ts": "1549057150.167600",
        "thread_ts": "1548428674.083800",
        "parent_user_id": "UCSJ44X1S"
    },
    {
        "client_msg_id": "1A130A16-6F40-44B2-A1BD-B568B6ED8E64",
        "type": "message",
        "text": "You’re welcome! Good luck :) ",
        "user": "UCXR52MU2",
        "ts": "1549057694.168200",
        "thread_ts": "1548428674.083800",
        "parent_user_id": "UCSJ44X1S"
    },
    {
        "client_msg_id": "4c1d9dcf-24d5-43fa-a3c6-16c3bc0913b8",
        "type": "message",
        "text": "whoa! reminded me of <https:\/\/www.youtube.com\/watch?time_continue=11&amp;v=9U0XVdvQwAI>",
        "user": "UDJ8A6RNH",
        "ts": "1549083913.168900",
        "attachments": [
            {
                "service_name": "YouTube",
                "service_url": "https:\/\/www.youtube.com\/",
                "title": "Marble Marcher - A Fractal Physics Game",
                "title_link": "https:\/\/www.youtube.com\/watch?time_continue=11&amp;v=9U0XVdvQwAI",
                "author_name": "CodeParade",
                "author_link": "https:\/\/www.youtube.com\/channel\/UCrv269YwJzuZL3dH5PCgxUw",
                "thumb_url": "https:\/\/i.ytimg.com\/vi\/9U0XVdvQwAI\/hqdefault.jpg",
                "thumb_width": 480,
                "thumb_height": 360,
                "fallback": "YouTube Video: Marble Marcher - A Fractal Physics Game",
                "video_html": "<iframe width=\"400\" height=\"225\" src=\"https:\/\/www.youtube.com\/embed\/9U0XVdvQwAI?feature=oembed&autoplay=1&iv_load_policy=3\" frameborder=\"0\" allow=\"accelerometer; autoplay; encrypted-media; gyroscope; picture-in-picture\" allowfullscreen><\/iframe>",
                "video_html_width": 400,
                "video_html_height": 225,
                "from_url": "https:\/\/www.youtube.com\/watch?time_continue=11&amp;v=9U0XVdvQwAI",
                "service_icon": "https:\/\/a.slack-edge.com\/2089\/img\/unfurl_icons\/youtube.png",
                "id": 1,
                "original_url": "https:\/\/www.youtube.com\/watch?time_continue=11&amp;v=9U0XVdvQwAI"
            }
        ]
    }
]