[
    {
        "client_msg_id": "30e1be7a-5b9d-411f-921b-e0c6e88bffc0",
        "type": "message",
        "text": "Interesting presentation on the thoughts behind Observable, how the reactivity is implemented in Javascript and what you can do with the notebooks:\n<https:\/\/www.youtube.com\/watch?v=lNbqfQlGkzc>\n\nThe notebook runtime code is also on Github. I’m thinking that might be interesting to do alternate UIs or frontends to the notebooks: graph-based for example, or then something that is not editable but for publishing only:\n\n<https:\/\/github.com\/observablehq\/runtime>",
        "user": "UEQ7QL15F",
        "ts": "1549715392.184800",
        "edited": {
            "user": "UEQ7QL15F",
            "ts": "1549715396.000000"
        },
        "thread_ts": "1549624036.181800",
        "parent_user_id": "UEQ7QL15F"
    },
    {
        "client_msg_id": "1dbd938a-a358-4ed2-838b-5223b8da63e2",
        "type": "message",
        "text": "We were friends since before the label started :slightly_smiling_face:",
        "user": "UEGFXUK3M",
        "ts": "1549722463.185400",
        "thread_ts": "1549626591.183000",
        "parent_user_id": "UEGFXUK3M"
    },
    {
        "client_msg_id": "bdaeb98a-159d-4f0b-a2f5-4024108824a7",
        "type": "message",
        "text": "Super cool. Seems like a good scene.",
        "user": "UC2A2ARPT",
        "ts": "1549728221.185700",
        "thread_ts": "1549626591.183000",
        "parent_user_id": "UEGFXUK3M"
    },
    {
        "client_msg_id": "97d9fc63-bc7e-420c-bd77-9e09404c8f49",
        "type": "message",
        "text": "I’m extremely lucky in that regard",
        "user": "UEGFXUK3M",
        "ts": "1549730995.186000",
        "thread_ts": "1549626591.183000",
        "parent_user_id": "UEGFXUK3M"
    }
]