[
    {
        "client_msg_id": "d2b055b4-df36-4875-a954-971a98a8ab69",
        "type": "message",
        "text": "I used a similar system in Scrap Mechanic (only worse - it is based mainly on one-bit logic gates and you can't name them, only color them). It was an annoying way of 'programming', as it was really hard to organize the circuit so it wasn't utterly impossible to follow.\n\nI think there would be some value to having a 3D space in which to arrange a system, especially a system that controls a 3D world, but small parts of the system are best edited in a 2D form that can be hidden, in an editor where things can be labeled and documented. Or better: abstractions - like a catalogue of circuits \/ state machines you can instantiate and re-use hierarchically, with implementation details hidden.",
        "user": "UD6EXQVM0",
        "ts": "1552921092.081900",
        "edited": {
            "user": "UD6EXQVM0",
            "ts": "1552921387.000000"
        },
        "thread_ts": "1552762665.079300",
        "parent_user_id": "UFMD4TQMD"
    },
    {
        "client_msg_id": "9fcc4b6d-71f0-408b-8814-6293779746b2",
        "type": "message",
        "text": "Given the right UI, it would attract\/teach a lot of kids to program as a side effect.",
        "user": "UD6EXQVM0",
        "ts": "1552921557.082500",
        "thread_ts": "1552762665.079300",
        "parent_user_id": "UFMD4TQMD"
    },
    {
        "client_msg_id": "1e4f1824-924d-41fc-ae31-03486dad7ae7",
        "type": "message",
        "text": "<@UBSMEUXAA> I love NeosVR.  It's so delightfully disastrously ambitious.  I do so hope they stumble upon metaverse gold somehow.",
        "user": "UA14TGLTC",
        "ts": "1552956821.082800",
        "thread_ts": "1552762665.079300",
        "parent_user_id": "UFMD4TQMD",
        "reactions": [
            {
                "name": "+1",
                "users": [
                    "UBSMEUXAA"
                ],
                "count": 1
            }
        ]
    }
]