[
    {
        "client_msg_id": "02c6532a-e77a-4ed9-b366-8e12c8a3f398",
        "type": "message",
        "text": "I’m reading his thesis now: <http:\/\/erlang.org\/download\/armstrong_thesis_2003.pdf> (via <https:\/\/ferd.ca\/goodbye-joe.html>)",
        "user": "UCUSW7WVD",
        "ts": "1555830504.006200",
        "attachments": [
            {
                "title": "Goodbye Joe",
                "title_link": "https:\/\/ferd.ca\/goodbye-joe.html",
                "text": "Today, we've learned of Joe's passing away. I wasn't a super close friend of Joe, but I have known him and talked with him at various conferences over the last ten years or so. He's unsurprisingly been a huge influence in my career, and so I thought I should write this little post about him and his impact.",
                "fallback": "Goodbye Joe",
                "image_url": "https:\/\/ferd.ca\/static\/img\/joe-fred.jpg",
                "from_url": "https:\/\/ferd.ca\/goodbye-joe.html",
                "image_width": 375,
                "image_height": 250,
                "image_bytes": 114727,
                "service_icon": "https:\/\/ferd.ca\/static\/img\/favicon.ico",
                "service_name": "ferd.ca",
                "id": 1,
                "original_url": "https:\/\/ferd.ca\/goodbye-joe.html"
            }
        ],
        "thread_ts": "1555789502.005800",
        "parent_user_id": "U8A5MS6R1"
    },
    {
        "client_msg_id": "09c8635b-ab50-4274-bc82-00f01f776ec9",
        "type": "message",
        "text": "_“We require that the names of processes are unforgeable.. System security is intimately connected with the idea of knowing the name of a process.. In many primitive religions it was believed that humans had powers over spirits if they could command them by their real names. Knowing the real name of a spirit gave you power over the spirit, and using this name you could command the spirit to do various things for you.“_ (section 2.4.4 of the Erlang thesis)\n\nBy serendipity I just finally watched _Ready Player One_ today, and was reminded of Vernor Vinge’s _True Names_ as well: <https:\/\/en.wikipedia.org\/wiki\/True_Names>",
        "user": "UCUSW7WVD",
        "ts": "1555830970.006500",
        "edited": {
            "user": "UCUSW7WVD",
            "ts": "1555830991.000000"
        },
        "thread_ts": "1555789502.005800",
        "parent_user_id": "U8A5MS6R1"
    },
    {
        "client_msg_id": "e741acd2-5810-43ad-a08c-028f3812a1d7",
        "type": "message",
        "text": "Seems worth highlighting Armstrong’s definitions of _error_ and _failure_.\n\nThe Erlang thesis starts with this sentence:\n\n&gt; How can we program systems which behave in a reasonable manner in the presence of software errors?\n\nThis begs the question of what an error is. The introductory chapters bounce between the terms ‘error’ and ‘fault’ or ‘failure’, which felt initially like a weakness of the exposition. I felt like I understood what was meant by ‘fault’ and ‘failure’ — the program crashes. So it felt overblown to generalize from crashes to all errors. But it all makes sense when I skip ahead to section 4.4, which defines ‘error’ like this:\n\n&gt; An error occurs when the programmer doesn’t know what to do.\n\nAnd the suggested response is the section title:\n\n&gt; Let the process crash.\n\nConcurrency provides the promise of turning all unanticipated situations into crashes. As long as the platform is equipped to detect and respond to crashes, this turns a hard problem into an easier one.",
        "user": "UCUSW7WVD",
        "ts": "1555831810.006900",
        "thread_ts": "1555789502.005800",
        "parent_user_id": "U8A5MS6R1",
        "reactions": [
            {
                "name": "+1",
                "users": [
                    "UD43R8ZFV"
                ],
                "count": 1
            }
        ]
    },
    {
        "client_msg_id": "0dc3127b-4442-46eb-b137-7e0225b48f7f",
        "type": "message",
        "text": "<https:\/\/onezero.medium.com\/fortnites-creative-mode-changes-the-game-on-game-design-dd29e1c8ffe6>",
        "user": "UBSMEUXAA",
        "ts": "1555883367.007300"
    },
    {
        "client_msg_id": "7047c3f3-6b4d-47b1-89a8-acece310fece",
        "type": "message",
        "text": "Posting that because one of my early conversations here was about end users modifying games, and I was saying that it isn't the future it's the past and the present as well.  That post articulates my point better than I did",
        "user": "UBSMEUXAA",
        "ts": "1555883667.011000",
        "thread_ts": "1555883667.011000",
        "reply_count": 1,
        "reply_users_count": 1,
        "latest_reply": "1556093019.011500",
        "reply_users": [
            "UEQ7QL15F"
        ],
        "replies": [
            {
                "user": "UEQ7QL15F",
                "ts": "1556093019.011500"
            }
        ],
        "reactions": [
            {
                "name": "+1",
                "users": [
                    "UEQ7QL15F"
                ],
                "count": 1
            }
        ]
    }
]