[
    {
        "client_msg_id": "d71816d4-8444-4b88-8ea7-0de987685223",
        "type": "message",
        "text": "Well I got declined. So no referral I'm afraid.",
        "user": "UA8HY8R7B",
        "ts": "1549880768.000100",
        "thread_ts": "1549468527.178500",
        "parent_user_id": "UFW3LB2KA"
    },
    {
        "client_msg_id": "ab0cd88e-8c9a-4ec9-a07b-dd5b925ebbdd",
        "type": "message",
        "text": "would you mind sharing at what stage and how?",
        "user": "UFW3LB2KA",
        "ts": "1549889935.000300",
        "thread_ts": "1549468527.178500",
        "parent_user_id": "UFW3LB2KA"
    },
    {
        "client_msg_id": "b10eb6e1-6397-432b-923d-a0f6dabe05e3",
        "type": "message",
        "text": "<https:\/\/www.youtube.com\/watch?v=nrVIlhtoE3Y>",
        "user": "UDJ8A6RNH",
        "ts": "1549943504.000600",
        "attachments": [
            {
                "service_name": "YouTube",
                "service_url": "https:\/\/www.youtube.com\/",
                "title": "'Declarative Thinking, Declarative Practice' - Kevlin Henney [ ACCU 2016 ]",
                "title_link": "https:\/\/www.youtube.com\/watch?v=nrVIlhtoE3Y",
                "author_name": "ACCU Conference",
                "author_link": "https:\/\/www.youtube.com\/channel\/UCJhay24LTpO1s4bIZxuIqKw",
                "thumb_url": "https:\/\/i.ytimg.com\/vi\/nrVIlhtoE3Y\/hqdefault.jpg",
                "thumb_width": 480,
                "thumb_height": 360,
                "fallback": "YouTube Video: 'Declarative Thinking, Declarative Practice' - Kevlin Henney [ ACCU 2016 ]",
                "video_html": "<iframe width=\"400\" height=\"225\" src=\"https:\/\/www.youtube.com\/embed\/nrVIlhtoE3Y?feature=oembed&autoplay=1&iv_load_policy=3\" frameborder=\"0\" allow=\"accelerometer; autoplay; encrypted-media; gyroscope; picture-in-picture\" allowfullscreen><\/iframe>",
                "video_html_width": 400,
                "video_html_height": 225,
                "from_url": "https:\/\/www.youtube.com\/watch?v=nrVIlhtoE3Y",
                "service_icon": "https:\/\/a.slack-edge.com\/2089\/img\/unfurl_icons\/youtube.png",
                "id": 1,
                "original_url": "https:\/\/www.youtube.com\/watch?v=nrVIlhtoE3Y"
            }
        ],
        "reactions": [
            {
                "name": "tada",
                "users": [
                    "UBN9AFS0N"
                ],
                "count": 1
            }
        ]
    },
    {
        "client_msg_id": "77b3976c-ce19-4cd7-a279-300207574157",
        "type": "message",
        "text": "Sure. Couldn't solve the algorithmic challenge during the technical interview in time. They said I can try again in a month. Probably will.",
        "user": "UA8HY8R7B",
        "ts": "1549952963.000900",
        "thread_ts": "1549468527.178500",
        "parent_user_id": "UFW3LB2KA",
        "reactions": [
            {
                "name": "+1",
                "users": [
                    "UFW3LB2KA"
                ],
                "count": 1
            }
        ]
    }
]