[
    {
        "client_msg_id": "8e393951-6e0e-46ca-add3-0677f898bd22",
        "type": "message",
        "text": "So, yesterday was the second time I met online with a relative to help him with some physics problems he was studying for an entrance exam to the university. our solution was to share photos of books and notes on paper, to share sound recording and at the end we did a video call where he shared the book and pointed with his finger and I explained to him with my voice since it's hard to write and focus with a phone. Just a long way of saying, \"the computer as a free form expression medium hasn't happened yet\"",
        "user": "UBN9AFS0N",
        "ts": "1548756428.116900",
        "thread_ts": "1548756428.116900",
        "reply_count": 4,
        "reply_users_count": 2,
        "latest_reply": "1548762064.118700",
        "reply_users": [
            "U5TCAFTD3",
            "UBN9AFS0N"
        ],
        "replies": [
            {
                "user": "U5TCAFTD3",
                "ts": "1548757592.117500"
            },
            {
                "user": "UBN9AFS0N",
                "ts": "1548761508.118300"
            },
            {
                "user": "UBN9AFS0N",
                "ts": "1548761552.118500"
            },
            {
                "user": "UBN9AFS0N",
                "ts": "1548762064.118700"
            }
        ]
    },
    {
        "client_msg_id": "6cacdd72-d98b-42ce-8335-6ba902568452",
        "type": "message",
        "text": "check this cool solution to the problem :slightly_smiling_face: <https:\/\/www.youtube.com\/watch?v=PH-2FfFD2PU>",
        "user": "UBN9AFS0N",
        "ts": "1548756459.117300",
        "attachments": [
            {
                "service_name": "YouTube",
                "service_url": "https:\/\/www.youtube.com\/",
                "title": "Kubernetes in 5 mins",
                "title_link": "https:\/\/www.youtube.com\/watch?v=PH-2FfFD2PU",
                "author_name": "VMware Cloud-Native",
                "author_link": "https:\/\/www.youtube.com\/channel\/UCdkGV51Nu0unDNT58bHt9bg",
                "thumb_url": "https:\/\/i.ytimg.com\/vi\/PH-2FfFD2PU\/hqdefault.jpg",
                "thumb_width": 480,
                "thumb_height": 360,
                "fallback": "YouTube Video: Kubernetes in 5 mins",
                "video_html": "<iframe width=\"400\" height=\"225\" src=\"https:\/\/www.youtube.com\/embed\/PH-2FfFD2PU?feature=oembed&autoplay=1&iv_load_policy=3\" frameborder=\"0\" allow=\"accelerometer; autoplay; encrypted-media; gyroscope; picture-in-picture\" allowfullscreen><\/iframe>",
                "video_html_width": 400,
                "video_html_height": 225,
                "from_url": "https:\/\/www.youtube.com\/watch?v=PH-2FfFD2PU",
                "service_icon": "https:\/\/a.slack-edge.com\/2089\/img\/unfurl_icons\/youtube.png",
                "id": 1,
                "original_url": "https:\/\/www.youtube.com\/watch?v=PH-2FfFD2PU"
            }
        ]
    },
    {
        "client_msg_id": "2b082d30-9183-45ca-bdc8-77940c2d21c7",
        "type": "message",
        "text": "You may enjoy chalktalk if you haven't seen Ken Perlin's work before...",
        "user": "U5TCAFTD3",
        "ts": "1548757592.117500",
        "thread_ts": "1548756428.116900",
        "parent_user_id": "UBN9AFS0N"
    },
    {
        "client_msg_id": "d33d265c-949f-4c74-90bb-221e9db9d2a7",
        "type": "message",
        "text": ":upside_down_face: amazing writing-backwards skills",
        "user": "UE6EFEPTQ",
        "ts": "1548761082.118100",
        "thread_ts": "1548761082.118100",
        "reply_count": 3,
        "reply_users_count": 3,
        "latest_reply": "1549037073.160500",
        "reply_users": [
            "UC2A2ARPT",
            "UEKEQGB9C",
            "UE6EFEPTQ"
        ],
        "replies": [
            {
                "user": "UC2A2ARPT",
                "ts": "1548780834.119900"
            },
            {
                "user": "UEKEQGB9C",
                "ts": "1549031774.160300"
            },
            {
                "user": "UE6EFEPTQ",
                "ts": "1549037073.160500"
            }
        ],
        "reactions": [
            {
                "name": "thinking_face",
                "users": [
                    "UBN9AFS0N",
                    "UA14TGLTC"
                ],
                "count": 2
            }
        ]
    },
    {
        "client_msg_id": "3d5032cc-ef8a-4ab8-a016-3192061c475c",
        "type": "message",
        "text": "saw it once, will try running it now",
        "user": "UBN9AFS0N",
        "ts": "1548761508.118300",
        "thread_ts": "1548756428.116900",
        "parent_user_id": "UBN9AFS0N"
    },
    {
        "client_msg_id": "8c9d5f72-8498-4cf6-ab0c-ae9ce2e9364d",
        "type": "message",
        "text": "what I would love is if notebooks came with a stylus builtin, I guess the ipad pro may make it a reality in some years",
        "user": "UBN9AFS0N",
        "ts": "1548761552.118500",
        "thread_ts": "1548756428.116900",
        "parent_user_id": "UBN9AFS0N"
    },
    {
        "type": "message",
        "text": "trying :smile:",
        "files": [
            {
                "id": "FFRNU9T5J",
                "created": 1548762058,
                "timestamp": 1548762058,
                "name": "Screenshot-2019-01-29-12-40-1548762028.png",
                "title": "Screenshot-2019-01-29-12-40-1548762028.png",
                "mimetype": "image\/png",
                "filetype": "png",
                "pretty_type": "PNG",
                "user": "UBN9AFS0N",
                "editable": false,
                "size": 88340,
                "mode": "hosted",
                "is_external": false,
                "external_type": "",
                "is_public": true,
                "public_url_shared": false,
                "display_as_bot": false,
                "username": "",
                "url_private": "https:\/\/files.slack.com\/files-pri\/T5TCAFTA9-FFRNU9T5J\/screenshot-2019-01-29-12-40-1548762028.png?t=xoxe-197418537349-653683177169-653683177233-23343e578426a323e5fb905bbe2173fe",
                "url_private_download": "https:\/\/files.slack.com\/files-pri\/T5TCAFTA9-FFRNU9T5J\/download\/screenshot-2019-01-29-12-40-1548762028.png?t=xoxe-197418537349-653683177169-653683177233-23343e578426a323e5fb905bbe2173fe",
                "thumb_64": "https:\/\/files.slack.com\/files-tmb\/T5TCAFTA9-FFRNU9T5J-1a7e4ca7d6\/screenshot-2019-01-29-12-40-1548762028_64.png?t=xoxe-197418537349-653683177169-653683177233-23343e578426a323e5fb905bbe2173fe",
                "thumb_80": "https:\/\/files.slack.com\/files-tmb\/T5TCAFTA9-FFRNU9T5J-1a7e4ca7d6\/screenshot-2019-01-29-12-40-1548762028_80.png?t=xoxe-197418537349-653683177169-653683177233-23343e578426a323e5fb905bbe2173fe",
                "thumb_360": "https:\/\/files.slack.com\/files-tmb\/T5TCAFTA9-FFRNU9T5J-1a7e4ca7d6\/screenshot-2019-01-29-12-40-1548762028_360.png?t=xoxe-197418537349-653683177169-653683177233-23343e578426a323e5fb905bbe2173fe",
                "thumb_360_w": 360,
                "thumb_360_h": 202,
                "thumb_480": "https:\/\/files.slack.com\/files-tmb\/T5TCAFTA9-FFRNU9T5J-1a7e4ca7d6\/screenshot-2019-01-29-12-40-1548762028_480.png?t=xoxe-197418537349-653683177169-653683177233-23343e578426a323e5fb905bbe2173fe",
                "thumb_480_w": 480,
                "thumb_480_h": 270,
                "thumb_160": "https:\/\/files.slack.com\/files-tmb\/T5TCAFTA9-FFRNU9T5J-1a7e4ca7d6\/screenshot-2019-01-29-12-40-1548762028_160.png?t=xoxe-197418537349-653683177169-653683177233-23343e578426a323e5fb905bbe2173fe",
                "thumb_720": "https:\/\/files.slack.com\/files-tmb\/T5TCAFTA9-FFRNU9T5J-1a7e4ca7d6\/screenshot-2019-01-29-12-40-1548762028_720.png?t=xoxe-197418537349-653683177169-653683177233-23343e578426a323e5fb905bbe2173fe",
                "thumb_720_w": 720,
                "thumb_720_h": 405,
                "thumb_800": "https:\/\/files.slack.com\/files-tmb\/T5TCAFTA9-FFRNU9T5J-1a7e4ca7d6\/screenshot-2019-01-29-12-40-1548762028_800.png?t=xoxe-197418537349-653683177169-653683177233-23343e578426a323e5fb905bbe2173fe",
                "thumb_800_w": 800,
                "thumb_800_h": 450,
                "thumb_960": "https:\/\/files.slack.com\/files-tmb\/T5TCAFTA9-FFRNU9T5J-1a7e4ca7d6\/screenshot-2019-01-29-12-40-1548762028_960.png?t=xoxe-197418537349-653683177169-653683177233-23343e578426a323e5fb905bbe2173fe",
                "thumb_960_w": 960,
                "thumb_960_h": 540,
                "thumb_1024": "https:\/\/files.slack.com\/files-tmb\/T5TCAFTA9-FFRNU9T5J-1a7e4ca7d6\/screenshot-2019-01-29-12-40-1548762028_1024.png?t=xoxe-197418537349-653683177169-653683177233-23343e578426a323e5fb905bbe2173fe",
                "thumb_1024_w": 1024,
                "thumb_1024_h": 576,
                "image_exif_rotation": 1,
                "original_w": 1366,
                "original_h": 768,
                "permalink": "https:\/\/futureofcoding.slack.com\/files\/UBN9AFS0N\/FFRNU9T5J\/screenshot-2019-01-29-12-40-1548762028.png",
                "permalink_public": "https:\/\/slack-files.com\/T5TCAFTA9-FFRNU9T5J-38013bf1d3",
                "has_rich_preview": false
            }
        ],
        "upload": true,
        "user": "UBN9AFS0N",
        "display_as_bot": false,
        "ts": "1548762064.118700",
        "thread_ts": "1548756428.116900",
        "parent_user_id": "UBN9AFS0N"
    },
    {
        "client_msg_id": "c8f8eaab-f902-4235-839d-0022aa827542",
        "type": "message",
        "text": "<https:\/\/blueprintsfromhell.tumblr.com\/>",
        "user": "UFD2JRE58",
        "ts": "1548773912.119400",
        "attachments": [
            {
                "title": "UE4 Blueprints From Hell",
                "title_link": "https:\/\/blueprintsfromhell.tumblr.com\/",
                "text": "Submission: My portfolio featured a teleporting boss that spit fireballs and spawns enemies, with matching animations and VFX and actually played alright…. but this was the backend 8D",
                "fallback": "UE4 Blueprints From Hell",
                "image_url": "https:\/\/66.media.tumblr.com\/4f3e96b63ae96bf4474135a5c78da3d1\/tumblr_pepqiu9dPk1wp4jg6o1_1280.png",
                "from_url": "https:\/\/blueprintsfromhell.tumblr.com\/",
                "image_width": 421,
                "image_height": 250,
                "image_bytes": 203422,
                "service_icon": "https:\/\/66.media.tumblr.com\/avatar_339b8b13263f_128.pnj",
                "service_name": "blueprintsfromhell.tumblr.com",
                "id": 1,
                "original_url": "https:\/\/blueprintsfromhell.tumblr.com\/"
            }
        ],
        "thread_ts": "1548773912.119400",
        "reply_count": 51,
        "reply_users_count": 8,
        "latest_reply": "1549055041.165100",
        "reply_users": [
            "UDYGH7K8V",
            "UC2A2ARPT",
            "UBSMEUXAA",
            "U85HCL7JP",
            "UAL7940NM",
            "UA14TGLTC",
            "UFD2JRE58",
            "U5STGTB3J"
        ],
        "replies": [
            {
                "user": "UDYGH7K8V",
                "ts": "1548775961.119700"
            },
            {
                "user": "UC2A2ARPT",
                "ts": "1548780882.120100"
            },
            {
                "user": "UC2A2ARPT",
                "ts": "1548780942.120300"
            },
            {
                "user": "UBSMEUXAA",
                "ts": "1548782554.120500"
            },
            {
                "user": "UBSMEUXAA",
                "ts": "1548782559.120700"
            },
            {
                "user": "UBSMEUXAA",
                "ts": "1548782584.120900"
            },
            {
                "user": "UBSMEUXAA",
                "ts": "1548782611.121100"
            },
            {
                "user": "UBSMEUXAA",
                "ts": "1548782744.121400"
            },
            {
                "user": "UBSMEUXAA",
                "ts": "1548782817.121600"
            },
            {
                "user": "UC2A2ARPT",
                "ts": "1548785913.121800"
            },
            {
                "user": "UBSMEUXAA",
                "ts": "1548785979.122100"
            },
            {
                "user": "UBSMEUXAA",
                "ts": "1548785989.122300"
            },
            {
                "user": "UBSMEUXAA",
                "ts": "1548786133.122500"
            },
            {
                "user": "UBSMEUXAA",
                "ts": "1548786168.122700"
            },
            {
                "user": "UBSMEUXAA",
                "ts": "1548786242.122900"
            },
            {
                "user": "UBSMEUXAA",
                "ts": "1548786346.123100"
            },
            {
                "user": "U85HCL7JP",
                "ts": "1548792125.124600"
            },
            {
                "user": "U85HCL7JP",
                "ts": "1548792175.126000"
            },
            {
                "user": "UC2A2ARPT",
                "ts": "1548792637.126400"
            },
            {
                "user": "UC2A2ARPT",
                "ts": "1548792676.126600"
            },
            {
                "user": "UC2A2ARPT",
                "ts": "1548792703.126800"
            },
            {
                "user": "UC2A2ARPT",
                "ts": "1548792738.127000"
            },
            {
                "user": "UC2A2ARPT",
                "ts": "1548792806.127200"
            },
            {
                "user": "UC2A2ARPT",
                "ts": "1548792868.127400"
            },
            {
                "user": "UC2A2ARPT",
                "ts": "1548793088.127600"
            },
            {
                "user": "UC2A2ARPT",
                "ts": "1548793102.127800"
            },
            {
                "user": "UBSMEUXAA",
                "ts": "1548793450.128500"
            },
            {
                "user": "UBSMEUXAA",
                "ts": "1548793524.128700"
            },
            {
                "user": "UBSMEUXAA",
                "ts": "1548793713.128900"
            },
            {
                "user": "UBSMEUXAA",
                "ts": "1548793715.129100"
            },
            {
                "user": "UBSMEUXAA",
                "ts": "1548793860.129400"
            },
            {
                "user": "UBSMEUXAA",
                "ts": "1548793943.129600"
            },
            {
                "user": "UBSMEUXAA",
                "ts": "1548807140.130100"
            },
            {
                "user": "UAL7940NM",
                "ts": "1548838129.130800"
            },
            {
                "user": "UA14TGLTC",
                "ts": "1548863606.131900"
            },
            {
                "user": "UFD2JRE58",
                "ts": "1548929974.132900"
            },
            {
                "user": "U85HCL7JP",
                "ts": "1548944428.135500"
            },
            {
                "user": "UFD2JRE58",
                "ts": "1548944986.135700"
            },
            {
                "user": "UFD2JRE58",
                "ts": "1548944991.136100"
            },
            {
                "user": "UC2A2ARPT",
                "ts": "1548960515.136400"
            },
            {
                "user": "UC2A2ARPT",
                "ts": "1548960989.136600"
            },
            {
                "user": "U85HCL7JP",
                "ts": "1548961158.136800"
            },
            {
                "user": "UA14TGLTC",
                "ts": "1549011236.137100"
            },
            {
                "user": "UFD2JRE58",
                "ts": "1549018796.137300"
            },
            {
                "user": "UA14TGLTC",
                "ts": "1549020024.143500"
            },
            {
                "user": "U5STGTB3J",
                "ts": "1549020940.156800"
            },
            {
                "user": "U5STGTB3J",
                "ts": "1549021414.158900"
            },
            {
                "user": "UFD2JRE58",
                "ts": "1549022216.159200"
            },
            {
                "user": "UBSMEUXAA",
                "ts": "1549054941.163300"
            },
            {
                "user": "UBSMEUXAA",
                "ts": "1549054985.164000"
            },
            {
                "user": "UBSMEUXAA",
                "ts": "1549055041.165100"
            }
        ],
        "reactions": [
            {
                "name": "slightly_smiling_face",
                "users": [
                    "UEQ7QL15F",
                    "UEGFXUK3M",
                    "UD43R8ZFV"
                ],
                "count": 3
            }
        ]
    },
    {
        "client_msg_id": "303d2735-f225-487e-9bd9-66aa81ce6e41",
        "type": "message",
        "text": "augh, blueprints can be so bad. I TAd a game design course where lots of students reached for UE. There were some students games that I just could not help debug. So spaghetti",
        "user": "UDYGH7K8V",
        "ts": "1548775961.119700",
        "thread_ts": "1548773912.119400",
        "parent_user_id": "UFD2JRE58"
    },
    {
        "client_msg_id": "bcf2e64f-712e-495a-995d-bed96b9bc6f9",
        "type": "message",
        "text": "They probably wrote forward, and then just flipped the video horizontally in post",
        "user": "UC2A2ARPT",
        "ts": "1548780834.119900",
        "thread_ts": "1548761082.118100",
        "parent_user_id": "UE6EFEPTQ"
    },
    {
        "client_msg_id": "2abf0eed-5304-4db3-a412-05f8105bfe62",
        "type": "message",
        "text": "What tools does UE give you to group \/ nest nodes? Can you make things that act like functions?",
        "user": "UC2A2ARPT",
        "ts": "1548780882.120100",
        "thread_ts": "1548773912.119400",
        "parent_user_id": "UFD2JRE58"
    },
    {
        "client_msg_id": "af2eca98-da77-4806-874e-d116475ff4c0",
        "type": "message",
        "text": "I haven't used UE blueprints, but I have used a bunch of other node-based visual langs, and they usually give you _some_ sort of ability to manage complex projects.",
        "user": "UC2A2ARPT",
        "ts": "1548780942.120300",
        "thread_ts": "1548773912.119400",
        "parent_user_id": "UFD2JRE58"
    },
    {
        "client_msg_id": "1232d774-eb6c-4db8-83df-f670083c6c73",
        "type": "message",
        "text": "yes you can make functions",
        "user": "UBSMEUXAA",
        "ts": "1548782554.120500",
        "thread_ts": "1548773912.119400",
        "parent_user_id": "UFD2JRE58"
    },
    {
        "client_msg_id": "e322eb00-f1b3-45da-9b34-d04516e1e1da",
        "type": "message",
        "text": "and there is macro support",
        "user": "UBSMEUXAA",
        "ts": "1548782559.120700",
        "thread_ts": "1548773912.119400",
        "parent_user_id": "UFD2JRE58"
    },
    {
        "client_msg_id": "fe035f5e-1b3b-4351-a03f-8bc381e148cb",
        "type": "message",
        "text": "but often people creating blueprints either aren't aware of those primitives or don't bother to use them",
        "user": "UBSMEUXAA",
        "ts": "1548782584.120900",
        "thread_ts": "1548773912.119400",
        "parent_user_id": "UFD2JRE58",
        "reactions": [
            {
                "name": "point_up",
                "users": [
                    "UDYGH7K8V",
                    "UA14TGLTC"
                ],
                "count": 2
            }
        ]
    },
    {
        "client_msg_id": "6f1cd99b-93f9-44fd-9769-e508407b81fa",
        "type": "message",
        "text": "comment blocks are a common way of grouping things as well, which are least give you a little bit of a visual hierarchy",
        "user": "UBSMEUXAA",
        "ts": "1548782611.121100",
        "thread_ts": "1548773912.119400",
        "parent_user_id": "UFD2JRE58"
    },
    {
        "client_msg_id": "98636a04-ee5e-4991-9ec2-ea27b0b8dc24",
        "type": "message",
        "text": "if you look at blueprints from hell comments a lot of the time the author wasn't aware of (at least at the time) constructs like loops or switch, and may not know how to use variables",
        "user": "UBSMEUXAA",
        "ts": "1548782744.121400",
        "thread_ts": "1548773912.119400",
        "parent_user_id": "UFD2JRE58"
    },
    {
        "client_msg_id": "02f2f47c-018f-4081-9ea3-c5cf7c5da66b",
        "type": "message",
        "text": "so you have end up with a mess of event driven hard-coded if statements",
        "user": "UBSMEUXAA",
        "ts": "1548782817.121600",
        "thread_ts": "1548773912.119400",
        "parent_user_id": "UFD2JRE58"
    },
    {
        "client_msg_id": "5ff253c8-b3da-4546-aeb7-ca85f6e9424c",
        "type": "message",
        "text": "Ah, so it's just like what happens when people write text-based code and don't know about functions, loops, data structures, etc.",
        "user": "UC2A2ARPT",
        "ts": "1548785913.121800",
        "thread_ts": "1548773912.119400",
        "parent_user_id": "UFD2JRE58",
        "reactions": [
            {
                "name": "+1",
                "users": [
                    "UBSMEUXAA",
                    "UBN9AFS0N",
                    "UA14TGLTC",
                    "UD43R8ZFV"
                ],
                "count": 4
            }
        ]
    },
    {
        "client_msg_id": "21ba9e3a-094a-4759-b5cd-5f5a2db0963d",
        "type": "message",
        "text": "So there is a thread on the front page of hackernews about visual programming <https:\/\/news.ycombinator.com\/item?id=19025639>",
        "user": "UBSMEUXAA",
        "ts": "1548785979.122100",
        "thread_ts": "1548773912.119400",
        "parent_user_id": "UFD2JRE58"
    },
    {
        "client_msg_id": "f8e51f64-b9a3-44f5-8942-4a93d95ac666",
        "type": "message",
        "text": "and many of the comments lean more negative",
        "user": "UBSMEUXAA",
        "ts": "1548785989.122300",
        "thread_ts": "1548773912.119400",
        "parent_user_id": "UFD2JRE58"
    },
    {
        "client_msg_id": "e95ac111-1362-49ec-a645-e10bed798351",
        "type": "message",
        "text": "but its kind of funny because there was a similar article explaining why visual programming doesn't work, and many of the comments skewed positive <https:\/\/news.ycombinator.com\/item?id=18495094>",
        "user": "UBSMEUXAA",
        "ts": "1548786133.122500",
        "thread_ts": "1548773912.119400",
        "parent_user_id": "UFD2JRE58",
        "reactions": [
            {
                "name": "joy",
                "users": [
                    "U85HCL7JP"
                ],
                "count": 1
            }
        ]
    },
    {
        "client_msg_id": "854994aa-a9e3-431f-968f-76b14d3b8e24",
        "type": "message",
        "text": "in the context of blueprints both discussions use blueprints as an example of wider industry use of visual programming, but also as an example of why it doesn't scale",
        "user": "UBSMEUXAA",
        "ts": "1548786168.122700",
        "thread_ts": "1548773912.119400",
        "parent_user_id": "UFD2JRE58"
    },
    {
        "client_msg_id": "690cfabb-16da-495a-a37e-2f40de77459c",
        "type": "message",
        "text": "blueprints (and I think node based visual programming in general) have their fair share of issues but a lot of the problems that people mention are either completely solvable, or partially solved by blueprints",
        "user": "UBSMEUXAA",
        "ts": "1548786242.122900",
        "thread_ts": "1548773912.119400",
        "parent_user_id": "UFD2JRE58"
    },
    {
        "client_msg_id": "d9adab89-8fd0-434f-8d7a-27249d4f5a0e",
        "type": "message",
        "text": "so I think the real issues and benefits are lost in superficial discussions or imagined issues and benefits",
        "user": "UBSMEUXAA",
        "ts": "1548786346.123100",
        "thread_ts": "1548773912.119400",
        "parent_user_id": "UFD2JRE58",
        "reactions": [
            {
                "name": "100",
                "users": [
                    "UC2A2ARPT"
                ],
                "count": 1
            }
        ]
    },
    {
        "client_msg_id": "1E71608D-20A6-4B5A-9E1A-47100D08E3A0",
        "type": "message",
        "text": "Following <@UC2A2ARPT> comment, how is it different from a beginner coding everything in one file without functions, loops, etc?",
        "user": "U85HCL7JP",
        "ts": "1548792125.124600",
        "thread_ts": "1548773912.119400",
        "parent_user_id": "UFD2JRE58"
    },
    {
        "client_msg_id": "D43BDAAB-23EA-4AD2-93FA-E74D8E28CCD2",
        "type": "message",
        "text": "It can be thousands of lines in one file. So is it just that we are used to messes in text files?",
        "user": "U85HCL7JP",
        "ts": "1548792175.126000",
        "thread_ts": "1548773912.119400",
        "parent_user_id": "UFD2JRE58",
        "reactions": [
            {
                "name": "cake",
                "users": [
                    "UC2A2ARPT",
                    "UD43R8ZFV"
                ],
                "count": 2
            }
        ]
    },
    {
        "client_msg_id": "d2541e1f-4ded-429b-9bd2-7b896cf13f19",
        "type": "message",
        "text": "Yeah. I've _never_ read a good critique of visual languages on the matter of beginner messes. Every argument that hammers on that \"failing\" completely misses the fact that there are existing solutions to the code organization problem that work well, so either (A) this particular VPL doesn't have them or (B) the programmer making the mess hasn't yet learned how to organize their code.",
        "user": "UC2A2ARPT",
        "ts": "1548792637.126400",
        "thread_ts": "1548773912.119400",
        "parent_user_id": "UFD2JRE58",
        "reactions": [
            {
                "name": "+1",
                "users": [
                    "UA14TGLTC"
                ],
                "count": 1
            }
        ]
    },
    {
        "client_msg_id": "75b4db98-3f05-41ab-a3f2-6cc116a6be6d",
        "type": "message",
        "text": "What makes this \"look at that mess\" complaint so sticky is multi-faceted..",
        "user": "UC2A2ARPT",
        "ts": "1548792676.126600",
        "thread_ts": "1548773912.119400",
        "parent_user_id": "UFD2JRE58"
    },
    {
        "client_msg_id": "faf4221d-6ba5-4c9d-8f56-8da333592fcb",
        "type": "message",
        "text": "• VPLs are a bit of a novelty, so people aren't in the position to know whether or not this is typical or avoidable",
        "user": "UC2A2ARPT",
        "ts": "1548792703.126800",
        "thread_ts": "1548773912.119400",
        "parent_user_id": "UFD2JRE58",
        "reactions": [
            {
                "name": "+1",
                "users": [
                    "UBSMEUXAA",
                    "UA14TGLTC"
                ],
                "count": 2
            }
        ]
    },
    {
        "client_msg_id": "520292f4-ff93-47a0-b70d-e5e8866a7e22",
        "type": "message",
        "text": "• VPLs are geared toward beginners, and toward people who just want to make something that works and don't want to spend a lot of time learning how they're _supposed_ to do things",
        "user": "UC2A2ARPT",
        "ts": "1548792738.127000",
        "thread_ts": "1548773912.119400",
        "parent_user_id": "UFD2JRE58"
    },
    {
        "client_msg_id": "d96898a6-8215-43cd-8e00-778147ca6cdf",
        "type": "message",
        "text": "• VPLs don't have great built-in tutorial modes\/content. Neither do text-based languages, but people don't expect text-based languages to be self-explaining. They do expect visual tools to be self explaining, because that's how good visual tools work. A VPL with a killer \"tutorial level\" would be a godsend.",
        "user": "UC2A2ARPT",
        "ts": "1548792806.127200",
        "thread_ts": "1548773912.119400",
        "parent_user_id": "UFD2JRE58",
        "reactions": [
            {
                "name": "clap",
                "users": [
                    "U85HCL7JP",
                    "UA14TGLTC",
                    "UD43R8ZFV"
                ],
                "count": 3
            }
        ]
    },
    {
        "client_msg_id": "0b88b7ad-0e0d-44a5-96f0-806eb453fa3f",
        "type": "message",
        "text": "• VPLs are visual, so looking at a mess is more _fun_ because it looks _goddamn messy!_ Whereas messy code just looks like.. code. Except in the most extreme cases, you need to know how to read to code to tell the difference between well-organized code and messy code. Not so with VPLs.",
        "user": "UC2A2ARPT",
        "ts": "1548792868.127400",
        "thread_ts": "1548773912.119400",
        "parent_user_id": "UFD2JRE58",
        "reactions": [
            {
                "name": "grin",
                "users": [
                    "UA14TGLTC"
                ],
                "count": 1
            }
        ]
    },
    {
        "client_msg_id": "3ffb71c8-32e2-4ce0-baaf-afe2df4df745",
        "type": "message",
        "text": "• A messy node-based VPL is _perfectly serviceable_, because these sorts of VPLs are live running systems that don't let you have syntax errors, so people can sort of brownian-motion their way toward _something_ that does kinda what they want. You can go from \"I've never programmed before in my life\" to \"I've made something kinda crazy but cool\" in like.. an hour. And the kinda crazy cool thing you made can be _huge_. You can't drunkenly stumble your way to a big, thorny, messy, complex-looking program within the first hour of using a text-based language. And this is _such a huge win_ and it totally flies right over the heads of the \"Look at this mess lol\" traditional programmers. Fuck them.",
        "user": "UC2A2ARPT",
        "ts": "1548793088.127600",
        "edited": {
            "user": "UC2A2ARPT",
            "ts": "1548793267.000000"
        },
        "thread_ts": "1548773912.119400",
        "parent_user_id": "UFD2JRE58"
    },
    {
        "client_msg_id": "986b9110-46a4-4c84-b40d-c60265e052fd",
        "type": "message",
        "text": ":hand:\n:microphone:",
        "user": "UC2A2ARPT",
        "ts": "1548793102.127800",
        "edited": {
            "user": "UC2A2ARPT",
            "ts": "1548793186.000000"
        },
        "thread_ts": "1548773912.119400",
        "parent_user_id": "UFD2JRE58",
        "reactions": [
            {
                "name": "joy",
                "users": [
                    "UDYGH7K8V",
                    "UAL7940NM",
                    "UA14TGLTC",
                    "UD43R8ZFV"
                ],
                "count": 4
            }
        ]
    },
    {
        "client_msg_id": "67d0e565-5fc6-4cc0-b9f7-d07a098248c8",
        "type": "message",
        "text": "nice, awesome points",
        "user": "UBSMEUXAA",
        "ts": "1548793450.128500",
        "thread_ts": "1548773912.119400",
        "parent_user_id": "UFD2JRE58"
    },
    {
        "client_msg_id": "983c697d-8b51-4783-94dc-078e4cea74d7",
        "type": "message",
        "text": "people write garbage code in beginner friendly (and not so beginner friendly) text programming languages regularly, but I think even among beginners there is often a vague idea that you should \"architect\" your code and organize it into functions and classes, etc.",
        "user": "UBSMEUXAA",
        "ts": "1548793524.128700",
        "thread_ts": "1548773912.119400",
        "parent_user_id": "UFD2JRE58"
    },
    {
        "client_msg_id": "887c7bc0-c000-4ab5-ae15-629f44668017",
        "type": "message",
        "text": "Ultima Ratio Regum is this crazy simulationy dwarf fortress style roguelike, and the creator said its a 420K LOC python file...",
        "user": "UBSMEUXAA",
        "ts": "1548793713.128900",
        "thread_ts": "1548773912.119400",
        "parent_user_id": "UFD2JRE58",
        "reactions": [
            {
                "name": "grinning",
                "users": [
                    "UEQ7QL15F",
                    "UA14TGLTC"
                ],
                "count": 2
            }
        ]
    },
    {
        "client_msg_id": "b1e1e078-754d-4b81-bb2e-bc10552e54da",
        "type": "message",
        "text": "<http:\/\/www.roguelikeradio.com\/2016\/03\/episode-119-coding-practices.html>",
        "user": "UBSMEUXAA",
        "ts": "1548793715.129100",
        "attachments": [
            {
                "title": "Episode 119: Coding Practices",
                "title_link": "http:\/\/www.roguelikeradio.com\/2016\/03\/episode-119-coding-practices.html",
                "text": "This is episode 119 of Roguelike Radio, where Mark Johnson , Josh Ge (Kyzrati) and Nicolas Casalini (DarkGod) discuss Coding Practices. ...",
                "fallback": "Episode 119: Coding Practices",
                "from_url": "http:\/\/www.roguelikeradio.com\/2016\/03\/episode-119-coding-practices.html",
                "service_icon": "http:\/\/www.roguelikeradio.com\/favicon.ico",
                "service_name": "roguelikeradio.com",
                "id": 1,
                "original_url": "http:\/\/www.roguelikeradio.com\/2016\/03\/episode-119-coding-practices.html"
            }
        ],
        "thread_ts": "1548773912.119400",
        "parent_user_id": "UFD2JRE58"
    },
    {
        "client_msg_id": "183731f2-d407-4523-a40c-d7aa077a4a66",
        "type": "message",
        "text": "single file, because when he started he was unaware of Python's module system, and still didn't really know how it worked after writing 420K LOC of code...",
        "user": "UBSMEUXAA",
        "ts": "1548793860.129400",
        "thread_ts": "1548773912.119400",
        "parent_user_id": "UFD2JRE58"
    },
    {
        "client_msg_id": "c55f473b-82c1-4b1d-979e-97d9956dbb6a",
        "type": "message",
        "text": "in discussions about businesses using advanced spreadsheets to run some critical process you hear similar craziness, so I don't think this issue is unique to Blueprints or node based VPL",
        "user": "UBSMEUXAA",
        "ts": "1548793943.129600",
        "thread_ts": "1548773912.119400",
        "parent_user_id": "UFD2JRE58"
    },
    {
        "client_msg_id": "ab9fc289-e93e-4a3b-bf4b-7b2225922bd3",
        "type": "message",
        "text": "<https:\/\/scriptsofanotherdimension.tumblr.com>",
        "user": "UBSMEUXAA",
        "ts": "1548807140.130100",
        "attachments": [
            {
                "title": "Scripts of Another Dimension",
                "title_link": "https:\/\/scriptsofanotherdimension.tumblr.com\/",
                "text": "4000 frame Boom shadow removal on actor.",
                "fallback": "Scripts of Another Dimension",
                "image_url": "https:\/\/66.media.tumblr.com\/d9ef7ac2cba1e65727d359d02a0783f8\/tumblr_on6iq6XMpW1rq71rqo1_640.png",
                "from_url": "https:\/\/scriptsofanotherdimension.tumblr.com\/",
                "image_width": 162,
                "image_height": 250,
                "image_bytes": 62936,
                "service_icon": "https:\/\/66.media.tumblr.com\/avatar_dcf1d397925f_128.pnj",
                "service_name": "scriptsofanotherdimension.tumblr.com",
                "id": 1,
                "original_url": "https:\/\/scriptsofanotherdimension.tumblr.com"
            }
        ],
        "thread_ts": "1548773912.119400",
        "parent_user_id": "UFD2JRE58",
        "reactions": [
            {
                "name": "eyes",
                "users": [
                    "UC2A2ARPT"
                ],
                "count": 1
            }
        ]
    }
]