[
    {
        "client_msg_id": "3334bba8-262f-4e7a-9700-033188ff6add",
        "type": "message",
        "text": "<https:\/\/tryretool.com\/blog\/the-slide-rule\/>",
        "user": "U5TCAFTD3",
        "ts": "1553093639.083200",
        "attachments": [
            {
                "service_name": "Blog",
                "title": "Bicycles for the Mind: The Slide Rule",
                "title_link": "https:\/\/tryretool.com\/blog\/the-slide-rule\/",
                "text": "At the turn of the 16th century, Johannes Kepler set out to disprove Copernicus, who believed planets orbited in perfect, concentric circles from the sun. Kepler first formulated his hypothesis: planets had elliptical orbits with two foci, and then set out to prove it mathematically. 4 years and 900 pages",
                "fallback": "Blog: Bicycles for the Mind: The Slide Rule",
                "image_url": "https:\/\/tryretool.com\/blog\/content\/images\/2018\/10\/slide-rule-bg.jpg",
                "image_width": 377,
                "image_height": 250,
                "fields": [
                    {
                        "title": "Written by",
                        "value": "Taimur Abdaal",
                        "short": true
                    }
                ],
                "ts": 1539842324,
                "from_url": "https:\/\/tryretool.com\/blog\/the-slide-rule\/",
                "image_bytes": 386073,
                "service_icon": "https:\/\/tryretool.com\/blog\/favicon.png",
                "id": 1,
                "original_url": "https:\/\/tryretool.com\/blog\/the-slide-rule\/"
            }
        ],
        "thread_ts": "1553093639.083200",
        "reply_count": 1,
        "reply_users_count": 1,
        "latest_reply": "1553146251.083700",
        "reply_users": [
            "UCUSW7WVD"
        ],
        "replies": [
            {
                "user": "UCUSW7WVD",
                "ts": "1553146251.083700"
            }
        ],
        "reactions": [
            {
                "name": "+1",
                "users": [
                    "UA14TGLTC",
                    "UBSMEUXAA"
                ],
                "count": 2
            },
            {
                "name": "heart",
                "users": [
                    "UCUSW7WVD"
                ],
                "count": 1
            }
        ]
    },
    {
        "client_msg_id": "6ea38345-b31d-4cb9-8f41-41aa9a043043",
        "type": "message",
        "text": "One thing this article got me to do is look up the etymology of 'cursor' :slightly_smiling_face: <https:\/\/www.etymonline.com\/word\/cursor>",
        "user": "UCUSW7WVD",
        "ts": "1553146251.083700",
        "attachments": [
            {
                "title": "cursor | Origin and meaning of cursor by Online Etymology Dictionary",
                "title_link": "https:\/\/www.etymonline.com\/word\/cursor",
                "text": "Meaning: \"a running messenger,\" from Latin cursor \"runner,\" also \"errand-boy,\" from curs-, past-participle stem of currere \"to run\"… See more definitions.",
                "fallback": "cursor | Origin and meaning of cursor by Online Etymology Dictionary",
                "thumb_url": "https:\/\/www.etymonline.com\/graphics\/header.jpg",
                "from_url": "https:\/\/www.etymonline.com\/word\/cursor",
                "thumb_width": 600,
                "thumb_height": 600,
                "service_icon": "https:\/\/cdn.etymonline.com\/projects\/etymonline-main-v3\/favicon\/apple-icon-57x57.png",
                "service_name": "etymonline.com",
                "id": 1,
                "original_url": "https:\/\/www.etymonline.com\/word\/cursor"
            }
        ],
        "thread_ts": "1553093639.083200",
        "parent_user_id": "U5TCAFTD3"
    }
]