[
    {
        "client_msg_id": "ad5b5a40-7856-4c45-a42f-af518de17656",
        "type": "message",
        "text": "I just watched the FOSDEM'19 talk about SOLID and found it very interesting. I'd be happy to hear your thoughts on this topic.\n<https:\/\/fosdem.org\/2019\/schedule\/event\/solid_web_decentralization\/>\nDirect link to the video: <https:\/\/ftp.heanet.ie\/mirrors\/fosdem-video\/2019\/Janson\/solid_web_decentralization.webm>",
        "user": "UAL7940NM",
        "ts": "1550742694.002300",
        "attachments": [
            {
                "title": "FOSDEM 2019 - Solid: taking back the Web through decentralization",
                "title_link": "https:\/\/fosdem.org\/2019\/schedule\/event\/solid_web_decentralization\/",
                "fallback": "FOSDEM 2019 - Solid: taking back the Web through decentralization",
                "image_url": "https:\/\/fosdem.org\/2019\/assets\/style\/logo-gear-7204a6874eb0128932db10ff4030910401ac06f4e907f8b4a40da24ba592b252.png",
                "from_url": "https:\/\/fosdem.org\/2019\/schedule\/event\/solid_web_decentralization\/",
                "image_width": 200,
                "image_height": 200,
                "image_bytes": 9557,
                "service_icon": "https:\/\/fosdem.org\/2019\/apple-touch-icon.png",
                "service_name": "fosdem.org",
                "id": 1,
                "original_url": "https:\/\/fosdem.org\/2019\/schedule\/event\/solid_web_decentralization\/"
            }
        ],
        "thread_ts": "1550742694.002300",
        "reply_count": 3,
        "reply_users_count": 3,
        "latest_reply": "1550821435.006700",
        "reply_users": [
            "UD43R8ZFV",
            "UCGAK10LS",
            "UEQ6M68H0"
        ],
        "replies": [
            {
                "user": "UD43R8ZFV",
                "ts": "1550777819.005500"
            },
            {
                "user": "UCGAK10LS",
                "ts": "1550802268.005900"
            },
            {
                "user": "UEQ6M68H0",
                "ts": "1550821435.006700"
            }
        ]
    },
    {
        "client_msg_id": "736C4D3A-86D0-4298-BEB9-708955664A51",
        "type": "message",
        "text": "Love this unusual take on visual programming: <http:\/\/www.hempuli.com\/baba\/>",
        "user": "U5STGTB3J",
        "ts": "1550746314.004300",
        "thread_ts": "1550746314.004300",
        "reply_count": 3,
        "reply_users_count": 2,
        "latest_reply": "1550809728.006300",
        "reply_users": [
            "UBSMEUXAA",
            "UC2A2ARPT"
        ],
        "replies": [
            {
                "user": "UBSMEUXAA",
                "ts": "1550772637.004900"
            },
            {
                "user": "UBSMEUXAA",
                "ts": "1550772747.005100"
            },
            {
                "user": "UC2A2ARPT",
                "ts": "1550809728.006300"
            }
        ],
        "reactions": [
            {
                "name": "slightly_smiling_face",
                "users": [
                    "UBN9AFS0N",
                    "UEQ7QL15F",
                    "UBN1G4C1J",
                    "UBSMEUXAA",
                    "UCXR52MU2"
                ],
                "count": 5
            },
            {
                "name": "heart",
                "users": [
                    "UAVCC2X70"
                ],
                "count": 1
            }
        ]
    },
    {
        "client_msg_id": "ab97aa0c-877b-4fb6-898d-89416f85620c",
        "type": "message",
        "text": "Baba is you is great!",
        "user": "UBSMEUXAA",
        "ts": "1550772637.004900",
        "thread_ts": "1550746314.004300",
        "parent_user_id": "U5STGTB3J"
    },
    {
        "client_msg_id": "4e7d361d-3e14-49e0-9b10-5e21edd286ef",
        "type": "message",
        "text": "For people interested in puzzle games as visual programming environments and are familiar with Zachtronics (or not) you might want to check out this kickstarter <https:\/\/www.kickstarter.com\/projects\/1812249267\/zach-like>",
        "user": "UBSMEUXAA",
        "ts": "1550772747.005100",
        "attachments": [
            {
                "service_name": "Kickstarter",
                "title": "ZACH-LIKE",
                "title_link": "https:\/\/www.kickstarter.com\/projects\/1812249267\/zach-like",
                "text": "A book of behind-the-scenes design documents from Zachtronics.",
                "fallback": "Kickstarter: ZACH-LIKE",
                "image_url": "https:\/\/ksr-ugc.imgix.net\/assets\/023\/942\/398\/b55b65e7d03c7e2a26dd4eb6f6f9fab9_original.png?ixlib=rb-1.1.0&crop=faces&w=1552&h=873&fit=crop&v=1548888078&auto=format&frame=1&q=92&s=aaf6ae045b8247640fb6c6cd98a6d5f3",
                "image_width": 444,
                "image_height": 250,
                "from_url": "https:\/\/www.kickstarter.com\/projects\/1812249267\/zach-like",
                "image_bytes": 676559,
                "service_icon": "https:\/\/www.kickstarter.com\/favicon.ico",
                "id": 1,
                "original_url": "https:\/\/www.kickstarter.com\/projects\/1812249267\/zach-like"
            }
        ],
        "thread_ts": "1550746314.004300",
        "parent_user_id": "U5STGTB3J",
        "reactions": [
            {
                "name": "star-struck",
                "users": [
                    "UC2A2ARPT"
                ],
                "count": 1
            }
        ]
    },
    {
        "client_msg_id": "146efc1a-f160-4bf9-b81e-cff7dc3bc308",
        "type": "message",
        "text": "As I understand it, Solid is based around protocols that basically require people to run their own servers to participate in the network.\n\nPersonally, I find <https:\/\/beakerbrowser.com\/> to have a much more compelling vision.",
        "user": "UD43R8ZFV",
        "ts": "1550777819.005500",
        "thread_ts": "1550742694.002300",
        "parent_user_id": "UAL7940NM"
    },
    {
        "client_msg_id": "4bae21bf-50e9-4f01-b48e-ec05d7b7b263",
        "type": "message",
        "text": "SOLID is about control and ownership of your own data, so yeah people need to rent their own servers to host their data. The only alternative to this would involve a decentralised data storage network.\n\nThe SAFE Network has plans to integrate the principles of SOLID (if it ever becomes a thing) <https:\/\/safenetwork.org\/>\n\nHopefully if\/when other blockchain-ey projects become practical they will support it as well.",
        "user": "UCGAK10LS",
        "ts": "1550802268.005900",
        "attachments": [
            {
                "title": "SAFE Network - Secure Access For Everyone",
                "title_link": "https:\/\/safenetwork.org\/",
                "text": "A decentralized data storage and communications network that provides a secure, efficient and low-cost infrastructure for everyone.",
                "fallback": "SAFE Network - Secure Access For Everyone",
                "image_url": "https:\/\/safenetwork.org\/images\/safenetwork.jpg",
                "from_url": "https:\/\/safenetwork.org\/",
                "image_width": 478,
                "image_height": 250,
                "image_bytes": 157458,
                "service_icon": "https:\/\/safenetwork.org\/images\/safenetwork-apple-touch-icon.png",
                "service_name": "safenetwork.org",
                "id": 1,
                "original_url": "https:\/\/safenetwork.org\/"
            }
        ],
        "thread_ts": "1550742694.002300",
        "parent_user_id": "UAL7940NM"
    },
    {
        "client_msg_id": "D0F296CE-FA8C-4153-BAE6-91C860F40843",
        "type": "message",
        "text": "Ooooh!",
        "user": "UC2A2ARPT",
        "ts": "1550809728.006300",
        "thread_ts": "1550746314.004300",
        "parent_user_id": "U5STGTB3J"
    },
    {
        "client_msg_id": "50168715-a24b-4ade-a4a0-ff95a7fb0032",
        "type": "message",
        "text": "SOLID looks DOA to me. Firstly the vast majority of people could care less about the data mining. They are getting a lot of free storage, and unlike the Robodialers who pester us daily in the USA, with callers pretending to the IRS about to send police to your door or any of the other myriad frauds extant, Facebook seems rather benign because you can't see your data being traded, nor do most people realize the complete loss of privacy and control is implicit in the Facebook empire. So i don't see a strong impetus to propel this idea forward. It does also remind me of Xanadu from Ted Nelson where he wanted two way linking of web objects.",
        "user": "UEQ6M68H0",
        "ts": "1550821435.006700",
        "thread_ts": "1550742694.002300",
        "parent_user_id": "UAL7940NM"
    }
]