[
    {
        "client_msg_id": "cf0ffd2c-3b42-4102-b006-1868b990846c",
        "type": "message",
        "text": "<http:\/\/www.projectoberon.com\/>",
        "user": "UBN9AFS0N",
        "ts": "1550220305.018100",
        "attachments": [
            {
                "title": "Home",
                "title_link": "http:\/\/www.projectoberon.com\/",
                "text": "Project Oberon: The Design of an Operating System, a Compiler, and a Computer",
                "fallback": "Home",
                "from_url": "http:\/\/www.projectoberon.com\/",
                "service_name": "projectoberon.com",
                "id": 1,
                "original_url": "http:\/\/www.projectoberon.com\/"
            }
        ],
        "thread_ts": "1550216754.017900",
        "parent_user_id": "UAL7940NM"
    },
    {
        "client_msg_id": "e6bd9c82-5847-4390-a4ff-08cb17006e17",
        "type": "message",
        "text": "good book",
        "user": "UBN9AFS0N",
        "ts": "1550220308.018400",
        "thread_ts": "1550216754.017900",
        "parent_user_id": "UAL7940NM"
    },
    {
        "client_msg_id": "7E31C96E-40CB-426F-ABC1-2CDDF45A0CC7",
        "type": "message",
        "text": "Hi <@UD43R8ZFV> , do you have your code available in Github?",
        "user": "U85HCL7JP",
        "ts": "1550248359.019900",
        "thread_ts": "1550193685.013600",
        "parent_user_id": "UD43R8ZFV"
    },
    {
        "client_msg_id": "f45a4e51-019d-4f3b-8bf6-b3123372fab3",
        "type": "message",
        "text": "It's here for now: <https:\/\/github.com\/tswast\/pikov\/tree\/json>\n\nIt's a mess. editor\/ has the start of the UI. The pikov notebook in the examples folder is where I was experimenting with the file format.\n\nEventually I'll move it to <https:\/\/github.com\/google\/pikov> but I haven't pushed there since I updated the file format from SQLAlchemy to a JSON graph.",
        "user": "UD43R8ZFV",
        "ts": "1550258220.020300",
        "thread_ts": "1550193685.013600",
        "parent_user_id": "UD43R8ZFV"
    }
]