[
    {
        "client_msg_id": "52182FF5-B6BF-4012-A60F-1F0F57A1AACD",
        "type": "message",
        "text": "Looking for interesting visual programming interfaces, I’ve been looking at a few games lately that all have programming elements as part of gameplay. Here’s a list of games that I found; if you know of others that fit into that category, please let me know: <https:\/\/github.com\/stefanlesser\/recurse\/blob\/master\/resources\/games-about-programming.md>",
        "user": "U5STGTB3J",
        "ts": "1554288022.002600",
        "thread_ts": "1554288022.002600",
        "reply_count": 6,
        "reply_users_count": 5,
        "latest_reply": "1554316154.007500",
        "reply_users": [
            "UGK6P07UP",
            "U5STGTB3J",
            "UD6EXQVM0",
            "UE6EFEPTQ",
            "UCUSW7WVD"
        ],
        "replies": [
            {
                "user": "UGK6P07UP",
                "ts": "1554288346.002800"
            },
            {
                "user": "U5STGTB3J",
                "ts": "1554293819.004400"
            },
            {
                "user": "UD6EXQVM0",
                "ts": "1554297789.004700"
            },
            {
                "user": "UGK6P07UP",
                "ts": "1554300738.004900"
            },
            {
                "user": "UE6EFEPTQ",
                "ts": "1554303182.005100"
            },
            {
                "user": "UCUSW7WVD",
                "ts": "1554316154.007500"
            }
        ],
        "reactions": [
            {
                "name": "+1",
                "users": [
                    "UGK6P07UP",
                    "U5TCAFTD3",
                    "UE6EFEPTQ",
                    "UBSMEUXAA"
                ],
                "count": 4
            },
            {
                "name": "heart",
                "users": [
                    "UCUSW7WVD"
                ],
                "count": 1
            }
        ]
    },
    {
        "client_msg_id": "b46982f0-0ccd-47e3-8422-89bd82c91c27",
        "type": "message",
        "text": "I would add Factorio to the game list.",
        "user": "UGK6P07UP",
        "ts": "1554288346.002800",
        "thread_ts": "1554288022.002600",
        "parent_user_id": "U5STGTB3J",
        "reactions": [
            {
                "name": "+1",
                "users": [
                    "UCUSW7WVD"
                ],
                "count": 1
            }
        ]
    },
    {
        "client_msg_id": "56DAF8EA-CC0C-4566-8444-6C6CBBF1132E",
        "type": "message",
        "text": "I heard about it, but haven’t played it. Can you describe what the programming element of it is?",
        "user": "U5STGTB3J",
        "ts": "1554293819.004400",
        "thread_ts": "1554288022.002600",
        "parent_user_id": "U5STGTB3J"
    },
    {
        "client_msg_id": "f7989908-83bb-4d2c-9bd2-48243c3f6872",
        "type": "message",
        "text": "I'd say the programming is implicit - you have to arrange a series of machines along a 2D grid to perform larger-scale tasks.",
        "user": "UD6EXQVM0",
        "ts": "1554297789.004700",
        "thread_ts": "1554288022.002600",
        "parent_user_id": "U5STGTB3J"
    },
    {
        "client_msg_id": "09336b37-6357-4936-836c-e998ed298216",
        "type": "message",
        "text": "Yeah, it's implicit. I haven't played it either, but from what I hear from (coder) friends, you build more and more automated structures with increasing complexity, which revolves around the same space as programming does. I'm not sure if it's \"actual\" programming or not, but when you start considering visual programming paradigms and whatnot, there's a lot of same stuff there. Compare to something like eg. Minecraft redstone links.",
        "user": "UGK6P07UP",
        "ts": "1554300738.004900",
        "thread_ts": "1554288022.002600",
        "parent_user_id": "U5STGTB3J"
    },
    {
        "client_msg_id": "6109d800-6ee3-4027-ade0-0f06fc8e6f84",
        "type": "message",
        "text": "If it's Turing Complete..",
        "user": "UE6EFEPTQ",
        "ts": "1554303182.005100",
        "thread_ts": "1554288022.002600",
        "parent_user_id": "U5STGTB3J"
    },
    {
        "client_msg_id": "c533ee73-057c-432e-be79-11b9378aac2d",
        "type": "message",
        "text": "this isn't random",
        "user": "UE6EFEPTQ",
        "ts": "1554303344.005500"
    },
    {
        "client_msg_id": "7bd0bf77-fbe6-4e30-b1dd-0282a4787b2b",
        "type": "message",
        "text": "coulda stuck it in <#CCL5VVBAN|feedback> or <#C5T9GPWFL|general>?",
        "user": "UE6EFEPTQ",
        "ts": "1554303400.006400"
    },
    {
        "client_msg_id": "37af3a9c-ca95-4086-a85a-49219b62323b",
        "type": "message",
        "text": "I think this applies to introducing any kind of tool (but just in case, I post it here) <https:\/\/vimeo.com\/327793736>",
        "user": "UBN9AFS0N",
        "ts": "1554308768.006800",
        "attachments": [
            {
                "service_name": "Vimeo",
                "service_url": "https:\/\/vimeo.com\/",
                "title": "Human Brains Are Awesome, Humans Brains Suck (GDC 2019 Microtalk)",
                "title_link": "https:\/\/vimeo.com\/327793736",
                "author_name": "Nicky Case",
                "author_link": "https:\/\/vimeo.com\/ncase",
                "thumb_url": "https:\/\/i.vimeocdn.com\/video\/772162417_295x166.jpg",
                "thumb_width": 295,
                "thumb_height": 166,
                "text": "My micro-talk for the 2019 Game Developer Conference! This one's about games & the cognitive science of learning.\n\nEnd music is “Poupi's Theme” by Komiku (CC-Zero): ",
                "fallback": "Vimeo Video: Human Brains Are Awesome, Humans Brains Suck (GDC 2019 Microtalk)",
                "video_html": "<iframe src=\"https:\/\/player.vimeo.com\/video\/327793736?autoplay=1&app_id=122963\" width=\"400\" height=\"225\" frameborder=\"0\" title=\"Human Brains Are Awesome, Humans Brains Suck (GDC 2019 Microtalk)\" allow=\"autoplay; fullscreen\" allowfullscreen><\/iframe>",
                "video_html_width": 400,
                "video_html_height": 225,
                "from_url": "https:\/\/vimeo.com\/327793736",
                "service_icon": "https:\/\/a.slack-edge.com\/bfaba\/img\/unfurl_icons\/vimeo.png",
                "id": 1,
                "original_url": "https:\/\/vimeo.com\/327793736"
            }
        ],
        "thread_ts": "1554308768.006800",
        "reply_count": 2,
        "reply_users_count": 1,
        "latest_reply": "1554339210.008000",
        "reply_users": [
            "UA14TGLTC"
        ],
        "replies": [
            {
                "user": "UA14TGLTC",
                "ts": "1554338969.007800"
            },
            {
                "user": "UA14TGLTC",
                "ts": "1554339210.008000"
            }
        ],
        "reactions": [
            {
                "name": "grinning",
                "users": [
                    "UA14TGLTC",
                    "UCKRZS3DZ",
                    "UD43R8ZFV"
                ],
                "count": 3
            }
        ]
    },
    {
        "client_msg_id": "7d15b6c8-cb63-430c-92fc-fb31b80d6add",
        "type": "message",
        "text": "<https:\/\/redplanetlabs.com>",
        "user": "UBSMEUXAA",
        "ts": "1554315615.007200",
        "thread_ts": "1554315615.007200",
        "reply_count": 4,
        "reply_users_count": 3,
        "latest_reply": "1554538550.010300",
        "reply_users": [
            "U8A5MS6R1",
            "UEQ6M68H0",
            "UBN9AFS0N"
        ],
        "replies": [
            {
                "user": "U8A5MS6R1",
                "ts": "1554350868.009000"
            },
            {
                "user": "UEQ6M68H0",
                "ts": "1554364011.009200"
            },
            {
                "user": "UBN9AFS0N",
                "ts": "1554364421.009400"
            },
            {
                "user": "UEQ6M68H0",
                "ts": "1554538550.010300"
            }
        ]
    },
    {
        "client_msg_id": "fff2c5d8-1d97-4d31-856c-4ecd26a7059a",
        "type": "message",
        "text": "I came here to suggest Factorio as well. Without ever having played it either, just after watching videos. So it certainly seems to be successful at colonizing programmer minds.\n\nNice list, Stefan! One of the rare 'awesome' lists I found useful.",
        "user": "UCUSW7WVD",
        "ts": "1554316154.007500",
        "thread_ts": "1554288022.002600",
        "parent_user_id": "U5STGTB3J"
    },
    {
        "client_msg_id": "2b9ba81f-7db4-4d38-85d3-096311cba9a2",
        "type": "message",
        "text": "\"Hail Satan!\"",
        "user": "UA14TGLTC",
        "ts": "1554338969.007800",
        "thread_ts": "1554308768.006800",
        "parent_user_id": "UBN9AFS0N"
    },
    {
        "client_msg_id": "03eb9e16-5c0e-4e9d-8678-40a7b3bc17c0",
        "type": "message",
        "text": "Draws my attention to the meta-question of how to tell when a player is ready to juggle a new mechanic.",
        "user": "UA14TGLTC",
        "ts": "1554339210.008000",
        "thread_ts": "1554308768.006800",
        "parent_user_id": "UBN9AFS0N"
    },
    {
        "client_msg_id": "decdb340-3ff0-470c-ab08-9f5fc0507341",
        "type": "message",
        "text": "I'm flying to Tokyo tomorrow for a trip. Who here is in Japan?",
        "user": "UBUFWBGNN",
        "ts": "1554343435.008900"
    },
    {
        "client_msg_id": "4dceeb51-306c-4eef-8362-d953c1f3bd2e",
        "type": "message",
        "text": "Just saw this too.. another attempt at 100x but they have no details from what I can see.",
        "user": "U8A5MS6R1",
        "ts": "1554350868.009000",
        "thread_ts": "1554315615.007200",
        "parent_user_id": "UBSMEUXAA"
    }
]