[
    {
        "client_msg_id": "7ab0d832-a96c-4cd7-a5a4-4c333741d91f",
        "type": "message",
        "text": "+1 PICO-8 has one of the best communities I've seen anywhere. It's built-in \"BBS\" really helps encourage people to give constructive feedback.",
        "user": "UD43R8ZFV",
        "ts": "1547685703.078600",
        "thread_ts": "1546431799.043400",
        "parent_user_id": "UEQ7QL15F",
        "reactions": [
            {
                "name": "+1",
                "users": [
                    "UEQ7QL15F",
                    "UBSMEUXAA"
                ],
                "count": 2
            }
        ]
    },
    {
        "client_msg_id": "89b6a4cb-66c1-42fe-8e0d-88ddf30b5d1c",
        "type": "message",
        "text": "I love PICO-8 for it's simplicity. To use the main developer's words, it's a \"cozy feeling\" to pop up a text editor and quickly jot out a visual demoscene-style doodle.",
        "user": "UD43R8ZFV",
        "ts": "1547685759.078800",
        "thread_ts": "1546431799.043400",
        "parent_user_id": "UEQ7QL15F",
        "reactions": [
            {
                "name": "+1",
                "users": [
                    "UEQ7QL15F"
                ],
                "count": 1
            }
        ]
    }
]