[
    {
        "client_msg_id": "e69dc32e-8395-45e3-ba23-cec992a61a15",
        "type": "message",
        "text": "Overall I don't think Pico-8 gives you much and its not necessarily a great environment for beginners, although I'd argue the simplicity of its API make it pretty good for beginners vs. Unity",
        "user": "UBSMEUXAA",
        "ts": "1547492183.075000",
        "thread_ts": "1546431799.043400",
        "parent_user_id": "UEQ7QL15F"
    },
    {
        "client_msg_id": "72d020c9-2fff-4675-9607-33134d17bfe5",
        "type": "message",
        "text": "it fills a similar niche as Processing (which I also love) in my mind, almost zero boiler plate and setup time, relatively small and simple API that you can keep the basics of in your head, but its not a fully featured game engine with a PBR renderer and a physics\\collision system",
        "user": "UBSMEUXAA",
        "ts": "1547492267.075200",
        "thread_ts": "1546431799.043400",
        "parent_user_id": "UEQ7QL15F"
    },
    {
        "client_msg_id": "bf0016e8-2527-4e3d-bd7e-af661bb375d0",
        "type": "message",
        "text": "so you need to have a base level of knowledge to get anything done",
        "user": "UBSMEUXAA",
        "ts": "1547492283.075400",
        "thread_ts": "1546431799.043400",
        "parent_user_id": "UEQ7QL15F"
    },
    {
        "client_msg_id": "6e6303f1-89d2-4e5d-8471-df882479820f",
        "type": "message",
        "text": "I think the community helps that a lot though",
        "user": "UBSMEUXAA",
        "ts": "1547492290.075600",
        "thread_ts": "1546431799.043400",
        "parent_user_id": "UEQ7QL15F",
        "reactions": [
            {
                "name": "+1",
                "users": [
                    "UEQ7QL15F"
                ],
                "count": 1
            }
        ]
    },
    {
        "client_msg_id": "f858b569-025e-4d5f-8e69-4c7feb7f4869",
        "type": "message",
        "text": "the only \"future of coding\" thing that I think we can learn from Pico-8 is the idea of designing constraints\\aesthetics of the programming language\\api\\environment to encourage certain types of productivity",
        "user": "UBSMEUXAA",
        "ts": "1547492347.075800",
        "thread_ts": "1546431799.043400",
        "parent_user_id": "UEQ7QL15F",
        "reactions": [
            {
                "name": "+1",
                "users": [
                    "UC2A2ARPT",
                    "UD43R8ZFV"
                ],
                "count": 2
            }
        ]
    },
    {
        "client_msg_id": "b5cb4b2e-a51d-4db9-8519-5f5955eabf40",
        "type": "message",
        "text": "or creativity",
        "user": "UBSMEUXAA",
        "ts": "1547492362.076000",
        "thread_ts": "1546431799.043400",
        "parent_user_id": "UEQ7QL15F"
    },
    {
        "client_msg_id": "5f0b9bc1-8bde-42f1-bf82-d707b7f8ebca",
        "type": "message",
        "text": "The alternative Script-8 by Gabriel Florit is maybe a bit more futureful, with time-traveling and live coding :slightly_smiling_face:. Although, the live coding and time scrubbing demos by Bret Victor are now almost a decade old, too. <https:\/\/script-8.github.io>",
        "user": "UEQ7QL15F",
        "ts": "1547534046.077600",
        "edited": {
            "user": "UEQ7QL15F",
            "ts": "1547553734.000000"
        },
        "thread_ts": "1546431799.043400",
        "parent_user_id": "UEQ7QL15F",
        "reactions": [
            {
                "name": "+1",
                "users": [
                    "UBSMEUXAA"
                ],
                "count": 1
            }
        ]
    },
    {
        "client_msg_id": "7853f6d0-35d5-48c2-98cf-ab3d6a9d9f28",
        "type": "message",
        "text": "For learning, it could be argued that community and sharing code is better than having a huge amount of opaque built-in features. I don’t think there is any universal ‘right’ solution for this though.",
        "user": "UEQ7QL15F",
        "ts": "1547534103.077800",
        "edited": {
            "user": "UEQ7QL15F",
            "ts": "1547534128.000000"
        },
        "thread_ts": "1546431799.043400",
        "parent_user_id": "UEQ7QL15F",
        "reactions": [
            {
                "name": "+1",
                "users": [
                    "UD43R8ZFV",
                    "UBSMEUXAA"
                ],
                "count": 2
            }
        ]
    }
]