[
    {
        "client_msg_id": "aaf39662-54d5-4369-aab9-81eea8c5c72e",
        "type": "message",
        "text": "I realized yesterday how similar Observable notebooks are to visual (graph based) programming: in Observable, any time you change a value somewhere, all references using it update reactively.\n\n<https:\/\/beta.observablehq.com\/@mbostock\/how-observable-runs>\n<https:\/\/twitter.com\/jaukia\/status\/1093571831607513089>\n\nInteresting how different UIs for same level of programming abstraction lead to quite different UX.",
        "user": "UEQ7QL15F",
        "ts": "1549624036.181800",
        "edited": {
            "user": "UEQ7QL15F",
            "ts": "1549624043.000000"
        },
        "thread_ts": "1549624036.181800",
        "reply_count": 1,
        "reply_users_count": 1,
        "latest_reply": "1549715392.184800",
        "reply_users": [
            "UEQ7QL15F"
        ],
        "replies": [
            {
                "user": "UEQ7QL15F",
                "ts": "1549715392.184800"
            }
        ],
        "reactions": [
            {
                "name": "+1",
                "users": [
                    "U5TCAFTD3",
                    "UD43R8ZFV",
                    "UA14TGLTC"
                ],
                "count": 3
            }
        ]
    },
    {
        "client_msg_id": "9ad3a20a-b199-4aac-a88c-b7ea83924c98",
        "type": "message",
        "text": "I have a single, video, album, merch dropping today &amp; next Friday <http:\/\/zip.pcmusic.info>\n\nMajority of the music created using <@UF89Z7SRF>’s TidalCycles language",
        "user": "UEGFXUK3M",
        "ts": "1549626591.183000",
        "attachments": [
            {
                "title": "Folder Dot Zip",
                "title_link": "http:\/\/zip.pcmusic.info\/",
                "text": "Lil Data - Folder Dot Zip - album out Feb 15th 2019 on PC Music",
                "fallback": "Folder Dot Zip",
                "thumb_url": "http:\/\/zip.pcmusic.info\/img\/fdz.jpg",
                "thumb_width": 1500,
                "thumb_height": 1500,
                "from_url": "http:\/\/zip.pcmusic.info\/",
                "service_icon": "http:\/\/zip.pcmusic.info\/favicon.ico",
                "service_name": "zip.pcmusic.info",
                "id": 1,
                "original_url": "http:\/\/zip.pcmusic.info"
            }
        ],
        "thread_ts": "1549626591.183000",
        "reply_count": 4,
        "reply_users_count": 2,
        "latest_reply": "1549730995.186000",
        "reply_users": [
            "UC2A2ARPT",
            "UEGFXUK3M"
        ],
        "replies": [
            {
                "user": "UC2A2ARPT",
                "ts": "1549682652.184300"
            },
            {
                "user": "UEGFXUK3M",
                "ts": "1549722463.185400"
            },
            {
                "user": "UC2A2ARPT",
                "ts": "1549728221.185700"
            },
            {
                "user": "UEGFXUK3M",
                "ts": "1549730995.186000"
            }
        ],
        "reactions": [
            {
                "name": "tada",
                "users": [
                    "U5TCAFTD3",
                    "UE0H4170F",
                    "UC2A2ARPT"
                ],
                "count": 3
            }
        ]
    },
    {
        "client_msg_id": "aa797301-da36-4c65-afb4-3039b66d8ab6",
        "type": "message",
        "text": "Insane video by the one and only SCOTTY2HOTTY69 <https:\/\/www.youtube.com\/watch?v=qrTMkgpBia8>",
        "user": "UEGFXUK3M",
        "ts": "1549626607.183400",
        "attachments": [
            {
                "service_name": "YouTube",
                "service_url": "https:\/\/www.youtube.com\/",
                "title": "Lil Data - Burnnn",
                "title_link": "https:\/\/www.youtube.com\/watch?v=qrTMkgpBia8",
                "author_name": "PC Music",
                "author_link": "https:\/\/www.youtube.com\/user\/pcmusicinfo",
                "thumb_url": "https:\/\/i.ytimg.com\/vi\/qrTMkgpBia8\/hqdefault.jpg",
                "thumb_width": 480,
                "thumb_height": 360,
                "fallback": "YouTube Video: Lil Data - Burnnn",
                "video_html": "<iframe width=\"400\" height=\"225\" src=\"https:\/\/www.youtube.com\/embed\/qrTMkgpBia8?feature=oembed&autoplay=1&iv_load_policy=3\" frameborder=\"0\" allow=\"accelerometer; autoplay; encrypted-media; gyroscope; picture-in-picture\" allowfullscreen><\/iframe>",
                "video_html_width": 400,
                "video_html_height": 225,
                "from_url": "https:\/\/www.youtube.com\/watch?v=qrTMkgpBia8",
                "service_icon": "https:\/\/a.slack-edge.com\/2089\/img\/unfurl_icons\/youtube.png",
                "id": 1,
                "original_url": "https:\/\/www.youtube.com\/watch?v=qrTMkgpBia8"
            }
        ],
        "reactions": [
            {
                "name": "heart",
                "users": [
                    "UD43R8ZFV",
                    "UE0H4170F"
                ],
                "count": 2
            }
        ]
    },
    {
        "client_msg_id": "b996e3d8-4405-42eb-bb64-b3e0d4a15b63",
        "type": "message",
        "text": "I love PC Music. How did you get involved with those folks? Do you know AG Cook?",
        "user": "UC2A2ARPT",
        "ts": "1549682652.184300",
        "thread_ts": "1549626591.183000",
        "parent_user_id": "UEGFXUK3M",
        "reactions": [
            {
                "name": "heart",
                "users": [
                    "UEGFXUK3M"
                ],
                "count": 1
            }
        ]
    }
]