[
    {
        "client_msg_id": "b89b56fe-e17b-4f7d-ad47-03179473d80c",
        "type": "message",
        "text": "A few interesting articles about the puzzle game Baba is You",
        "user": "UBSMEUXAA",
        "ts": "1557939580.073400",
        "reactions": [
            {
                "name": "heart",
                "users": [
                    "UC2A2ARPT",
                    "UA14TGLTC"
                ],
                "count": 2
            }
        ]
    },
    {
        "client_msg_id": "234d577f-f101-4d05-81a3-66e9467f0ca4",
        "type": "message",
        "text": "<https:\/\/www.twitlonger.com\/show\/n_1sqrh1m>",
        "user": "UBSMEUXAA",
        "ts": "1557939583.073600",
        "attachments": [
            {
                "title": "TwitLonger — When you talk too much for Twitter",
                "title_link": "https:\/\/www.twitlonger.com\/show\/n_1sqrh1m",
                "text": "TwitLonger is the easy way to post more than 140 characters to Twitter",
                "fallback": "TwitLonger — When you talk too much for Twitter",
                "from_url": "https:\/\/www.twitlonger.com\/show\/n_1sqrh1m",
                "service_icon": "https:\/\/www.twitlonger.com\/favicon.ico",
                "service_name": "twitlonger.com",
                "id": 1,
                "original_url": "https:\/\/www.twitlonger.com\/show\/n_1sqrh1m"
            }
        ]
    },
    {
        "client_msg_id": "eb0834c0-3ffe-47a0-8d4a-96a290197fab",
        "type": "message",
        "text": "<https:\/\/www.gamasutra.com\/view\/news\/342113\/Designing_Baba_is_Yous_delightfully_innovative_rulewriting_system.php>",
        "user": "UBSMEUXAA",
        "ts": "1557939797.073900",
        "attachments": [
            {
                "title": "Designing  Baba is You 's delightfully innovative rule-writing system",
                "title_link": "https:\/\/www.gamasutra.com\/view\/news\/342113\/Designing_Baba_is_Yous_delightfully_innovative_rulewriting_system.php",
                "text": "Arvi Teikari, aka Hempuli, the creator behind the brilliant IGF Award-winning Baba is You , tells us about the process of designing a game that puts rule-making in the hands of players.",
                "fallback": "Designing  Baba is You 's delightfully innovative rule-writing system",
                "thumb_url": "http:\/\/www.gamasutra.com\/db_area\/images\/news\/2019\/May\/342113\/babalogo.jpg",
                "from_url": "https:\/\/www.gamasutra.com\/view\/news\/342113\/Designing_Baba_is_Yous_delightfully_innovative_rulewriting_system.php",
                "thumb_width": 300,
                "thumb_height": 300,
                "service_icon": "https:\/\/www.gamasutra.com\/favicon.ico",
                "service_name": "gamasutra.com",
                "id": 1,
                "original_url": "https:\/\/www.gamasutra.com\/view\/news\/342113\/Designing_Baba_is_Yous_delightfully_innovative_rulewriting_system.php"
            }
        ],
        "thread_ts": "1557939797.073900",
        "reply_count": 1,
        "reply_users_count": 1,
        "latest_reply": "1558014621.074400",
        "reply_users": [
            "UA14TGLTC"
        ],
        "replies": [
            {
                "user": "UA14TGLTC",
                "ts": "1558014621.074400"
            }
        ]
    }
]