[
    {
        "client_msg_id": "8a65c356-07b2-4ab3-bb1e-aeef7a939e6d",
        "type": "message",
        "text": "I would think you need to either have a very good low-level access to a JS interpreter\/compiler (and ability to tune it), or then a lot of instrumentation code wrapped around function declarations etc, to do something like this.",
        "user": "UEQ7QL15F",
        "ts": "1559636143.004700",
        "thread_ts": "1559604803.017700",
        "parent_user_id": "UFV8P4472"
    },
    {
        "client_msg_id": "a0fe5cd5-767d-43da-a74a-ddb52fbacbaa",
        "type": "message",
        "text": "I think <https:\/\/webflow.com\/> might fit your bill.",
        "user": "UDKTZSD6H",
        "ts": "1559642786.005000",
        "attachments": [
            {
                "title": "Responsive web design tool, CMS, and hosting platform | Webflow",
                "title_link": "https:\/\/webflow.com\/",
                "text": "Build responsive websites in your browser, then host with us or export your code to host wherever. Discover the professional website builder made for designers.",
                "fallback": "Responsive web design tool, CMS, and hosting platform | Webflow",
                "thumb_url": "https:\/\/assets-global.website-files.com\/583347ca8f6c7ee058111b3b\/5952995a3d8aa14fb62fe053_og%20image.png",
                "from_url": "https:\/\/webflow.com\/",
                "thumb_width": 1200,
                "thumb_height": 630,
                "service_icon": "https:\/\/webflow.com\/favicon.ico",
                "service_name": "webflow.com",
                "id": 1,
                "original_url": "https:\/\/webflow.com\/"
            }
        ],
        "thread_ts": "1559604803.017700",
        "parent_user_id": "UFV8P4472"
    },
    {
        "client_msg_id": "e3b4f3aa-fefe-4be1-ab73-f4c90316bc80",
        "type": "message",
        "text": "I think Svelte's Rich Harris was working on something like that",
        "user": "UDRF3ALP4",
        "ts": "1559652230.005500",
        "thread_ts": "1559604803.017700",
        "parent_user_id": "UFV8P4472"
    },
    {
        "client_msg_id": "19262eb7-5962-4089-9002-a28aad22002d",
        "type": "message",
        "text": "<https:\/\/twitter.com\/Rich_Harris\/status\/1009055331694112768?s=09>",
        "user": "UDRF3ALP4",
        "ts": "1559652307.005700",
        "attachments": [
            {
                "fallback": "<https:\/\/twitter.com\/Rich_Harris|@Rich_Harris>: Lil' preview of the experimental IDE I'm working on for <https:\/\/twitter.com\/sveltejs|@sveltejs> apps. Notice how selecting an element takes us to the exact character in the component where it's defined. This works even if the element is inside a list of data fetched from a remote server! Instant feedback. 1\/ <https:\/\/pbs.twimg.com\/ext_tw_video_thumb\/1008926962411298817\/pu\/img\/_M7dR-svQXm5Grqr.jpg>",
                "ts": 1529412513,
                "author_name": "Rich Harris",
                "author_link": "https:\/\/twitter.com\/Rich_Harris\/status\/1009055331694112768",
                "author_icon": "https:\/\/pbs.twimg.com\/profile_images\/557940120184041473\/bFyXy8Pu_normal.jpeg",
                "author_subname": "@Rich_Harris",
                "text": "Lil' preview of the experimental IDE I'm working on for <https:\/\/twitter.com\/sveltejs|@sveltejs> apps. Notice how selecting an element takes us to the exact character in the component where it's defined. This works even if the element is inside a list of data fetched from a remote server! Instant feedback. 1\/",
                "service_name": "twitter",
                "service_url": "https:\/\/twitter.com\/",
                "from_url": "https:\/\/twitter.com\/Rich_Harris\/status\/1009055331694112768?s=09",
                "thumb_url": "https:\/\/pbs.twimg.com\/ext_tw_video_thumb\/1008926962411298817\/pu\/img\/_M7dR-svQXm5Grqr.jpg",
                "thumb_width": 1084,
                "thumb_height": 720,
                "video_html_width": 1084,
                "video_html_height": 720,
                "video_html": "<video controls poster=\"https:\/\/pbs.twimg.com\/ext_tw_video_thumb\/1008926962411298817\/pu\/img\/_M7dR-svQXm5Grqr.jpg\" width=\"1084\" height=\"720\"><source type=\"video\/mp4\" src=\"https:\/\/video.twimg.com\/ext_tw_video\/1008926962411298817\/pu\/vid\/1084x720\/nW9y8RujtDcioN2E.mp4?tag=3\"><\/video>",
                "id": 1,
                "original_url": "https:\/\/twitter.com\/Rich_Harris\/status\/1009055331694112768?s=09",
                "footer": "Twitter",
                "footer_icon": "https:\/\/a.slack-edge.com\/6e067\/img\/services\/twitter_pixel_snapped_32.png"
            }
        ],
        "thread_ts": "1559604803.017700",
        "parent_user_id": "UFV8P4472",
        "reactions": [
            {
                "name": "+1",
                "users": [
                    "UC2A2ARPT"
                ],
                "count": 1
            },
            {
                "name": "cool",
                "users": [
                    "UFV8P4472"
                ],
                "count": 1
            }
        ]
    },
    {
        "client_msg_id": "2826c9ce-d0d5-4993-bcef-2578e33fcd73",
        "type": "message",
        "text": "<@UFV8P4472> do you have link to the keynote video?",
        "user": "U85HCL7JP",
        "ts": "1559667526.006500",
        "thread_ts": "1559604803.017700",
        "parent_user_id": "UFV8P4472"
    },
    {
        "client_msg_id": "69c79526-f3be-446d-ae29-c132780ca079",
        "type": "message",
        "text": "It's live now here <https:\/\/developer.apple.com\/videos\/play\/wwdc2019\/101\/>",
        "user": "UE0ETTCG7",
        "ts": "1559668891.006800",
        "attachments": [
            {
                "service_name": "Apple Developer",
                "title": "Keynote - WWDC 2019 - Videos - Apple Developer",
                "title_link": "https:\/\/developer.apple.com\/videos\/play\/wwdc2019\/101\/",
                "text": "WWDC 2019 Keynote",
                "fallback": "Apple Developer: Keynote - WWDC 2019 - Videos - Apple Developer",
                "image_url": "https:\/\/devimages-cdn.apple.com\/wwdc-services\/images\/48\/2826\/2826_wide_250x141_2x.jpg",
                "from_url": "https:\/\/developer.apple.com\/videos\/play\/wwdc2019\/101\/",
                "image_width": 443,
                "image_height": 250,
                "image_bytes": 44491,
                "service_icon": "https:\/\/developer.apple.com\/favicon.ico",
                "id": 1,
                "original_url": "https:\/\/developer.apple.com\/videos\/play\/wwdc2019\/101\/"
            }
        ],
        "thread_ts": "1559604803.017700",
        "parent_user_id": "UFV8P4472"
    },
    {
        "client_msg_id": "092273df-ed7b-4229-86df-65d4ed2939e7",
        "type": "message",
        "text": "SwiftUI is near the end",
        "user": "UE0ETTCG7",
        "ts": "1559668901.007100",
        "thread_ts": "1559604803.017700",
        "parent_user_id": "UFV8P4472"
    },
    {
        "client_msg_id": "bd41d99e-a9eb-430c-b6d4-c8a95e349cc0",
        "type": "message",
        "text": "Thanks <@UE0ETTCG7>!",
        "user": "U85HCL7JP",
        "ts": "1559669111.007300",
        "thread_ts": "1559604803.017700",
        "parent_user_id": "UFV8P4472"
    },
    {
        "client_msg_id": "211e8dd0-bf98-4ad2-8f86-8ff7ec12684a",
        "type": "message",
        "text": "this research project out of UChicago: <https:\/\/ravichugh.github.io\/sketch-n-sketch\/> (has its own language, a subset of Elm)",
        "user": "UHTPRR5SM",
        "ts": "1559717729.000200",
        "thread_ts": "1559604803.017700",
        "parent_user_id": "UFV8P4472"
    }
]