[
    {
        "client_msg_id": "ae8a9c02-f1f0-4509-937d-6a93ee46a3f6",
        "type": "message",
        "text": "&gt; “Syntax highlighting” is an unfortunate misnomer, since pattern matching is considerably weaker than syntactic analysis. It would be more accurate to call it “unreliable keyword, string, and comment recognition”.\nFrom <https:\/\/www.researchgate.net\/publication\/258629476_Displaying_and_Editing_Source_Code_in_Software_Engineering_Environments>",
        "user": "UAL7940NM",
        "ts": "1552332104.039000",
        "thread_ts": "1552332104.039000",
        "reply_count": 2,
        "reply_users_count": 2,
        "latest_reply": "1554083053.000300",
        "reply_users": [
            "UCUSW7WVD",
            "UDRF3ALP4"
        ],
        "replies": [
            {
                "user": "UCUSW7WVD",
                "ts": "1552333621.039100"
            },
            {
                "user": "UDRF3ALP4",
                "ts": "1554083053.000300"
            }
        ]
    },
    {
        "client_msg_id": "84f0c90d-79a2-424a-82b4-28f76ed2b845",
        "type": "message",
        "text": "I periodically argue that computer language 'syntax' should be called 'punctuation'.",
        "user": "UCUSW7WVD",
        "ts": "1552333621.039100",
        "thread_ts": "1552332104.039000",
        "parent_user_id": "UAL7940NM"
    },
    {
        "client_msg_id": "66576b1d-6ecc-4f12-af84-4c90a1013739",
        "type": "message",
        "text": "Really cool paper, <@UAL7940NM>. Worth posting to <#C5T9GPWFL|general> considering the recent conversations here on structured editing. The authors are pointing out a new trade-off between conventional and structured editors that I hadn't seen before.",
        "user": "UCUSW7WVD",
        "ts": "1552334839.040500",
        "thread_ts": "1552334839.040500",
        "reply_count": 1,
        "reply_users_count": 1,
        "latest_reply": "1552334936.040600",
        "reply_users": [
            "UAL7940NM"
        ],
        "replies": [
            {
                "user": "UAL7940NM",
                "ts": "1552334936.040600"
            }
        ]
    },
    {
        "client_msg_id": "c70b9e48-493c-4d82-b413-f1c2c74a631d",
        "type": "message",
        "text": "Yep, I'll definitely do that. I'm still reading through other work of the author which is incredible as well.",
        "user": "UAL7940NM",
        "ts": "1552334936.040600",
        "thread_ts": "1552334839.040500",
        "parent_user_id": "UCUSW7WVD",
        "reactions": [
            {
                "name": "+1",
                "users": [
                    "UCUSW7WVD"
                ],
                "count": 1
            }
        ]
    },
    {
        "client_msg_id": "b123a1cd-c4fb-43ba-9f51-aee1f52f45a1",
        "type": "message",
        "text": "not sure why we have a 'random' channel",
        "user": "UE6EFEPTQ",
        "ts": "1552335958.041100"
    },
    {
        "client_msg_id": "56619c9c-1afb-486f-9515-8dd61b272270",
        "type": "message",
        "text": "we could rename it 'discussion of the future of coding\/programming'?",
        "user": "UE6EFEPTQ",
        "ts": "1552336056.041500"
    },
    {
        "client_msg_id": "96bbeeb6-ba41-403b-83f5-dcf150ace978",
        "type": "message",
        "text": "that would fit the content here better",
        "user": "UE6EFEPTQ",
        "ts": "1552336074.041800"
    },
    {
        "client_msg_id": "c78713a5-4681-4ef6-aa0d-bbb1645e015f",
        "type": "message",
        "text": "Just coincidentally read the following statement:\n&gt; 4chan’s random board, \/b\/, accounts for about half of the site’s total traffic",
        "user": "UE6EFEPTQ",
        "ts": "1552336628.044000",
        "edited": {
            "user": "UE6EFEPTQ",
            "ts": "1552336634.000000"
        }
    },
    {
        "client_msg_id": "e46d35c7-fb83-4044-802e-7a5a8faab204",
        "type": "message",
        "text": "It isn't easy to draw a line, but I think having both \"general\" and \"random\" does make sense. I post stuff to \"general\" when I think it's interesting for most people and also worth their time. For things that aren't as relevant \/ practical \/ ... I post to \"random\". In other words, I'd say that \"general\" is for stuff that other's shouldn't miss and \"random\" is for the rest. I wouldn't mind if \"random\" was high traffic because I just skim over it most of the time. I follow \"general\" more closely.",
        "user": "UAL7940NM",
        "ts": "1552337241.049300",
        "reactions": [
            {
                "name": "thinking_face",
                "users": [
                    "UA14TGLTC"
                ],
                "count": 1
            }
        ]
    },
    {
        "client_msg_id": "caa0bae8-e25d-42c7-837c-c9ff8c805550",
        "type": "message",
        "text": "In our work slack \"general\" is for general, but work-focused things, \"random\" is for sharing cute pets\/memes, etc",
        "user": "UD4Q9LT52",
        "ts": "1552340558.050200"
    }
]