[
    {
        "client_msg_id": "8800939f-942d-421c-b536-634c0337c6dd",
        "type": "message",
        "text": "I don't agree :smile:\n\nIMHO 2d node-edge diagrams are considerably more structurally constrained than text. It's counter intuitive because moving things around a canvas feels like freedom but \"visual connectivity\" and \"spatial layout\", are actually false additional constraints on the abstract thought-stuff that is programming. It is these constraints that cause hairball structures that are simple to understand in text.\n\nIn the general case, node-edge diagrams of \"the entire truth\" of any system rarely work. Instead, you need a narrow goal of what you want to communicate and then pick and choose the relationships to show. A diagram has to be some kind of lie to be effective.\n\n3d adds another dimension that can reduce some types of ambiguity like intersections but it's still adding false constraints i.e. line of sight and distance and the necessity that you now must move through the scene to comprehend it because our perception is still limited to a 2d projection with a touch of depth perception.\n\nIMHO where vpl goes wrong is thinking that a single visual metaphor can be the ground-truth and as versatile as text. Instead we should be thinking in terms of multiple task specific views. Think of how we design buildings, multiple views at different abstractions, different 2d projections, different content e.g. wiring diagrams, sewage diagrams, 3d renders, fly-throughs, physical models etc. Trying to do all the tasks through one visual metaphor would be brutal.",
        "user": "UFD2JRE58",
        "ts": "1548929974.132900",
        "edited": {
            "user": "UFD2JRE58",
            "ts": "1548930125.000000"
        },
        "thread_ts": "1548773912.119400",
        "parent_user_id": "UFD2JRE58",
        "reactions": [
            {
                "name": "+1",
                "users": [
                    "UBSMEUXAA",
                    "UA14TGLTC"
                ],
                "count": 2
            }
        ]
    },
    {
        "client_msg_id": "28A70E6D-CC6A-4387-BEE7-1E767D35D927",
        "type": "message",
        "text": "The analogy of multiple diagrams for buildings is cool <@UFD2JRE58> . Have you thought of some specific diagrams for code? Or what would mean wiring\/sewage\/etc for code?",
        "user": "U85HCL7JP",
        "ts": "1548944428.135500",
        "thread_ts": "1548773912.119400",
        "parent_user_id": "UFD2JRE58"
    },
    {
        "type": "message",
        "text": "",
        "files": [
            {
                "id": "FFULAUFHT",
                "created": 1548944979,
                "timestamp": 1548944979,
                "name": "image.png",
                "title": "Pasted image at 2019-01-31, 2:29 PM",
                "mimetype": "image\/png",
                "filetype": "png",
                "pretty_type": "PNG",
                "user": "UFD2JRE58",
                "editable": false,
                "size": 957754,
                "mode": "hosted",
                "is_external": false,
                "external_type": "",
                "is_public": true,
                "public_url_shared": false,
                "display_as_bot": false,
                "username": "",
                "url_private": "https:\/\/files.slack.com\/files-pri\/T5TCAFTA9-FFULAUFHT\/image.png?t=xoxe-197418537349-653683177169-653683177233-23343e578426a323e5fb905bbe2173fe",
                "url_private_download": "https:\/\/files.slack.com\/files-pri\/T5TCAFTA9-FFULAUFHT\/download\/image.png?t=xoxe-197418537349-653683177169-653683177233-23343e578426a323e5fb905bbe2173fe",
                "thumb_64": "https:\/\/files.slack.com\/files-tmb\/T5TCAFTA9-FFULAUFHT-7e0f9346e1\/image_64.png?t=xoxe-197418537349-653683177169-653683177233-23343e578426a323e5fb905bbe2173fe",
                "thumb_80": "https:\/\/files.slack.com\/files-tmb\/T5TCAFTA9-FFULAUFHT-7e0f9346e1\/image_80.png?t=xoxe-197418537349-653683177169-653683177233-23343e578426a323e5fb905bbe2173fe",
                "thumb_360": "https:\/\/files.slack.com\/files-tmb\/T5TCAFTA9-FFULAUFHT-7e0f9346e1\/image_360.png?t=xoxe-197418537349-653683177169-653683177233-23343e578426a323e5fb905bbe2173fe",
                "thumb_360_w": 293,
                "thumb_360_h": 360,
                "thumb_480": "https:\/\/files.slack.com\/files-tmb\/T5TCAFTA9-FFULAUFHT-7e0f9346e1\/image_480.png?t=xoxe-197418537349-653683177169-653683177233-23343e578426a323e5fb905bbe2173fe",
                "thumb_480_w": 390,
                "thumb_480_h": 480,
                "thumb_160": "https:\/\/files.slack.com\/files-tmb\/T5TCAFTA9-FFULAUFHT-7e0f9346e1\/image_160.png?t=xoxe-197418537349-653683177169-653683177233-23343e578426a323e5fb905bbe2173fe",
                "thumb_720": "https:\/\/files.slack.com\/files-tmb\/T5TCAFTA9-FFULAUFHT-7e0f9346e1\/image_720.png?t=xoxe-197418537349-653683177169-653683177233-23343e578426a323e5fb905bbe2173fe",
                "thumb_720_w": 585,
                "thumb_720_h": 720,
                "thumb_800": "https:\/\/files.slack.com\/files-tmb\/T5TCAFTA9-FFULAUFHT-7e0f9346e1\/image_800.png?t=xoxe-197418537349-653683177169-653683177233-23343e578426a323e5fb905bbe2173fe",
                "thumb_800_w": 800,
                "thumb_800_h": 984,
                "thumb_960": "https:\/\/files.slack.com\/files-tmb\/T5TCAFTA9-FFULAUFHT-7e0f9346e1\/image_960.png?t=xoxe-197418537349-653683177169-653683177233-23343e578426a323e5fb905bbe2173fe",
                "thumb_960_w": 780,
                "thumb_960_h": 960,
                "thumb_1024": "https:\/\/files.slack.com\/files-tmb\/T5TCAFTA9-FFULAUFHT-7e0f9346e1\/image_1024.png?t=xoxe-197418537349-653683177169-653683177233-23343e578426a323e5fb905bbe2173fe",
                "thumb_1024_w": 832,
                "thumb_1024_h": 1024,
                "image_exif_rotation": 1,
                "original_w": 1515,
                "original_h": 1864,
                "permalink": "https:\/\/futureofcoding.slack.com\/files\/UFD2JRE58\/FFULAUFHT\/image.png",
                "permalink_public": "https:\/\/slack-files.com\/T5TCAFTA9-FFULAUFHT-3ef47b19f6",
                "has_rich_preview": false
            }
        ],
        "upload": true,
        "user": "UFD2JRE58",
        "display_as_bot": false,
        "ts": "1548944986.135700",
        "thread_ts": "1548773912.119400",
        "parent_user_id": "UFD2JRE58"
    },
    {
        "client_msg_id": "85984200-76c7-4573-bfca-3e99cc80f5f0",
        "type": "message",
        "text": "The additional diagrams I get a lot of value from are call-graphs. This includes both from static analysis and run-time tracing (they can be very different in practice). I'd much prefer to work with text but when I want to understand how a function is used by different high level processes then they are vital.\n\nI have actually built a tool for this for C# that I'm kind of getting around to releasing. I would normally use doxygen to generate call-graphs but it hasn't kept pace with language features. What I also wanted was some interactivity to filter out parts of the graph and focus on what I wanted.\n\nThe call-graph for a parser I was working on...",
        "user": "UFD2JRE58",
        "ts": "1548944991.136100",
        "thread_ts": "1548773912.119400",
        "parent_user_id": "UFD2JRE58"
    },
    {
        "client_msg_id": "25f02f7f-4313-43bd-b730-a527726ac155",
        "type": "message",
        "text": "&gt; Think of how we design buildings, multiple views at different abstractions, different 2d projections, different content e.g. wiring diagrams, sewage diagrams, 3d renders, fly-throughs, physical models etc. Trying to do all the tasks through one visual metaphor would be brutal.\n\nYeah, this is pretty much the train I'm on. I take this sort of stuff as a given, because I work for a company that teaches industrial systems troubleshooting. I've been bathing in hydraulic schematics, process diagrams, ladder logic, and their ilk for over a decade now. It's not uncommon to come across a binder full of schematics that is &gt;6 inches deep, many thousands of diagrams, all for one machine. Those paper artifacts are legacy — these days, we have really, really good software tools for working with fiendishly complex suites of schematics. Looking at that world, and then looking at what we call \"visual\" programming, just makes me laugh with sadness.",
        "user": "UC2A2ARPT",
        "ts": "1548960515.136400",
        "thread_ts": "1548773912.119400",
        "parent_user_id": "UFD2JRE58"
    },
    {
        "client_msg_id": "aa1e4c50-be06-4004-9634-136a60e70760",
        "type": "message",
        "text": "In addition to the \"what the visual code looks like\" angle, which <@UFD2JRE58> :100:% nailed, there's the \"what it feels like to draw visual code\". I think video games and 3d modelling tools and DAWs (music production tools) set the bar for this stuff. Any visual language that doesn't let you feel like you're _flying_ is probably off the mark.",
        "user": "UC2A2ARPT",
        "ts": "1548960989.136600",
        "thread_ts": "1548773912.119400",
        "parent_user_id": "UFD2JRE58"
    },
    {
        "client_msg_id": "2f988057-a4bb-4930-8ced-25c3902672a9",
        "type": "message",
        "text": "Cool <@UFD2JRE58>! please share your tool when is ready or sharing the progress would be great to see the kind of diagrams that will be available",
        "user": "U85HCL7JP",
        "ts": "1548961158.136800",
        "thread_ts": "1548773912.119400",
        "parent_user_id": "UFD2JRE58",
        "reactions": [
            {
                "name": "+1",
                "users": [
                    "UFD2JRE58"
                ],
                "count": 1
            }
        ]
    }
]