[
    {
        "type": "message",
        "text": "I toyed around with the idea of programming purely via voice, without any display, a few years ago. The goal would be to be able to build new voice based apps with just voice\/chat. Gets quite impractical for even the simple cases, so perhaps a display is needed :slightly_smiling_face:.",
        "files": [
            {
                "id": "FJF3W76TT",
                "created": 1557730173,
                "timestamp": 1557730173,
                "name": "Screen Shot 2015-12-28 at 11.29.42.png",
                "title": "Screen Shot 2015-12-28 at 11.29.42.png",
                "mimetype": "image\/png",
                "filetype": "png",
                "pretty_type": "PNG",
                "user": "UEQ7QL15F",
                "editable": false,
                "size": 97159,
                "mode": "hosted",
                "is_external": false,
                "external_type": "",
                "is_public": true,
                "public_url_shared": false,
                "display_as_bot": false,
                "username": "",
                "url_private": "https:\/\/files.slack.com\/files-pri\/T5TCAFTA9-FJF3W76TT\/screen_shot_2015-12-28_at_11.29.42.png?t=xoxe-197418537349-653683177169-653683177233-23343e578426a323e5fb905bbe2173fe",
                "url_private_download": "https:\/\/files.slack.com\/files-pri\/T5TCAFTA9-FJF3W76TT\/download\/screen_shot_2015-12-28_at_11.29.42.png?t=xoxe-197418537349-653683177169-653683177233-23343e578426a323e5fb905bbe2173fe",
                "thumb_64": "https:\/\/files.slack.com\/files-tmb\/T5TCAFTA9-FJF3W76TT-3d120b56af\/screen_shot_2015-12-28_at_11.29.42_64.png?t=xoxe-197418537349-653683177169-653683177233-23343e578426a323e5fb905bbe2173fe",
                "thumb_80": "https:\/\/files.slack.com\/files-tmb\/T5TCAFTA9-FJF3W76TT-3d120b56af\/screen_shot_2015-12-28_at_11.29.42_80.png?t=xoxe-197418537349-653683177169-653683177233-23343e578426a323e5fb905bbe2173fe",
                "thumb_360": "https:\/\/files.slack.com\/files-tmb\/T5TCAFTA9-FJF3W76TT-3d120b56af\/screen_shot_2015-12-28_at_11.29.42_360.png?t=xoxe-197418537349-653683177169-653683177233-23343e578426a323e5fb905bbe2173fe",
                "thumb_360_w": 360,
                "thumb_360_h": 240,
                "thumb_480": "https:\/\/files.slack.com\/files-tmb\/T5TCAFTA9-FJF3W76TT-3d120b56af\/screen_shot_2015-12-28_at_11.29.42_480.png?t=xoxe-197418537349-653683177169-653683177233-23343e578426a323e5fb905bbe2173fe",
                "thumb_480_w": 480,
                "thumb_480_h": 320,
                "thumb_160": "https:\/\/files.slack.com\/files-tmb\/T5TCAFTA9-FJF3W76TT-3d120b56af\/screen_shot_2015-12-28_at_11.29.42_160.png?t=xoxe-197418537349-653683177169-653683177233-23343e578426a323e5fb905bbe2173fe",
                "image_exif_rotation": 1,
                "original_w": 656,
                "original_h": 438,
                "permalink": "https:\/\/futureofcoding.slack.com\/files\/UEQ7QL15F\/FJF3W76TT\/screen_shot_2015-12-28_at_11.29.42.png",
                "permalink_public": "https:\/\/slack-files.com\/T5TCAFTA9-FJF3W76TT-65a53af6a2",
                "has_rich_preview": false
            }
        ],
        "upload": true,
        "user": "UEQ7QL15F",
        "display_as_bot": false,
        "ts": "1557730174.071000",
        "edited": {
            "user": "UEQ7QL15F",
            "ts": "1557730291.000000"
        },
        "client_msg_id": "5899d2a8-515f-486e-80ef-0d375b2b1fb5",
        "thread_ts": "1557519158.068900",
        "parent_user_id": "UBSMEUXAA"
    },
    {
        "client_msg_id": "77fb6ee8-3214-4315-83f8-0c64f6d293d5",
        "type": "message",
        "text": "Maybe something similar to Google Glass + voice based programming would already be usable. Then you could program while walking in the forest, for example :slightly_smiling_face:.",
        "user": "UEQ7QL15F",
        "ts": "1557730361.071500",
        "thread_ts": "1557519158.068900",
        "parent_user_id": "UBSMEUXAA"
    }
]