[
    {
        "client_msg_id": "4efa1787-04d1-4ba0-b927-2c8285b4b517",
        "type": "message",
        "text": "I can't believe no one has ever made a atomic-scale 3D model of a bacterium or a mitochondrion. At least I can't seem to find one. I totally want to ogle its molecules and see how they all fit together!",
        "user": "UD6EXQVM0",
        "ts": "1553457261.095400",
        "thread_ts": "1553457261.095400",
        "reply_count": 9,
        "reply_users_count": 4,
        "latest_reply": "1553645035.099200",
        "reply_users": [
            "UCUSW7WVD",
            "UD6EXQVM0",
            "UA14TGLTC",
            "UEQ6M68H0"
        ],
        "replies": [
            {
                "user": "UCUSW7WVD",
                "ts": "1553459366.095500"
            },
            {
                "user": "UD6EXQVM0",
                "ts": "1553519002.095800"
            },
            {
                "user": "UCUSW7WVD",
                "ts": "1553533490.096400"
            },
            {
                "user": "UCUSW7WVD",
                "ts": "1553533870.096600"
            },
            {
                "user": "UA14TGLTC",
                "ts": "1553551050.097000"
            },
            {
                "user": "UD6EXQVM0",
                "ts": "1553557235.097400"
            },
            {
                "user": "UD6EXQVM0",
                "ts": "1553557411.097900"
            },
            {
                "user": "UEQ6M68H0",
                "ts": "1553573583.098700"
            },
            {
                "user": "UA14TGLTC",
                "ts": "1553645035.099200"
            }
        ]
    },
    {
        "client_msg_id": "4859760e-6911-497e-b147-842fe3d66a79",
        "type": "message",
        "text": "Shouldn't be surprising. A carbon atom is ~1 ångström in diameter. A mitochondrion (smaller of your examples) is 3 microns in diameter. That's 4 orders of magnitude in one dimension. Across three dimensions that's 12 orders of magnitude.\n\nAlso, the atoms don't exactly \"fit\" together. Cells are fundamentally liquid, and the system has more in common with fluid dynamics than Legos. It's also a dynamic system so you need to answer the question of how long the model should simulate. Which adds another dimension and orders of magnitude of complexity.\n\nThere's also the question of initial conditions. Since it's a dynamic system, a random initial configuration doesn't actually cover everything. Even the far simpler simulation of a 3-body solar system is complex enough that we're still finding new arrangements of stable orbits.\n\nAnd even after doing _all_ this, a model wouldn't actually be good for very much. It would seem mostly like noise to us. Finding the right abstractions for the visualization would be far more difficult a problem. The visualization itself wouldn't be much help in finding the right abstractions, going by history.\n\nLately I think of over-valuing visualizations as a cognitive bias. The visual cortex is evolved for a tiny, tightly circumscribed set of circumstances. We don't yet appreciate quite how far beyond its abilities we've gone.",
        "user": "UCUSW7WVD",
        "ts": "1553459366.095500",
        "edited": {
            "user": "UCUSW7WVD",
            "ts": "1553459566.000000"
        },
        "thread_ts": "1553457261.095400",
        "parent_user_id": "UD6EXQVM0"
    }
]