[
    {
        "client_msg_id": "60e72db0-1670-427b-9e80-4f12a800fcfe",
        "type": "message",
        "text": "Unfortunately, it appears that the Slack Android app does not present an option to create threads (\"reply to\"). I can add to threads that are already present, though",
        "user": "UAVCC2X70",
        "ts": "1552678759.074400",
        "thread_ts": "1552556590.069100",
        "parent_user_id": "UE6EFEPTQ"
    },
    {
        "client_msg_id": "c04eb467-b0b5-4ee5-b810-f4a7ef95e79b",
        "type": "message",
        "text": "That's why interfaces are often a better option than subclassing. ... Same with mixins or traits",
        "user": "UAVCC2X70",
        "ts": "1552678970.074700",
        "thread_ts": "1552556725.071200",
        "parent_user_id": "UE6EFEPTQ"
    },
    {
        "client_msg_id": "91A314CA-54D7-452F-9E28-E4AC54588076",
        "type": "message",
        "text": "<@UAVCC2X70> Can you tap a message (without a thread) and that brings you to a view where you can start a thread? That's how it works on iOS and it's not really intuitive either.",
        "user": "U5STGTB3J",
        "ts": "1552683977.076700",
        "thread_ts": "1552556590.069100",
        "parent_user_id": "UE6EFEPTQ"
    },
    {
        "client_msg_id": "e946026b-afe9-4146-b2d5-5268c5b1a9e0",
        "type": "message",
        "text": "<@U5STGTB3J> A menu comes up if I long-press a message, but it has no option to reply or start a thread",
        "user": "UAVCC2X70",
        "ts": "1552690349.076900",
        "thread_ts": "1552556590.069100",
        "parent_user_id": "UE6EFEPTQ"
    },
    {
        "client_msg_id": "b3362f91-7208-43bf-9df7-ce10e0e96ee2",
        "type": "message",
        "text": "Testing new thread from Android",
        "user": "UE6EFEPTQ",
        "ts": "1552693789.077100",
        "thread_ts": "1552556614.069500",
        "parent_user_id": "UE6EFEPTQ"
    },
    {
        "client_msg_id": "8c498b61-1c6e-4388-8865-0637fa94a919",
        "type": "message",
        "text": "select the message, hit \"Start a thread\" at the bottom",
        "user": "UE6EFEPTQ",
        "ts": "1552693797.077300",
        "thread_ts": "1552556590.069100",
        "parent_user_id": "UE6EFEPTQ"
    },
    {
        "client_msg_id": "99b52c22-fb60-4c4f-ac7c-709b68ba3551",
        "type": "message",
        "text": "<https:\/\/futureofcoding.slack.com\/archives\/C5U3SEW6A\/p1552678759074400?thread_ts=1552556590.069100&amp;cid=C5U3SEW6A>",
        "user": "UE6EFEPTQ",
        "ts": "1552693862.077500",
        "attachments": [
            {
                "from_url": "https:\/\/futureofcoding.slack.com\/archives\/C5U3SEW6A\/p1552678759074400?thread_ts=1552556590.069100&amp;cid=C5U3SEW6A",
                "fallback": "[March 15th, 2019 12:39 PM] dcook0819: Unfortunately, it appears that the Slack Android app does not present an option to create threads (\"reply to\"). I can add to threads that are already present, though",
                "ts": "1552678759.074400",
                "author_id": "UAVCC2X70",
                "author_subname": "Dan Cook",
                "channel_id": "C5U3SEW6A",
                "channel_name": "random",
                "is_msg_unfurl": true,
                "is_reply_unfurl": true,
                "text": "Unfortunately, it appears that the Slack Android app does not present an option to create threads (\"reply to\"). I can add to threads that are already present, though",
                "author_name": "Dan Cook",
                "author_link": "https:\/\/futureofcoding.slack.com\/team\/UAVCC2X70",
                "author_icon": "https:\/\/avatars.slack-edge.com\/2018-05-22\/369438371830_ec35ac5b251f37e26aca_48.jpg",
                "mrkdwn_in": [
                    "text"
                ],
                "id": 1,
                "original_url": "https:\/\/futureofcoding.slack.com\/archives\/C5U3SEW6A\/p1552678759074400?thread_ts=1552556590.069100&amp;cid=C5U3SEW6A",
                "footer": "From a thread in #random"
            }
        ],
        "thread_ts": "1552556614.069500",
        "parent_user_id": "UE6EFEPTQ"
    },
    {
        "client_msg_id": "e57bd313-ea61-480c-909a-d500a89d2f58",
        "type": "message",
        "text": "I see no such option. Can you give me a screenshot?",
        "user": "UAVCC2X70",
        "ts": "1552694197.077800",
        "thread_ts": "1552556590.069100",
        "parent_user_id": "UE6EFEPTQ"
    },
    {
        "client_msg_id": "65b00d9c-d8b5-4ded-aadf-34303cf42be5",
        "type": "message",
        "text": "<http:\/\/www.stilldrinking.com\/programming-sucks>",
        "user": "UBSMEUXAA",
        "ts": "1552694633.078100",
        "attachments": [
            {
                "title": "Programming Sucks",
                "title_link": "http:\/\/www.stilldrinking.com\/programming-sucks",
                "fallback": "Programming Sucks",
                "image_url": "https:\/\/www.stilldrinking.org\/blog_images\/programming-sucks.jpg",
                "from_url": "http:\/\/www.stilldrinking.com\/programming-sucks",
                "image_width": 381,
                "image_height": 250,
                "image_bytes": 214875,
                "service_icon": "http:\/\/www.stilldrinking.com\/favicon.ico",
                "service_name": "stilldrinking.com",
                "id": 1,
                "original_url": "http:\/\/www.stilldrinking.com\/programming-sucks"
            }
        ],
        "reactions": [
            {
                "name": "+1",
                "users": [
                    "U79HM6726",
                    "UBAP530VB",
                    "UERML9JUE",
                    "UEGFXUK3M",
                    "UCXR52MU2"
                ],
                "count": 5
            }
        ]
    },
    {
        "client_msg_id": "7f02538c-5e12-42b7-8202-18ec0c4f0b70",
        "type": "message",
        "text": "It's not a long tap on a message, it's just a regular tap. And it has to be on a message in a main channel, not a message in a thread.",
        "user": "UC2A2ARPT",
        "ts": "1552694846.078300",
        "thread_ts": "1552556590.069100",
        "parent_user_id": "UE6EFEPTQ"
    },
    {
        "client_msg_id": "dc2e277f-4850-4ceb-94b8-f1fdc0764451",
        "type": "message",
        "text": "Ok, now I see it! I don't know why that was so elusive. Maybe I was trying it on messages that are niether of those. Thanks!",
        "user": "UAVCC2X70",
        "ts": "1552695106.078500",
        "edited": {
            "user": "UAVCC2X70",
            "ts": "1552695145.000000"
        },
        "thread_ts": "1552556590.069100",
        "parent_user_id": "UE6EFEPTQ"
    }
]