[
    {
        "client_msg_id": "27A05867-FD29-4B37-A1F7-A8DE49AF24D5",
        "type": "message",
        "text": "The differences between <#C5T9GPWFL|general> and <#C5U3SEW6A|random> are very subtle and frankly I don’t really understand what qualifies for which one. Also, if I recall correctly, that's just the channels each new Slack starts with by default, so it's not that we have them for a really good reason. Many other communities have an #off-topic channel instead, which I think makes it a little easier to distinguish between what goes where.",
        "user": "U5STGTB3J",
        "ts": "1552516013.054700",
        "reactions": [
            {
                "name": "+1",
                "users": [
                    "UBSMEUXAA",
                    "UERML9JUE",
                    "UA14TGLTC",
                    "UE6EFEPTQ"
                ],
                "count": 4
            }
        ]
    },
    {
        "client_msg_id": "5d083f97-ae3a-4f9a-a710-f1da47f8b1b0",
        "type": "message",
        "text": "random has a lot of good conversations directly or tangentially related to Future of Coding.  I agree that #off-topic is a better choice than random, but most of the posts in <#C5U3SEW6A|random> are on topic that don't fit into specific channels, what's a better name for that than random?",
        "user": "UBSMEUXAA",
        "ts": "1552516872.058000"
    },
    {
        "client_msg_id": "e86b50f5-4121-4914-8848-04c7d74273db",
        "type": "message",
        "text": "maybe archive <#C5U3SEW6A|random> and use <#C5T9GPWFL|general>?",
        "user": "UBSMEUXAA",
        "ts": "1552516941.059100"
    },
    {
        "client_msg_id": "8c14fcde-ba7d-4ee9-85e8-3d3115d33589",
        "type": "message",
        "text": "I'm fine with the lack of specificity around <#C5U3SEW6A|random>. It's a good pressure relief for concerns about whether something is duly on-topic for <#C5T9GPWFL|general>, or might be too much of a distraction despite still being more broadly interesting.",
        "user": "UC2A2ARPT",
        "ts": "1552524225.060900",
        "reactions": [
            {
                "name": "+1",
                "users": [
                    "UEQ7QL15F",
                    "UFD2JRE58",
                    "UBSMEUXAA"
                ],
                "count": 3
            }
        ]
    },
    {
        "client_msg_id": "ad81f2c8-27e3-48db-ae31-d39de082b0c1",
        "type": "message",
        "text": "We could call it #off-topic, but the convention on Slack is to call it <#C5U3SEW6A|random>, and I don't see the harm in just carrying on as-is.",
        "user": "UC2A2ARPT",
        "ts": "1552524261.061500"
    },
    {
        "client_msg_id": "a2bb588e-4ec4-48af-b5a2-05bd67228e09",
        "type": "message",
        "text": "For every argument of \"It's unclear to people who don't know Slack norms\", you could make various inverse arguments.",
        "user": "UC2A2ARPT",
        "ts": "1552524303.062200"
    },
    {
        "client_msg_id": "9018d1be-89e2-4440-923f-476e9b17b897",
        "type": "message",
        "text": "Personally, I just keep up with all threads, so it doesn't matter to me. But if it did, I'd say that I don't recognize a meaningful distinction between what's been shared on either channel. It might be helpful if, from now on, we use \"random\" for off topic posts. I think that (in time) that distinction would be apparent regardless of what the channel is named.",
        "user": "UAVCC2X70",
        "ts": "1552526221.066300"
    }
]