[
    {
        "client_msg_id": "a4adca9e-4350-4826-998e-eead3b9966f1",
        "type": "message",
        "text": "<@UBSMEUXAA> doesn’t take away from the beauty of the original post \/ idea I don’t think!",
        "user": "UEGFXUK3M",
        "ts": "1551441493.000900",
        "thread_ts": "1551296727.012800",
        "parent_user_id": "UBSMEUXAA",
        "reactions": [
            {
                "name": "100",
                "users": [
                    "UAVCC2X70"
                ],
                "count": 1
            }
        ]
    }
]