[
    {
        "client_msg_id": "2caca3eb-5606-461f-882f-f7e648336233",
        "type": "message",
        "text": "My guesstimate is that Jai is similar to D and could had been successful if Rust didn’t pick up, but that the trend in that space will go towards Rust.",
        "user": "U79HM6726",
        "ts": "1558448802.078900",
        "thread_ts": "1558420574.077800",
        "parent_user_id": "UEQ6M68H0",
        "reactions": [
            {
                "name": "heavy_plus_sign",
                "users": [
                    "UCKRZS3DZ",
                    "UBSMEUXAA"
                ],
                "count": 2
            },
            {
                "name": "thinking_face",
                "users": [
                    "UC2A2ARPT"
                ],
                "count": 1
            }
        ]
    },
    {
        "client_msg_id": "9d124ea1-21bc-4735-afc4-c339db9230a2",
        "type": "message",
        "text": "Yes, Jai looks great but its still mostly a \"better C++\" in a long line of languages that are better versions of C or C++ (Nim, V, D, Rust).  It will cover a niche that most of those languages don't though, in that I think it will have language level support for low level patterns that game developers already use but can be painful to implement in a disciplined way in C++ or C#.  Something that isn't a goal of Rust.  I actually think Jai encodes John's knowledge of how \"game programming should be\" from the last 30 years of game development on the scale he's done it at though, and doesn't really solve problems for modern games developers, let alone Future.  So it's not really the \"Future of Coding\" for games, but more like the past.",
        "user": "UBSMEUXAA",
        "ts": "1558463021.079400",
        "thread_ts": "1558420574.077800",
        "parent_user_id": "UEQ6M68H0",
        "reactions": [
            {
                "name": "+1",
                "users": [
                    "U79HM6726"
                ],
                "count": 1
            }
        ]
    },
    {
        "client_msg_id": "3c69e372-48eb-4617-a650-3fb70fb0e0cc",
        "type": "message",
        "text": "I don't think game developers will widely adopt Rust.  It's possible that it could happen over time if someone built a Unity or Unreal quality game engine where Rust was the primary game programming language (not just for engine code).  I'm not exactly sure where Rust will gain wide adoption though.  Maybe areas where C++ is traditionally used for performance but safety is important?",
        "user": "UBSMEUXAA",
        "ts": "1558463426.079600",
        "thread_ts": "1558420574.077800",
        "parent_user_id": "UEQ6M68H0"
    },
    {
        "client_msg_id": "330cf300-4a51-403a-b4d4-28180dcec313",
        "type": "message",
        "text": "The reason I say that Jai doesn't solve modern game development problems is that there isn't even a mention of SIMD, autovectorization, SPMD, etc.  The only mention of concurrency or parallelism is eventually it will have a \"better concurrency model\"",
        "user": "UBSMEUXAA",
        "ts": "1558463753.079800",
        "thread_ts": "1558420574.077800",
        "parent_user_id": "UEQ6M68H0",
        "reactions": [
            {
                "name": "bulb",
                "users": [
                    "UCUSW7WVD"
                ],
                "count": 1
            }
        ]
    },
    {
        "client_msg_id": "740bd280-abb4-460c-ac72-1a08587685ea",
        "type": "message",
        "text": "so it seems like now he's just exposing OS threads and calling it a day",
        "user": "UBSMEUXAA",
        "ts": "1558463764.080000",
        "thread_ts": "1558420574.077800",
        "parent_user_id": "UEQ6M68H0"
    },
    {
        "client_msg_id": "f2638f3e-3391-46d0-a2d9-00b7a97f06b4",
        "type": "message",
        "text": "he cares about single threaded performance, he cares a lot about memory (no GC pauses, reduce fragmentation, etc.), but he doesn't care about utilizing all available compute, and he doesn't care about networking, which is somewhat in line with the single player puzzle games that Jon makes, but it's been 15 years since game engines didn't at least have a rendering thread",
        "user": "UBSMEUXAA",
        "ts": "1558465466.080200",
        "thread_ts": "1558420574.077800",
        "parent_user_id": "UEQ6M68H0"
    },
    {
        "client_msg_id": "56838985-02cd-4b3d-b904-49a3347b5d64",
        "type": "message",
        "text": "Unity is doing some good stuff with Burst Compiler and DOTS, but that could be taken further.  I really want to make a hybrid visual\\textual programming language inspired by vfx editors (Niagara, Unity VFX graph, Bungie TFX) and machine learning frameworks where you can choose to run code on heterogeneous processors (GPU for various pipeline stages and CPU)",
        "user": "UBSMEUXAA",
        "ts": "1558471416.080800",
        "thread_ts": "1558420574.077800",
        "parent_user_id": "UEQ6M68H0",
        "reactions": [
            {
                "name": "+1",
                "users": [
                    "UCUSW7WVD"
                ],
                "count": 1
            }
        ]
    }
]