[
    {
        "client_msg_id": "eac76f66-462e-460e-be4d-2c0c7ee7867e",
        "type": "message",
        "text": "<@UEQ6M68H0>, if Idris and friends don’t meet your criteria for executable spec, what does?",
        "user": "UJK8MKYAZ",
        "ts": "1558290424.022800",
        "reactions": [
            {
                "name": "100",
                "users": [
                    "UCUSW7WVD"
                ],
                "count": 1
            }
        ]
    },
    {
        "client_msg_id": "C4AED2D7-CB49-4EDC-BC7A-7CEFA22FE8A0",
        "type": "message",
        "text": "just found out about natural programming via the Jonathan Edwards episode of the podcast and I have to say the projects look very interesting but this research group also appears to be a lab for some of the most advanced bacronyms I've ever seen: <https:\/\/www.cs.cmu.edu\/~NatProg\/> ",
        "user": "UHWC9PXBL",
        "ts": "1558298082.025800"
    },
    {
        "client_msg_id": "21ED48EB-62AB-4627-BFAE-9335FFCE1513",
        "type": "message",
        "text": "eg Alabaster:\nAutocomplete Letting Apache Beam Applications Succeed Through Exploration Rapidly",
        "user": "UHWC9PXBL",
        "ts": "1558298090.026100",
        "reactions": [
            {
                "name": "rolling_on_the_floor_laughing",
                "users": [
                    "UCUSW7WVD"
                ],
                "count": 1
            }
        ]
    },
    {
        "client_msg_id": "2CB93D34-9DC2-440D-8010-DA5BC9C41291",
        "type": "message",
        "text": "In practice most places where I encounter a specification is when some aspect of a system has to be determined without constraining the entire implementation. For instance, two teams need to make two components that interact, the specification only defines the interaction, not the rest of the implementation. Or a product has certain requirements that must be communicated, a specification identifies those while allowing the implementors to use their discretion to define other aspects. \n\nIn these cases it's deliberate and preferred that a specification can't be executed. \n\nWhen does someone want a specification that is equivalent to a program?",
        "user": "UJM9NG84Q",
        "ts": "1558307996.031700",
        "reactions": [
            {
                "name": "thinking_face",
                "users": [
                    "UCUSW7WVD",
                    "UA14TGLTC"
                ],
                "count": 2
            }
        ]
    }
]