[
    {
        "client_msg_id": "a0d2d575-0fa7-4bd9-9759-f429478581f6",
        "type": "message",
        "text": "<https:\/\/www.reddit.com\/r\/ProgrammingLanguages\/comments\/bl2yhn\/what_is_your_ideal_programming_language\/>",
        "user": "UCGR73CAY",
        "ts": "1557201381.019200",
        "attachments": [
            {
                "service_name": "reddit",
                "title": "r\/ProgrammingLanguages - What is your ideal programming language?",
                "title_link": "https:\/\/www.reddit.com\/r\/ProgrammingLanguages\/comments\/bl2yhn\/what_is_your_ideal_programming_language\/",
                "text": "44 votes and 100 comments so far on Reddit",
                "fallback": "reddit: r\/ProgrammingLanguages - What is your ideal programming language?",
                "from_url": "https:\/\/www.reddit.com\/r\/ProgrammingLanguages\/comments\/bl2yhn\/what_is_your_ideal_programming_language\/",
                "service_icon": "https:\/\/www.redditstatic.com\/desktop2x\/img\/favicon\/apple-icon-57x57.png",
                "id": 1,
                "original_url": "https:\/\/www.reddit.com\/r\/ProgrammingLanguages\/comments\/bl2yhn\/what_is_your_ideal_programming_language\/"
            }
        ]
    },
    {
        "client_msg_id": "3c077d8d-e1a4-464a-a453-e37a007e1e5d",
        "type": "message",
        "text": "This thread made me sad.",
        "user": "UCGR73CAY",
        "ts": "1557201390.019600"
    },
    {
        "client_msg_id": "4c34725b-6c06-4b26-ad4c-a24f11b88c92",
        "type": "message",
        "text": "When given the opportunity to vocalize an \"ideal\" language, people came up with things like \"c but where long isn't the same as int\" or \"julia, but with curly braces\"",
        "user": "UCGR73CAY",
        "ts": "1557201449.020500",
        "thread_ts": "1557201449.020500",
        "reply_count": 2,
        "reply_users_count": 2,
        "latest_reply": "1557280864.030500",
        "reply_users": [
            "UAVCC2X70",
            "UA14TGLTC"
        ],
        "replies": [
            {
                "user": "UAVCC2X70",
                "ts": "1557247738.021300"
            },
            {
                "user": "UA14TGLTC",
                "ts": "1557280864.030500"
            }
        ],
        "reactions": [
            {
                "name": "cry",
                "users": [
                    "U85HCL7JP",
                    "U8A5MS6R1",
                    "UA14TGLTC"
                ],
                "count": 3
            }
        ]
    },
    {
        "client_msg_id": "86d4f2c5-a681-43eb-ada1-4267906ada1c",
        "type": "message",
        "text": "not much imagination here",
        "user": "UCGR73CAY",
        "ts": "1557201458.020800"
    }
]