[
    {
        "client_msg_id": "164EC9F7-3C49-4BCB-BA47-79FEF0436BD7",
        "type": "message",
        "text": "Really easy and fascinating study on internet voting in Estonia. As is often the case with our wacky community, I imagine the platform\/medium that this paper is hosted on will be of equal or more interest to many of you then the content\/message itself. It’s a way to collaboratively annotate papers. This paper has like a dozen or so comments all from the same guy, and I found them quite helpful <https:\/\/fermatslibrary.com\/s\/security-analysis-of-the-estonian-internet-voting-system>",
        "user": "U5TCAFTD3",
        "ts": "1559230429.004500",
        "attachments": [
            {
                "service_name": "Fermat's Library",
                "title": "Fermat's Library | Security Analysis of the Estonian Internet Voting System annotated\/explained version.",
                "title_link": "https:\/\/fermatslibrary.com\/s\/security-analysis-of-the-estonian-internet-voting-system",
                "text": "Fermat's Library is a platform for illuminating academic papers.",
                "fallback": "Fermat's Library: Fermat's Library | Security Analysis of the Estonian Internet Voting System annotated\/explained version.",
                "thumb_url": "https:\/\/fermatslibrary.com\/fl-card.png",
                "from_url": "https:\/\/fermatslibrary.com\/s\/security-analysis-of-the-estonian-internet-voting-system",
                "thumb_width": 430,
                "thumb_height": 430,
                "service_icon": "https:\/\/fermatslibrary.com\/favicon.ico",
                "id": 1,
                "original_url": "https:\/\/fermatslibrary.com\/s\/security-analysis-of-the-estonian-internet-voting-system"
            }
        ],
        "thread_ts": "1559230429.004500",
        "reply_count": 1,
        "reply_users_count": 1,
        "latest_reply": "1559230459.005400",
        "reply_users": [
            "U5TCAFTD3"
        ],
        "replies": [
            {
                "user": "U5TCAFTD3",
                "ts": "1559230459.005400"
            }
        ],
        "reactions": [
            {
                "name": "+1",
                "users": [
                    "UJFN50C00"
                ],
                "count": 1
            }
        ]
    },
    {
        "client_msg_id": "19FE6C91-32F4-4D03-A7BE-18927BF54707",
        "type": "message",
        "text": "Thanks <@UCUSW7WVD> for the typo catch! (Was easier to delete and re add)",
        "user": "U5TCAFTD3",
        "ts": "1559230459.005400",
        "thread_ts": "1559230429.004500",
        "parent_user_id": "U5TCAFTD3",
        "reactions": [
            {
                "name": "+1",
                "users": [
                    "UCUSW7WVD"
                ],
                "count": 1
            }
        ]
    },
    {
        "type": "message",
        "subtype": "thread_broadcast",
        "text": "Was reading tweets about MercuryOS, stumbled upon this: <http:\/\/artifacts.fyi\/>\n\nLooks even more advanced.",
        "user": "UCKRZS3DZ",
        "ts": "1559238369.006900",
        "thread_ts": "1559190299.000300",
        "root": {
            "client_msg_id": "fa12e9e6-de31-4f7d-b20e-07c8350c1901",
            "type": "message",
            "text": "<https:\/\/uxdesign.cc\/introducing-mercury-os-f4de45a04289>",
            "user": "U8A5MS6R1",
            "ts": "1559190299.000300",
            "attachments": [
                {
                    "service_name": "UX Collective",
                    "title": "Introducing Mercury OS",
                    "title_link": "https:\/\/uxdesign.cc\/introducing-mercury-os-f4de45a04289",
                    "text": "A speculative vision of the operating system, driven by humane design principles.",
                    "fallback": "UX Collective: Introducing Mercury OS",
                    "image_url": "https:\/\/cdn-images-1.medium.com\/max\/1200\/1*sxksghXlAI6HLtn1ZqREIg.png",
                    "fields": [
                        {
                            "title": "Reading time",
                            "value": "12 min read",
                            "short": true
                        }
                    ],
                    "ts": 1559065238,
                    "from_url": "https:\/\/uxdesign.cc\/introducing-mercury-os-f4de45a04289",
                    "image_width": 375,
                    "image_height": 250,
                    "image_bytes": 564012,
                    "service_icon": "https:\/\/cdn-images-1.medium.com\/fit\/c\/304\/304\/1*qv9Sg626VtUlO7xSL89lNg.png",
                    "id": 1,
                    "original_url": "https:\/\/uxdesign.cc\/introducing-mercury-os-f4de45a04289"
                }
            ],
            "thread_ts": "1559190299.000300",
            "reply_count": 7,
            "reply_users_count": 5,
            "latest_reply": "1559497832.009300",
            "reply_users": [
                "UCKRZS3DZ",
                "UA14TGLTC",
                "UC6997THT",
                "U8A5MS6R1",
                "UE0ETTCG7"
            ],
            "replies": [
                {
                    "user": "UCKRZS3DZ",
                    "ts": "1559238369.006900"
                },
                {
                    "user": "UCKRZS3DZ",
                    "ts": "1559238467.007300"
                },
                {
                    "user": "UA14TGLTC",
                    "ts": "1559286468.007600"
                },
                {
                    "user": "UC6997THT",
                    "ts": "1559296867.007800"
                },
                {
                    "user": "UA14TGLTC",
                    "ts": "1559297335.008000"
                },
                {
                    "user": "U8A5MS6R1",
                    "ts": "1559342354.008400"
                },
                {
                    "user": "UE0ETTCG7",
                    "ts": "1559497832.009300"
                }
            ]
        },
        "attachments": [
            {
                "title": "Artifacts",
                "title_link": "http:\/\/artifacts.fyi\/",
                "text": "A Human-Centered Framework for Growing Ideas",
                "fallback": "Artifacts",
                "image_url": "https:\/\/nikolasklein.github.io\/Artifacts-Website\/assets\/preview-1.jpg",
                "from_url": "http:\/\/artifacts.fyi\/",
                "image_width": 478,
                "image_height": 250,
                "image_bytes": 190461,
                "service_icon": "http:\/\/artifacts.fyi\/assets\/favicon.png",
                "service_name": "artifacts.fyi",
                "id": 1,
                "original_url": "http:\/\/artifacts.fyi\/"
            }
        ],
        "client_msg_id": "16a3b1dc-faa2-4e77-86c2-7ee748170e6c",
        "reactions": [
            {
                "name": "+1",
                "users": [
                    "UEGFXUK3M",
                    "UE0ETTCG7"
                ],
                "count": 2
            }
        ]
    },
    {
        "client_msg_id": "1273a777-74aa-44e3-a4c9-ae4e4d19cf5a",
        "type": "message",
        "text": "Would be wonderful to organize code in similar fashion.",
        "user": "UCKRZS3DZ",
        "ts": "1559238467.007300",
        "thread_ts": "1559190299.000300",
        "parent_user_id": "U8A5MS6R1"
    }
]