[
    {
        "client_msg_id": "1edab6c5-dfcc-4f08-b16c-c59528bfdd61",
        "type": "message",
        "text": "does anyone know of any good programming environments\/aids for people who can't use their hands?",
        "user": "UDJ8A6RNH",
        "ts": "1557512958.067600",
        "reactions": [
            {
                "name": "footprints",
                "users": [
                    "UD6EXQVM0"
                ],
                "count": 1
            }
        ]
    },
    {
        "client_msg_id": "92bbef4d-71eb-406f-ba18-6091f076510c",
        "type": "message",
        "text": "This article is an interesting overview <https:\/\/www.nature.com\/articles\/d41586-018-05588-x>",
        "user": "UBSMEUXAA",
        "ts": "1557519158.068900",
        "attachments": [
            {
                "title": "Speaking in code: how to program by voice",
                "title_link": "https:\/\/www.nature.com\/articles\/d41586-018-05588-x",
                "text": "Some computer scientists turn to voice-command tools to avoid the pain of typing.",
                "fallback": "Speaking in code: how to program by voice",
                "image_url": "https:\/\/media.nature.com\/lw1024\/magazine-assets\/d41586-018-05588-x\/d41586-018-05588-x_15900504.jpg",
                "from_url": "https:\/\/www.nature.com\/articles\/d41586-018-05588-x",
                "image_width": 444,
                "image_height": 250,
                "image_bytes": 28463,
                "service_icon": "https:\/\/www.nature.com\/static\/images\/favicons\/nature\/favicon-180x180.5789768d66.png",
                "service_name": "nature.com",
                "id": 1,
                "original_url": "https:\/\/www.nature.com\/articles\/d41586-018-05588-x"
            }
        ],
        "thread_ts": "1557519158.068900",
        "reply_count": 2,
        "reply_users_count": 1,
        "latest_reply": "1557730361.071500",
        "reply_users": [
            "UEQ7QL15F"
        ],
        "replies": [
            {
                "user": "UEQ7QL15F",
                "ts": "1557730174.071000"
            },
            {
                "user": "UEQ7QL15F",
                "ts": "1557730361.071500"
            }
        ],
        "reactions": [
            {
                "name": "+1",
                "users": [
                    "UDJ8A6RNH"
                ],
                "count": 1
            }
        ]
    },
    {
        "client_msg_id": "85fcdd74-15db-482a-b59c-b8ca2402107f",
        "type": "message",
        "text": "its focused on voice based programming",
        "user": "UBSMEUXAA",
        "ts": "1557519171.069300"
    },
    {
        "client_msg_id": "ccfd6e09-7d28-4cae-ab5d-1e758e2239bf",
        "type": "message",
        "text": "I remember this talk being good: <https:\/\/www.infoq.com\/presentations\/Programming-Voice\/>",
        "user": "UC2A2ARPT",
        "ts": "1557521703.070000",
        "attachments": [
            {
                "service_name": "InfoQ",
                "title": "Programming by Voice: Becoming a Computer Whisperer",
                "title_link": "https:\/\/www.infoq.com\/presentations\/Programming-Voice\/",
                "text": "Tavis Rudd demoes writing a small system using several languages and deploying it by issuing voice commands without touching the keyboard.",
                "fallback": "InfoQ: Programming by Voice: Becoming a Computer Whisperer",
                "thumb_url": "https:\/\/res.infoq.com\/presentations\/Programming-Voice\/en\/mediumimage\/Tavisbig.jpg",
                "from_url": "https:\/\/www.infoq.com\/presentations\/Programming-Voice\/",
                "thumb_width": 270,
                "thumb_height": 200,
                "service_icon": "https:\/\/cdn.infoq.com\/statics_s1_20190507-0310\/apple-touch-icon.png",
                "id": 1,
                "original_url": "https:\/\/www.infoq.com\/presentations\/Programming-Voice\/"
            }
        ],
        "reactions": [
            {
                "name": "+1",
                "users": [
                    "UD31LGQKB",
                    "UDJ8A6RNH",
                    "UBSMEUXAA",
                    "UEQ7QL15F"
                ],
                "count": 4
            }
        ]
    }
]