[
    {
        "type": "message",
        "text": "I personally prefer analogue methods for productivity stuff:\n- I have a 7x7 grid per habit (assuming I want to do the habit every day, Nx7 otherwise)\n- I cross (X) off the day's cell when I've done the required thing.\n- For habits with 2 components, I'll use \/ and \\ on each cell (e.g. waking up by ___: \/, going to bed by ___: \\).\n- I keep the bar for success low (e.g. read one page of a physical book) so that there's no barrier to starting - I find that once I've started I normally keep going. \n\n(I think I first came across this technique on <https:\/\/www.reddit.com\/r\/theXeffect\/>)",
        "user": "UEDDR6L5Q",
        "ts": "1548503779.108500",
        "edited": {
            "user": "UEDDR6L5Q",
            "ts": "1548503815.000000"
        },
        "attachments": [
            {
                "service_name": "reddit",
                "title": "r\/theXeffect",
                "title_link": "https:\/\/www.reddit.com\/r\/theXeffect\/",
                "text": "r\/theXeffect: People here are on a 50-day journey to create\/break one or more habits by simply making a 7x7 grid on a card and crossing off each day with a fat-ass felt marker, because your willpower is like a muscle, and it gets stronger and stronger as you exercise it.",
                "fallback": "reddit: r\/theXeffect",
                "from_url": "https:\/\/www.reddit.com\/r\/theXeffect\/",
                "service_icon": "https:\/\/www.redditstatic.com\/desktop2x\/img\/favicon\/apple-icon-57x57.png",
                "id": 1,
                "original_url": "https:\/\/www.reddit.com\/r\/theXeffect\/"
            }
        ],
        "thread_ts": "1548428674.083800",
        "parent_user_id": "UCSJ44X1S",
        "reactions": [
            {
                "name": "clap",
                "users": [
                    "UDYGH7K8V",
                    "UCSJ44X1S",
                    "UCXR52MU2"
                ],
                "count": 3
            },
            {
                "name": "bulb",
                "users": [
                    "UCXR52MU2"
                ],
                "count": 1
            }
        ]
    },
    {
        "client_msg_id": "c1e3a3b3-bdb6-4505-a6bc-63871fa85e22",
        "type": "message",
        "text": "<@UCKRZS3DZ> thanks for sharing. Will check out the book. I’m now wondering if I should set up some kind of Slack group or WhatsApp group for this, so potentially we could have a bunch of motivation buddies from many time zones.",
        "user": "UCSJ44X1S",
        "ts": "1548552298.109400",
        "thread_ts": "1548428674.083800",
        "parent_user_id": "UCSJ44X1S"
    },
    {
        "client_msg_id": "45937cbd-3b10-480d-9d99-43550cf410a8",
        "type": "message",
        "text": "<@UEDDR6L5Q> Thanks for sharing. I think I’ll give a physical grid a go. Simple and minimal version: a sheet of A4 paper stuck to the wall. :slightly_smiling_face:",
        "user": "UCSJ44X1S",
        "ts": "1548552361.109600",
        "thread_ts": "1548428674.083800",
        "parent_user_id": "UCSJ44X1S",
        "reactions": [
            {
                "name": "+1",
                "users": [
                    "UEDDR6L5Q"
                ],
                "count": 1
            }
        ]
    },
    {
        "client_msg_id": "164c896e-2836-4cbd-a43a-5be4c597b1a2",
        "type": "message",
        "text": "Part of my problem may be that I’m still searching for some problem or niche to really focus on. I know there have been times in my life when I was so curious and obsessed about something that I could work on it for hours and barely notice the time. I’d like to find something like that again.",
        "user": "UCSJ44X1S",
        "ts": "1548552437.109800",
        "edited": {
            "user": "UCSJ44X1S",
            "ts": "1548552459.000000"
        },
        "thread_ts": "1548428674.083800",
        "parent_user_id": "UCSJ44X1S"
    },
    {
        "client_msg_id": "a297921c-b232-488f-9af6-368ba28cb687",
        "type": "message",
        "text": "Another book I really like is Charles Duhigg’s book on habits, identifying the habit loop, how to find your cue\/routine\/reward is important; and then learning how to form or change a habit. I find journaling helpful, and have been slowly deleting social media off my phone to dumb my phone down for deep work.",
        "user": "UCXR52MU2",
        "ts": "1548554626.110600",
        "thread_ts": "1548428674.083800",
        "parent_user_id": "UCSJ44X1S"
    },
    {
        "client_msg_id": "d218cbc8-c121-466f-8138-95e55fff27f3",
        "type": "message",
        "text": "To find deep work on coding, I try not to have multiple tabs open that can possible distract me: twitter\/netflix or even spotify. Try to reduce as much noise\/sound around your work as well to improve the quality of it. Quality &gt; Quantity.",
        "user": "UCXR52MU2",
        "ts": "1548554677.110800",
        "thread_ts": "1548428674.083800",
        "parent_user_id": "UCSJ44X1S",
        "reactions": [
            {
                "name": "+1",
                "users": [
                    "UCSJ44X1S"
                ],
                "count": 1
            }
        ]
    },
    {
        "client_msg_id": "d35890ee-ae93-4ee9-ada3-f33eeab008a2",
        "type": "message",
        "text": "Similar to the cell method, if you can give yourself tickets in the form of post-its on your own wall. You will be reminded how much you need to tackle too. You could even have a physical kanban board.",
        "user": "UCXR52MU2",
        "ts": "1548554716.111000",
        "thread_ts": "1548428674.083800",
        "parent_user_id": "UCSJ44X1S"
    },
    {
        "client_msg_id": "a181f7bb-f391-42d2-8e07-f890059356d9",
        "type": "message",
        "text": "any of you guys listen to Developer Tea podcast?",
        "user": "UDJ8A6RNH",
        "ts": "1548571258.111200",
        "thread_ts": "1548428674.083800",
        "parent_user_id": "UCSJ44X1S"
    },
    {
        "client_msg_id": "cd579184-bba4-45ba-997a-aa5aa6158b90",
        "type": "message",
        "text": "<@UCSJ44X1S> what are your goals? I suspect reframing them, as people are touching on in this thread, may help. SMART is one framework but there are others",
        "user": "UDJ8A6RNH",
        "ts": "1548571321.111400",
        "thread_ts": "1548428674.083800",
        "parent_user_id": "UCSJ44X1S",
        "reactions": [
            {
                "name": "+1",
                "users": [
                    "UCKRZS3DZ",
                    "UCSJ44X1S",
                    "UCXR52MU2"
                ],
                "count": 3
            }
        ]
    }
]