[
    {
        "client_msg_id": "6dce9fa2-4978-4df3-9c1d-5d9d230952f6",
        "type": "message",
        "text": "Nice write-up on one of my favorite themes: <http:\/\/zge.us.to\/txt\/unix-harmful.html>",
        "user": "U8A5MS6R1",
        "ts": "1556655308.017600",
        "edited": {
            "user": "U8A5MS6R1",
            "ts": "1556655319.000000"
        },
        "reactions": [
            {
                "name": "+1",
                "users": [
                    "UJ6LDMMN0",
                    "UD69XQ9J8",
                    "UAVCC2X70"
                ],
                "count": 3
            }
        ]
    }
]