[
    {
        "client_msg_id": "fa12e9e6-de31-4f7d-b20e-07c8350c1901",
        "type": "message",
        "text": "<https:\/\/uxdesign.cc\/introducing-mercury-os-f4de45a04289>",
        "user": "U8A5MS6R1",
        "ts": "1559190299.000300",
        "attachments": [
            {
                "service_name": "UX Collective",
                "title": "Introducing Mercury OS",
                "title_link": "https:\/\/uxdesign.cc\/introducing-mercury-os-f4de45a04289",
                "text": "A speculative vision of the operating system, driven by humane design principles.",
                "fallback": "UX Collective: Introducing Mercury OS",
                "image_url": "https:\/\/cdn-images-1.medium.com\/max\/1200\/1*sxksghXlAI6HLtn1ZqREIg.png",
                "fields": [
                    {
                        "title": "Reading time",
                        "value": "12 min read",
                        "short": true
                    }
                ],
                "ts": 1559065238,
                "from_url": "https:\/\/uxdesign.cc\/introducing-mercury-os-f4de45a04289",
                "image_width": 375,
                "image_height": 250,
                "image_bytes": 564012,
                "service_icon": "https:\/\/cdn-images-1.medium.com\/fit\/c\/304\/304\/1*qv9Sg626VtUlO7xSL89lNg.png",
                "id": 1,
                "original_url": "https:\/\/uxdesign.cc\/introducing-mercury-os-f4de45a04289"
            }
        ],
        "thread_ts": "1559190299.000300",
        "reply_count": 7,
        "reply_users_count": 5,
        "latest_reply": "1559497832.009300",
        "reply_users": [
            "UCKRZS3DZ",
            "UA14TGLTC",
            "UC6997THT",
            "U8A5MS6R1",
            "UE0ETTCG7"
        ],
        "replies": [
            {
                "user": "UCKRZS3DZ",
                "ts": "1559238369.006900"
            },
            {
                "user": "UCKRZS3DZ",
                "ts": "1559238467.007300"
            },
            {
                "user": "UA14TGLTC",
                "ts": "1559286468.007600"
            },
            {
                "user": "UC6997THT",
                "ts": "1559296867.007800"
            },
            {
                "user": "UA14TGLTC",
                "ts": "1559297335.008000"
            },
            {
                "user": "U8A5MS6R1",
                "ts": "1559342354.008400"
            },
            {
                "user": "UE0ETTCG7",
                "ts": "1559497832.009300"
            }
        ],
        "reactions": [
            {
                "name": "+1",
                "users": [
                    "UCUSW7WVD",
                    "UEBG0NPDK",
                    "UAL7940NM",
                    "UAJ9DV971",
                    "UJK8MKYAZ",
                    "U5TCAFTD3",
                    "UCKRZS3DZ",
                    "U7C7B75R6"
                ],
                "count": 8
            }
        ]
    }
]