[
    {
        "client_msg_id": "d74a0e43-4e0b-4af5-af1f-efeae3539f5d",
        "type": "message",
        "text": "\"The sum of the square roots of any two sides of an isosceles triangle is equal to the square root of the remaining side.\"",
        "user": "UA14TGLTC",
        "ts": "1551344950.000100",
        "thread_ts": "1551296727.012800",
        "parent_user_id": "UBSMEUXAA"
    },
    {
        "client_msg_id": "8f27eaf3-1326-486d-9fc3-ec8c7109c398",
        "type": "message",
        "text": "fascinating",
        "user": "UCKRZS3DZ",
        "ts": "1551358117.000400",
        "thread_ts": "1551296727.012800",
        "parent_user_id": "UBSMEUXAA"
    }
]