[
    {
        "client_msg_id": "17B1A257-3FA5-4117-9BBF-527A3B7FC755",
        "type": "message",
        "text": "<@U8A5MS6R1> I did—it’s a compilation of his blog posts, most\/all of which you can read on his site if you want a taste. As such, it’s uneven, but I found it worthwhile since he actually spent time in the Xanadu trenches, and is willing to articulate big radical thoughts about computing architecture ",
        "user": "UDJ2TKB99",
        "ts": "1550138068.005700",
        "thread_ts": "1549497699.179500",
        "parent_user_id": "U8A5MS6R1",
        "reactions": [
            {
                "name": "+1",
                "users": [
                    "U8A5MS6R1"
                ],
                "count": 1
            }
        ]
    },
    {
        "client_msg_id": "2d90fbc3-3505-42c9-8575-e5364aafcde9",
        "type": "message",
        "text": "On visual programming :smile:",
        "user": "UFW3LB2KA",
        "ts": "1550138181.006000",
        "edited": {
            "user": "UFW3LB2KA",
            "ts": "1550138260.000000"
        }
    },
    {
        "type": "message",
        "text": "",
        "files": [
            {
                "id": "FG6NPQNLB",
                "created": 1550138253,
                "timestamp": 1550138253,
                "name": "Screenshot 2019-02-14 at 09.57.02.png",
                "title": "Screenshot 2019-02-14 at 09.57.02.png",
                "mimetype": "image\/png",
                "filetype": "png",
                "pretty_type": "PNG",
                "user": "UFW3LB2KA",
                "editable": false,
                "size": 1262021,
                "mode": "hosted",
                "is_external": false,
                "external_type": "",
                "is_public": true,
                "public_url_shared": false,
                "display_as_bot": false,
                "username": "",
                "url_private": "https:\/\/files.slack.com\/files-pri\/T5TCAFTA9-FG6NPQNLB\/screenshot_2019-02-14_at_09.57.02.png?t=xoxe-197418537349-653683177169-653683177233-23343e578426a323e5fb905bbe2173fe",
                "url_private_download": "https:\/\/files.slack.com\/files-pri\/T5TCAFTA9-FG6NPQNLB\/download\/screenshot_2019-02-14_at_09.57.02.png?t=xoxe-197418537349-653683177169-653683177233-23343e578426a323e5fb905bbe2173fe",
                "thumb_64": "https:\/\/files.slack.com\/files-tmb\/T5TCAFTA9-FG6NPQNLB-b7665170d8\/screenshot_2019-02-14_at_09.57.02_64.png?t=xoxe-197418537349-653683177169-653683177233-23343e578426a323e5fb905bbe2173fe",
                "thumb_80": "https:\/\/files.slack.com\/files-tmb\/T5TCAFTA9-FG6NPQNLB-b7665170d8\/screenshot_2019-02-14_at_09.57.02_80.png?t=xoxe-197418537349-653683177169-653683177233-23343e578426a323e5fb905bbe2173fe",
                "thumb_360": "https:\/\/files.slack.com\/files-tmb\/T5TCAFTA9-FG6NPQNLB-b7665170d8\/screenshot_2019-02-14_at_09.57.02_360.png?t=xoxe-197418537349-653683177169-653683177233-23343e578426a323e5fb905bbe2173fe",
                "thumb_360_w": 360,
                "thumb_360_h": 180,
                "thumb_480": "https:\/\/files.slack.com\/files-tmb\/T5TCAFTA9-FG6NPQNLB-b7665170d8\/screenshot_2019-02-14_at_09.57.02_480.png?t=xoxe-197418537349-653683177169-653683177233-23343e578426a323e5fb905bbe2173fe",
                "thumb_480_w": 480,
                "thumb_480_h": 241,
                "thumb_160": "https:\/\/files.slack.com\/files-tmb\/T5TCAFTA9-FG6NPQNLB-b7665170d8\/screenshot_2019-02-14_at_09.57.02_160.png?t=xoxe-197418537349-653683177169-653683177233-23343e578426a323e5fb905bbe2173fe",
                "thumb_720": "https:\/\/files.slack.com\/files-tmb\/T5TCAFTA9-FG6NPQNLB-b7665170d8\/screenshot_2019-02-14_at_09.57.02_720.png?t=xoxe-197418537349-653683177169-653683177233-23343e578426a323e5fb905bbe2173fe",
                "thumb_720_w": 720,
                "thumb_720_h": 361,
                "thumb_800": "https:\/\/files.slack.com\/files-tmb\/T5TCAFTA9-FG6NPQNLB-b7665170d8\/screenshot_2019-02-14_at_09.57.02_800.png?t=xoxe-197418537349-653683177169-653683177233-23343e578426a323e5fb905bbe2173fe",
                "thumb_800_w": 800,
                "thumb_800_h": 401,
                "thumb_960": "https:\/\/files.slack.com\/files-tmb\/T5TCAFTA9-FG6NPQNLB-b7665170d8\/screenshot_2019-02-14_at_09.57.02_960.png?t=xoxe-197418537349-653683177169-653683177233-23343e578426a323e5fb905bbe2173fe",
                "thumb_960_w": 960,
                "thumb_960_h": 481,
                "thumb_1024": "https:\/\/files.slack.com\/files-tmb\/T5TCAFTA9-FG6NPQNLB-b7665170d8\/screenshot_2019-02-14_at_09.57.02_1024.png?t=xoxe-197418537349-653683177169-653683177233-23343e578426a323e5fb905bbe2173fe",
                "thumb_1024_w": 1024,
                "thumb_1024_h": 513,
                "image_exif_rotation": 1,
                "original_w": 1896,
                "original_h": 950,
                "permalink": "https:\/\/futureofcoding.slack.com\/files\/UFW3LB2KA\/FG6NPQNLB\/screenshot_2019-02-14_at_09.57.02.png",
                "permalink_public": "https:\/\/slack-files.com\/T5TCAFTA9-FG6NPQNLB-3fa2836c56",
                "has_rich_preview": false
            }
        ],
        "upload": true,
        "user": "UFW3LB2KA",
        "display_as_bot": false,
        "ts": "1550138257.006100",
        "thread_ts": "1550138257.006100",
        "reply_count": 13,
        "reply_users_count": 5,
        "latest_reply": "1550148513.010900",
        "reply_users": [
            "UFD2JRE58",
            "UBN9AFS0N",
            "UFW3LB2KA",
            "UEQ7QL15F",
            "UAJ9DV971"
        ],
        "replies": [
            {
                "user": "UFD2JRE58",
                "ts": "1550138638.006600"
            },
            {
                "user": "UBN9AFS0N",
                "ts": "1550138941.006900"
            },
            {
                "user": "UFW3LB2KA",
                "ts": "1550139434.007300"
            },
            {
                "user": "UFD2JRE58",
                "ts": "1550139839.007600"
            },
            {
                "user": "UFW3LB2KA",
                "ts": "1550140989.008000"
            },
            {
                "user": "UEQ7QL15F",
                "ts": "1550142511.008400"
            },
            {
                "user": "UFD2JRE58",
                "ts": "1550142565.008800"
            },
            {
                "user": "UEQ7QL15F",
                "ts": "1550143178.009500"
            },
            {
                "user": "UFD2JRE58",
                "ts": "1550143453.009700"
            },
            {
                "user": "UFD2JRE58",
                "ts": "1550143561.010000"
            },
            {
                "user": "UEQ7QL15F",
                "ts": "1550144213.010300"
            },
            {
                "user": "UFD2JRE58",
                "ts": "1550144700.010600"
            },
            {
                "user": "UAJ9DV971",
                "ts": "1550148513.010900"
            }
        ],
        "reactions": [
            {
                "name": "slightly_smiling_face",
                "users": [
                    "UE1JQM9HQ",
                    "UEQ7QL15F",
                    "UA14TGLTC",
                    "UCXR52MU2",
                    "UCZ68HXUL"
                ],
                "count": 5
            }
        ]
    },
    {
        "client_msg_id": "99cc8de0-af9e-4ed4-aa3e-5765dd38982c",
        "type": "message",
        "text": "TBH - I kinda like that app! It's obvious what it can do and how to use it. I don't need to read a document, guess gestures and have everything hidden away in favour of the almighty whitespace. I suspect every box on there was added because it was needed.\n\nI suspect the result of people who do say the thing on the left is a barren app and a claim that \"we have a study showing that people don't need to number their files\".\n\nLong-live the right side!",
        "user": "UFD2JRE58",
        "ts": "1550138638.006600",
        "thread_ts": "1550138257.006100",
        "parent_user_id": "UFW3LB2KA"
    },
    {
        "client_msg_id": "2e139f62-d153-489d-93ef-c7989bb6b35b",
        "type": "message",
        "text": "related <https:\/\/uxdesign.cc\/how-white-space-killed-an-enterprise-app-and-why-data-density-matters-b3afad6a5f2a>",
        "user": "UBN9AFS0N",
        "ts": "1550138941.006900",
        "attachments": [
            {
                "service_name": "UX Collective",
                "title": "How white space killed an enterprise app (and why data density matters)",
                "title_link": "https:\/\/uxdesign.cc\/how-white-space-killed-an-enterprise-app-and-why-data-density-matters-b3afad6a5f2a",
                "text": "Co-Written by Patrick Deuley.",
                "fallback": "UX Collective: How white space killed an enterprise app (and why data density matters)",
                "image_url": "https:\/\/cdn-images-1.medium.com\/max\/1200\/1*N1Jy6UJ9Qa40omXvGDC5Dg.png",
                "fields": [
                    {
                        "title": "Reading time",
                        "value": "5 min read",
                        "short": true
                    }
                ],
                "ts": 1549427345,
                "from_url": "https:\/\/uxdesign.cc\/how-white-space-killed-an-enterprise-app-and-why-data-density-matters-b3afad6a5f2a",
                "image_width": 1149,
                "image_height": 250,
                "image_bytes": 167339,
                "service_icon": "https:\/\/cdn-images-1.medium.com\/fit\/c\/304\/304\/1*qv9Sg626VtUlO7xSL89lNg.png",
                "id": 1,
                "original_url": "https:\/\/uxdesign.cc\/how-white-space-killed-an-enterprise-app-and-why-data-density-matters-b3afad6a5f2a"
            }
        ],
        "thread_ts": "1550138257.006100",
        "parent_user_id": "UFW3LB2KA",
        "reactions": [
            {
                "name": "+1",
                "users": [
                    "UFD2JRE58",
                    "UD43R8ZFV",
                    "UA14TGLTC"
                ],
                "count": 3
            }
        ]
    },
    {
        "client_msg_id": "5305a8c5-4c1d-4c48-9e4c-9a4a45c790c5",
        "type": "message",
        "text": "&gt;Long-live the right side!\n\nThe big downside in that approach is that accessibility suffers. Think of the people with vision problems who need to increase the font to be able to read or even use VoiceOver with that kind of app. I imagine even if VoiceOver works there, the navigation is probably close to unusable",
        "user": "UFW3LB2KA",
        "ts": "1550139434.007300",
        "edited": {
            "user": "UFW3LB2KA",
            "ts": "1550139501.000000"
        },
        "thread_ts": "1550138257.006100",
        "parent_user_id": "UFW3LB2KA"
    },
    {
        "client_msg_id": "d9961c75-088c-4671-9620-8816abcc599d",
        "type": "message",
        "text": "It has the strong smell of a VB app. The positives are that it will support tabbing between controls and OS standard system accessibility like using system fonts\/contrast settings and supporting screen readers and voice automation so is probably actually pretty good on a lot of that compared to e.g. a sexy electron app.",
        "user": "UFD2JRE58",
        "ts": "1550139839.007600",
        "edited": {
            "user": "UFD2JRE58",
            "ts": "1550139902.000000"
        },
        "thread_ts": "1550138257.006100",
        "parent_user_id": "UFW3LB2KA"
    },
    {
        "client_msg_id": "116f1a10-f52d-44d5-8bca-4ae0efb732c7",
        "type": "message",
        "text": "that is probably true, but there are multiple points here:\n• information density\n• productivity\n• that app is ugly\n\nand it increasingly looks like resolving the last point is required but not sufficient for building a successful productivity tool that could be positioned as \"forward-thinking\". This is what the original picture was trying to illustrate I guess",
        "user": "UFW3LB2KA",
        "ts": "1550140989.008000",
        "edited": {
            "user": "UFW3LB2KA",
            "ts": "1550153828.000000"
        },
        "thread_ts": "1550138257.006100",
        "parent_user_id": "UFW3LB2KA"
    },
    {
        "type": "message",
        "text": "For a bit different take on file renaming, there is the bulk rename functionality in macOS. :slightly_smiling_face:\n<https:\/\/t.co\/6IzIQBMaPL>",
        "files": [
            {
                "id": "FG6RYBP2Q",
                "created": 1550142506,
                "timestamp": 1550142506,
                "name": "DzXHcBJUUAAiwLk.jpg",
                "title": "DzXHcBJUUAAiwLk.jpg",
                "mimetype": "image\/jpeg",
                "filetype": "jpg",
                "pretty_type": "JPEG",
                "user": "UEQ7QL15F",
                "editable": false,
                "size": 56683,
                "mode": "hosted",
                "is_external": false,
                "external_type": "",
                "is_public": true,
                "public_url_shared": false,
                "display_as_bot": false,
                "username": "",
                "url_private": "https:\/\/files.slack.com\/files-pri\/T5TCAFTA9-FG6RYBP2Q\/dzxhcbjuuaaiwlk.jpg?t=xoxe-197418537349-653683177169-653683177233-23343e578426a323e5fb905bbe2173fe",
                "url_private_download": "https:\/\/files.slack.com\/files-pri\/T5TCAFTA9-FG6RYBP2Q\/download\/dzxhcbjuuaaiwlk.jpg?t=xoxe-197418537349-653683177169-653683177233-23343e578426a323e5fb905bbe2173fe",
                "thumb_64": "https:\/\/files.slack.com\/files-tmb\/T5TCAFTA9-FG6RYBP2Q-d35ae69a20\/dzxhcbjuuaaiwlk_64.jpg?t=xoxe-197418537349-653683177169-653683177233-23343e578426a323e5fb905bbe2173fe",
                "thumb_80": "https:\/\/files.slack.com\/files-tmb\/T5TCAFTA9-FG6RYBP2Q-d35ae69a20\/dzxhcbjuuaaiwlk_80.jpg?t=xoxe-197418537349-653683177169-653683177233-23343e578426a323e5fb905bbe2173fe",
                "thumb_360": "https:\/\/files.slack.com\/files-tmb\/T5TCAFTA9-FG6RYBP2Q-d35ae69a20\/dzxhcbjuuaaiwlk_360.jpg?t=xoxe-197418537349-653683177169-653683177233-23343e578426a323e5fb905bbe2173fe",
                "thumb_360_w": 360,
                "thumb_360_h": 123,
                "thumb_480": "https:\/\/files.slack.com\/files-tmb\/T5TCAFTA9-FG6RYBP2Q-d35ae69a20\/dzxhcbjuuaaiwlk_480.jpg?t=xoxe-197418537349-653683177169-653683177233-23343e578426a323e5fb905bbe2173fe",
                "thumb_480_w": 480,
                "thumb_480_h": 164,
                "thumb_160": "https:\/\/files.slack.com\/files-tmb\/T5TCAFTA9-FG6RYBP2Q-d35ae69a20\/dzxhcbjuuaaiwlk_160.jpg?t=xoxe-197418537349-653683177169-653683177233-23343e578426a323e5fb905bbe2173fe",
                "thumb_720": "https:\/\/files.slack.com\/files-tmb\/T5TCAFTA9-FG6RYBP2Q-d35ae69a20\/dzxhcbjuuaaiwlk_720.jpg?t=xoxe-197418537349-653683177169-653683177233-23343e578426a323e5fb905bbe2173fe",
                "thumb_720_w": 720,
                "thumb_720_h": 246,
                "thumb_800": "https:\/\/files.slack.com\/files-tmb\/T5TCAFTA9-FG6RYBP2Q-d35ae69a20\/dzxhcbjuuaaiwlk_800.jpg?t=xoxe-197418537349-653683177169-653683177233-23343e578426a323e5fb905bbe2173fe",
                "thumb_800_w": 800,
                "thumb_800_h": 274,
                "image_exif_rotation": 1,
                "original_w": 900,
                "original_h": 308,
                "permalink": "https:\/\/futureofcoding.slack.com\/files\/UEQ7QL15F\/FG6RYBP2Q\/dzxhcbjuuaaiwlk.jpg",
                "permalink_public": "https:\/\/slack-files.com\/T5TCAFTA9-FG6RYBP2Q-276b482485",
                "has_rich_preview": false
            }
        ],
        "upload": true,
        "user": "UEQ7QL15F",
        "display_as_bot": false,
        "ts": "1550142511.008400",
        "thread_ts": "1550138257.006100",
        "parent_user_id": "UFW3LB2KA"
    },
    {
        "client_msg_id": "a7b7486e-3360-45da-af8c-f213957af37d",
        "type": "message",
        "text": "I'm going to keep defending it :smile:\n\nI suspect it's productive to use. Especially once you get used to the layout. This type of task is just messy as a gui. It's actually a really good example for FoC because you need so many permutations of features to support a general name transformation that it's best addressed with a programming language or regex and even then, particular goals can buckle under complexity and you start wanting third party support libraries for character-sets and padleft (lol) etc.\n\nWe should bear in mind it _is_ a successful productivity tool. It's been around for 20 years and has an active forum even in 2019\n<https:\/\/www.bulkrenameutility.co.uk>\n\nTake a look at a less-ugly alternative e.g.\n\n<https:\/\/www.microsoft.com\/en-us\/p\/file-renamer\/9nblggh68201?activetab=pivot:overviewtab#>\n\nAnd you can immediately see there are dozens of transformations that BulkRenameUtility can do that something pretty cannot.\n\nI do think the joke is off-target because the real issue in RHS is what we always used to call \"Developer Design\". The features are useful and successfully implemented but kind of thrown together to be easily accessible (as in right-in-front-of you). Yes it's eye-bleach at a first look but on your 100th complex rename, you need features not lining up all the boxes.\n\nIt's the classic solo-dev look whereas LHS is a team of people who blow the budget creating customer personas.",
        "user": "UFD2JRE58",
        "ts": "1550142565.008800",
        "edited": {
            "user": "UFD2JRE58",
            "ts": "1550143692.000000"
        },
        "thread_ts": "1550138257.006100",
        "parent_user_id": "UFW3LB2KA"
    },
    {
        "client_msg_id": "74ca8b51-0687-4485-a8b8-048cfe698f33",
        "type": "message",
        "text": "Many different ways of solving similar problems and for different types of users. I doubt the “Bulk File Renamer” is a globally optimal solution, but it is definitely in some local optimum :slightly_smiling_face:.",
        "user": "UEQ7QL15F",
        "ts": "1550143178.009500",
        "thread_ts": "1550138257.006100",
        "parent_user_id": "UFW3LB2KA",
        "reactions": [
            {
                "name": "+1",
                "users": [
                    "UD43R8ZFV",
                    "UA14TGLTC"
                ],
                "count": 2
            }
        ]
    },
    {
        "client_msg_id": "cab1af79-5242-42df-a2b8-ee2111e85351",
        "type": "message",
        "text": "Incidentally, I have my own bulk rename utility... lol.\n\nIt's a command-line tool with two commands - `dump` and `update`. It dumps out a text-file of file-names which I munge in a text-editor using both manual edits and regex and then save. `update` then changes all the file names. I use it for cleaning up file names of downloaded files that I am keeping e.g. correcting episode numbers and such.\n\nIt has an option to dump to a csv for breaking down paths into cells so I can reorg directory structures in a spreadsheet.\n\nData cleaning is kind of an interesting problem given interplay between automated and manual actions.",
        "user": "UFD2JRE58",
        "ts": "1550143453.009700",
        "thread_ts": "1550138257.006100",
        "parent_user_id": "UFW3LB2KA",
        "reactions": [
            {
                "name": "+1",
                "users": [
                    "UEQ7QL15F",
                    "UD43R8ZFV",
                    "UA14TGLTC",
                    "UCXR52MU2"
                ],
                "count": 4
            }
        ]
    },
    {
        "client_msg_id": "8661ea81-7c24-4990-a3ac-17d28b7ad1eb",
        "type": "message",
        "text": "Block editing and multiple cursors in a text-editor is pretty awesome for bulk name changes.",
        "user": "UFD2JRE58",
        "ts": "1550143561.010000",
        "thread_ts": "1550138257.006100",
        "parent_user_id": "UFW3LB2KA",
        "reactions": [
            {
                "name": "+1",
                "users": [
                    "UEQ7QL15F",
                    "UD43R8ZFV",
                    "UCXR52MU2"
                ],
                "count": 3
            }
        ]
    },
    {
        "client_msg_id": "9b3b2aa0-bed0-446f-a6ff-31237115c1b7",
        "type": "message",
        "text": "I tend to forget how the multi-cursors work and end up using search-replace instead. :stuck_out_tongue:",
        "user": "UEQ7QL15F",
        "ts": "1550144213.010300",
        "thread_ts": "1550138257.006100",
        "parent_user_id": "UFW3LB2KA"
    },
    {
        "client_msg_id": "f0176807-8210-4c49-a303-5308a856c750",
        "type": "message",
        "text": "I know what you mean :smile: It's a different interaction\/chord in each editor so it's always takes a couple of attempts.\n\nIt's useful for when you can't match against something e.g. adding text, variable text (guids, timestamps, sequence info etc.) or replacing something that has loads of other matches you don't want to change but it's still like 100 things so hammering \"replace next\" would be painful.",
        "user": "UFD2JRE58",
        "ts": "1550144700.010600",
        "thread_ts": "1550138257.006100",
        "parent_user_id": "UFW3LB2KA",
        "reactions": [
            {
                "name": "+1",
                "users": [
                    "UEQ7QL15F",
                    "UA14TGLTC"
                ],
                "count": 2
            }
        ]
    },
    {
        "client_msg_id": "94de2aa5-1f28-4558-aa31-da50d9b69a80",
        "type": "message",
        "text": "Something can look perfectly clear to someone with experience, and yet completely uncomprehensible to someone new. People are very bad at remebering how it felt the first time they saw something, especially once they have put in the effort to learn about it. Programmers think text-based programs are easy to read, because they spend years of their life looking at them. Sometimes a complex messy interface is what people need, because it solves their problem. Have you ever looked at facebook's interface? It's a hot mess, and yet... it works.",
        "user": "UAJ9DV971",
        "ts": "1550148513.010900",
        "thread_ts": "1550138257.006100",
        "parent_user_id": "UFW3LB2KA"
    },
    {
        "client_msg_id": "c3a6134f-13ef-426a-a135-482e3c0a77f0",
        "type": "message",
        "text": "<https:\/\/www.glideapps.com\/>",
        "user": "UBSMEUXAA",
        "ts": "1550172045.011900",
        "attachments": [
            {
                "title": "Glide – Amazing apps from Google Sheets",
                "title_link": "https:\/\/www.glideapps.com\/",
                "text": "Make amazing apps from Google Sheets, without writing any code.",
                "fallback": "Glide – Amazing apps from Google Sheets",
                "from_url": "https:\/\/www.glideapps.com\/",
                "service_name": "glideapps.com",
                "id": 1,
                "original_url": "https:\/\/www.glideapps.com\/"
            }
        ],
        "thread_ts": "1550172045.011900",
        "reply_count": 1,
        "reply_users_count": 1,
        "latest_reply": "1550174635.013200",
        "reply_users": [
            "UD43R8ZFV"
        ],
        "replies": [
            {
                "user": "UD43R8ZFV",
                "ts": "1550174635.013200"
            }
        ]
    },
    {
        "client_msg_id": "3f414c5b-1b89-4e50-bc35-9a8e5bd2b074",
        "type": "message",
        "text": "Nice! My wife and I had a Google Maps view of a Google Sheet for travel planning. Using a Google Sheet as a DB for a web app is not a new idea, but this looks like a pretty slick implementation.",
        "user": "UD43R8ZFV",
        "ts": "1550174635.013200",
        "thread_ts": "1550172045.011900",
        "parent_user_id": "UBSMEUXAA"
    },
    {
        "type": "message",
        "text": "My first (underwhelming) steps at creating a visual editor.\n\nI find it interesting that it was pretty pleasant designing the underlying data structure for my programs. But mapping that state to UI code in JavaScript requires keeping a lot more state in my head. I guess that's because there's just a lot more state. Not only is there my program state, but there's all the states that each node of the projectional editor could be in.",
        "files": [
            {
                "id": "FG7MYPTS6",
                "created": 1550193683,
                "timestamp": 1550193683,
                "name": "image.png",
                "title": "Pasted image at 2019-02-14, 5:21 PM",
                "mimetype": "image\/png",
                "filetype": "png",
                "pretty_type": "PNG",
                "user": "UD43R8ZFV",
                "editable": false,
                "size": 13870,
                "mode": "hosted",
                "is_external": false,
                "external_type": "",
                "is_public": true,
                "public_url_shared": false,
                "display_as_bot": false,
                "username": "",
                "url_private": "https:\/\/files.slack.com\/files-pri\/T5TCAFTA9-FG7MYPTS6\/image.png?t=xoxe-197418537349-653683177169-653683177233-23343e578426a323e5fb905bbe2173fe",
                "url_private_download": "https:\/\/files.slack.com\/files-pri\/T5TCAFTA9-FG7MYPTS6\/download\/image.png?t=xoxe-197418537349-653683177169-653683177233-23343e578426a323e5fb905bbe2173fe",
                "thumb_64": "https:\/\/files.slack.com\/files-tmb\/T5TCAFTA9-FG7MYPTS6-209adefeaf\/image_64.png?t=xoxe-197418537349-653683177169-653683177233-23343e578426a323e5fb905bbe2173fe",
                "thumb_80": "https:\/\/files.slack.com\/files-tmb\/T5TCAFTA9-FG7MYPTS6-209adefeaf\/image_80.png?t=xoxe-197418537349-653683177169-653683177233-23343e578426a323e5fb905bbe2173fe",
                "thumb_360": "https:\/\/files.slack.com\/files-tmb\/T5TCAFTA9-FG7MYPTS6-209adefeaf\/image_360.png?t=xoxe-197418537349-653683177169-653683177233-23343e578426a323e5fb905bbe2173fe",
                "thumb_360_w": 283,
                "thumb_360_h": 174,
                "thumb_160": "https:\/\/files.slack.com\/files-tmb\/T5TCAFTA9-FG7MYPTS6-209adefeaf\/image_160.png?t=xoxe-197418537349-653683177169-653683177233-23343e578426a323e5fb905bbe2173fe",
                "image_exif_rotation": 1,
                "original_w": 283,
                "original_h": 174,
                "permalink": "https:\/\/futureofcoding.slack.com\/files\/UD43R8ZFV\/FG7MYPTS6\/image.png",
                "permalink_public": "https:\/\/slack-files.com\/T5TCAFTA9-FG7MYPTS6-732739de7e",
                "has_rich_preview": false
            }
        ],
        "upload": true,
        "user": "UD43R8ZFV",
        "display_as_bot": false,
        "ts": "1550193685.013600",
        "thread_ts": "1550193685.013600",
        "reply_count": 4,
        "reply_users_count": 3,
        "latest_reply": "1550258220.020300",
        "reply_users": [
            "UC2A2ARPT",
            "UD43R8ZFV",
            "U85HCL7JP"
        ],
        "replies": [
            {
                "user": "UC2A2ARPT",
                "ts": "1550200282.014600"
            },
            {
                "user": "UD43R8ZFV",
                "ts": "1550200782.015000"
            },
            {
                "user": "U85HCL7JP",
                "ts": "1550248359.019900"
            },
            {
                "user": "UD43R8ZFV",
                "ts": "1550258220.020300"
            }
        ]
    },
    {
        "client_msg_id": "19eab2b5-fcc9-422b-b938-ec839af570df",
        "type": "message",
        "text": "That might also a matter of comfort\/familiarity. I find working on graphics\/UI\/visualization far easier, less concentration-intensive, less mental state laden, than working on other kinds of code. But I've done a _lot_ of graphics work, so it's very second nature to me compared to, say, designing data structure layouts.",
        "user": "UC2A2ARPT",
        "ts": "1550200282.014600",
        "edited": {
            "user": "UC2A2ARPT",
            "ts": "1550200323.000000"
        },
        "thread_ts": "1550193685.013600",
        "parent_user_id": "UD43R8ZFV"
    },
    {
        "client_msg_id": "0a515c15-89a8-4869-9253-789a1f529e50",
        "type": "message",
        "text": "That's true. It's been years since I've done any frontend stuff.",
        "user": "UD43R8ZFV",
        "ts": "1550200782.015000",
        "thread_ts": "1550193685.013600",
        "parent_user_id": "UD43R8ZFV"
    },
    {
        "client_msg_id": "65ae4aab-0366-48a2-9fb0-897f5f18ee8d",
        "type": "message",
        "text": "It's Niklaus Wirth's 85th birthday today! News article (it's in German unfortunately): <https:\/\/www.heise.de\/developer\/meldung\/Niklaus-Wirth-ein-Pionier-der-Informatik-wird-85-4308817.html>",
        "user": "UAL7940NM",
        "ts": "1550216754.017900",
        "attachments": [
            {
                "service_name": "heise Developer",
                "title": "Niklaus Wirth – ein Pionier der Informatik wird 85",
                "title_link": "https:\/\/www.heise.de\/developer\/meldung\/Niklaus-Wirth-ein-Pionier-der-Informatik-wird-85-4308817.html",
                "text": "Einer der bedeutendsten Informatiker, der Erfinder von Programmiersprachen wie PL360, Pascal, Modula 2 und Oberon wird 85 – eine Würdigung von Michael Stal.",
                "fallback": "heise Developer: Niklaus Wirth – ein Pionier der Informatik wird 85",
                "thumb_url": "https:\/\/heise.cloudimg.io\/bound\/1920x1920\/q90.png-lossy-90.webp-lossy-90.foil1\/_www-heise-de_\/imgs\/18\/2\/6\/0\/1\/2\/6\/0\/784px-Niklaus_Wirth__UrGU-869b025cbcb0b2d6.jpeg",
                "from_url": "https:\/\/www.heise.de\/developer\/meldung\/Niklaus-Wirth-ein-Pionier-der-Informatik-wird-85-4308817.html",
                "thumb_width": 784,
                "thumb_height": 600,
                "service_icon": "https:\/\/www.heise.de\/icons\/ho\/touch-icons\/apple-touch-icon-180x180.png",
                "id": 1,
                "original_url": "https:\/\/www.heise.de\/developer\/meldung\/Niklaus-Wirth-ein-Pionier-der-Informatik-wird-85-4308817.html"
            }
        ],
        "thread_ts": "1550216754.017900",
        "reply_count": 3,
        "reply_users_count": 2,
        "latest_reply": "1550306591.020600",
        "reply_users": [
            "UBN9AFS0N",
            "UEQ6M68H0"
        ],
        "replies": [
            {
                "user": "UBN9AFS0N",
                "ts": "1550220305.018100"
            },
            {
                "user": "UBN9AFS0N",
                "ts": "1550220308.018400"
            },
            {
                "user": "UEQ6M68H0",
                "ts": "1550306591.020600"
            }
        ]
    }
]