[
    {
        "client_msg_id": "d0fdbcae-dbcd-4028-918c-2f8e11e30bdb",
        "type": "message",
        "text": "Since <@UEDDR6L5Q> shared that blood post it occurred to me to ask here: is anybody using <http:\/\/toptal.com|toptal.com> for freelance development work? I'm thinking about signing up and would be curious about your experience.",
        "user": "UA8HY8R7B",
        "ts": "1549444808.171700",
        "thread_ts": "1549444808.171700",
        "reply_count": 1,
        "reply_users_count": 1,
        "latest_reply": "1549473058.179000",
        "reply_users": [
            "U5TCAFTD3"
        ],
        "replies": [
            {
                "user": "U5TCAFTD3",
                "ts": "1549473058.179000"
            }
        ]
    },
    {
        "client_msg_id": "2a67680f-0e8d-45fb-b2c3-5a6bd400f063",
        "type": "message",
        "text": "I've been using it close to 2 years now. Got pretty good clients from it, although Toptal pushes hard on locking you in. If you're happy with your incoming clients right now, I'm not sure why you'd prefer Toptal",
        "user": "UFW3LB2KA",
        "ts": "1549467739.173300",
        "edited": {
            "user": "UFW3LB2KA",
            "ts": "1549471051.000000"
        }
    },
    {
        "client_msg_id": "9d06f99d-0f65-4569-9fb4-b367af20ecef",
        "type": "message",
        "text": "So the problem for me is that I shifted towards having almost 90% of client revenue from Toptal and if I ever want or need clients outside of it I'll have to build my own sales process from scratch. It's a double-edged sword. They do the sales for me, but this is somewhat restrictive",
        "user": "UFW3LB2KA",
        "ts": "1549467840.175200",
        "edited": {
            "user": "UFW3LB2KA",
            "ts": "1549468805.000000"
        }
    },
    {
        "client_msg_id": "5cfa9111-baac-4dbc-95a1-f0e0c6d62cd5",
        "type": "message",
        "text": "also, screening and interviews take a ton of time, be prepared to spend 40-80 hours on just the screening process. And there are additional certifications and screenings if you ever want to get a \"specialisation\" to get access to more clients",
        "user": "UFW3LB2KA",
        "ts": "1549467967.176300",
        "edited": {
            "user": "UFW3LB2KA",
            "ts": "1549467976.000000"
        }
    },
    {
        "client_msg_id": "c1930a61-1f3d-4537-8d78-30efb519221a",
        "type": "message",
        "text": "thanks - looks bonkers! I'm not sure if I'd find it fun or a punishment :smile:",
        "user": "UFD2JRE58",
        "ts": "1549468118.176500",
        "thread_ts": "1549055053.165500",
        "parent_user_id": "UC2A2ARPT"
    },
    {
        "client_msg_id": "5663dd35-fc75-427e-90a8-7818199e12d9",
        "type": "message",
        "text": "If you ever sign up, please use this link :smile: <https:\/\/www.toptal.com\/#trust-eye-opening-programmers>",
        "user": "UFW3LB2KA",
        "ts": "1549468299.177000",
        "edited": {
            "user": "UFW3LB2KA",
            "ts": "1549468304.000000"
        }
    },
    {
        "client_msg_id": "3c1690c1-3f70-472f-b3bf-3b11d3dc7074",
        "type": "message",
        "text": "if you do, pass the screening and find a client we both get a referral bonus :sunglasses:",
        "user": "UFW3LB2KA",
        "ts": "1549468481.178200",
        "edited": {
            "user": "UFW3LB2KA",
            "ts": "1549468513.000000"
        }
    },
    {
        "client_msg_id": "9179e229-7ad8-4b03-96ed-97d3f5b79c35",
        "type": "message",
        "text": "that's how they lock you in :smile:",
        "user": "UFW3LB2KA",
        "ts": "1549468527.178500",
        "thread_ts": "1549468527.178500",
        "reply_count": 6,
        "reply_users_count": 2,
        "latest_reply": "1549967268.002100",
        "reply_users": [
            "UA8HY8R7B",
            "UFW3LB2KA"
        ],
        "replies": [
            {
                "user": "UA8HY8R7B",
                "ts": "1549526231.179700"
            },
            {
                "user": "UA8HY8R7B",
                "ts": "1549880768.000100"
            },
            {
                "user": "UFW3LB2KA",
                "ts": "1549889935.000300"
            },
            {
                "user": "UA8HY8R7B",
                "ts": "1549952963.000900"
            },
            {
                "user": "UFW3LB2KA",
                "ts": "1549966086.001400"
            },
            {
                "user": "UA8HY8R7B",
                "ts": "1549967268.002100"
            }
        ]
    },
    {
        "client_msg_id": "77675ca4-2d60-4312-929c-21f80ea29717",
        "type": "message",
        "text": "A partial thought: us freelancers either have too much work or not enough. It's never perfect. Maybe those of us who have extra interest could share projects with others who are looking? The problem with a scheme like this is that people usually want to work with me because they know me so it may be impossible to pass to someone else...",
        "user": "U5TCAFTD3",
        "ts": "1549473058.179000",
        "thread_ts": "1549444808.171700",
        "parent_user_id": "UA8HY8R7B"
    },
    {
        "client_msg_id": "13e6a07f-16fc-4aee-9ce9-a00bb7b13a64",
        "type": "message",
        "text": "Anyone read this book: <https:\/\/www.amazon.com\/gp\/product\/1718167423>\nBig and Small Computing: Trajectories for the Future of Software  - John Ohno",
        "user": "U8A5MS6R1",
        "ts": "1549497699.179500",
        "edited": {
            "user": "U8A5MS6R1",
            "ts": "1549497729.000000"
        },
        "thread_ts": "1549497699.179500",
        "reply_count": 1,
        "reply_users_count": 1,
        "latest_reply": "1550138068.005700",
        "reply_users": [
            "UDJ2TKB99"
        ],
        "replies": [
            {
                "user": "UDJ2TKB99",
                "ts": "1550138068.005700"
            }
        ]
    },
    {
        "client_msg_id": "945a6087-fcf6-46e2-8c6d-2d719384ea82",
        "type": "message",
        "text": "Thanks for sharing your experience.\n\nI'm currently transitioning from full-time researcher back to part-time freelancer so my project pipeline is completely empty and I never had a sales process to speak of since all my previous projects were always through referrals of previous clients.\n\nI'm afraid I already started the sign-up process without your link but I'll let them know when I talk to them.",
        "user": "UA8HY8R7B",
        "ts": "1549526231.179700",
        "thread_ts": "1549468527.178500",
        "parent_user_id": "UFW3LB2KA",
        "reactions": [
            {
                "name": "+1",
                "users": [
                    "UFW3LB2KA"
                ],
                "count": 1
            }
        ]
    }
]