[
    {
        "client_msg_id": "a432688e-677e-48fd-9e6e-309c7fb10bad",
        "type": "message",
        "text": "Joe Armstrong has passed away <https:\/\/twitter.com\/FrancescoC\/status\/1119596234166218754?s=09>",
        "user": "U8A5MS6R1",
        "ts": "1555789502.005800",
        "attachments": [
            {
                "fallback": "<https:\/\/twitter.com\/FrancescoC|@FrancescoC>: It is with great sadness that I share news of Joe Armstrong's passing away earlier today. Whilst he may no longer be with us, his work has laid the foundation which will be used by generations to come. RIP <https:\/\/twitter.com\/joeerl|@joeerl>, thank you for inspiring us all.",
                "ts": 1555767517,
                "author_name": "Francesco Cesarini",
                "author_link": "https:\/\/twitter.com\/FrancescoC\/status\/1119596234166218754",
                "author_icon": "https:\/\/pbs.twimg.com\/profile_images\/378800000586329810\/20636b8ed86aa2de9e0fea52613dcb46_normal.jpeg",
                "author_subname": "@FrancescoC",
                "text": "It is with great sadness that I share news of Joe Armstrong's passing away earlier today. Whilst he may no longer be with us, his work has laid the foundation which will be used by generations to come. RIP <https:\/\/twitter.com\/joeerl|@joeerl>, thank you for inspiring us all.",
                "service_name": "twitter",
                "service_url": "https:\/\/twitter.com\/",
                "from_url": "https:\/\/twitter.com\/FrancescoC\/status\/1119596234166218754?s=09",
                "id": 1,
                "original_url": "https:\/\/twitter.com\/FrancescoC\/status\/1119596234166218754?s=09",
                "footer": "Twitter",
                "footer_icon": "https:\/\/a.slack-edge.com\/6e067\/img\/services\/twitter_pixel_snapped_32.png"
            }
        ],
        "thread_ts": "1555789502.005800",
        "reply_count": 3,
        "reply_users_count": 1,
        "latest_reply": "1555831810.006900",
        "reply_users": [
            "UCUSW7WVD"
        ],
        "replies": [
            {
                "user": "UCUSW7WVD",
                "ts": "1555830504.006200"
            },
            {
                "user": "UCUSW7WVD",
                "ts": "1555830970.006500"
            },
            {
                "user": "UCUSW7WVD",
                "ts": "1555831810.006900"
            }
        ],
        "reactions": [
            {
                "name": "heart",
                "users": [
                    "UC2A2ARPT",
                    "UD43R8ZFV"
                ],
                "count": 2
            }
        ]
    }
]