[
    {
        "client_msg_id": "e4ba2876-395e-44dc-b13f-7d6057be97fb",
        "type": "message",
        "text": "<http:\/\/metamodular.com\/Common-Lisp\/lispos.html>\n\n&gt; in most text books on operating systems, the concept of a process is presented as playing a central role in operating-system design, whereas it ought to be presented as an unfortunate necessity due to the limited address space of existing minicomputers in the 1970s\n\n&gt; The problem with a file is that it is only a sequence of bytes with no structure",
        "user": "U8A5MS6R1",
        "ts": "1556296624.000400",
        "thread_ts": "1556296624.000400",
        "reply_count": 5,
        "reply_users_count": 5,
        "latest_reply": "1556439885.002600",
        "reply_users": [
            "U5TCAFTD3",
            "U8A5MS6R1",
            "UCUSW7WVD",
            "UEQ6M68H0",
            "UA14TGLTC"
        ],
        "replies": [
            {
                "user": "U5TCAFTD3",
                "ts": "1556314468.000600"
            },
            {
                "user": "U8A5MS6R1",
                "ts": "1556321172.000800"
            },
            {
                "user": "UCUSW7WVD",
                "ts": "1556332358.001200"
            },
            {
                "user": "UEQ6M68H0",
                "ts": "1556432743.001900"
            },
            {
                "user": "UA14TGLTC",
                "ts": "1556439885.002600"
            }
        ],
        "reactions": [
            {
                "name": "heart",
                "users": [
                    "UCUSW7WVD",
                    "U7C7B75R6",
                    "UAJ9DV971",
                    "UA14TGLTC",
                    "UAVCC2X70"
                ],
                "count": 5
            }
        ]
    },
    {
        "client_msg_id": "8654ba2d-a072-4531-a8a5-1d759063715d",
        "type": "message",
        "text": "I really like this!",
        "user": "U5TCAFTD3",
        "ts": "1556314468.000600",
        "thread_ts": "1556296624.000400",
        "parent_user_id": "U8A5MS6R1"
    },
    {
        "client_msg_id": "46daa8ce-85f7-4f3b-bcd1-e64b1def4f4f",
        "type": "message",
        "text": "See also the hackernews discussion: <https:\/\/news.ycombinator.com\/item?id=19746122>. I posted links to Symbolics Genera and Domain\/OS which are historical systems similar to what is proposed.",
        "user": "U8A5MS6R1",
        "ts": "1556321172.000800",
        "thread_ts": "1556296624.000400",
        "parent_user_id": "U8A5MS6R1",
        "reactions": [
            {
                "name": "heart",
                "users": [
                    "UCUSW7WVD"
                ],
                "count": 1
            }
        ]
    },
    {
        "client_msg_id": "633282cf-6b66-4e1a-9009-920f9b88bc4b",
        "type": "message",
        "text": "Thanks for the reminder to go back to the HN thread. Gained a few great comments since my first look.\n\nLooks like one can’t download Virtualbox anymore :disappointed: (via <https:\/\/github.com\/froggey\/Mezzano>)",
        "user": "UCUSW7WVD",
        "ts": "1556332358.001200",
        "thread_ts": "1556296624.000400",
        "parent_user_id": "U8A5MS6R1"
    }
]