[
    {
        "client_msg_id": "6be6eeeb-2d94-4e44-898a-d43f53698e7b",
        "type": "message",
        "text": "<https:\/\/www.youtube.com\/watch?v=EPvgPJQnTaY>",
        "user": "UBSMEUXAA",
        "ts": "1555101227.000900",
        "attachments": [
            {
                "service_name": "YouTube",
                "service_url": "https:\/\/www.youtube.com\/",
                "title": "Pico Interactive's Zense - Depth-Sensing Multitouch Camera\/Projector, CES 2018 [4K Video]",
                "title_link": "https:\/\/www.youtube.com\/watch?v=EPvgPJQnTaY",
                "author_name": "Uniglobe Kisco",
                "author_link": "https:\/\/www.youtube.com\/channel\/UCe4t0DCxAogbECq8ZYTOXEg",
                "thumb_url": "https:\/\/i.ytimg.com\/vi\/EPvgPJQnTaY\/hqdefault.jpg",
                "thumb_width": 480,
                "thumb_height": 360,
                "fallback": "YouTube Video: Pico Interactive's Zense - Depth-Sensing Multitouch Camera\/Projector, CES 2018 [4K Video]",
                "video_html": "<iframe width=\"400\" height=\"225\" src=\"https:\/\/www.youtube.com\/embed\/EPvgPJQnTaY?feature=oembed&autoplay=1&iv_load_policy=3\" frameborder=\"0\" allow=\"accelerometer; autoplay; encrypted-media; gyroscope; picture-in-picture\" allowfullscreen><\/iframe>",
                "video_html_width": 400,
                "video_html_height": 225,
                "from_url": "https:\/\/www.youtube.com\/watch?v=EPvgPJQnTaY",
                "service_icon": "https:\/\/a.slack-edge.com\/2089\/img\/unfurl_icons\/youtube.png",
                "id": 1,
                "original_url": "https:\/\/www.youtube.com\/watch?v=EPvgPJQnTaY"
            }
        ],
        "reactions": [
            {
                "name": "+1",
                "users": [
                    "UHZNB3HRP"
                ],
                "count": 1
            }
        ]
    },
    {
        "client_msg_id": "eb729338-87f8-4e17-80b0-0f435e084807",
        "type": "message",
        "text": "Pretty impressive depth camera\\projector demo",
        "user": "UBSMEUXAA",
        "ts": "1555101244.001400"
    },
    {
        "client_msg_id": "d4f7dfa2-245e-402a-a58c-6973e6bb00ab",
        "type": "message",
        "text": "using <https:\/\/www.pico-interactive.com\/zense>",
        "user": "UBSMEUXAA",
        "ts": "1555101258.001600",
        "attachments": [
            {
                "title": "Pico Interactive | VR for all - instant, easy and ultra portable",
                "title_link": "https:\/\/www.pico-interactive.com\/zense",
                "text": "Pico makes VR headsets for everybody. Our all-in-one VR products are easy for people to just pick up and play. No wires, no phones, no hassle. Users first!",
                "fallback": "Pico Interactive | VR for all - instant, easy and ultra portable",
                "image_url": "https:\/\/static.wixstatic.com\/media\/d58d41_8eccc624deb6454caf9e2ec0f6ac641b%7Emv2.png",
                "from_url": "https:\/\/www.pico-interactive.com\/zense",
                "image_width": 334,
                "image_height": 250,
                "image_bytes": 106488,
                "service_icon": "https:\/\/static.wixstatic.com\/media\/f5ce29_a8a96d57fd804a0e873af9c4875cf27e%7Emv2_d_10418_10418_s_4_2.png\/v1\/fill\/w_32%2Ch_32%2Clg_1%2Cusm_0.66_1.00_0.01\/f5ce29_a8a96d57fd804a0e873af9c4875cf27e%7Emv2_d_10418_10418_s_4_2.png",
                "service_name": "pico-interactive.com",
                "id": 1,
                "original_url": "https:\/\/www.pico-interactive.com\/zense"
            }
        ]
    },
    {
        "client_msg_id": "4c057538-c771-4d2f-a106-c7058a2e2b23",
        "type": "message",
        "text": "It would be interesting to see this integrated in Dynamicland <@UCL9Q87P0>",
        "user": "UBSMEUXAA",
        "ts": "1555101301.002300"
    },
    {
        "client_msg_id": "3f4166bb-b63f-44c7-8569-3ae943950cb5",
        "type": "message",
        "text": "<https:\/\/amasad.me\/disintegrated>",
        "user": "U8A5MS6R1",
        "ts": "1555103297.002400",
        "attachments": [
            {
                "service_name": "amasad.me",
                "title": "Disintegrated Development Environments — How Did We Get Here?",
                "title_link": "https:\/\/amasad.me\/disintegrated",
                "text": "[_This essay is an adaptation of my talk at [Active Ingredients Conference](<http:\/\/activeingredients.info\/>)_] It's never been better for programmers, a team of 5 today can build projects and compani...",
                "fallback": "amasad.me: Disintegrated Development Environments — How Did We Get Here?",
                "thumb_url": "https:\/\/amasad.me\/public\/images\/interlisp.jpeg",
                "from_url": "https:\/\/amasad.me\/disintegrated",
                "thumb_width": 1024,
                "thumb_height": 768,
                "service_icon": "http:\/\/www.gravatar.com\/avatar\/03637ef1a5121222c8db0ed48c34e124.png?s=32",
                "id": 1,
                "original_url": "https:\/\/amasad.me\/disintegrated"
            }
        ]
    }
]