[
    {
        "client_msg_id": "0aaebd5a-f422-4537-9a7f-099bdae98936",
        "type": "message",
        "text": "Occlusion is a problem that doesn't happen with 2D node based systems",
        "user": "UBSMEUXAA",
        "ts": "1552884670.080900",
        "thread_ts": "1552762665.079300",
        "parent_user_id": "UFMD4TQMD"
    },
    {
        "client_msg_id": "642ce8a6-89b6-4bca-b874-dc198870c1f4",
        "type": "message",
        "text": "Either nodes occluding each other or nodes outside of view, following execution flow and structure can be hard in node based systems but it's harder in VR",
        "user": "UBSMEUXAA",
        "ts": "1552884767.081100",
        "thread_ts": "1552762665.079300",
        "parent_user_id": "UFMD4TQMD"
    },
    {
        "client_msg_id": "c90cc3ae-1140-4388-892d-dcb9463e7a3f",
        "type": "message",
        "text": "See NeosVR as an extreme example <https:\/\/youtu.be\/L66xMuvOTno>",
        "user": "UBSMEUXAA",
        "ts": "1552885051.081300",
        "attachments": [
            {
                "service_name": "YouTube",
                "service_url": "https:\/\/www.youtube.com\/",
                "title": "Neos Developer Tools",
                "title_link": "https:\/\/youtu.be\/L66xMuvOTno",
                "author_name": "tndStudios",
                "author_link": "https:\/\/www.youtube.com\/user\/tndStudios",
                "thumb_url": "https:\/\/i.ytimg.com\/vi\/L66xMuvOTno\/hqdefault.jpg",
                "thumb_width": 480,
                "thumb_height": 360,
                "fallback": "YouTube Video: Neos Developer Tools",
                "video_html": "<iframe width=\"400\" height=\"225\" src=\"https:\/\/www.youtube.com\/embed\/L66xMuvOTno?feature=oembed&autoplay=1&iv_load_policy=3\" frameborder=\"0\" allow=\"accelerometer; autoplay; encrypted-media; gyroscope; picture-in-picture\" allowfullscreen><\/iframe>",
                "video_html_width": 400,
                "video_html_height": 225,
                "from_url": "https:\/\/youtu.be\/L66xMuvOTno",
                "service_icon": "https:\/\/a.slack-edge.com\/2089\/img\/unfurl_icons\/youtube.png",
                "id": 1,
                "original_url": "https:\/\/youtu.be\/L66xMuvOTno"
            }
        ],
        "thread_ts": "1552762665.079300",
        "parent_user_id": "UFMD4TQMD"
    },
    {
        "client_msg_id": "2ecb08c4-c7cc-4b09-9086-d43aa1d3384e",
        "type": "message",
        "text": "Non-trivial logic is harder to follow",
        "user": "UBSMEUXAA",
        "ts": "1552885074.081600",
        "thread_ts": "1552762665.079300",
        "parent_user_id": "UFMD4TQMD",
        "reactions": [
            {
                "name": "100",
                "users": [
                    "UFMD4TQMD"
                ],
                "count": 1
            }
        ]
    }
]