[
    {
        "type": "message",
        "text": "terminology bikeshedding: I find this view taken by tiddlywiki to be kind of charming, as I often find generic terms get overloaded with overlapping definitions and implications from other applications of the same word. any opinions?",
        "files": [
            {
                "id": "FKBJ0J3UM",
                "created": 1559842991,
                "timestamp": 1559842991,
                "name": "Image from iOS.jpg",
                "title": "Image from iOS",
                "mimetype": "image\/jpeg",
                "filetype": "jpg",
                "pretty_type": "JPEG",
                "user": "UHWC9PXBL",
                "editable": false,
                "size": 76033,
                "mode": "hosted",
                "is_external": false,
                "external_type": "",
                "is_public": true,
                "public_url_shared": false,
                "display_as_bot": false,
                "username": "",
                "url_private": "https:\/\/files.slack.com\/files-pri\/T5TCAFTA9-FKBJ0J3UM\/image_from_ios.jpg?t=xoxe-197418537349-653683177169-653683177233-23343e578426a323e5fb905bbe2173fe",
                "url_private_download": "https:\/\/files.slack.com\/files-pri\/T5TCAFTA9-FKBJ0J3UM\/download\/image_from_ios.jpg?t=xoxe-197418537349-653683177169-653683177233-23343e578426a323e5fb905bbe2173fe",
                "thumb_64": "https:\/\/files.slack.com\/files-tmb\/T5TCAFTA9-FKBJ0J3UM-c6018b8446\/image_from_ios_64.jpg?t=xoxe-197418537349-653683177169-653683177233-23343e578426a323e5fb905bbe2173fe",
                "thumb_80": "https:\/\/files.slack.com\/files-tmb\/T5TCAFTA9-FKBJ0J3UM-c6018b8446\/image_from_ios_80.jpg?t=xoxe-197418537349-653683177169-653683177233-23343e578426a323e5fb905bbe2173fe",
                "thumb_360": "https:\/\/files.slack.com\/files-tmb\/T5TCAFTA9-FKBJ0J3UM-c6018b8446\/image_from_ios_360.jpg?t=xoxe-197418537349-653683177169-653683177233-23343e578426a323e5fb905bbe2173fe",
                "thumb_360_w": 360,
                "thumb_360_h": 156,
                "thumb_480": "https:\/\/files.slack.com\/files-tmb\/T5TCAFTA9-FKBJ0J3UM-c6018b8446\/image_from_ios_480.jpg?t=xoxe-197418537349-653683177169-653683177233-23343e578426a323e5fb905bbe2173fe",
                "thumb_480_w": 480,
                "thumb_480_h": 209,
                "thumb_160": "https:\/\/files.slack.com\/files-tmb\/T5TCAFTA9-FKBJ0J3UM-c6018b8446\/image_from_ios_160.jpg?t=xoxe-197418537349-653683177169-653683177233-23343e578426a323e5fb905bbe2173fe",
                "thumb_720": "https:\/\/files.slack.com\/files-tmb\/T5TCAFTA9-FKBJ0J3UM-c6018b8446\/image_from_ios_720.jpg?t=xoxe-197418537349-653683177169-653683177233-23343e578426a323e5fb905bbe2173fe",
                "thumb_720_w": 720,
                "thumb_720_h": 313,
                "thumb_800": "https:\/\/files.slack.com\/files-tmb\/T5TCAFTA9-FKBJ0J3UM-c6018b8446\/image_from_ios_800.jpg?t=xoxe-197418537349-653683177169-653683177233-23343e578426a323e5fb905bbe2173fe",
                "thumb_800_w": 800,
                "thumb_800_h": 348,
                "thumb_960": "https:\/\/files.slack.com\/files-tmb\/T5TCAFTA9-FKBJ0J3UM-c6018b8446\/image_from_ios_960.jpg?t=xoxe-197418537349-653683177169-653683177233-23343e578426a323e5fb905bbe2173fe",
                "thumb_960_w": 960,
                "thumb_960_h": 417,
                "thumb_1024": "https:\/\/files.slack.com\/files-tmb\/T5TCAFTA9-FKBJ0J3UM-c6018b8446\/image_from_ios_1024.jpg?t=xoxe-197418537349-653683177169-653683177233-23343e578426a323e5fb905bbe2173fe",
                "thumb_1024_w": 1024,
                "thumb_1024_h": 445,
                "image_exif_rotation": 1,
                "original_w": 1125,
                "original_h": 489,
                "permalink": "https:\/\/futureofcoding.slack.com\/files\/UHWC9PXBL\/FKBJ0J3UM\/image_from_ios.jpg",
                "permalink_public": "https:\/\/slack-files.com\/T5TCAFTA9-FKBJ0J3UM-d7205bb1f5",
                "has_rich_preview": false
            }
        ],
        "upload": true,
        "user": "UHWC9PXBL",
        "display_as_bot": false,
        "ts": "1559842991.002900",
        "edited": {
            "user": "UHWC9PXBL",
            "ts": "1559843009.000000"
        },
        "client_msg_id": "BBD5ACD0-208C-4E0D-9B56-886001C8B953",
        "thread_ts": "1559842991.002900",
        "reply_count": 2,
        "reply_users_count": 2,
        "latest_reply": "1559929961.004900",
        "reply_users": [
            "UJUGB1XGD",
            "UHWC9PXBL"
        ],
        "replies": [
            {
                "user": "UJUGB1XGD",
                "ts": "1559857317.003700"
            },
            {
                "user": "UHWC9PXBL",
                "ts": "1559929961.004900"
            }
        ],
        "reactions": [
            {
                "name": "grinning",
                "users": [
                    "U6KQ2S410",
                    "UEGFXUK3M"
                ],
                "count": 2
            },
            {
                "name": "+1",
                "users": [
                    "UCUSW7WVD",
                    "UJUGB1XGD",
                    "UEQ7QL15F",
                    "UEGFXUK3M"
                ],
                "count": 4
            }
        ]
    },
    {
        "client_msg_id": "0b539a4a-78a8-48c0-89a6-e70f1a11d32e",
        "type": "message",
        "text": "This might just be my Urbit professional background, but I certainly also prefer confusing unfamiliar terminology to confusingly familiar terminology",
        "user": "UJUGB1XGD",
        "ts": "1559857317.003700",
        "edited": {
            "user": "UJUGB1XGD",
            "ts": "1559857328.000000"
        },
        "thread_ts": "1559842991.002900",
        "parent_user_id": "UHWC9PXBL"
    }
]