[
    {
        "client_msg_id": "f1d7c112-e672-40a4-8086-091891fc1c66",
        "type": "message",
        "text": "<https:\/\/www.youtube.com\/watch?v=ajNxEVC9nwA>",
        "user": "UFMD4TQMD",
        "ts": "1552762665.079300",
        "attachments": [
            {
                "service_name": "YouTube",
                "service_url": "https:\/\/www.youtube.com\/",
                "title": "How To Rec Room - State Machines",
                "title_link": "https:\/\/www.youtube.com\/watch?v=ajNxEVC9nwA",
                "author_name": "Rec Room",
                "author_link": "https:\/\/www.youtube.com\/channel\/UC2uxjIodAjLGgdeZTVa5-KA",
                "thumb_url": "https:\/\/i.ytimg.com\/vi\/ajNxEVC9nwA\/hqdefault.jpg",
                "thumb_width": 480,
                "thumb_height": 360,
                "fallback": "YouTube Video: How To Rec Room - State Machines",
                "video_html": "<iframe width=\"400\" height=\"225\" src=\"https:\/\/www.youtube.com\/embed\/ajNxEVC9nwA?feature=oembed&autoplay=1&iv_load_policy=3\" frameborder=\"0\" allow=\"accelerometer; autoplay; encrypted-media; gyroscope; picture-in-picture\" allowfullscreen><\/iframe>",
                "video_html_width": 400,
                "video_html_height": 225,
                "from_url": "https:\/\/www.youtube.com\/watch?v=ajNxEVC9nwA",
                "service_icon": "https:\/\/a.slack-edge.com\/2089\/img\/unfurl_icons\/youtube.png",
                "id": 1,
                "original_url": "https:\/\/www.youtube.com\/watch?v=ajNxEVC9nwA"
            }
        ],
        "thread_ts": "1552762665.079300",
        "reply_count": 9,
        "reply_users_count": 4,
        "latest_reply": "1552956821.082800",
        "reply_users": [
            "UFMD4TQMD",
            "UA14TGLTC",
            "UBSMEUXAA",
            "UD6EXQVM0"
        ],
        "replies": [
            {
                "user": "UFMD4TQMD",
                "ts": "1552762841.079500"
            },
            {
                "user": "UA14TGLTC",
                "ts": "1552769555.080300"
            },
            {
                "user": "UBSMEUXAA",
                "ts": "1552884670.080900"
            },
            {
                "user": "UBSMEUXAA",
                "ts": "1552884767.081100"
            },
            {
                "user": "UBSMEUXAA",
                "ts": "1552885051.081300"
            },
            {
                "user": "UBSMEUXAA",
                "ts": "1552885074.081600"
            },
            {
                "user": "UD6EXQVM0",
                "ts": "1552921092.081900"
            },
            {
                "user": "UD6EXQVM0",
                "ts": "1552921557.082500"
            },
            {
                "user": "UA14TGLTC",
                "ts": "1552956821.082800"
            }
        ],
        "reactions": [
            {
                "name": "+1",
                "users": [
                    "UBSMEUXAA",
                    "UA14TGLTC"
                ],
                "count": 2
            }
        ]
    },
    {
        "client_msg_id": "b2795a80-1070-4153-bda4-6b40b11959d5",
        "type": "message",
        "text": "Fun lil state machine tools in VR interface\/game, somehow seem to end up with worst of both worlds as far as ux goes, but do expect some fun stuff to be made with it regardless",
        "user": "UFMD4TQMD",
        "ts": "1552762841.079500",
        "thread_ts": "1552762665.079300",
        "parent_user_id": "UFMD4TQMD"
    },
    {
        "client_msg_id": "27581c68-a0c0-4583-bc8d-f73a1348e5ff",
        "type": "message",
        "text": "At least these experiments are exciting.  For me, nodes in space vs nodes on a screen feel shockingly different.  Space has much more room to fit stuff.  Of course, the physical world (let alone low-res VR) suffers from the messy room problem.",
        "user": "UA14TGLTC",
        "ts": "1552769555.080300",
        "thread_ts": "1552762665.079300",
        "parent_user_id": "UFMD4TQMD"
    }
]