[
    {
        "client_msg_id": "ABCC6E6C-EC05-4479-8CE4-E98ABFC153ED",
        "type": "message",
        "text": "Hi all, apologies if this is a bit random. I’m struggling a bit with motivation.\n\nSpecifically, getting psyched and motivated enough to consistently work on self-study every evening after work or on weekends (pretty much the only free time I have). I feel tired out at those times and need to somehow get myself to focus, even if just for a short time.\n\nCan anyone recommend a place I might find a motivation buddy? Like someone who also wants to put in consistent effort towards a goal, so we can remind and motivate each other? Maybe one of you are in a similar place and would like to pair up?\n\nOr also, any apps, etc that might help? Or even a simple motivation technique?\n\nThanks ahead of time for any help you can offer!",
        "user": "UCSJ44X1S",
        "ts": "1548428674.083800",
        "edited": {
            "user": "UCSJ44X1S",
            "ts": "1548428811.000000"
        },
        "thread_ts": "1548428674.083800",
        "reply_count": 22,
        "reply_users_count": 7,
        "latest_reply": "1549057694.168200",
        "reply_users": [
            "UCKRZS3DZ",
            "UDYGH7K8V",
            "U5STGTB3J",
            "UEDDR6L5Q",
            "UCSJ44X1S",
            "UCXR52MU2",
            "UDJ8A6RNH"
        ],
        "replies": [
            {
                "user": "UCKRZS3DZ",
                "ts": "1548429498.087100"
            },
            {
                "user": "UDYGH7K8V",
                "ts": "1548429798.090400"
            },
            {
                "user": "U5STGTB3J",
                "ts": "1548431000.104700"
            },
            {
                "user": "UDYGH7K8V",
                "ts": "1548432877.105000"
            },
            {
                "user": "U5STGTB3J",
                "ts": "1548438516.107100"
            },
            {
                "user": "UDYGH7K8V",
                "ts": "1548440320.107400"
            },
            {
                "user": "UEDDR6L5Q",
                "ts": "1548503779.108500"
            },
            {
                "user": "UCSJ44X1S",
                "ts": "1548552298.109400"
            },
            {
                "user": "UCSJ44X1S",
                "ts": "1548552361.109600"
            },
            {
                "user": "UCSJ44X1S",
                "ts": "1548552437.109800"
            },
            {
                "user": "UCXR52MU2",
                "ts": "1548554626.110600"
            },
            {
                "user": "UCXR52MU2",
                "ts": "1548554677.110800"
            },
            {
                "user": "UCXR52MU2",
                "ts": "1548554716.111000"
            },
            {
                "user": "UDJ8A6RNH",
                "ts": "1548571258.111200"
            },
            {
                "user": "UDJ8A6RNH",
                "ts": "1548571321.111400"
            },
            {
                "user": "UCSJ44X1S",
                "ts": "1548601856.111900"
            },
            {
                "user": "UCSJ44X1S",
                "ts": "1548602917.112800"
            },
            {
                "user": "UCSJ44X1S",
                "ts": "1548602934.113000"
            },
            {
                "user": "UCSJ44X1S",
                "ts": "1548621080.113700"
            },
            {
                "user": "UDJ8A6RNH",
                "ts": "1548698982.114000"
            },
            {
                "user": "UCSJ44X1S",
                "ts": "1549057150.167600"
            },
            {
                "user": "UCXR52MU2",
                "ts": "1549057694.168200"
            }
        ]
    },
    {
        "client_msg_id": "1a25997e-c331-4df5-92c9-23c607e71b76",
        "type": "message",
        "text": "Hey! I have similar problem: I need to study after work and weekends for university application. I could be your motivation buddy, I guess. It also might be a bad idea due to timezone difference.\n\nI recently started to read a book called \"Atomic Habits\" by James Clear. Author says that people don't achieve their goals not because they lack motivation, but rather because they haven't organized their work properly, didn't adopted necessary habits.",
        "user": "UCKRZS3DZ",
        "ts": "1548429498.087100",
        "edited": {
            "user": "UCKRZS3DZ",
            "ts": "1548429522.000000"
        },
        "thread_ts": "1548428674.083800",
        "parent_user_id": "UCSJ44X1S",
        "reactions": [
            {
                "name": "+1",
                "users": [
                    "UCXR52MU2",
                    "UCSJ44X1S"
                ],
                "count": 2
            }
        ]
    },
    {
        "client_msg_id": "b588710a-9dc8-4914-a417-0a8f13ed218c",
        "type": "message",
        "text": "I’m using an app called `Habits` (iOS, but I’m sure there are equivalents elsewhere) based on Jerry Seinfelds ‘one joke a day’ streak idea.\n\nI try to make my habits as small as possible (`Log my reading for the day, even if its nothing`, `stretch`, `write 20 mins`). The trick is to start doing the thing with enough time to extend it. So I start my 20 mins of writing an hour before I have to do anything else. And sometimes I quit after 20 minutes and thats all I’ve got. But sometimes I can do the full 60.\n\nand I forgive myself when I fall down, life happens :man-shrugging:",
        "user": "UDYGH7K8V",
        "ts": "1548429798.090400",
        "thread_ts": "1548428674.083800",
        "parent_user_id": "UCSJ44X1S"
    },
    {
        "client_msg_id": "D6C8D393-BAFB-40F9-B374-6AFCF95E1626",
        "type": "message",
        "text": "I’m trying to install two new similar habits myself — (a) writing code daily and (b) publishing work in progress (aka blogging) — with limited success so far. I’ve been able to implement successful exercise and reading habits last year with the help of small apps like Seven (<http:\/\/7minworkoutapp.net\/>) and Streaks (<https:\/\/streaks.app\/>). Honestly, the apps just help a tiny little bit, and the main point is you need to somehow manage to install those activities in your day, ideally attaching them to something you already do every day (like brushing your teeth or taking a shower). \n\n+1 for Atomic Habits. Haven’t read the book, but I’ve been reading the author’s blog for a while.\n\nI’d love to see more happening here in this forum where we support each other with our projects or our output. Something like the <#CCL5VVBAN|feedback> channel is in that spirit, but I’m sure there’s more we could do.\n\nWhen I was at the Recurse Center (<http:\/\/recurse.com|recurse.com>) we did daily check-ins. That’s basically like a Scrum stand-up where everybody present just gives a quick overview of what they did yesterday, will do today, and challenges they could use help with or would like to pair(-program) on. That often surfaced helpful advice and spontaneous study groups and helped keep motivation levels up.\nMaybe there’s a similar format that works virtually and across time zones?\n\nI’m in London, UK and also happy to experiment locally, if anybody wants to meet.",
        "user": "U5STGTB3J",
        "ts": "1548431000.104700",
        "thread_ts": "1548428674.083800",
        "parent_user_id": "UCSJ44X1S",
        "reactions": [
            {
                "name": "+1",
                "users": [
                    "UCKRZS3DZ",
                    "UCSJ44X1S",
                    "UCXR52MU2"
                ],
                "count": 3
            }
        ]
    },
    {
        "client_msg_id": "ace23fa9-872c-4600-9bba-7f1c63bd292d",
        "type": "message",
        "text": "I tried to make a #daily-checkins channel, but it seems I can only make it private (<@U5TCAFTD3>, is it only admins that can make public channels or am I missing something?)",
        "user": "UDYGH7K8V",
        "ts": "1548432877.105000",
        "edited": {
            "user": "UDYGH7K8V",
            "ts": "1548432888.000000"
        },
        "thread_ts": "1548428674.083800",
        "parent_user_id": "UCSJ44X1S"
    },
    {
        "client_msg_id": "2C42069E-C1EF-49CB-9770-207820357D97",
        "type": "message",
        "text": "Thanks for pushing this forward so swiftly! Maybe it should just be #checkins and we’ll leave the frequency up to each individual’s personal preference?",
        "user": "U5STGTB3J",
        "ts": "1548438516.107100",
        "thread_ts": "1548428674.083800",
        "parent_user_id": "UCSJ44X1S",
        "reactions": [
            {
                "name": "point_up",
                "users": [
                    "UDYGH7K8V",
                    "UCSJ44X1S",
                    "UCXR52MU2"
                ],
                "count": 3
            }
        ]
    },
    {
        "client_msg_id": "0e1dc2d4-81f0-4b1e-bc6e-e7e01ab2be25",
        "type": "message",
        "text": "good idea",
        "user": "UDYGH7K8V",
        "ts": "1548440320.107400",
        "thread_ts": "1548428674.083800",
        "parent_user_id": "UCSJ44X1S"
    }
]