[
    {
        "client_msg_id": "1a42382a-fbd8-407f-b91a-cc858bff292c",
        "type": "message",
        "text": "That is why I think one way to design a \"better\" programming experience, is to not target existing programmers, but new incoming programmers with a fresh creative mind. Existing\/professionnal programmers will follow next if the designed new programming experience is efficient in regard to their buisness. So target children and hobbyists first, make them have fun and ensure programming is easy for them (yet \"serious\" programming). And better: let's those new creative minds bring their ideas of a better way to do programming.",
        "user": "UJ6LDMMN0",
        "ts": "1557304539.042600",
        "reactions": [
            {
                "name": "+1",
                "users": [
                    "UCGAK10LS",
                    "UAVCC2X70",
                    "UD69XQ9J8"
                ],
                "count": 3
            },
            {
                "name": "clap",
                "users": [
                    "UCGAK10LS",
                    "UD69XQ9J8"
                ],
                "count": 2
            },
            {
                "name": "100",
                "users": [
                    "UFMD4TQMD",
                    "UBSMEUXAA",
                    "UD69XQ9J8",
                    "U8A5MS6R1"
                ],
                "count": 4
            }
        ]
    },
    {
        "client_msg_id": "afb222c7-15c3-43a6-8b68-1e2d1495e94a",
        "type": "message",
        "text": "I can't wait to see what the generation that grows up with \"fixed programming\" will do in an attempt to fix it further :hushed:",
        "user": "UCGAK10LS",
        "ts": "1557308972.043900"
    },
    {
        "client_msg_id": "1c3cc7ab-1197-461d-98f6-2360d89e5812",
        "type": "message",
        "text": "our minds are poisoned by decades of the status quo",
        "user": "UCGAK10LS",
        "ts": "1557309005.044300",
        "reactions": [
            {
                "name": "+1",
                "users": [
                    "UJ6LDMMN0",
                    "UAL7940NM",
                    "UAVCC2X70",
                    "UBSMEUXAA"
                ],
                "count": 4
            }
        ]
    },
    {
        "client_msg_id": "5c892764-a740-4952-9176-97ee73539fc2",
        "type": "message",
        "text": "Seems like most people aren't seeing the \"bigger picture\" and therefore just achieve local maxima. At Google IO yesterday they showed that their new smart speaker thing can pause music when you make a certain gesture (<https:\/\/youtu.be\/lyRPyRKHO8M?t=4604>). In the video, the woman gets called on her smartphone and then uses a gesture to pause the music. Probably better than a voice command, but they won't get my applause until they either forward the call to the smart speaker or reduce music volume automatically when the smartphone gets called. It's 2019 and two devices used by the same person in the same room still can't cooperate on something like this. That's kind of embarrassing, isn't it?\nAnyway, the crowd seemed to love it...",
        "user": "UAL7940NM",
        "ts": "1557319713.052600",
        "edited": {
            "user": "UAL7940NM",
            "ts": "1557319721.000000"
        },
        "thread_ts": "1557319713.052600",
        "reply_count": 1,
        "reply_users_count": 1,
        "latest_reply": "1557425784.065800",
        "reply_users": [
            "UBSMEUXAA"
        ],
        "replies": [
            {
                "user": "UBSMEUXAA",
                "ts": "1557425784.065800"
            }
        ]
    },
    {
        "client_msg_id": "101b19c4-dada-4952-a12f-89ecee0e21b0",
        "type": "message",
        "text": "it's kind of Conway's law but for features: organizations which design systems ... are constrained to produce designs which are copies of the communication structures of these organizations.",
        "user": "UBN9AFS0N",
        "ts": "1557321078.053300",
        "reactions": [
            {
                "name": "point_up",
                "users": [
                    "UA14TGLTC",
                    "UBSMEUXAA"
                ],
                "count": 2
            }
        ]
    },
    {
        "client_msg_id": "b1b7779c-2209-4025-a027-741d039fdbb2",
        "type": "message",
        "text": "instead of getting the notice from her phone to the speaker that there's a call, she has to actively tell the speaker, because for the speaker team it was easier to detect a gesture in 3D than to integrate a feature with android",
        "user": "UBN9AFS0N",
        "ts": "1557321118.054200"
    },
    {
        "client_msg_id": "772f4bcc-00dd-4614-b8cf-4176b9729e1c",
        "type": "message",
        "text": "one step further, that shouldn't be a feature to implement at all, there should be a way to say \"when a call is accepted in my phone and I'm in the same room as one of my speakers pause the music of those speakers and ask me if I want to put the call on those speakers\"",
        "user": "UBN9AFS0N",
        "ts": "1557321272.056200"
    },
    {
        "client_msg_id": "8663e724-5d70-4e86-bf18-0f9af644f9a2",
        "type": "message",
        "text": "Two thoughts on that idea:\n\n1.The idea of blurring the line between interaction and programming, but applied to interconnected devices. E.g. ability to grab hold of the sequence of events (the call comes when music is playing, and you silence the music and\/or redirect the call), and make it a \"function\" that's triggered on those events.\n\n2. <http:\/\/worrydream.com\/MagicInk\/#engineering_inference_from_the_environment>\n\n3. Maybe a combination: I noticed that you always do x and y when a call comes and your music is playing. Do you want me to do that for you automatically next time?",
        "user": "UAVCC2X70",
        "ts": "1557335600.064300",
        "edited": {
            "user": "UAVCC2X70",
            "ts": "1557339518.000000"
        }
    }
]