[
    {
        "client_msg_id": "a58f10e6-ccea-44ca-bb45-23efcf6f2fa9",
        "type": "message",
        "text": "Someone my girlfriend thinks highly of is about to do YC for an AI &amp; IoT company and is looking for their lead engineer \/ CTO. (It's not really related to this group, but I just thought I'd post here anyways because who knows?) <https:\/\/angel.co\/company\/buildstream1\/jobs\/530751-lead-engineer>",
        "user": "U5TCAFTD3",
        "ts": "1559226586.003200",
        "edited": {
            "user": "U5TCAFTD3",
            "ts": "1559226597.000000"
        }
    }
]