[
    {
        "user": "U5TCAFTD3",
        "type": "message",
        "subtype": "channel_join",
        "ts": "1551440222.000200",
        "text": "<@U5TCAFTD3> has joined the channel"
    },
    {
        "user": "UF6RLAL7J",
        "type": "message",
        "subtype": "channel_join",
        "ts": "1551441015.000400",
        "text": "<@UF6RLAL7J> has joined the channel"
    },
    {
        "user": "UFW3LB2KA",
        "type": "message",
        "subtype": "channel_join",
        "ts": "1551441024.000600",
        "text": "<@UFW3LB2KA> has joined the channel"
    },
    {
        "user": "UBRS4E6B1",
        "type": "message",
        "subtype": "channel_join",
        "ts": "1551441046.000800",
        "text": "<@UBRS4E6B1> has joined the channel"
    },
    {
        "user": "UEKEQGB9C",
        "type": "message",
        "subtype": "channel_join",
        "ts": "1551441049.001100",
        "text": "<@UEKEQGB9C> has joined the channel"
    },
    {
        "user": "UEGFXUK3M",
        "type": "message",
        "subtype": "channel_join",
        "ts": "1551441077.001700",
        "text": "<@UEGFXUK3M> has joined the channel"
    },
    {
        "user": "UBN9AFS0N",
        "type": "message",
        "subtype": "channel_join",
        "ts": "1551441219.001900",
        "text": "<@UBN9AFS0N> has joined the channel"
    },
    {
        "user": "UEG9ECNSU",
        "type": "message",
        "subtype": "channel_join",
        "ts": "1551441242.002100",
        "text": "<@UEG9ECNSU> has joined the channel"
    },
    {
        "client_msg_id": "8e3ac5a6-836e-4ec2-8abf-0439aadd2e59",
        "type": "message",
        "text": "I’m going on a Californian job hunt in March. I’ll be in\nLA 12th - 20th\nSF 20th - 27th\n\nI’m a developer \/ designer, interested in interaction design, music, and education.\nI did an internship at Alex Warth’s YCR\/HARC programming languages research group where I built these:\n<https:\/\/arthurcarabott.com\/konnakkol\/>\n<https:\/\/arthurcarabott.com\/mui\/>\n\ncontact: <mailto:arthur@arthurcarabott.com|arthur@arthurcarabott.com>",
        "user": "UBRS4E6B1",
        "ts": "1551441260.002300",
        "edited": {
            "user": "UBRS4E6B1",
            "ts": "1551441870.000000"
        },
        "thread_ts": "1551441260.002300",
        "reply_count": 2,
        "reply_users_count": 2,
        "latest_reply": "1551611146.008900",
        "reply_users": [
            "UGMH4H202",
            "U79HM6726"
        ],
        "replies": [
            {
                "user": "UGMH4H202",
                "ts": "1551562089.008200"
            },
            {
                "user": "U79HM6726",
                "ts": "1551611146.008900"
            }
        ],
        "reactions": [
            {
                "name": "heart",
                "users": [
                    "U5TCAFTD3",
                    "UF6RLAL7J"
                ],
                "count": 2
            },
            {
                "name": "briefcase",
                "users": [
                    "UEGFXUK3M"
                ],
                "count": 1
            },
            {
                "name": "wave",
                "users": [
                    "UF6RLAL7J",
                    "U79HM6726"
                ],
                "count": 2
            }
        ]
    },
    {
        "user": "UCKRZS3DZ",
        "type": "message",
        "subtype": "channel_join",
        "ts": "1551441283.002700",
        "text": "<@UCKRZS3DZ> has joined the channel"
    },
    {
        "user": "UDRQ4V0CT",
        "type": "message",
        "subtype": "channel_join",
        "ts": "1551441639.003000",
        "text": "<@UDRQ4V0CT> has joined the channel"
    },
    {
        "user": "UF71PR58X",
        "type": "message",
        "subtype": "channel_join",
        "ts": "1551441693.003200",
        "text": "<@UF71PR58X> has joined the channel"
    },
    {
        "user": "UE1JQM9HQ",
        "type": "message",
        "subtype": "channel_join",
        "ts": "1551441749.003400",
        "text": "<@UE1JQM9HQ> has joined the channel"
    },
    {
        "user": "UF5PAGQQ4",
        "type": "message",
        "subtype": "channel_join",
        "ts": "1551443882.004000",
        "text": "<@UF5PAGQQ4> has joined the channel"
    },
    {
        "user": "UC25BN0RW",
        "type": "message",
        "subtype": "channel_join",
        "ts": "1551445686.004300",
        "text": "<@UC25BN0RW> has joined the channel"
    },
    {
        "user": "U8KUK98QP",
        "type": "message",
        "subtype": "channel_join",
        "ts": "1551451556.004500",
        "text": "<@U8KUK98QP> has joined the channel"
    },
    {
        "user": "UG91ZQ26P",
        "type": "message",
        "subtype": "channel_join",
        "ts": "1551451820.004700",
        "text": "<@UG91ZQ26P> has joined the channel"
    },
    {
        "user": "UBWT66AGN",
        "type": "message",
        "subtype": "channel_join",
        "ts": "1551452047.004900",
        "text": "<@UBWT66AGN> has joined the channel"
    },
    {
        "user": "U85HCL7JP",
        "type": "message",
        "subtype": "channel_join",
        "ts": "1551453221.005100",
        "text": "<@U85HCL7JP> has joined the channel"
    },
    {
        "user": "UC21F8Q48",
        "type": "message",
        "subtype": "channel_join",
        "ts": "1551455285.005300",
        "text": "<@UC21F8Q48> has joined the channel"
    },
    {
        "user": "UEQG5HC1W",
        "type": "message",
        "subtype": "channel_join",
        "ts": "1551457130.005500",
        "text": "<@UEQG5HC1W> has joined the channel"
    }
]