[
    {
        "client_msg_id": "96a3d8b6-eb8a-495d-af23-19125ebdb00c",
        "type": "message",
        "text": "Hi Arthur, does the pro-audio field interest you?\nMy company Sound Radix (<https:\/\/www.soundradix.com>) develops innovative problem-solving plugins for the pro niche that our loved by our users (<https:\/\/twitter.com\/Starpiss\/status\/1070995910304415744> etc) :slightly_smiling_face:",
        "user": "U79HM6726",
        "ts": "1551611146.008900",
        "attachments": [
            {
                "title": "Sound Radix",
                "title_link": "https:\/\/www.soundradix.com\/",
                "text": "We create cutting-edge audio plugins for music creators and sound designers. Compatible with VST, AAX and Audio-Unit plug-ins for Mac &amp; PC.",
                "fallback": "Sound Radix",
                "thumb_url": "https:\/\/assets.soundradix.com\/static\/sr_base\/img\/aboutbg.eb6e9eadc7b4.jpg",
                "from_url": "https:\/\/www.soundradix.com\/",
                "thumb_width": 1600,
                "thumb_height": 400,
                "service_icon": "https:\/\/assets.soundradix.com\/static\/favicon.461be5acbcd4.ico",
                "service_name": "soundradix.com",
                "id": 1,
                "original_url": "https:\/\/www.soundradix.com"
            },
            {
                "fallback": "<https:\/\/twitter.com\/Starpiss|@Starpiss>: What an exciting day :sob: using Auto Align Post for the first time. My life is forever changed. <https:\/\/pbs.twimg.com\/media\/DtzxERRWsAE_VaC.jpg>",
                "ts": 1544180297,
                "author_name": "Vanessa Rachel Kanaan",
                "author_link": "https:\/\/twitter.com\/Starpiss\/status\/1070995910304415744",
                "author_icon": "https:\/\/pbs.twimg.com\/profile_images\/1025360978186317825\/sKNsDvpv_normal.jpg",
                "author_subname": "@Starpiss",
                "text": "What an exciting day :sob: using Auto Align Post for the first time. My life is forever changed. <https:\/\/pbs.twimg.com\/media\/DtzxERRWsAE_VaC.jpg>",
                "service_name": "twitter",
                "service_url": "https:\/\/twitter.com\/",
                "from_url": "https:\/\/twitter.com\/Starpiss\/status\/1070995910304415744",
                "image_url": "https:\/\/pbs.twimg.com\/media\/DtzxERRWsAE_VaC.jpg",
                "image_width": 900,
                "image_height": 1200,
                "image_bytes": 170146,
                "id": 2,
                "original_url": "https:\/\/twitter.com\/Starpiss\/status\/1070995910304415744",
                "footer": "Twitter",
                "footer_icon": "https:\/\/a.slack-edge.com\/6e067\/img\/services\/twitter_pixel_snapped_32.png"
            }
        ],
        "thread_ts": "1551441260.002300",
        "parent_user_id": "UBRS4E6B1"
    }
]