[
    {
        "client_msg_id": "5e2e8d28-5bd6-474e-86de-5088887249f4",
        "type": "message",
        "text": "<@U7PH857FB> at Universe (interview on the podcast) is hiring remote! <https:\/\/twitter.com\/josephcohen\/status\/1134447818763112448?s=19>",
        "user": "U5TCAFTD3",
        "ts": "1559395372.006500",
        "attachments": [
            {
                "fallback": "<https:\/\/twitter.com\/josephcohen|@josephcohen>: Want to live in the woods (or anywhere), invent creative interfaces, and build a new internet? \n\nWe’re looking for a designer <https:\/\/twitter.com\/onuniverse|@onuniverse>. Email me: <mailto:joseph@onuniverse.com|joseph@onuniverse.com>.",
                "ts": 1559308411,
                "author_name": "Joseph Cohen",
                "author_link": "https:\/\/twitter.com\/josephcohen\/status\/1134447818763112448",
                "author_icon": "https:\/\/pbs.twimg.com\/profile_images\/996400373916037121\/4ShYlCnO_normal.jpg",
                "author_subname": "@josephcohen",
                "text": "Want to live in the woods (or anywhere), invent creative interfaces, and build a new internet? \n\nWe’re looking for a designer <https:\/\/twitter.com\/onuniverse|@onuniverse>. Email me: <mailto:joseph@onuniverse.com|joseph@onuniverse.com>.",
                "service_name": "twitter",
                "service_url": "https:\/\/twitter.com\/",
                "from_url": "https:\/\/twitter.com\/josephcohen\/status\/1134447818763112448?s=19",
                "id": 1,
                "original_url": "https:\/\/twitter.com\/josephcohen\/status\/1134447818763112448?s=19",
                "footer": "Twitter",
                "footer_icon": "https:\/\/a.slack-edge.com\/6e067\/img\/services\/twitter_pixel_snapped_32.png"
            }
        ]
    }
]