[
    {
        "client_msg_id": "a4b3159a-dfd8-4b3d-af23-2905f17af5cd",
        "type": "message",
        "text": "really looking forward to meeting Mr. Krouse and the other FofC members. Oakland has a lot of tech growing in it, has nicer weather than SF most days of the week, and although our City's reputation could use a serious PR fix, i do enjoy the slower pace of things in the east bay.",
        "user": "UEQ6M68H0",
        "ts": "1551607025.002400",
        "thread_ts": "1551180488.002400",
        "parent_user_id": "U5TCAFTD3",
        "reactions": [
            {
                "name": "+1",
                "users": [
                    "U5TCAFTD3",
                    "UGMH4H202"
                ],
                "count": 2
            }
        ]
    },
    {
        "client_msg_id": "539733db-40a6-4e08-86eb-7b00741a7b63",
        "type": "message",
        "text": "24th happening then? :slightly_smiling_face:",
        "user": "UBRS4E6B1",
        "ts": "1551627538.002700",
        "thread_ts": "1551180488.002400",
        "parent_user_id": "U5TCAFTD3"
    },
    {
        "client_msg_id": "d1633814-0c7c-45dd-aea8-b4a3d6ccdd7c",
        "type": "message",
        "text": "What time on the 24th?",
        "user": "UBSMEUXAA",
        "ts": "1551632619.002900",
        "thread_ts": "1551180488.002400",
        "parent_user_id": "U5TCAFTD3"
    }
]