[
    {
        "client_msg_id": "0f29e2c6-52a2-4e4a-bbe2-8560c523ca8f",
        "type": "message",
        "text": "<!channel> we are confirmed for a meetup at Dynamicland! Very exciting! :confetti_ball:\n\nDate: March 24\nTime: 3-6pm\nLocation: 469 9th Street, Oakland, CA, USA\n\n<@UCL9Q87P0> is giving at tour at 3:15 so be sure to show up on time!",
        "user": "U5TCAFTD3",
        "ts": "1551959880.004800"
    },
    {
        "client_msg_id": "021a2d2b-6e51-4ec1-9282-7820ac08578e",
        "type": "message",
        "text": "great news! thanks for organising <@U5TCAFTD3>",
        "user": "UBRS4E6B1",
        "ts": "1551959911.005100"
    },
    {
        "client_msg_id": "cbfad09e-d418-4af9-a574-c00f3bfb916c",
        "type": "message",
        "text": "<@UGMH4H202> Sorry for the slow response, and thanks! I haven’t used Coda nearly as much as I’d like, though I keep an eye on the forums, and ended up posting a mockup of something I’d love to see: <https:\/\/community.coda.io\/t\/introducing-formula-chips\/5932\/7>",
        "user": "UFV8P4472",
        "ts": "1551980567.005200",
        "attachments": [
            {
                "service_name": "The Coda Community",
                "title": "Introducing formula chips",
                "title_link": "https:\/\/community.coda.io\/t\/introducing-formula-chips\/5932\/7",
                "text": "Love it, especially the consistent visual distinction between Single and Multiple types - such a great idea! That said, there’s an obvious question\/enhancement raised by the examples provided: Both of them use the chips as clues to why these formulae aren’t working. How about having the evaluation UI report a helpful error instead of just returning zero? These type mismatch issues should be detectable at formula compile time. Don’t get me wrong, I still think the chips are a great addition: th...",
                "fallback": "The Coda Community: Introducing formula chips",
                "thumb_url": "https:\/\/discourse-cdn-sjc1.com\/business6\/uploads\/coda1\/optimized\/2X\/8\/8f29e8c4fd135a1f215ebdbffc9273f646b7d1e5_2_690x455.png",
                "ts": 1548056104,
                "from_url": "https:\/\/community.coda.io\/t\/introducing-formula-chips\/5932\/7",
                "thumb_width": 690,
                "thumb_height": 455,
                "service_icon": "https:\/\/discourse-cdn-sjc1.com\/business6\/uploads\/coda1\/original\/2X\/6\/688b2d797209e366b791d38e6d3ecc21a86e3195.png",
                "id": 1,
                "original_url": "https:\/\/community.coda.io\/t\/introducing-formula-chips\/5932\/7"
            }
        ],
        "thread_ts": "1551561750.000700",
        "parent_user_id": "UGMH4H202"
    },
    {
        "client_msg_id": "ca097e60-ea36-42ac-b356-3bbd605c9d28",
        "type": "message",
        "text": "<@UFV8P4472> that's neat! i think that's a great idea. it's cool to see the reference back to how elm does it ... i knew they had very human error handling but hadn't seen that blog post before. thanks for calling it out.\n\nwill you be at the dynamicland meetup? i've invited a coda engineer who was on the team that revamped formulas recently -- i bet he'd be interested to talk more.",
        "user": "UGMH4H202",
        "ts": "1551981137.005500",
        "thread_ts": "1551561750.000700",
        "parent_user_id": "UGMH4H202"
    },
    {
        "client_msg_id": "b665a5de-0540-4ee4-a4c7-9659eefd38d7",
        "type": "message",
        "text": "I’m hoping to be there, though I also need to wrangle my kids around that time. Hoping that I can combine that, as they might enjoy it too, but I should check with Steve first. :slightly_smiling_face:",
        "user": "UFV8P4472",
        "ts": "1551981224.005700",
        "thread_ts": "1551561750.000700",
        "parent_user_id": "UGMH4H202"
    },
    {
        "client_msg_id": "aa9e221e-de52-4dab-89f9-04dc139eb94d",
        "type": "message",
        "text": "Otherwise, I’m currently working out of 44 Montgomery (at Market), happy to do lunch whenever!",
        "user": "UFV8P4472",
        "ts": "1551981262.005900",
        "thread_ts": "1551561750.000700",
        "parent_user_id": "UGMH4H202"
    },
    {
        "client_msg_id": "ade72f38-cba1-4f47-a016-3d02cb0c11c2",
        "type": "message",
        "text": "Oh, cool! If we don't meet at the meetup let's grab lunch sometime. I think you should just bring your kids personally :slightly_smiling_face: (I used to work at Dynamicland and we had kids over a lot.) But that's said with no authority, just opinion :slightly_smiling_face:",
        "user": "UGMH4H202",
        "ts": "1551981358.006100",
        "thread_ts": "1551561750.000700",
        "parent_user_id": "UGMH4H202"
    },
    {
        "client_msg_id": "ac3df737-c67a-4f25-8240-3357c75df5d0",
        "type": "message",
        "text": "<@U5TCAFTD3> <@UCL9Q87P0> Fantastic, thanks for setting that up! I’ll be looking after my kids (12 and 5) around that time - is it OK to bring them along to play with the system, or is it not a good time to try that? (Neither of them has much programming experience, not sure if that’s a pro or con)",
        "user": "UFV8P4472",
        "ts": "1551981683.008000",
        "thread_ts": "1551981683.008000",
        "reply_count": 5,
        "reply_users_count": 3,
        "latest_reply": "1553459722.027900",
        "reply_users": [
            "UBKNXPBAB",
            "U5TCAFTD3",
            "UFV8P4472"
        ],
        "replies": [
            {
                "user": "UBKNXPBAB",
                "ts": "1551990861.008500"
            },
            {
                "user": "UBKNXPBAB",
                "ts": "1551990916.008700"
            },
            {
                "user": "U5TCAFTD3",
                "ts": "1552210446.012400"
            },
            {
                "user": "UFV8P4472",
                "ts": "1553459638.026100"
            },
            {
                "user": "UFV8P4472",
                "ts": "1553459722.027900"
            }
        ]
    },
    {
        "client_msg_id": "fcbb0c06-f8f4-4d3c-8abb-b9a16cef2e34",
        "type": "message",
        "text": "That’s a good enough recommendation for me :slightly_smiling_face: Looking forward to it!",
        "user": "UFV8P4472",
        "ts": "1551981782.008100",
        "thread_ts": "1551561750.000700",
        "parent_user_id": "UGMH4H202"
    },
    {
        "client_msg_id": "1768cefd-0df5-4200-8234-47177d1833f1",
        "type": "message",
        "text": "I can't speak to <@U5TCAFTD3>'s meetup plans, but Dynamicland is great for kids.",
        "user": "UBKNXPBAB",
        "ts": "1551990861.008500",
        "thread_ts": "1551981683.008000",
        "parent_user_id": "UFV8P4472"
    },
    {
        "client_msg_id": "c271fe3a-271e-47a5-ab12-0be927d30a4e",
        "type": "message",
        "text": "(lots of stuff to play with, and if all else fails we have craft materials &amp; blocks &amp; such)",
        "user": "UBKNXPBAB",
        "ts": "1551990916.008700",
        "thread_ts": "1551981683.008000",
        "parent_user_id": "UFV8P4472"
    },
    {
        "client_msg_id": "68430c46-41c5-4179-8f86-d5fdf95f4b47",
        "type": "message",
        "text": "<@UGMH4H202> would love to come to the FoC dynamicland meetup but family obligations make it unlikely. will hope to catch up with folks post-tour.",
        "user": "UFXFB1RK8",
        "ts": "1551991919.008900",
        "thread_ts": "1551561750.000700",
        "parent_user_id": "UGMH4H202"
    },
    {
        "client_msg_id": "6e764873-a034-428f-8ffe-932933a2fcee",
        "type": "message",
        "text": "<@UGMH4H202> i am SF-based though, so i'd be interested in a local lunch!",
        "user": "UFXFB1RK8",
        "ts": "1551991952.009100",
        "thread_ts": "1551561750.000700",
        "parent_user_id": "UGMH4H202"
    },
    {
        "client_msg_id": "123f0917-6a9a-4d98-b541-59e10dcf23ee",
        "type": "message",
        "text": "great i will come for sure. A rare chance to meet our fearless slack leader!",
        "user": "UEQ6M68H0",
        "ts": "1551992053.009800"
    },
    {
        "client_msg_id": "459332af-56ea-46ec-8cc4-2d993c68e86b",
        "type": "message",
        "text": "<@UFXFB1RK8> that'd be great! i'm out of town for 2 weeks -- will you drop me a line, <mailto:nagle@coda.io|nagle@coda.io>?",
        "user": "UGMH4H202",
        "ts": "1551994251.009900",
        "thread_ts": "1551561750.000700",
        "parent_user_id": "UGMH4H202"
    },
    {
        "client_msg_id": "6ae983c1-b23a-42f3-8cad-944a4c6862b7",
        "type": "message",
        "text": "hi <@UGMH4H202> it’s been too long!",
        "user": "UCUNN529Y",
        "ts": "1552019235.010100",
        "edited": {
            "user": "UCUNN529Y",
            "ts": "1552019239.000000"
        },
        "thread_ts": "1551561750.000700",
        "parent_user_id": "UGMH4H202"
    },
    {
        "client_msg_id": "dd7f963b-3677-4c69-a228-3035532a26d5",
        "type": "message",
        "text": "I might drop by. Haven’t been in a year or so. Mostly interested in seeing you again Steve. Maybe we should grab a bite afterwards with the group? Anyway thanks for organising!",
        "user": "UCUNN529Y",
        "ts": "1552019807.011300",
        "thread_ts": "1552019807.011300",
        "reply_count": 3,
        "reply_users_count": 3,
        "latest_reply": "1553387947.016200",
        "reply_users": [
            "U5TCAFTD3",
            "UBRS4E6B1",
            "UGMH4H202"
        ],
        "replies": [
            {
                "user": "U5TCAFTD3",
                "ts": "1552210505.012600"
            },
            {
                "user": "UBRS4E6B1",
                "ts": "1553293596.015000"
            },
            {
                "user": "UGMH4H202",
                "ts": "1553387947.016200"
            }
        ]
    },
    {
        "client_msg_id": "2cfd1267-1a62-470d-a513-c702b02bafd2",
        "type": "message",
        "text": "hi <@UCUNN529Y>!! yes i agree!",
        "user": "UGMH4H202",
        "ts": "1552019931.011400",
        "thread_ts": "1551561750.000700",
        "parent_user_id": "UGMH4H202",
        "reactions": [
            {
                "name": "nagle",
                "users": [
                    "UCUNN529Y"
                ],
                "count": 1
            }
        ]
    }
]