[
    {
        "client_msg_id": "38fc5aa0-f7a9-4504-973c-d605853197d1",
        "type": "message",
        "text": "that sounds rather like Filemaker Pro",
        "user": "UFXFB1RK8",
        "ts": "1550618503.015500"
    },
    {
        "client_msg_id": "c56062d9-cbe6-4c9a-9a77-4adc6f6c4b23",
        "type": "message",
        "text": "heroku is sort of an improved API to a linux hosting environment",
        "user": "UFXFB1RK8",
        "ts": "1550618561.015600",
        "thread_ts": "1550535799.011600",
        "parent_user_id": "UFXFB1RK8"
    },
    {
        "client_msg_id": "491bb949-30e0-4897-9cfb-f5e03285246f",
        "type": "message",
        "text": "it's containers, a build-system to make containers out of git repos, traffic delivery, log collection and various and sundry other niceties like CI, databases, and team management",
        "user": "UFXFB1RK8",
        "ts": "1550618717.015800",
        "thread_ts": "1550535799.011600",
        "parent_user_id": "UFXFB1RK8"
    }
]