[
    {
        "client_msg_id": "f0001f84-e5f2-4665-8f88-fe5b3ac4ca97",
        "type": "message",
        "text": "That was fantastic. Thanks so much to <@U5TCAFTD3> for organising it, <@UCL9Q87P0> for the extensive tour and answering of questions, <@U6BRN7A0Y> for the Dark demo, and everyone who came along!",
        "user": "UFV8P4472",
        "ts": "1553497934.036000",
        "reactions": [
            {
                "name": "clap",
                "users": [
                    "U8A5MS6R1",
                    "UCUSW7WVD",
                    "UGXH0HCSF",
                    "UBUFWBGNN",
                    "UGMH4H202",
                    "UBSMEUXAA"
                ],
                "count": 6
            }
        ]
    },
    {
        "client_msg_id": "4ec2d5f6-7eca-422a-b5b2-d57c14733fd4",
        "type": "message",
        "text": "Thank you <@UCL9Q87P0> and <@U5TCAFTD3> for the awesome meetup, hopefully we can do more of them in sf",
        "user": "UBSMEUXAA",
        "ts": "1553535120.037000",
        "thread_ts": "1553482314.032300",
        "parent_user_id": "UCL9Q87P0"
    }
]