[
    {
        "client_msg_id": "787c3f8a-16a1-4059-bfeb-b68caa689293",
        "type": "message",
        "text": "<!channel> for the sf meetup at Dynamicland (!!!), can you attend :one: 3\/18 at night or :two: 3\/24 during the day? (Respond with both emojis if you can come to both.)",
        "user": "U5TCAFTD3",
        "ts": "1551180488.002400",
        "thread_ts": "1551180488.002400",
        "reply_count": 7,
        "reply_users_count": 5,
        "latest_reply": "1551688473.003500",
        "reply_users": [
            "U85HCL7JP",
            "U5TCAFTD3",
            "UEQ6M68H0",
            "UBRS4E6B1",
            "UBSMEUXAA"
        ],
        "replies": [
            {
                "user": "U85HCL7JP",
                "ts": "1551550449.000100"
            },
            {
                "user": "U5TCAFTD3",
                "ts": "1551550498.000300"
            },
            {
                "user": "UEQ6M68H0",
                "ts": "1551607025.002400"
            },
            {
                "user": "UBRS4E6B1",
                "ts": "1551627538.002700"
            },
            {
                "user": "UBSMEUXAA",
                "ts": "1551632619.002900"
            },
            {
                "user": "U5TCAFTD3",
                "ts": "1551688469.003300"
            },
            {
                "user": "U5TCAFTD3",
                "ts": "1551688473.003500"
            }
        ],
        "reactions": [
            {
                "name": "one",
                "users": [
                    "U5TCAFTD3",
                    "UFXFB1RK8",
                    "UETJZ9V0T",
                    "UFPPABQ7P",
                    "UFV8P4472",
                    "U8A5MS6R1"
                ],
                "count": 6
            },
            {
                "name": "two",
                "users": [
                    "U5TCAFTD3",
                    "UBSECLTUG",
                    "UBSMEUXAA",
                    "UFB8STN7K",
                    "UEQG5HC1W",
                    "UFPPABQ7P",
                    "UBRS4E6B1",
                    "UBUFWBGNN",
                    "UGMH4H202"
                ],
                "count": 9
            }
        ]
    }
]