[
    {
        "client_msg_id": "3b0f272d-99bb-4a0a-8909-6181a50b9b14",
        "type": "message",
        "text": "I tried to delete the #seattle group, but it wouldn't let me. It said I had to be an admin, so I added you to it.",
        "user": "UD43R8ZFV",
        "ts": "1550785877.000800",
        "thread_ts": "1550342458.004200",
        "parent_user_id": "UD43R8ZFV"
    },
    {
        "client_msg_id": "872e1647-3c69-42b1-9d42-294a78b4e110",
        "type": "message",
        "text": "I tried looking for Tyretool and couldn't find anything online. Haven't looked into Filemaker though",
        "user": "UEQG5HC1W",
        "ts": "1550814666.001000",
        "thread_ts": "1550531552.011100",
        "parent_user_id": "UEQG5HC1W"
    }
]