[
    {
        "client_msg_id": "28bcab56-9ca8-4d01-8345-3501349b108a",
        "type": "message",
        "text": "Is anyone working on the future of coding internal apps and tools? In every company I've worked for we've had a fairly large internal web app that didn't get as much love",
        "user": "UEQG5HC1W",
        "ts": "1550531552.011100",
        "edited": {
            "user": "UEQG5HC1W",
            "ts": "1550536729.000000"
        },
        "thread_ts": "1550531552.011100",
        "reply_count": 6,
        "reply_users_count": 3,
        "latest_reply": "1550814666.001000",
        "reply_users": [
            "U5TCAFTD3",
            "UEQG5HC1W",
            "UEQ6M68H0"
        ],
        "replies": [
            {
                "user": "U5TCAFTD3",
                "ts": "1550560923.014200"
            },
            {
                "user": "UEQG5HC1W",
                "ts": "1550562450.014700"
            },
            {
                "user": "U5TCAFTD3",
                "ts": "1550562465.014900"
            },
            {
                "user": "UEQG5HC1W",
                "ts": "1550562511.015100"
            },
            {
                "user": "UEQ6M68H0",
                "ts": "1550726629.000600"
            },
            {
                "user": "UEQG5HC1W",
                "ts": "1550814666.001000"
            }
        ]
    },
    {
        "client_msg_id": "a3c2bf19-30a0-4664-b4e2-7cd6adfae1e3",
        "type": "message",
        "text": "<@UEQG5HC1W> i sort of am :slightly_smiling_face: i've been working on kind of a heroku-without-heroku",
        "user": "UFXFB1RK8",
        "ts": "1550535799.011600",
        "edited": {
            "user": "UFXFB1RK8",
            "ts": "1550535809.000000"
        },
        "thread_ts": "1550535799.011600",
        "reply_count": 8,
        "reply_users_count": 2,
        "latest_reply": "1551808409.003900",
        "reply_users": [
            "UFXFB1RK8",
            "UEQG5HC1W"
        ],
        "replies": [
            {
                "user": "UFXFB1RK8",
                "ts": "1550536641.012000"
            },
            {
                "user": "UFXFB1RK8",
                "ts": "1550536653.012200"
            },
            {
                "user": "UEQG5HC1W",
                "ts": "1550536936.012500"
            },
            {
                "user": "UFXFB1RK8",
                "ts": "1550618561.015600"
            },
            {
                "user": "UFXFB1RK8",
                "ts": "1550618717.015800"
            },
            {
                "user": "UEQG5HC1W",
                "ts": "1550689329.000100"
            },
            {
                "user": "UEQG5HC1W",
                "ts": "1550689527.000400"
            },
            {
                "user": "UFXFB1RK8",
                "ts": "1551808409.003900"
            }
        ],
        "reactions": [
            {
                "name": "+1",
                "users": [
                    "UEQG5HC1W"
                ],
                "count": 1
            }
        ]
    },
    {
        "client_msg_id": "7f3075c8-3b07-4683-8f34-5e7a9797152e",
        "type": "message",
        "text": "actually, i take that back, it would be pretty terrible for standard business software because it doesn't have ACLs and the data is all public :slightly_smiling_face:",
        "user": "UFXFB1RK8",
        "ts": "1550536641.012000",
        "thread_ts": "1550535799.011600",
        "parent_user_id": "UFXFB1RK8"
    },
    {
        "client_msg_id": "69da6e2f-6b15-4688-b1d2-5bd21287ad12",
        "type": "message",
        "text": "it solves the \"i don't want this data to leave my premises\" problem though",
        "user": "UFXFB1RK8",
        "ts": "1550536653.012200",
        "thread_ts": "1550535799.011600",
        "parent_user_id": "UFXFB1RK8"
    },
    {
        "client_msg_id": "6e297a7c-9be0-4da9-a22b-44fbb8f4a4eb",
        "type": "message",
        "text": "As I understand it, Heroku hosts your app, but doesn't give you access to the OS. So it's like AWS with restrictions.\n\nI wonder if we're talking about the same thing?",
        "user": "UEQG5HC1W",
        "ts": "1550536936.012500",
        "thread_ts": "1550535799.011600",
        "parent_user_id": "UFXFB1RK8"
    },
    {
        "client_msg_id": "2d3a9cab-e68b-445d-9838-e4a571ca69fe",
        "type": "message",
        "text": "For clarification, I'm looking to the UI side of the future of internal apps. There might be some way to go from data to a UI similarly to how they use procedural generation in games (I know it's a stretch)",
        "user": "UEQG5HC1W",
        "ts": "1550538381.014000"
    },
    {
        "client_msg_id": "e29659b3-dac3-4073-9a60-e1463f67fdae",
        "type": "message",
        "text": "If you haven't seen it, <https:\/\/tryretool.com\/>",
        "user": "U5TCAFTD3",
        "ts": "1550560923.014200",
        "attachments": [
            {
                "service_name": "Retool",
                "title": "Retool – build internal tools fast",
                "title_link": "https:\/\/tryretool.com\/",
                "text": "Build custom internal tools in minutes. Build an interface via our drag-and-drop UI, hook it up to your data, and you're done.",
                "fallback": "Retool: Retool – build internal tools fast",
                "thumb_url": "https:\/\/tryretool.com\/og-image.png",
                "from_url": "https:\/\/tryretool.com\/",
                "thumb_width": 1200,
                "thumb_height": 630,
                "id": 1,
                "original_url": "https:\/\/tryretool.com\/"
            }
        ],
        "thread_ts": "1550531552.011100",
        "parent_user_id": "UEQG5HC1W"
    },
    {
        "client_msg_id": "7c19ae9a-413c-403f-acee-337a5e34fe77",
        "type": "message",
        "text": "They even say \"internal tools\" in the name :heart_eyes:",
        "user": "UEQG5HC1W",
        "ts": "1550562450.014700",
        "thread_ts": "1550531552.011100",
        "parent_user_id": "UEQG5HC1W"
    },
    {
        "client_msg_id": "d5ed45dd-b425-459d-83ae-d2acc43f3c4f",
        "type": "message",
        "text": "Exactly!",
        "user": "U5TCAFTD3",
        "ts": "1550562465.014900",
        "thread_ts": "1550531552.011100",
        "parent_user_id": "UEQG5HC1W"
    },
    {
        "client_msg_id": "327b6d49-3600-4458-a2ae-4940ed95dbca",
        "type": "message",
        "text": "Now we just gotta figure out how to go directly from data to a UI",
        "user": "UEQG5HC1W",
        "ts": "1550562511.015100",
        "thread_ts": "1550531552.011100",
        "parent_user_id": "UEQG5HC1W"
    }
]