[
    {
        "client_msg_id": "c34ae504-b268-4ae8-a575-430111432980",
        "type": "message",
        "text": "Yes! 24 afternoon is happening!",
        "user": "U5TCAFTD3",
        "ts": "1551688469.003300",
        "thread_ts": "1551180488.002400",
        "parent_user_id": "U5TCAFTD3"
    },
    {
        "client_msg_id": "0fa9cee3-c039-4493-a296-ac93b35a25e9",
        "type": "message",
        "text": "More details shortly",
        "user": "U5TCAFTD3",
        "ts": "1551688473.003500",
        "thread_ts": "1551180488.002400",
        "parent_user_id": "U5TCAFTD3"
    }
]