[
    {
        "client_msg_id": "24e4a4e6-8371-4db1-9880-84f0dd5cd197",
        "type": "message",
        "text": "Sounds like it'd be ok! The main purpose of the meetup is coversation so the only thing I'd be worried about is if they are particularly loud or unruly",
        "user": "U5TCAFTD3",
        "ts": "1552210446.012400",
        "thread_ts": "1551981683.008000",
        "parent_user_id": "UFV8P4472"
    },
    {
        "client_msg_id": "b6a4ab40-0dcf-432a-bb7c-0b61c70213ef",
        "type": "message",
        "text": "Haha looking forward to seeing you too! Yeah a bite afterwards is a great idea ",
        "user": "U5TCAFTD3",
        "ts": "1552210505.012600",
        "thread_ts": "1552019807.011300",
        "parent_user_id": "UCUNN529Y"
    }
]