[
    {
        "client_msg_id": "8fa22c18-631c-4fc2-86ab-0886f99345f7",
        "type": "message",
        "text": "Any chance of doing it one week later, around 3\/31?",
        "user": "U85HCL7JP",
        "ts": "1551550449.000100",
        "thread_ts": "1551180488.002400",
        "parent_user_id": "U5TCAFTD3"
    },
    {
        "client_msg_id": "bb29aaa9-ef5f-4d7e-9a55-eec95dee4dd5",
        "type": "message",
        "text": "Ah, sadly I leave 3\/25",
        "user": "U5TCAFTD3",
        "ts": "1551550498.000300",
        "thread_ts": "1551180488.002400",
        "parent_user_id": "U5TCAFTD3"
    },
    {
        "client_msg_id": "df76475d-342c-4290-b3bd-98c90345daee",
        "type": "message",
        "text": "<https:\/\/futureofcoding.slack.com\/archives\/CC2JRGVLK\/p1551561431002000>",
        "user": "UGMH4H202",
        "ts": "1551561750.000700",
        "attachments": [
            {
                "from_url": "https:\/\/futureofcoding.slack.com\/archives\/CC2JRGVLK\/p1551561431002000",
                "fallback": "[March 2nd, 2019 1:17 PM] mpnagle: hi all!\n\nmy name's michael nagle (informally i go by my last name, nagle.)\n\ni spent a few years in bret victor &amp; john maloney's lab groups at harc \/ ycr (<https:\/\/harc.ycr.org>) and currently \"lead\" learning &amp; research at coda (<http:\/\/www.coda.io|www.coda.io>)\n\ni am coming to boston soon and saw the future of coding boston community so wanted to say hello. (based in the east bay.)\n\nnice to meet you all!",
                "ts": "1551561431.002000",
                "author_id": "UGMH4H202",
                "author_subname": "nagle",
                "channel_id": "CC2JRGVLK",
                "channel_name": "introductions",
                "is_msg_unfurl": true,
                "text": "hi all!\n\nmy name's michael nagle (informally i go by my last name, nagle.)\n\ni spent a few years in bret victor &amp; john maloney's lab groups at harc \/ ycr (<https:\/\/harc.ycr.org>) and currently \"lead\" learning &amp; research at coda (<http:\/\/www.coda.io|www.coda.io>)\n\ni am coming to boston soon and saw the future of coding boston community so wanted to say hello. (based in the east bay.)\n\nnice to meet you all!",
                "author_name": "nagle",
                "author_link": "https:\/\/futureofcoding.slack.com\/team\/UGMH4H202",
                "author_icon": "https:\/\/secure.gravatar.com\/avatar\/309b287ba3e8e59a57c1297f3bf89a3e.jpg?s=48&d=https%3A%2F%2Fcfr.slack-edge.com%2F00b63%2Fimg%2Favatars%2Fava_0015-48.png",
                "mrkdwn_in": [
                    "text"
                ],
                "id": 1,
                "original_url": "https:\/\/futureofcoding.slack.com\/archives\/CC2JRGVLK\/p1551561431002000",
                "footer": "Posted in #introductions"
            }
        ],
        "thread_ts": "1551561750.000700",
        "reply_count": 16,
        "reply_users_count": 4,
        "latest_reply": "1552055342.011700",
        "reply_users": [
            "UFV8P4472",
            "UGMH4H202",
            "UFXFB1RK8",
            "UCUNN529Y"
        ],
        "replies": [
            {
                "user": "UFV8P4472",
                "ts": "1551563076.002000"
            },
            {
                "user": "UGMH4H202",
                "ts": "1551563222.002200"
            },
            {
                "user": "UFXFB1RK8",
                "ts": "1551804138.003700"
            },
            {
                "user": "UGMH4H202",
                "ts": "1551836256.004100"
            },
            {
                "user": "UFV8P4472",
                "ts": "1551980567.005200"
            },
            {
                "user": "UGMH4H202",
                "ts": "1551981137.005500"
            },
            {
                "user": "UFV8P4472",
                "ts": "1551981224.005700"
            },
            {
                "user": "UFV8P4472",
                "ts": "1551981262.005900"
            },
            {
                "user": "UGMH4H202",
                "ts": "1551981358.006100"
            },
            {
                "user": "UFV8P4472",
                "ts": "1551981782.008100"
            },
            {
                "user": "UFXFB1RK8",
                "ts": "1551991919.008900"
            },
            {
                "user": "UFXFB1RK8",
                "ts": "1551991952.009100"
            },
            {
                "user": "UGMH4H202",
                "ts": "1551994251.009900"
            },
            {
                "user": "UCUNN529Y",
                "ts": "1552019235.010100"
            },
            {
                "user": "UGMH4H202",
                "ts": "1552019931.011400"
            },
            {
                "user": "UGMH4H202",
                "ts": "1552055342.011700"
            }
        ],
        "reactions": [
            {
                "name": "wave",
                "users": [
                    "U5TCAFTD3",
                    "UFV8P4472",
                    "UFB8STN7K",
                    "UH5AKM4CB",
                    "UGXH0HCSF"
                ],
                "count": 5
            }
        ]
    },
    {
        "client_msg_id": "14094E5E-6067-420F-B085-852FCB86173F",
        "type": "message",
        "text": "Yay, I'm a big fan of coda! Are you posting here because you're based in SF?",
        "user": "UFV8P4472",
        "ts": "1551563076.002000",
        "thread_ts": "1551561750.000700",
        "parent_user_id": "UGMH4H202"
    },
    {
        "client_msg_id": "1a7af4d5-43d5-4228-bae0-f12bee9ed400",
        "type": "message",
        "text": "nice to meet you! i live in the east bay and work in sf yes :slightly_smiling_face:",
        "user": "UGMH4H202",
        "ts": "1551563222.002200",
        "thread_ts": "1551561750.000700",
        "parent_user_id": "UGMH4H202"
    }
]