[
    {
        "client_msg_id": "64ba4756-a71e-429d-9582-668ae39f1469",
        "type": "message",
        "text": "I see. I'm a frontend dev so I some have misconceptions about backend. I think it's a good sign if as you're coding you end up with parts resembling actual products. You might be walking in the footsteps of the Heroku guys.",
        "user": "UEQG5HC1W",
        "ts": "1550689329.000100",
        "edited": {
            "user": "UEQG5HC1W",
            "ts": "1550689470.000000"
        },
        "thread_ts": "1550535799.011600",
        "parent_user_id": "UFXFB1RK8"
    },
    {
        "client_msg_id": "26cf8d07-0d92-4250-a888-e42f56b373c6",
        "type": "message",
        "text": "Good abstractions tend to re-appear if you're not explicitly trying to re-invent them",
        "user": "UEQG5HC1W",
        "ts": "1550689527.000400",
        "thread_ts": "1550535799.011600",
        "parent_user_id": "UFXFB1RK8"
    },
    {
        "client_msg_id": "f0acac67-c145-4048-86d2-b46bef68519d",
        "type": "message",
        "text": "Tyretool is basically a web version of Filemaker Pro without any of the graphical customization possibilities at $10\/user\/month, so slightly cheaper than filemaker pro pricing for small user bases, but a great deal more expensive for large numbers of users. Filemaker Pro may still have a poor scripting language, but it is extremely powerful, and i have used Filemaker Pro many times for small databases because it is so easy to work with, and so well documented at this point, being 20+ years old. Filemaker Pro is one of those products like Delphi that gets zero love because it is so simple.",
        "user": "UEQ6M68H0",
        "ts": "1550726629.000600",
        "thread_ts": "1550531552.011100",
        "parent_user_id": "UEQG5HC1W"
    }
]