[
    {
        "user": "U5TCAFTD3",
        "type": "message",
        "subtype": "channel_join",
        "ts": "1550306464.000200",
        "text": "<@U5TCAFTD3> has joined the channel"
    },
    {
        "user": "UBKNXPBAB",
        "type": "message",
        "subtype": "channel_join",
        "ts": "1550306835.000400",
        "text": "<@UBKNXPBAB> has joined the channel",
        "inviter": "U5TCAFTD3"
    },
    {
        "user": "UCL9Q87P0",
        "type": "message",
        "subtype": "channel_join",
        "ts": "1550307095.000700",
        "text": "<@UCL9Q87P0> has joined the channel",
        "inviter": "U5TCAFTD3"
    },
    {
        "user": "UEBG0NPDK",
        "type": "message",
        "subtype": "channel_join",
        "ts": "1550307095.000900",
        "text": "<@UEBG0NPDK> has joined the channel",
        "inviter": "U5TCAFTD3"
    },
    {
        "user": "UCUNN529Y",
        "type": "message",
        "subtype": "channel_join",
        "ts": "1550307095.001100",
        "text": "<@UCUNN529Y> has joined the channel",
        "inviter": "U5TCAFTD3"
    },
    {
        "user": "UBSECLTUG",
        "type": "message",
        "subtype": "channel_join",
        "ts": "1550307096.001300",
        "text": "<@UBSECLTUG> has joined the channel",
        "inviter": "U5TCAFTD3"
    },
    {
        "user": "UFB8STN7K",
        "type": "message",
        "subtype": "channel_join",
        "ts": "1550307096.001500",
        "text": "<@UFB8STN7K> has joined the channel",
        "inviter": "U5TCAFTD3"
    },
    {
        "user": "U6LBL2CJ1",
        "type": "message",
        "subtype": "channel_join",
        "ts": "1550307096.001700",
        "text": "<@U6LBL2CJ1> has joined the channel",
        "inviter": "U5TCAFTD3"
    },
    {
        "user": "UCUSW7WVD",
        "type": "message",
        "subtype": "channel_join",
        "ts": "1550307096.001900",
        "text": "<@UCUSW7WVD> has joined the channel",
        "inviter": "U5TCAFTD3"
    },
    {
        "user": "U6BRN7A0Y",
        "type": "message",
        "subtype": "channel_join",
        "ts": "1550307096.002100",
        "text": "<@U6BRN7A0Y> has joined the channel",
        "inviter": "U5TCAFTD3"
    },
    {
        "user": "U6DG0FHND",
        "type": "message",
        "subtype": "channel_join",
        "ts": "1550307096.002300",
        "text": "<@U6DG0FHND> has joined the channel",
        "inviter": "U5TCAFTD3"
    },
    {
        "user": "UEQ6M68H0",
        "type": "message",
        "subtype": "channel_join",
        "ts": "1550307096.002500",
        "text": "<@UEQ6M68H0> has joined the channel",
        "inviter": "U5TCAFTD3"
    },
    {
        "user": "UETJZ9V0T",
        "type": "message",
        "subtype": "channel_join",
        "ts": "1550307096.002700",
        "text": "<@UETJZ9V0T> has joined the channel",
        "inviter": "U5TCAFTD3"
    },
    {
        "user": "U8A5MS6R1",
        "type": "message",
        "subtype": "channel_join",
        "ts": "1550307208.003100",
        "text": "<@U8A5MS6R1> has joined the channel"
    },
    {
        "user": "UDJ2TKB99",
        "type": "message",
        "subtype": "channel_join",
        "ts": "1550314102.000200",
        "text": "<@UDJ2TKB99> has joined the channel"
    },
    {
        "user": "UBRS4E6B1",
        "type": "message",
        "subtype": "channel_join",
        "ts": "1550315163.000200",
        "text": "<@UBRS4E6B1> has joined the channel"
    },
    {
        "client_msg_id": "C0900C3F-2ADB-4CD0-AA87-37F48ED72D28",
        "type": "message",
        "text": "Hey all, I’m going to be in SF\/Oakland in March too: 21-27th.\nDefinitely up for the meet-up!",
        "user": "UBRS4E6B1",
        "ts": "1550315204.001400"
    },
    {
        "client_msg_id": "467d99cb-425b-42a1-9e61-242470495041",
        "type": "message",
        "text": "Awesome! Will keep y'all posted on logistics as I figure it out...",
        "user": "U5TCAFTD3",
        "ts": "1550323719.000400"
    },
    {
        "user": "UE0H4170F",
        "type": "message",
        "subtype": "channel_join",
        "ts": "1550329845.000600",
        "text": "<@UE0H4170F> has joined the channel"
    },
    {
        "client_msg_id": "38bfb409-8223-4fbc-b89e-7fdb60a997e0",
        "type": "message",
        "text": "lots of interesting systems will be on display during performances at <https:\/\/aaassembly.org> on the 22nd and 23rd.",
        "user": "UE0H4170F",
        "ts": "1550329901.001300"
    },
    {
        "user": "U85HCL7JP",
        "type": "message",
        "subtype": "channel_join",
        "ts": "1550329944.001500",
        "text": "<@U85HCL7JP> has joined the channel"
    },
    {
        "user": "UD3AK9JRF",
        "type": "message",
        "subtype": "channel_join",
        "ts": "1550333912.001700",
        "text": "<@UD3AK9JRF> has joined the channel"
    },
    {
        "client_msg_id": "958821ac-35df-4923-95e5-93c6146d4b67",
        "type": "message",
        "text": "Hey all, I live in SF! <@U5TCAFTD3> be sure to visit the Dark office while you’re out here! :slightly_smiling_face:",
        "user": "U6BRN7A0Y",
        "ts": "1550335760.002300",
        "thread_ts": "1550335760.002300",
        "reply_count": 1,
        "reply_users_count": 1,
        "latest_reply": "1550335893.002400",
        "reply_users": [
            "U5TCAFTD3"
        ],
        "replies": [
            {
                "user": "U5TCAFTD3",
                "ts": "1550335893.002400"
            }
        ]
    },
    {
        "client_msg_id": "0698ae03-bfb3-4cc1-84e1-7ca70de7bfa8",
        "type": "message",
        "text": "Already on the calendar for March 21! Ellen and I synced up ",
        "user": "U5TCAFTD3",
        "ts": "1550335893.002400",
        "thread_ts": "1550335760.002300",
        "parent_user_id": "U6BRN7A0Y"
    },
    {
        "user": "UEZTBTNJC",
        "type": "message",
        "subtype": "channel_join",
        "ts": "1550336791.002700",
        "text": "<@UEZTBTNJC> has joined the channel"
    },
    {
        "client_msg_id": "cb27fb33-50f6-407f-89aa-0f9bf3427a0f",
        "type": "message",
        "text": "I live in Seattle, but go to SF often enough for work that I can probably go to an in-person meetup at some point.",
        "user": "UD43R8ZFV",
        "ts": "1550342458.004200",
        "thread_ts": "1550342458.004200",
        "reply_count": 3,
        "reply_users_count": 3,
        "latest_reply": "1550785877.000800",
        "reply_users": [
            "UD3AK9JRF",
            "U5TCAFTD3",
            "UD43R8ZFV"
        ],
        "replies": [
            {
                "user": "UD3AK9JRF",
                "ts": "1550343922.006500"
            },
            {
                "user": "U5TCAFTD3",
                "ts": "1550409892.007400"
            },
            {
                "user": "UD43R8ZFV",
                "ts": "1550785877.000800"
            }
        ]
    },
    {
        "client_msg_id": "46D97584-FD11-44F0-8942-55316A7222D5",
        "type": "message",
        "text": "There’s also the future of programming meetup that meets once a month in SF, but not too many people go to it",
        "user": "UBUFWBGNN",
        "ts": "1550342722.005400"
    },
    {
        "client_msg_id": "ACE4B021-9FB8-4A0D-B996-F8A0F17CFB43",
        "type": "message",
        "text": "Join me at Discussion Meeting <http:\/\/meetu.ps\/e\/GgTyX\/xYG83\/a>",
        "user": "UBUFWBGNN",
        "ts": "1550342756.005600",
        "attachments": [
            {
                "service_name": "Meetup",
                "title": "Discussion Meeting",
                "title_link": "http:\/\/meetu.ps\/e\/GgTyX\/xYG83\/a",
                "text": "Sat, Mar 23, 2019, 2:00 PM: We'll be having a general discussion.",
                "fallback": "Meetup: Discussion Meeting",
                "image_url": "https:\/\/secure.meetupstatic.com\/photos\/event\/c\/8\/4\/e\/600_465051278.jpeg",
                "fields": [
                    {
                        "title": "Where",
                        "value": "Mechanics' Institute 57 Post Street San Francisco, CA",
                        "short": true
                    },
                    {
                        "title": "When",
                        "value": "Sat, Mar 23, 2019, 2:00 PM",
                        "short": true
                    }
                ],
                "from_url": "http:\/\/meetu.ps\/e\/GgTyX\/xYG83\/a",
                "image_width": 355,
                "image_height": 250,
                "image_bytes": 194833,
                "service_icon": "https:\/\/www.meetup.com\/mu_static\/en-US\/m_swarm_120x120.4f86abc9.png",
                "id": 1,
                "original_url": "http:\/\/meetu.ps\/e\/GgTyX\/xYG83\/a"
            }
        ]
    },
    {
        "client_msg_id": "fea12cc1-3db0-4cfd-bb4b-f8176d78b144",
        "type": "message",
        "text": "If you think Rust is the future of programming, I’m giving a talk at the Stanford meetup next week! <https:\/\/www.meetup.com\/Rust-Bay-Area\/events\/258913342\/>",
        "user": "UFB8STN7K",
        "ts": "1550343853.006300",
        "attachments": [
            {
                "service_name": "Meetup",
                "title": "[@ Stanford] Barriers to Learning Rust, Wasmer",
                "title_link": "https:\/\/www.meetup.com\/Rust-Bay-Area\/events\/258913342\/",
                "text": "Tue, Feb 26, 2019, 7:00 PM: We are delighted to announce that the next Rust meetup in Silicon Valley will be held at Stanford University in Jordan Hall,[masked] (see the side panel for detailed direct",
                "fallback": "Meetup: [@ Stanford] Barriers to Learning Rust, Wasmer",
                "image_url": "https:\/\/secure.meetupstatic.com\/photos\/event\/c\/f\/3\/8\/600_446993048.jpeg",
                "fields": [
                    {
                        "title": "Where",
                        "value": "Stanford University Stanford University, 450 Stanford, CA",
                        "short": true
                    },
                    {
                        "title": "When",
                        "value": "Tue, Feb 26, 2019, 7:00 PM",
                        "short": true
                    }
                ],
                "from_url": "https:\/\/www.meetup.com\/Rust-Bay-Area\/events\/258913342\/",
                "image_width": 333,
                "image_height": 250,
                "image_bytes": 55970,
                "service_icon": "https:\/\/www.meetup.com\/mu_static\/en-US\/m_swarm_120x120.4f86abc9.png",
                "id": 1,
                "original_url": "https:\/\/www.meetup.com\/Rust-Bay-Area\/events\/258913342\/"
            }
        ]
    },
    {
        "type": "message",
        "subtype": "thread_broadcast",
        "text": "I’d be down for a #seattle channel!",
        "user": "UD3AK9JRF",
        "ts": "1550343922.006500",
        "thread_ts": "1550342458.004200",
        "root": {
            "client_msg_id": "cb27fb33-50f6-407f-89aa-0f9bf3427a0f",
            "type": "message",
            "text": "I live in Seattle, but go to SF often enough for work that I can probably go to an in-person meetup at some point.",
            "user": "UD43R8ZFV",
            "ts": "1550342458.004200",
            "thread_ts": "1550342458.004200",
            "reply_count": 3,
            "reply_users_count": 3,
            "latest_reply": "1550785877.000800",
            "reply_users": [
                "UD3AK9JRF",
                "U5TCAFTD3",
                "UD43R8ZFV"
            ],
            "replies": [
                {
                    "user": "UD3AK9JRF",
                    "ts": "1550343922.006500"
                },
                {
                    "user": "U5TCAFTD3",
                    "ts": "1550409892.007400"
                },
                {
                    "user": "UD43R8ZFV",
                    "ts": "1550785877.000800"
                }
            ]
        },
        "client_msg_id": "338dd688-c391-4fa9-ab93-dc870a8906ed",
        "reactions": [
            {
                "name": "tada",
                "users": [
                    "UD43R8ZFV"
                ],
                "count": 1
            }
        ]
    }
]