[
    {
        "client_msg_id": "a454004e-c91d-42d8-ba89-6a0b0ad11d0d",
        "type": "message",
        "text": "<@UGMH4H202>, nice to see someone from Coda here. Been watching your work and it's quite encouraging.",
        "user": "UFXFB1RK8",
        "ts": "1551804138.003700",
        "thread_ts": "1551561750.000700",
        "parent_user_id": "UGMH4H202"
    },
    {
        "client_msg_id": "5a0e71f2-6883-4344-a6cb-a704bce478fe",
        "type": "message",
        "text": "Well, I helped build Heroku from the early days so it's more like \"fighting the same old battles\".",
        "user": "UFXFB1RK8",
        "ts": "1551808409.003900",
        "thread_ts": "1550535799.011600",
        "parent_user_id": "UFXFB1RK8",
        "reactions": [
            {
                "name": "joy",
                "users": [
                    "UEQG5HC1W"
                ],
                "count": 1
            }
        ]
    },
    {
        "client_msg_id": "3432c189-4b80-488f-a838-48d013ffad40",
        "type": "message",
        "text": "nice to meet you <@UFXFB1RK8>! will you be at the dynamicland meetup?",
        "user": "UGMH4H202",
        "ts": "1551836256.004100",
        "thread_ts": "1551561750.000700",
        "parent_user_id": "UGMH4H202"
    }
]