[
    {
        "client_msg_id": "b1db33f9-7f6e-410a-a93b-f0dc065767d3",
        "type": "message",
        "text": "Hi all! looking forward ot the meetup today.",
        "user": "UGXH0HCSF",
        "ts": "1553441484.018000",
        "reactions": [
            {
                "name": "+1",
                "users": [
                    "UCUSW7WVD"
                ],
                "count": 1
            }
        ]
    },
    {
        "client_msg_id": "ae25cd51-cc1e-49ff-8719-1f3c08952502",
        "type": "message",
        "text": "I wish I could be there! Would someone take a couple pictures of the group?",
        "user": "UFPPABQ7P",
        "ts": "1553441682.019100"
    },
    {
        "client_msg_id": "0187011E-B45C-4E30-9F13-25FF6C0FFC10",
        "type": "message",
        "text": "Looking forward to seeing y'all today. If anyone's interested in seeing a demo of dark, let me know",
        "user": "U6BRN7A0Y",
        "ts": "1553446023.020200",
        "reactions": [
            {
                "name": "+1",
                "users": [
                    "UBSMEUXAA",
                    "UEZE9M2TU",
                    "U5TCAFTD3",
                    "UFV8P4472"
                ],
                "count": 4
            }
        ]
    },
    {
        "client_msg_id": "B34D8407-BDBE-43CA-8BEF-005FC3324799",
        "type": "message",
        "text": "Hi! Looking forward to the meetup today! ",
        "user": "UEZE9M2TU",
        "ts": "1553449176.021400"
    },
    {
        "client_msg_id": "975b16f1-172c-4339-b1ef-d1c40685a37b",
        "type": "message",
        "text": "See you soon!",
        "user": "UBUFWBGNN",
        "ts": "1553449467.021600"
    },
    {
        "client_msg_id": "81c8816c-5b18-4e2d-a9a9-451e0c6a39d4",
        "type": "message",
        "text": "I'll be there - maybe a bit early 2ish. Will try to find a cafe nearby.",
        "user": "U8A5MS6R1",
        "ts": "1553450459.022500",
        "thread_ts": "1553450459.022500",
        "reply_count": 6,
        "reply_users_count": 3,
        "latest_reply": "1553463804.029200",
        "reply_users": [
            "U5TCAFTD3",
            "U8A5MS6R1",
            "UCUSW7WVD"
        ],
        "replies": [
            {
                "user": "U5TCAFTD3",
                "ts": "1553453482.023400"
            },
            {
                "user": "U8A5MS6R1",
                "ts": "1553455523.023600"
            },
            {
                "user": "U5TCAFTD3",
                "ts": "1553455648.023800"
            },
            {
                "user": "UCUSW7WVD",
                "ts": "1553457662.024100"
            },
            {
                "user": "UCUSW7WVD",
                "ts": "1553461734.028100"
            },
            {
                "user": "U5TCAFTD3",
                "ts": "1553463804.029200"
            }
        ]
    },
    {
        "client_msg_id": "1b1af439-7fef-4900-8238-0dfc3e30833b",
        "type": "message",
        "text": "Looking forward to meeting everyone!",
        "user": "U8A5MS6R1",
        "ts": "1553450471.022900"
    },
    {
        "client_msg_id": "133690ff-22be-4790-b75f-e26cecea7d31",
        "type": "message",
        "text": "Blue bottle is across the street",
        "user": "UBSMEUXAA",
        "ts": "1553453022.023300"
    },
    {
        "client_msg_id": "961bb5b1-d873-475b-afa6-437abfc2f047",
        "type": "message",
        "text": "LL\n\nLlp",
        "user": "U5TCAFTD3",
        "ts": "1553453482.023400",
        "thread_ts": "1553450459.022500",
        "parent_user_id": "U8A5MS6R1"
    },
    {
        "client_msg_id": "8d56dbf9-872e-4e13-85d5-2bb3ca9db63b",
        "type": "message",
        "text": ":thinking_face:",
        "user": "U8A5MS6R1",
        "ts": "1553455523.023600",
        "thread_ts": "1553450459.022500",
        "parent_user_id": "U8A5MS6R1"
    },
    {
        "client_msg_id": "5b0affa2-7398-434d-a24b-25b79c2cbdb9",
        "type": "message",
        "text": "Hahaha sorry",
        "user": "U5TCAFTD3",
        "ts": "1553455648.023800",
        "thread_ts": "1553450459.022500",
        "parent_user_id": "U8A5MS6R1"
    },
    {
        "client_msg_id": "71d696a1-a5fa-456d-8a2c-f4f5f38f3889",
        "type": "message",
        "text": "Heading out there now as well. Need to leave early, so may as well come out while the kids are sleeping.",
        "user": "UCUSW7WVD",
        "ts": "1553457662.024100",
        "thread_ts": "1553450459.022500",
        "parent_user_id": "U8A5MS6R1"
    },
    {
        "client_msg_id": "CFEE2E9A-0AFD-4EE1-8FAC-465F8A9B7009",
        "type": "message",
        "text": "They're not usually loud\/unruly types, but I may also bring a couple things with screens (:scream:) if they're not entertained by D\/land. ",
        "user": "UFV8P4472",
        "ts": "1553459638.026100",
        "thread_ts": "1551981683.008000",
        "parent_user_id": "UFV8P4472"
    },
    {
        "client_msg_id": "A166F738-C798-46E4-AF49-88D64CA83020",
        "type": "message",
        "text": "(plus, also happy to just take them away if they're disruptive. Please don't be afraid to tell me if they're causing problems, I don't want to ruin the meetup!)",
        "user": "UFV8P4472",
        "ts": "1553459722.027900",
        "thread_ts": "1551981683.008000",
        "parent_user_id": "UFV8P4472"
    },
    {
        "client_msg_id": "242f99ed-a533-40a0-a227-43c1a5e429dc",
        "type": "message",
        "text": "I'm at Bluebottle.",
        "user": "UCUSW7WVD",
        "ts": "1553461734.028100",
        "thread_ts": "1553450459.022500",
        "parent_user_id": "U8A5MS6R1"
    },
    {
        "client_msg_id": "64279653-76ae-4b13-8968-b75a1d377ad3",
        "type": "message",
        "text": "Thanks I'm in blue bottle now. Just arrived.",
        "user": "U8A5MS6R1",
        "ts": "1553462150.028700"
    },
    {
        "client_msg_id": "7F378D40-E728-49A6-A621-ED35227AED40",
        "type": "message",
        "text": "Slightly early. Are ye still in blue bottle?",
        "user": "U6BRN7A0Y",
        "ts": "1553463683.029100"
    },
    {
        "client_msg_id": "4984942c-8466-428f-bd60-3af62bd5c0fb",
        "type": "message",
        "text": "Head on over if you want now :blush:",
        "user": "U5TCAFTD3",
        "ts": "1553463804.029200",
        "thread_ts": "1553450459.022500",
        "parent_user_id": "U8A5MS6R1"
    },
    {
        "client_msg_id": "4dbdff15-fb86-4702-8f3f-98681dadde0f",
        "type": "message",
        "text": "Looks like I missed this.",
        "user": "UH88R0560",
        "ts": "1553467773.030800"
    },
    {
        "client_msg_id": "cca08331-63f0-43cb-8a13-8ba8e1d014c9",
        "type": "message",
        "text": "thanks for coming by, all! was fun to host.\n\nI mentioned that I wrote a bit about my map project: <https:\/\/rsnous.com\/posts\/notes-from-dynamicland-geokit\/> if you want to hear more detail about the programming model and how you implement things",
        "user": "UCL9Q87P0",
        "ts": "1553482314.032300",
        "thread_ts": "1553482314.032300",
        "reply_count": 4,
        "reply_users_count": 3,
        "latest_reply": "1553535120.037000",
        "reply_users": [
            "U8A5MS6R1",
            "UCUSW7WVD",
            "UBSMEUXAA"
        ],
        "replies": [
            {
                "user": "U8A5MS6R1",
                "ts": "1553482421.032400"
            },
            {
                "user": "UCUSW7WVD",
                "ts": "1553483333.032700"
            },
            {
                "user": "U8A5MS6R1",
                "ts": "1553485506.033100"
            },
            {
                "user": "UBSMEUXAA",
                "ts": "1553535120.037000"
            }
        ],
        "reactions": [
            {
                "name": "heart",
                "users": [
                    "UCUSW7WVD",
                    "U5TCAFTD3",
                    "UGXH0HCSF",
                    "UBSMEUXAA",
                    "UGMH4H202"
                ],
                "count": 5
            }
        ]
    },
    {
        "client_msg_id": "57b484d0-1545-42cd-9430-83f9bdb928a8",
        "type": "message",
        "text": "Thanks for the demo, Omar! And for hosting!",
        "user": "U8A5MS6R1",
        "ts": "1553482421.032400",
        "thread_ts": "1553482314.032300",
        "parent_user_id": "UCL9Q87P0",
        "reactions": [
            {
                "name": "slightly_smiling_face",
                "users": [
                    "UCL9Q87P0"
                ],
                "count": 1
            }
        ]
    },
    {
        "client_msg_id": "b753714f-a1dd-4937-b6f9-485c5ab54431",
        "type": "message",
        "text": "Indeed. I got a lot more out of this visit than my previous one to Dynamicland.",
        "user": "UCUSW7WVD",
        "ts": "1553483333.032700",
        "thread_ts": "1553482314.032300",
        "parent_user_id": "UCL9Q87P0",
        "reactions": [
            {
                "name": "slightly_smiling_face",
                "users": [
                    "UCL9Q87P0"
                ],
                "count": 1
            }
        ]
    },
    {
        "client_msg_id": "ab0060e3-6e62-41e9-9a14-e76686c06ec7",
        "type": "message",
        "text": "Also thanks to <@U5TCAFTD3> for organizing!",
        "user": "U8A5MS6R1",
        "ts": "1553485506.033100",
        "thread_ts": "1553482314.032300",
        "parent_user_id": "UCL9Q87P0",
        "reactions": [
            {
                "name": "+1",
                "users": [
                    "UCUSW7WVD",
                    "UCL9Q87P0",
                    "U5TCAFTD3"
                ],
                "count": 3
            }
        ]
    }
]