[
    {
        "client_msg_id": "AC423725-7984-42D4-8E6D-A03D3BB8940D",
        "type": "message",
        "text": "The first and most important thing we need is an icon!  FO in the list of Slacks isn't going to cut it.",
        "user": "UA14TGLTC",
        "ts": "1545644658.012800",
        "reactions": [
            {
                "name": "zany_face",
                "users": [
                    "UE6EFEPTQ"
                ],
                "count": 1
            }
        ]
    },
    {
        "client_msg_id": "1b9ab47e-d7a9-4fb6-90ee-793e8dae6a96",
        "type": "message",
        "text": "When I’ve looked around to choose the forum software for <http:\/\/forum.soundradix.com|forum.soundradix.com> we’ve went for discourse (and Vanilla was indeed one of the options we’ve looked at). Other good forums that I know like <http:\/\/forum.juce.com|forum.juce.com> and <http:\/\/forum.hasadna.org.il|forum.hasadna.org.il> use it to great success.",
        "user": "U79HM6726",
        "ts": "1545647385.013000",
        "edited": {
            "user": "U79HM6726",
            "ts": "1545647546.000000"
        },
        "thread_ts": "1545589999.004400",
        "parent_user_id": "U6KQ2S410"
    },
    {
        "client_msg_id": "3bac1572-49f7-4030-bde0-a86b703ec864",
        "type": "message",
        "text": "Looks like Vanilla is $689 per month! Yes discourse does have some email digest options and even a 'mailing list mode'. <https:\/\/meta.discourse.org\/t\/what-is-mailing-list-mode\/46008>  <https:\/\/screenshots.firefox.com\/RELSsTUgTHdUksAG\/discuss.python.org>",
        "user": "U8A5MS6R1",
        "ts": "1545693657.013700",
        "attachments": [
            {
                "service_name": "Discourse Meta",
                "title": "What is \"Mailing List mode\"?",
                "title_link": "https:\/\/meta.discourse.org\/t\/what-is-mailing-list-mode\/46008",
                "text": "What does the “Mailing List mode” do? How does it affect my notifications? The only information given to me in the UI is: This setting overrides the activity summary. Muted topics and categories are not included in these emails.",
                "fallback": "Discourse Meta: What is \"Mailing List mode\"?",
                "thumb_url": "https:\/\/meta-s3-cdn.freetls.fastly.net\/original\/3X\/a\/c\/ac166452701ce353fa6c8865e99879e8cacfb960.png",
                "ts": 1466261414,
                "from_url": "https:\/\/meta.discourse.org\/t\/what-is-mailing-list-mode\/46008",
                "thumb_width": 350,
                "thumb_height": 349,
                "service_icon": "https:\/\/meta-s3-cdn.freetls.fastly.net\/original\/3X\/a\/c\/ac166452701ce353fa6c8865e99879e8cacfb960.png",
                "id": 1,
                "original_url": "https:\/\/meta.discourse.org\/t\/what-is-mailing-list-mode\/46008"
            },
            {
                "title": "Discussions on Python.org",
                "title_link": "https:\/\/screenshots.firefox.com\/RELSsTUgTHdUksAG\/discuss.python.org",
                "text": "From <http:\/\/discuss.python.org|discuss.python.org>",
                "fallback": "Discussions on Python.org",
                "image_url": "https:\/\/screenshotscdn.firefoxusercontent.com\/images\/0d905787-2f85-42c9-8097-217b3436f49d.png?embedded=og",
                "image_width": 386,
                "image_height": 250,
                "from_url": "https:\/\/screenshots.firefox.com\/RELSsTUgTHdUksAG\/discuss.python.org",
                "image_bytes": 141509,
                "service_icon": "https:\/\/screenshotscdn.firefox.com\/static\/img\/favicon-32.png?rev=36.4.0",
                "service_name": "screenshots.firefox.com",
                "id": 2,
                "original_url": "https:\/\/screenshots.firefox.com\/RELSsTUgTHdUksAG\/discuss.python.org"
            }
        ],
        "thread_ts": "1545589999.004400",
        "parent_user_id": "U6KQ2S410"
    },
    {
        "client_msg_id": "218b4949-dd33-434d-9a37-261aa6e94a2e",
        "type": "message",
        "text": "I am baffled at trying to catch up with unread posts on Slack. Apparently this is only available on desktop: <https:\/\/get.slack.help\/hc\/en-us\/articles\/226410907-View-all-your-unread-messages>\nEven then, you have to choose between either picking up where you left off and marking the channel completely read, or going to the last post and leaving unread posts. This is just bizarre.",
        "user": "U6KQ2S410",
        "ts": "1545708853.018300",
        "attachments": [
            {
                "service_name": "Slack Help Center",
                "title": "View all your unread messages",
                "title_link": "https:\/\/get.slack.help\/hc\/en-us\/articles\/226410907-View-all-your-unread-messages",
                "text": "Browsing the All Unreads view on desktop lets you catch up on the messages you missed when you were away from Slack. While you're at it, you can act on those messages, too: Scan what's new, see pe...",
                "fallback": "Slack Help Center: View all your unread messages",
                "from_url": "https:\/\/get.slack.help\/hc\/en-us\/articles\/226410907-View-all-your-unread-messages",
                "thumb_url": "https:\/\/theme.zdassets.com\/theme_assets\/138842\/feffbafc167df10dfe647c32e4571e3f2fe5bb85.png",
                "thumb_width": 192,
                "thumb_height": 192,
                "service_icon": "http:\/\/theme.zdassets.com\/theme_assets\/138842\/c72903152f1b15d815cfa8efc83aaa8ba575e034.png",
                "id": 1,
                "original_url": "https:\/\/get.slack.help\/hc\/en-us\/articles\/226410907-View-all-your-unread-messages"
            }
        ],
        "reactions": [
            {
                "name": "grimacing",
                "users": [
                    "U5TCAFTD3",
                    "UE6EFEPTQ"
                ],
                "count": 2
            }
        ]
    }
]