[
    {
        "client_msg_id": "bd7937e2-3b33-46da-8d89-476597d98e30",
        "type": "message",
        "text": "Was looking at Codea and noticed they have a nice forum: <https:\/\/codea.io\/talk\/> using Vanilla: <https:\/\/vanillaforums.com\/en\/features\/>",
        "user": "U6KQ2S410",
        "ts": "1545589999.004400",
        "attachments": [
            {
                "service_name": "Vanilla Forums",
                "title": "Modern Cloud Based Online Community Software Features - Vanilla Forums",
                "title_link": "https:\/\/vanillaforums.com\/en\/features\/",
                "text": "Build an online forum for a better user experience with your community. Start your free trial now.",
                "fallback": "Vanilla Forums: Modern Cloud Based Online Community Software Features - Vanilla Forums",
                "image_url": "https:\/\/vanillaforums.com\/images\/metaIcons\/vanillaForums.png",
                "from_url": "https:\/\/vanillaforums.com\/en\/features\/",
                "image_width": 476,
                "image_height": 250,
                "image_bytes": 272035,
                "service_icon": "https:\/\/vanillaforums.com\/favicon.ico",
                "id": 1,
                "original_url": "https:\/\/vanillaforums.com\/en\/features\/"
            }
        ],
        "thread_ts": "1545589999.004400",
        "reply_count": 5,
        "reply_users_count": 4,
        "latest_reply": "1545693657.013700",
        "reply_users": [
            "UC25BN0RW",
            "U6KQ2S410",
            "U79HM6726",
            "U8A5MS6R1"
        ],
        "replies": [
            {
                "user": "UC25BN0RW",
                "ts": "1545606234.005200"
            },
            {
                "user": "U6KQ2S410",
                "ts": "1545606694.009500"
            },
            {
                "user": "UC25BN0RW",
                "ts": "1545607184.009800"
            },
            {
                "user": "U79HM6726",
                "ts": "1545647385.013000"
            },
            {
                "user": "U8A5MS6R1",
                "ts": "1545693657.013700"
            }
        ]
    },
    {
        "client_msg_id": "56e4e8c3-3f6e-4d65-b61e-779bfc3aa425",
        "type": "message",
        "text": "we'd need to do another poll if we used that: to choose our \"brand colour\" :smile:",
        "user": "UE6EFEPTQ",
        "ts": "1545600250.005000"
    },
    {
        "client_msg_id": "ff9c6372-db82-425e-a475-2d195acb76a0",
        "type": "message",
        "text": "Is there a reason this forum is more appealing to you than Discourse?",
        "user": "UC25BN0RW",
        "ts": "1545606234.005200",
        "thread_ts": "1545589999.004400",
        "parent_user_id": "U6KQ2S410",
        "reactions": [
            {
                "name": "+1",
                "users": [
                    "U79HM6726"
                ],
                "count": 1
            }
        ]
    },
    {
        "client_msg_id": "256b6114-8eb4-49b1-8a9e-974350150ea5",
        "type": "message",
        "text": "Discourse is free because Steven has a $50+ Patreon <https:\/\/blog.discourse.org\/2018\/12\/free-hosting-for-patreon-creators\/>",
        "user": "UC25BN0RW",
        "ts": "1545606363.005400",
        "attachments": [
            {
                "service_name": "Discourse Blog",
                "title": "Free hosting for Patreon creators",
                "title_link": "https:\/\/blog.discourse.org\/2018\/12\/free-hosting-for-patreon-creators\/",
                "text": "Nearly two years ago we started very carefully experimenting with free hosting of open source projects. We recently rolled out the v2 of this program for open source projects, and today we’re extending the same offer for Patreon creators.   Free Discourse Hosting For Your Patreon Project Are you a creator on Patreon? Then you might be eligible for a free, hosted Discourse + SSL. Our tight integration with Patreon automates badges and user groups for your patrons. For some excellent examples of how Discourse can increase your patron count […]",
                "fallback": "Discourse Blog: Free hosting for Patreon creators",
                "from_url": "https:\/\/blog.discourse.org\/2018\/12\/free-hosting-for-patreon-creators\/",
                "service_icon": "http:\/\/blog.discourse.org\/wp-uploads\/2013\/02\/favicon.png",
                "id": 1,
                "original_url": "https:\/\/blog.discourse.org\/2018\/12\/free-hosting-for-patreon-creators\/"
            }
        ],
        "thread_ts": "1545252780.018400",
        "parent_user_id": "U8A5MS6R1",
        "reactions": [
            {
                "name": "sunglasses",
                "users": [
                    "UDJ2TKB99",
                    "U8A5MS6R1"
                ],
                "count": 2
            }
        ]
    },
    {
        "client_msg_id": "4D43FEAD-6FBE-4270-96DC-8E54180A1BD2",
        "type": "message",
        "text": "No I haven’t made a detailed study, though I did notice that Discourse doesn’t do email digests, whereas vanilla claims to.   But I’d prefer just about any forum over slack. ",
        "user": "U6KQ2S410",
        "ts": "1545606694.009500",
        "thread_ts": "1545589999.004400",
        "parent_user_id": "U6KQ2S410"
    },
    {
        "client_msg_id": "10d81bc2-27d8-4238-a960-9c7bdba63fd5",
        "type": "message",
        "text": "Legit. Discourse does do adjustable email digests. Evidence: I get multiple digests from various Discourse communities I'm a part of.",
        "user": "UC25BN0RW",
        "ts": "1545607184.009800",
        "thread_ts": "1545589999.004400",
        "parent_user_id": "U6KQ2S410"
    },
    {
        "client_msg_id": "ad8c0a95-9012-45e7-9f21-ff7dc9a962eb",
        "type": "message",
        "text": "I thought our color was #00c784.  :thinking_face:",
        "user": "UA14TGLTC",
        "ts": "1545630381.010300",
        "reactions": [
            {
                "name": "thinking_face",
                "users": [
                    "UE6EFEPTQ"
                ],
                "count": 1
            }
        ]
    }
]