[
    {
        "client_msg_id": "7cfb1d36-119b-4f52-9f4f-3a0da2cf718e",
        "type": "message",
        "text": "I created a <#CEY5Q3W65|test-riot> channel to test the riot integration",
        "user": "U5TCAFTD3",
        "ts": "1545303117.050700",
        "thread_ts": "1545303117.050700",
        "reply_count": 4,
        "reply_users_count": 2,
        "latest_reply": "1545315993.067900",
        "reply_users": [
            "U5TCAFTD3",
            "UE6EFEPTQ"
        ],
        "replies": [
            {
                "user": "U5TCAFTD3",
                "ts": "1545303155.050800"
            },
            {
                "user": "UE6EFEPTQ",
                "ts": "1545315967.067500"
            },
            {
                "user": "UE6EFEPTQ",
                "ts": "1545315973.067700"
            },
            {
                "user": "UE6EFEPTQ",
                "ts": "1545315993.067900"
            }
        ]
    },
    {
        "client_msg_id": "6c4d3993-59dc-4f93-b152-7984c5bc43c5",
        "type": "message",
        "text": "Not really sure what riot gains us...",
        "user": "U5TCAFTD3",
        "ts": "1545303155.050800",
        "thread_ts": "1545303117.050700",
        "parent_user_id": "U5TCAFTD3"
    },
    {
        "client_msg_id": "69a62b4e-451d-49b4-bd84-f88fafbf847d",
        "type": "message",
        "text": "It was an accident of history that this Slack was named \"Future of Programming\" and my podcast was named \"Future of Coding\", and that I now run these two things with ever-so-slightly different names. Anyone <!here> opposed to me renaming this Slack to \"Future of Coding\" and changing the url to <http:\/\/futureofcoding.slack.com|futureofcoding.slack.com>? All old messages will be saved and the old URL will automatically redirect to the new one (until somebody else registers the old name)",
        "user": "U5TCAFTD3",
        "ts": "1545303638.052900",
        "thread_ts": "1545303638.052900",
        "reply_count": 18,
        "reply_users_count": 4,
        "latest_reply": "1545403999.002100",
        "reply_users": [
            "UEDDR6L5Q",
            "U79HM6726",
            "UE6EFEPTQ",
            "U5TCAFTD3"
        ],
        "replies": [
            {
                "user": "UEDDR6L5Q",
                "ts": "1545303734.053000"
            },
            {
                "user": "U79HM6726",
                "ts": "1545303770.053200"
            },
            {
                "user": "UE6EFEPTQ",
                "ts": "1545316086.068100"
            },
            {
                "user": "UE6EFEPTQ",
                "ts": "1545316176.068400"
            },
            {
                "user": "UE6EFEPTQ",
                "ts": "1545316297.068600"
            },
            {
                "user": "U5TCAFTD3",
                "ts": "1545316334.068800"
            },
            {
                "user": "UE6EFEPTQ",
                "ts": "1545316361.069000"
            },
            {
                "user": "UE6EFEPTQ",
                "ts": "1545316427.069200"
            },
            {
                "user": "UE6EFEPTQ",
                "ts": "1545316641.069400"
            },
            {
                "user": "UE6EFEPTQ",
                "ts": "1545316711.069600"
            },
            {
                "user": "UE6EFEPTQ",
                "ts": "1545316753.069800"
            },
            {
                "user": "U5TCAFTD3",
                "ts": "1545316875.070000"
            },
            {
                "user": "U5TCAFTD3",
                "ts": "1545316882.070200"
            },
            {
                "user": "UEDDR6L5Q",
                "ts": "1545394935.000500"
            },
            {
                "user": "U5TCAFTD3",
                "ts": "1545395842.000900"
            },
            {
                "user": "U5TCAFTD3",
                "ts": "1545395846.001100"
            },
            {
                "user": "U5TCAFTD3",
                "ts": "1545395857.001300"
            },
            {
                "user": "UEDDR6L5Q",
                "ts": "1545403999.002100"
            }
        ]
    },
    {
        "client_msg_id": "c764597d-0504-4c01-bd64-6041625b43b7",
        "type": "message",
        "text": "ha, I did notice that... there's no opposition from me",
        "user": "UEDDR6L5Q",
        "ts": "1545303734.053000",
        "thread_ts": "1545303638.052900",
        "parent_user_id": "U5TCAFTD3"
    },
    {
        "client_msg_id": "c3002b27-e19b-45e6-800c-4816855309ee",
        "type": "message",
        "text": "As long as it’s not future of hacking or rockstaring I think it’s fine :slightly_smiling_face:",
        "user": "U79HM6726",
        "ts": "1545303770.053200",
        "thread_ts": "1545303638.052900",
        "parent_user_id": "U5TCAFTD3"
    },
    {
        "client_msg_id": "20cb7f16-a947-4d28-9876-510786ac3daa",
        "type": "message",
        "text": "I started the <#CCL5VVBAN|feedback> channel because I didn't want <#C5T9GPWFL|general> to devolve into self-promotion, but now I think it's a bit of an artificial distinction. I'm thinking of discontinuing the <#CCL5VVBAN|feedback> channel in favor of what HN does: simply put \"Show FoC:\" or or \"Feedback Request:\" something like that when you want to share something you made yourself. Thoughts?",
        "user": "U5TCAFTD3",
        "ts": "1545304733.055200",
        "thread_ts": "1545304733.055200",
        "reply_count": 9,
        "reply_users_count": 5,
        "latest_reply": "1545396465.001900",
        "reply_users": [
            "U5TCAFTD3",
            "U5STGTB3J",
            "UC2A2ARPT",
            "UEDDR6L5Q",
            "UEKEQGB9C"
        ],
        "replies": [
            {
                "user": "U5TCAFTD3",
                "ts": "1545304827.055300"
            },
            {
                "user": "U5STGTB3J",
                "ts": "1545305796.058700"
            },
            {
                "user": "UC2A2ARPT",
                "ts": "1545319594.076100"
            },
            {
                "user": "UC2A2ARPT",
                "ts": "1545319733.077900"
            },
            {
                "user": "U5TCAFTD3",
                "ts": "1545320347.078700"
            },
            {
                "user": "U5TCAFTD3",
                "ts": "1545320571.079400"
            },
            {
                "user": "U5STGTB3J",
                "ts": "1545322028.079700"
            },
            {
                "user": "UEDDR6L5Q",
                "ts": "1545393837.000300"
            },
            {
                "user": "UEKEQGB9C",
                "ts": "1545396465.001900"
            }
        ],
        "reactions": [
            {
                "name": "+1",
                "users": [
                    "UDJ2TKB99"
                ],
                "count": 1
            }
        ]
    },
    {
        "client_msg_id": "97858b4b-8a67-4e8f-8b64-ae2b190e0672",
        "type": "message",
        "text": "I'm thinking of retiring <#C5U3SEW6A|random> as well on similar grounds",
        "user": "U5TCAFTD3",
        "ts": "1545304827.055300",
        "edited": {
            "user": "U5TCAFTD3",
            "ts": "1545304838.000000"
        },
        "thread_ts": "1545304733.055200",
        "parent_user_id": "U5TCAFTD3",
        "reactions": [
            {
                "name": "+1",
                "users": [
                    "UC2A2ARPT"
                ],
                "count": 1
            }
        ]
    },
    {
        "client_msg_id": "9ae52b3b-3483-4942-9af8-80d308886dde",
        "type": "message",
        "text": "Thoughts on renaming this channel to \"#collaboration\"? The issue with <#CEXED56UR|meta> is that that's an actual topic for PL people...",
        "user": "U5TCAFTD3",
        "ts": "1545305573.056200",
        "thread_ts": "1545305573.056200",
        "reply_count": 7,
        "reply_users_count": 3,
        "latest_reply": "1545337036.080700",
        "reply_users": [
            "U79HM6726",
            "UEBU4L0BD",
            "UC2A2ARPT"
        ],
        "replies": [
            {
                "user": "U79HM6726",
                "ts": "1545312381.060200"
            },
            {
                "user": "UEBU4L0BD",
                "ts": "1545313003.062200"
            },
            {
                "user": "UEBU4L0BD",
                "ts": "1545313237.063600"
            },
            {
                "user": "UEBU4L0BD",
                "ts": "1545313415.066500"
            },
            {
                "user": "U79HM6726",
                "ts": "1545314195.066700"
            },
            {
                "user": "UC2A2ARPT",
                "ts": "1545319456.073200"
            },
            {
                "user": "UEBU4L0BD",
                "ts": "1545337036.080700"
            }
        ]
    },
    {
        "client_msg_id": "5D7BF1D4-AA33-4B37-8D21-1506684A7608",
        "type": "message",
        "text": "+1 for retiring <#C5U3SEW6A|random>, because the distinction between <#C5T9GPWFL|general> and <#C5U3SEW6A|random> isn’t clear or useful.",
        "user": "U5STGTB3J",
        "ts": "1545305796.058700",
        "thread_ts": "1545304733.055200",
        "parent_user_id": "U5TCAFTD3"
    },
    {
        "client_msg_id": "fba087c2-4364-462b-aceb-b74057fe1431",
        "type": "message",
        "text": "Meta is very common for this kind of thing. Like <http:\/\/meta.stackoverflow.com|meta.stackoverflow.com>, <http:\/\/meta.discourse.org|meta.discourse.org>, etc, and PL people who discuss meta-programming should know and understand this..",
        "user": "U79HM6726",
        "ts": "1545312381.060200",
        "thread_ts": "1545305573.056200",
        "parent_user_id": "U5TCAFTD3"
    },
    {
        "client_msg_id": "E952F2AE-77ED-45A9-A2EE-B037A0C7ED75",
        "type": "message",
        "text": "If we think like “future code” , I would personally stand for #collaboration. ) ",
        "user": "UEBU4L0BD",
        "ts": "1545313003.062200",
        "thread_ts": "1545305573.056200",
        "parent_user_id": "U5TCAFTD3"
    },
    {
        "client_msg_id": "3DA2F125-4CE9-4710-B6AB-5DA62B7F24EE",
        "type": "message",
        "text": "ideas, debate, feedback, constructive criticism, and collaboration. These can be other channels from readme. At least some of them. ",
        "user": "UEBU4L0BD",
        "ts": "1545313237.063600",
        "thread_ts": "1545305573.056200",
        "parent_user_id": "U5TCAFTD3"
    },
    {
        "client_msg_id": "3F2A1A4E-6CBC-421A-BF04-11E8DF750311",
        "type": "message",
        "text": "I just see the future in more humanize vocabulary of coding. English is a rich language and meta is a good word although use of words from their meaning in dictionary is better than use of common words from coding world with their own additional meaning. That is just my opinion. ",
        "user": "UEBU4L0BD",
        "ts": "1545313415.066500",
        "thread_ts": "1545305573.056200",
        "parent_user_id": "U5TCAFTD3"
    },
    {
        "client_msg_id": "1a8b4e98-ca44-473b-a760-a17d1e95ccaf",
        "type": "message",
        "text": "This meta channel actually fits dictionary meaning for meta:\n\n<https:\/\/www.urbandictionary.com\/define.php?term=meta>\n\nIt’s the coding term that it doesn’t directly fit.",
        "user": "U79HM6726",
        "ts": "1545314195.066700",
        "edited": {
            "user": "U79HM6726",
            "ts": "1545314570.000000"
        },
        "attachments": [
            {
                "service_name": "Urban Dictionary",
                "title": "Urban Dictionary: meta",
                "title_link": "https:\/\/www.urbandictionary.com\/define.php?term=meta",
                "text": "1. Meta means about the thing itself. It's seeing the thing from a higher perspective instead of from within the thing, like being self-aware. 2. A term used in mmo meaning the Most Effective Tactic Available. It's basically what works in a game regardless of what you wish would work.",
                "fallback": "Urban Dictionary: Urban Dictionary: meta",
                "from_url": "https:\/\/www.urbandictionary.com\/define.php?term=meta",
                "service_icon": "https:\/\/www.urbandictionary.com\/favicon.ico",
                "id": 1,
                "original_url": "https:\/\/www.urbandictionary.com\/define.php?term=meta"
            }
        ],
        "thread_ts": "1545305573.056200",
        "parent_user_id": "U5TCAFTD3"
    },
    {
        "client_msg_id": "793f1c3d-14c9-4b7f-bd1a-99cc33732e3f",
        "type": "message",
        "text": "It's about not being dependent on a company, so presumably the chat history is immutable and saved as long as we're all using the system. Plus free and open so we don't have an \"us and them\" going on, just \"us and us\".",
        "user": "UE6EFEPTQ",
        "ts": "1545315967.067500",
        "thread_ts": "1545303117.050700",
        "parent_user_id": "U5TCAFTD3"
    },
    {
        "client_msg_id": "09fd6def-d859-42c5-ac74-ea2c765e2536",
        "type": "message",
        "text": "But usability wise not sure",
        "user": "UE6EFEPTQ",
        "ts": "1545315973.067700",
        "thread_ts": "1545303117.050700",
        "parent_user_id": "U5TCAFTD3"
    },
    {
        "client_msg_id": "f618efb5-4ae6-49e5-a424-ee1fc9cb7dcb",
        "type": "message",
        "text": "May be better than Slack but it's still chat",
        "user": "UE6EFEPTQ",
        "ts": "1545315993.067900",
        "thread_ts": "1545303117.050700",
        "parent_user_id": "U5TCAFTD3"
    },
    {
        "client_msg_id": "d8ea49dd-8e89-465e-a35b-1daaecb088bd",
        "type": "message",
        "text": "Coding sounds techie and textie, Programming sounds more open to non-code-like approaches like visual programming.",
        "user": "UE6EFEPTQ",
        "ts": "1545316086.068100",
        "thread_ts": "1545303638.052900",
        "parent_user_id": "U5TCAFTD3",
        "reactions": [
            {
                "name": "+1",
                "users": [
                    "U79HM6726",
                    "UC2A2ARPT"
                ],
                "count": 2
            }
        ]
    },
    {
        "client_msg_id": "179318c4-d26c-473e-b3e5-156a67a6ebc2",
        "type": "message",
        "text": "And also, maybe it is time to broach the topic of the relationship of this Slack to your podcast project. How much are you willing to cede control and proprietorship? Is this a vehicle for promoting the podcast stuff?",
        "user": "UE6EFEPTQ",
        "ts": "1545316176.068400",
        "thread_ts": "1545303638.052900",
        "parent_user_id": "U5TCAFTD3"
    },
    {
        "client_msg_id": "be05457f-88e7-435c-8611-6f0c260f1333",
        "type": "message",
        "text": "Or a funnel to bring in material and podcastees?",
        "user": "UE6EFEPTQ",
        "ts": "1545316297.068600",
        "thread_ts": "1545303638.052900",
        "parent_user_id": "U5TCAFTD3"
    },
    {
        "client_msg_id": "0302a226-5bda-4f9e-8f19-9e074b8ca1e3",
        "type": "message",
        "text": "Here's what I wrote on that in the README:\n\n&gt; This community was started by Irvin Hwang as a Google Group in mid-2017 for organizing NYC meetups, but was quickly turned into a Slack and taken over by Steve Krouse when Irvin got busy with his job.\n&gt; .\n&gt;The Slack is loosely connected to the Future of Coding podcast -- people hear about it there and sometimes discuss episodes -- but it’s only one of many common touch points for the community, including Bret Victor, Douglas Engelbart, Alan Kay, Fred Brooks, HCI, HARC, Eve...",
        "user": "U5TCAFTD3",
        "ts": "1545316334.068800",
        "thread_ts": "1545303638.052900",
        "parent_user_id": "U5TCAFTD3"
    },
    {
        "client_msg_id": "cdc6ab4b-3448-4625-ae52-015470767d83",
        "type": "message",
        "text": "I think most recent joiners probably went \"oh, a future of programming community!\" not \"oh, we can chat about the podcasts and Steve's progress!\" :smile:",
        "user": "UE6EFEPTQ",
        "ts": "1545316361.069000",
        "thread_ts": "1545303638.052900",
        "parent_user_id": "U5TCAFTD3"
    },
    {
        "client_msg_id": "46b6f9e8-655d-4170-986c-a5f26bc179a5",
        "type": "message",
        "text": "Ah, Slack has put my last message after your reply!",
        "user": "UE6EFEPTQ",
        "ts": "1545316427.069200",
        "thread_ts": "1545303638.052900",
        "parent_user_id": "U5TCAFTD3"
    },
    {
        "client_msg_id": "988e8afc-d141-437d-8755-fdd77910ea8b",
        "type": "message",
        "text": "So yeah, that answers my point!",
        "user": "UE6EFEPTQ",
        "ts": "1545316641.069400",
        "thread_ts": "1545303638.052900",
        "parent_user_id": "U5TCAFTD3"
    },
    {
        "client_msg_id": "8d9eeb94-6d81-4dc1-af03-8d8f9c3fa322",
        "type": "message",
        "text": "Why Brooks and not Backus? :smile:",
        "user": "UE6EFEPTQ",
        "ts": "1545316711.069600",
        "thread_ts": "1545303638.052900",
        "parent_user_id": "U5TCAFTD3"
    },
    {
        "client_msg_id": "60dd6e9d-0f27-42e0-856d-7ee8fbe0eb88",
        "type": "message",
        "text": "And if I were <@UEBG0NPDK> I'd be annoyed that Bret was at the top and Eve at the end :smile:",
        "user": "UE6EFEPTQ",
        "ts": "1545316753.069800",
        "thread_ts": "1545303638.052900",
        "parent_user_id": "U5TCAFTD3"
    },
    {
        "client_msg_id": "25147c75-2ef2-4198-b878-b1a427dfe07d",
        "type": "message",
        "text": "Feel free to change it in the doc (which will appear as a comment)",
        "user": "U5TCAFTD3",
        "ts": "1545316875.070000",
        "thread_ts": "1545303638.052900",
        "parent_user_id": "U5TCAFTD3"
    },
    {
        "client_msg_id": "8a9a4d77-745f-4d9d-8d64-17bd0e9a59a4",
        "type": "message",
        "text": "If you want to improve it",
        "user": "U5TCAFTD3",
        "ts": "1545316882.070200",
        "thread_ts": "1545303638.052900",
        "parent_user_id": "U5TCAFTD3"
    },
    {
        "client_msg_id": "BCDDA0FE-2BC0-4388-9028-76AF4A95E241",
        "type": "message",
        "text": "#collaboration suggests that it’s a channel for people to discuss collaborative projects. That term has been used that way in other communities, at least.\n\nI think there’s an easy distinction between <#CEXED56UR|meta> as it is now and some hypothetical #metaprogramming. Also, the channel description takes away any uncertainty.",
        "user": "UC2A2ARPT",
        "ts": "1545319456.073200",
        "thread_ts": "1545305573.056200",
        "parent_user_id": "U5TCAFTD3",
        "reactions": [
            {
                "name": "100",
                "users": [
                    "U5STGTB3J",
                    "U79HM6726",
                    "UEDDR6L5Q"
                ],
                "count": 3
            }
        ]
    },
    {
        "client_msg_id": "25DA6DBD-9CF5-4F6B-B253-B8337BC3F095",
        "type": "message",
        "text": "I like <#CCL5VVBAN|feedback> because it reduces the pressure on <#C5T9GPWFL|general>. For instance, if there’s an active conversation or a recent post in <#C5T9GPWFL|general>, I’m going to feel extra spammy if I post something like “forget that, look at my thing gang!”. By having a separate channel, <#C5T9GPWFL|general> is that much less likely to become chaotic.",
        "user": "UC2A2ARPT",
        "ts": "1545319594.076100",
        "edited": {
            "user": "UC2A2ARPT",
            "ts": "1545319616.000000"
        },
        "thread_ts": "1545304733.055200",
        "parent_user_id": "U5TCAFTD3",
        "reactions": [
            {
                "name": "+1",
                "users": [
                    "UEKEQGB9C"
                ],
                "count": 1
            }
        ]
    },
    {
        "client_msg_id": "D0D15C09-31F8-4351-ACCD-7013AFDB9161",
        "type": "message",
        "text": "Imagine posting something you made and were excited to share, and then having it buried under all those polls that people are going a bit off the deep end with. That’d be disheartening.",
        "user": "UC2A2ARPT",
        "ts": "1545319733.077900",
        "thread_ts": "1545304733.055200",
        "parent_user_id": "U5TCAFTD3"
    },
    {
        "client_msg_id": "9f8c5355-261c-4631-bb63-5e49ef21895e",
        "type": "message",
        "text": "I think you've gotten to the heart of it <@UC2A2ARPT>. I created <#CCL5VVBAN|feedback> as a way to decrease *volume* of posts in <#C5T9GPWFL|general> but people were confused because it's a bit strange as a *topical* distinction. It's a pretty subtle difference: things created by me vs things I found that others made",
        "user": "U5TCAFTD3",
        "ts": "1545320347.078700",
        "thread_ts": "1545304733.055200",
        "parent_user_id": "U5TCAFTD3",
        "reactions": [
            {
                "name": "+1",
                "users": [
                    "UEKEQGB9C"
                ],
                "count": 1
            }
        ]
    },
    {
        "client_msg_id": "3d201923-84af-4b2b-9c25-a1eddcaf36db",
        "type": "message",
        "text": "I wonder if ways we can attack *volume* of <#C5T9GPWFL|general> more directly without breaking <#C5T9GPWFL|general> somewhat-artificially",
        "user": "U5TCAFTD3",
        "ts": "1545320571.079400",
        "thread_ts": "1545304733.055200",
        "parent_user_id": "U5TCAFTD3"
    },
    {
        "client_msg_id": "2fafedd7-974a-4ede-9f6e-a7c0f8f710ae",
        "type": "message",
        "text": "Several people here said that they don't *like* Slack and several others mentioned that they don't *know* Slack — maybe it's important to make that distinction?\nIf you don't _know_ Slack: You can subscribe to any thread by clicking the three dots and selecting \"Follow Thread\" and will then receive notifications (depending on your notification settings) and new messages will also show up in the \"New Threads\" channel. When you reply in a thread, you will automatically be subscribed to it (and it's as easy to unsubscribe; same process). Works the same on mobile, you get into a thread or create one by tapping a message. This is how I try to deal with volume. Tools &gt; Process.",
        "user": "U5STGTB3J",
        "ts": "1545322028.079700",
        "thread_ts": "1545304733.055200",
        "parent_user_id": "U5TCAFTD3",
        "reactions": [
            {
                "name": "+1",
                "users": [
                    "UC2A2ARPT"
                ],
                "count": 1
            }
        ]
    },
    {
        "client_msg_id": "5D3D832C-9AAC-4E7B-84F5-6432FDEB689E",
        "type": "message",
        "text": "Okay. I see how you meant it. ",
        "user": "UEBU4L0BD",
        "ts": "1545337036.080700",
        "thread_ts": "1545305573.056200",
        "parent_user_id": "U5TCAFTD3"
    }
]