[
    {
        "client_msg_id": "32433c23-273c-4915-b441-0595d406cc1e",
        "type": "message",
        "text": "Important to keep in mind that last week 31% of the 500 messages in this slack were direct messages. That's a key use case to continue supporting if we ever leave here",
        "user": "U5TCAFTD3",
        "ts": "1545736723.019600",
        "edited": {
            "user": "U5TCAFTD3",
            "ts": "1545736930.000000"
        },
        "reactions": [
            {
                "name": "thinking_face",
                "users": [
                    "UC2A2ARPT",
                    "UA14TGLTC"
                ],
                "count": 2
            }
        ]
    },
    {
        "client_msg_id": "ce548e12-0e83-4622-812f-70d11c88d6c3",
        "type": "message",
        "text": "I've a feeling this is an old-timer vs hipster thing, <@U6KQ2S410> ",
        "user": "UE6EFEPTQ",
        "ts": "1545738987.020600",
        "reactions": [
            {
                "name": "thinking_face",
                "users": [
                    "U6KQ2S410"
                ],
                "count": 1
            }
        ]
    },
    {
        "client_msg_id": "47bb9fb2-6bfd-47dd-84b0-d502b356f5be",
        "type": "message",
        "text": "<@UE6EFEPTQ> I can believe that, and if it is true, then we should stick with Slack to best support the future members of the community.",
        "user": "U6KQ2S410",
        "ts": "1545793921.022400",
        "reactions": [
            {
                "name": "+1",
                "users": [
                    "U79HM6726",
                    "UA14TGLTC"
                ],
                "count": 2
            }
        ]
    }
]