[
    {
        "client_msg_id": "90095576-b39a-437a-9ef2-d4c7807bf9a8",
        "type": "message",
        "text": "No! I demaaand respect!!",
        "user": "UE6EFEPTQ",
        "ts": "1545853393.023000"
    },
    {
        "client_msg_id": "704fdbb6-b5c0-4daa-bfaa-6694fcb0e8bc",
        "type": "message",
        "text": "Or someone to just send me an email when something interesting comes up. :smile:",
        "user": "UE6EFEPTQ",
        "ts": "1545853511.023500"
    },
    {
        "client_msg_id": "9385d138-eecf-41df-a0ef-352b9c38417f",
        "type": "message",
        "text": "Spectrum supports direct messages - just sayin. (Discourse does too)",
        "user": "U8A5MS6R1",
        "ts": "1545865465.024000",
        "reactions": [
            {
                "name": "+1",
                "users": [
                    "UCGAK10LS",
                    "UA14TGLTC",
                    "U5TCAFTD3"
                ],
                "count": 3
            }
        ]
    }
]