[
    {
        "user": "U5TCAFTD3",
        "type": "message",
        "subtype": "channel_join",
        "ts": "1545239105.000200",
        "text": "<@U5TCAFTD3> has joined the channel"
    },
    {
        "user": "U5STGTB3J",
        "type": "message",
        "subtype": "channel_join",
        "ts": "1545239106.000400",
        "text": "<@U5STGTB3J> has joined the channel",
        "inviter": "U5TCAFTD3"
    },
    {
        "user": "U5TCAFTD3",
        "type": "message",
        "subtype": "channel_purpose",
        "ts": "1545239106.000500",
        "text": "<@U5TCAFTD3> set the channel purpose: Discuss ways to better collaborate, improve this Slack, or resolve community issues",
        "purpose": "Discuss ways to better collaborate, improve this Slack, or resolve community issues"
    },
    {
        "user": "U6KQ2S410",
        "type": "message",
        "subtype": "channel_join",
        "ts": "1545239106.000700",
        "text": "<@U6KQ2S410> has joined the channel",
        "inviter": "U5TCAFTD3"
    },
    {
        "user": "UA8HY8R7B",
        "type": "message",
        "subtype": "channel_join",
        "ts": "1545239106.000900",
        "text": "<@UA8HY8R7B> has joined the channel",
        "inviter": "U5TCAFTD3"
    },
    {
        "user": "UE6EFEPTQ",
        "type": "message",
        "subtype": "channel_join",
        "ts": "1545239276.001100",
        "text": "<@UE6EFEPTQ> has joined the channel"
    },
    {
        "user": "U5Y7114NS",
        "type": "message",
        "subtype": "channel_join",
        "ts": "1545239294.001300",
        "text": "<@U5Y7114NS> has joined the channel"
    },
    {
        "user": "UEDDR6L5Q",
        "type": "message",
        "subtype": "channel_join",
        "ts": "1545239306.001500",
        "text": "<@UEDDR6L5Q> has joined the channel"
    },
    {
        "user": "UBN9AFS0N",
        "type": "message",
        "subtype": "channel_join",
        "ts": "1545240978.001700",
        "text": "<@UBN9AFS0N> has joined the channel"
    },
    {
        "user": "UABCBFXFB",
        "type": "message",
        "subtype": "channel_join",
        "ts": "1545241121.001900",
        "text": "<@UABCBFXFB> has joined the channel"
    },
    {
        "user": "U8A5MS6R1",
        "type": "message",
        "subtype": "channel_join",
        "ts": "1545241176.002100",
        "text": "<@U8A5MS6R1> has joined the channel"
    },
    {
        "user": "U5UN1ED7A",
        "type": "message",
        "subtype": "channel_join",
        "ts": "1545241239.002300",
        "text": "<@U5UN1ED7A> has joined the channel"
    },
    {
        "user": "UC25EFSJC",
        "type": "message",
        "subtype": "channel_join",
        "ts": "1545241351.002500",
        "text": "<@UC25EFSJC> has joined the channel"
    },
    {
        "user": "UD31LGQKB",
        "type": "message",
        "subtype": "channel_join",
        "ts": "1545241497.002700",
        "text": "<@UD31LGQKB> has joined the channel"
    },
    {
        "user": "UE1JQM9HQ",
        "type": "message",
        "subtype": "channel_join",
        "ts": "1545242687.002900",
        "text": "<@UE1JQM9HQ> has joined the channel"
    },
    {
        "user": "UCGR73CAY",
        "type": "message",
        "subtype": "channel_join",
        "ts": "1545242732.003100",
        "text": "<@UCGR73CAY> has joined the channel"
    },
    {
        "client_msg_id": "f2a1d17a-b474-4d37-83d7-d67384d928bb",
        "type": "message",
        "text": "I've always liked mailing lists. Thoughts?",
        "user": "UCGR73CAY",
        "ts": "1545242757.003400"
    },
    {
        "client_msg_id": "49715e88-4dec-422f-b77a-66aeaa6fb9ad",
        "type": "message",
        "text": "I'm ok with mailing lists. Or any forum software. I think we need a long form, deeper discussion medium in addition to chat.",
        "user": "U8A5MS6R1",
        "ts": "1545242978.004900",
        "reactions": [
            {
                "name": "+1",
                "users": [
                    "UDJ2TKB99"
                ],
                "count": 1
            }
        ]
    },
    {
        "user": "U79HM6726",
        "type": "message",
        "subtype": "channel_join",
        "ts": "1545243023.005100",
        "text": "<@U79HM6726> has joined the channel"
    },
    {
        "user": "UC2A2ARPT",
        "type": "message",
        "subtype": "channel_join",
        "ts": "1545243130.005300",
        "text": "<@UC2A2ARPT> has joined the channel"
    },
    {
        "client_msg_id": "34d1834f-9761-4075-8fc6-45d37ccedf95",
        "type": "message",
        "text": "For that, I figure we just toss blog posts over the wall.",
        "user": "UC2A2ARPT",
        "ts": "1545243150.005800"
    },
    {
        "user": "UBKNXPBAB",
        "type": "message",
        "subtype": "channel_join",
        "ts": "1545243162.006000",
        "text": "<@UBKNXPBAB> has joined the channel"
    },
    {
        "client_msg_id": "16bf529d-0467-4845-a2ef-8076f78c6ba7",
        "type": "message",
        "text": "Blog posts have a much higher barrier to entry. It is also much harder to follow discussions across different blogs.",
        "user": "U8A5MS6R1",
        "ts": "1545243431.007500",
        "reactions": [
            {
                "name": "+1",
                "users": [
                    "UC2A2ARPT"
                ],
                "count": 1
            }
        ]
    },
    {
        "user": "UC21F8Q48",
        "type": "message",
        "subtype": "channel_join",
        "ts": "1545243562.007700",
        "text": "<@UC21F8Q48> has joined the channel"
    },
    {
        "client_msg_id": "09e2f461-d5d8-4b53-8786-df03ccd45f41",
        "type": "message",
        "text": "There are some expectations on each medium, slack favors ad-hoc short bursts that spark discussions and are kind of ephemeral. This incentivizes throwing raw ideas and seeing what generates feedback. Blogs and mailing lists (at least for me) are for medium\/long form \"cooked\" ideas with structure and objective, mailing lists also favor asking questions (after researching a little bit), in slack\/twitter usually you throw the question as a starter and then maybe you start researching and sharing what you find.\n\nAll of this to say that I think we may need more than one medium, one for ad-hoc, raw ideas, questions and then migrate to the other or summarize it there for history. I wouldn't just write an idea, dumb question or paste a tweet or a link on a mailing list, forum or a blog. Sometimes thos raw, small things without a clear objective spark interesting discussions that show the limits of slack, in that case, having something else would be nice for many reasons. \/rant",
        "user": "UBN9AFS0N",
        "ts": "1545245087.013700",
        "thread_ts": "1545245087.013700",
        "reply_count": 3,
        "reply_users_count": 2,
        "latest_reply": "1545247800.014600",
        "reply_users": [
            "U79HM6726",
            "UBN9AFS0N"
        ],
        "replies": [
            {
                "user": "U79HM6726",
                "ts": "1545245316.014000"
            },
            {
                "user": "UBN9AFS0N",
                "ts": "1545247222.014300"
            },
            {
                "user": "UBN9AFS0N",
                "ts": "1545247800.014600"
            }
        ],
        "reactions": [
            {
                "name": "+1",
                "users": [
                    "U8A5MS6R1",
                    "UA14TGLTC",
                    "UC25BN0RW"
                ],
                "count": 3
            }
        ]
    },
    {
        "user": "UCYLA5YMA",
        "type": "message",
        "subtype": "channel_join",
        "ts": "1545245117.013900",
        "text": "<@UCYLA5YMA> has joined the channel"
    },
    {
        "client_msg_id": "00fe192a-2d4f-4f4a-b816-4802c77c801d",
        "type": "message",
        "text": "So IIUC you want the other mediums are to supplement Slack rather than replace it?",
        "user": "U79HM6726",
        "ts": "1545245316.014000",
        "thread_ts": "1545245087.013700",
        "parent_user_id": "UBN9AFS0N"
    },
    {
        "client_msg_id": "3d235d68-4034-42ca-bec3-b741c753e44c",
        "type": "message",
        "text": "just one alternative, the thing is that if \"archiving\" interesting things on slack is not \"frictionless\", we will miss a lot. some kind of plugin\/app like <https:\/\/threader.app\/> would make it easy",
        "user": "UBN9AFS0N",
        "ts": "1545247222.014300",
        "attachments": [
            {
                "title": "Threader - Good readings every day",
                "title_link": "https:\/\/threader.app\/",
                "text": "Welcome to Threader, a place to read and discover stories and knowledge from Twitter. Get a selection of good threads every day.",
                "fallback": "Threader - Good readings every day",
                "image_url": "https:\/\/threader.app\/img\/ogthreader.jpg",
                "image_width": 476,
                "image_height": 250,
                "from_url": "https:\/\/threader.app\/",
                "image_bytes": 229137,
                "service_icon": "https:\/\/threader.app\/img\/favicon.png",
                "service_name": "threader.app",
                "id": 1,
                "original_url": "https:\/\/threader.app\/"
            }
        ],
        "thread_ts": "1545245087.013700",
        "parent_user_id": "UBN9AFS0N"
    },
    {
        "client_msg_id": "fa3bd725-1f0a-4acc-8c03-860a8351f4d7",
        "type": "message",
        "text": "something like this <https:\/\/kipwise.com\/>",
        "user": "UBN9AFS0N",
        "ts": "1545247800.014600",
        "attachments": [
            {
                "service_name": "Kipwise",
                "title": "Easy Knowledge Management on Slack - Kipwise",
                "title_link": "https:\/\/kipwise.com\/",
                "fallback": "Kipwise: Easy Knowledge Management on Slack - Kipwise",
                "image_url": "https:\/\/kipwise.com\/wp-content\/uploads\/2018\/09\/og.png",
                "from_url": "https:\/\/kipwise.com\/",
                "image_width": 455,
                "image_height": 250,
                "image_bytes": 68793,
                "service_icon": "https:\/\/kipwise.com\/wp-content\/uploads\/2018\/07\/cropped-kip-transparent-color-180x180.png",
                "id": 1,
                "original_url": "https:\/\/kipwise.com\/"
            }
        ],
        "thread_ts": "1545245087.013700",
        "parent_user_id": "UBN9AFS0N"
    },
    {
        "client_msg_id": "fca5cde4-b151-459e-907d-9c09d24f249b",
        "type": "message",
        "text": "Discourse looks pretty good, but requires self hosting (or $100+ a month). I assume it could be hosted on a $5-10 digital ocean node? They even have a one-click install.\n\nThe alternative forum-like is google groups which is a web view of a mailing list and has fewer features but completely free.\n\nIf we're going the chat+forum route we could keep this slack and add either of those. I think some discussions would sprout on the forum while others would happen here. Forums are great for longer form content and permanent links. <@UBN9AFS0N> explained it pretty well above.",
        "user": "U8A5MS6R1",
        "ts": "1545252780.018400",
        "thread_ts": "1545252780.018400",
        "reply_count": 1,
        "reply_users_count": 1,
        "latest_reply": "1545606363.005400",
        "reply_users": [
            "UC25BN0RW"
        ],
        "replies": [
            {
                "user": "UC25BN0RW",
                "ts": "1545606363.005400"
            }
        ]
    },
    {
        "client_msg_id": "4B979612-4A2A-4B7A-8BD0-B3C17C07B661",
        "type": "message",
        "text": "Why meta? Just curious about the name choice. ",
        "user": "UEBU4L0BD",
        "ts": "1545253821.019100"
    },
    {
        "client_msg_id": "46269ed1-8108-4b7d-a330-9844e6b80542",
        "type": "message",
        "text": "discussions about the group itself, as opposed to discussions about the topic of the group",
        "user": "UBN9AFS0N",
        "ts": "1545253966.019700"
    },
    {
        "client_msg_id": "869e1d9f-6276-487f-86d5-cf1c2122c6a4",
        "type": "message",
        "text": "Just throwing a P2P solution into the mix for discussion:\n<https:\/\/about.riot.im\/why-riot\/>   8-]  (after a suggestion in the nyc forum by Wilhelmina Drengwitz  <@U5U4S45HC> )",
        "user": "UE6EFEPTQ",
        "ts": "1545256690.022000"
    },
    {
        "user": "U5U4S45HC",
        "type": "message",
        "subtype": "channel_join",
        "ts": "1545256695.022200",
        "text": "<@U5U4S45HC> has joined the channel",
        "inviter": "UE6EFEPTQ"
    },
    {
        "client_msg_id": "6dd68306-355b-4ab8-81b1-a6333632a5bb",
        "type": "message",
        "text": "There are costs to adding another platform, regardless of which platform that is. Let's make sure we identify those costs and weigh them against any potential benefit.\n\n• We'd all have to check multiple places in order to keep up with all the conversations. Personally, I'd like to have fewer things to remember to check up on.\n• I can see people self-organizing into whichever place they feel more comfortable, rather than organizing along the lines of \"Slack is for X kinds of dialog, OTHER is for Y kinds of dialog\". We can intend for all sorts of usage patterns to emerge, but unless there's something explicit in the medium (eg: 280 char limit) people will use it in every way it can be used.\n• We'd also have to make a decision about where to start each conversation, not knowing how the conversation will evolve. Often, a short slack message will spawn a sprawling conversation, or a long slack post will just get a bunch of short \"me too\" replies.\n• We'd also need to communicate to all newcomers why they need to interact with the community on different platforms for different kinds of discussion. That sounds unwelcoming, because it tells every newcomer that there's such a thing as \"doing it wrong\", which some people will be afraid of transgressing.\n• Are mailing lists _that much better_ for long form conversation? Sure, it's annoying to read long posts in Slack threads.. but it's also annoying to use Google Groups on your phone (and I mostly interact with this group when I'm on my phone).",
        "user": "UC2A2ARPT",
        "ts": "1545257609.032800",
        "reactions": [
            {
                "name": "+1",
                "users": [
                    "U8A5MS6R1",
                    "UA14TGLTC",
                    "U5STGTB3J"
                ],
                "count": 3
            }
        ]
    },
    {
        "client_msg_id": "78b72c71-ee4e-4ea0-854b-53ace73e3a0d",
        "type": "message",
        "text": "<@UC2A2ARPT> Agree there should be at most one place we need to “check up on”. I’d prefer 0 places: just send me email digests. But that reduces “engagement”, so it is poorly supported. That leaves us with chat and forums. Forums seem much better suited to the actual usage patterns here, and have evolved for decades to support special-interest communities like this.",
        "user": "U6KQ2S410",
        "ts": "1545272271.044600"
    },
    {
        "client_msg_id": "89f34e18-c2f4-4e0c-bf81-f0911be8f5b0",
        "type": "message",
        "text": "I can see the desire to have one only place.. having two sites is a smaller version of the problem of checking multiple blogs. I do like the chat style discussion.. more spontaneous, but I also want a forum. So maybe spectrum.chat is the best option? A forum\/chat hybrid?\n\nAlso this just happened:<https:\/\/spectrum.chat\/spectrum\/general\/spectrum-is-joining-github~1d3eb8ee-4c99-46c0-8daf-ca35a96be6ce>",
        "user": "U8A5MS6R1",
        "ts": "1545284132.050000"
    }
]