[
    {
        "client_msg_id": "1c1fe798-d503-4136-8100-0f8df226eced",
        "type": "message",
        "text": "I'm in another programming community that calls its equivalent to the <#CCL5VVBAN|feedback> channel here 'showcase', which is perhaps more self-descriptive. My initial interpretation of 'feedback' was that it was specific to Steve's blog\/podcast",
        "user": "UEDDR6L5Q",
        "ts": "1545393837.000300",
        "thread_ts": "1545304733.055200",
        "parent_user_id": "U5TCAFTD3",
        "reactions": [
            {
                "name": "+1",
                "users": [
                    "UEKEQGB9C",
                    "UC2A2ARPT",
                    "U8A5MS6R1"
                ],
                "count": 3
            }
        ]
    },
    {
        "client_msg_id": "ec696474-63a1-4400-96b2-0fd64f6636e2",
        "type": "message",
        "text": "what's the possibility like of renaming everything to 'future of programming' (and redirecting from the current site)?",
        "user": "UEDDR6L5Q",
        "ts": "1545394935.000500",
        "edited": {
            "user": "UEDDR6L5Q",
            "ts": "1545394946.000000"
        },
        "thread_ts": "1545303638.052900",
        "parent_user_id": "U5TCAFTD3"
    },
    {
        "client_msg_id": "f2c15e1a-9e39-4345-a787-5c1b94c23081",
        "type": "message",
        "text": "Renaming my podcast, that is?",
        "user": "U5TCAFTD3",
        "ts": "1545395842.000900",
        "thread_ts": "1545303638.052900",
        "parent_user_id": "U5TCAFTD3"
    },
    {
        "client_msg_id": "3e6011e9-df83-4cff-8c0c-503786c426d3",
        "type": "message",
        "text": "And website?",
        "user": "U5TCAFTD3",
        "ts": "1545395846.001100",
        "thread_ts": "1545303638.052900",
        "parent_user_id": "U5TCAFTD3"
    },
    {
        "client_msg_id": "7b8c010b-7d27-4220-8952-a4c2b187c212",
        "type": "message",
        "text": "I guess it's possible but a bunch of work",
        "user": "U5TCAFTD3",
        "ts": "1545395857.001300",
        "thread_ts": "1545303638.052900",
        "parent_user_id": "U5TCAFTD3"
    },
    {
        "client_msg_id": "c74f9679-cbff-45a8-a734-a86b91b2f951",
        "type": "message",
        "text": "Maybe <#CCL5VVBAN|feedback> is the wrong name ... because it sounds like how to give feedback to the Slack channel ... but I think it's absolutely the right kind of thing to have ... ie. a specialized showcase channel ... that's what I want to look at first , before the general discussion",
        "user": "UEKEQGB9C",
        "ts": "1545396465.001900",
        "thread_ts": "1545304733.055200",
        "parent_user_id": "U5TCAFTD3"
    },
    {
        "client_msg_id": "16ab98dd-eee1-4883-9107-4c157fbec6a8",
        "type": "message",
        "text": "I'm not sure if it's worth it (not that it's for me to decide anyway), just floating the idea based on some people's apparent preference for 'programming' over 'coding'",
        "user": "UEDDR6L5Q",
        "ts": "1545403999.002100",
        "edited": {
            "user": "UEDDR6L5Q",
            "ts": "1545415850.000000"
        },
        "thread_ts": "1545303638.052900",
        "parent_user_id": "U5TCAFTD3"
    }
]