[
    {
        "client_msg_id": "b74ffe1f-2882-4ce1-8822-0f6441baf527",
        "type": "message",
        "text": "Does the notification thingy report when someone starts a thread in a channel (i.e. not just when someone adds a new message to the channel)? sometimes I go to a channel that's highlighted and can't see anything new. Maybe that's someone starting a thread? But what if it's back above the current page? So maybe not.",
        "user": "UE6EFEPTQ",
        "ts": "1554229708.001500"
    },
    {
        "client_msg_id": "b3c782e8-3b4a-4158-9c57-5c752c2ab1fc",
        "type": "message",
        "text": "I don't believe new threads trigger a notification.",
        "user": "UC2A2ARPT",
        "ts": "1554230364.002200"
    },
    {
        "client_msg_id": "f2e5c1ac-556c-486c-be2b-d4ca73b00dcf",
        "type": "message",
        "text": "Gah. So when I start chatting via a new thread, only the original poster gets a notification I guess, and then it's just the 2 of us..",
        "user": "UE6EFEPTQ",
        "ts": "1554230632.003000",
        "reactions": [
            {
                "name": "+1",
                "users": [
                    "UC2A2ARPT"
                ],
                "count": 1
            }
        ]
    },
    {
        "client_msg_id": "33c97026-fc01-4d25-86f9-2a97b354985d",
        "type": "message",
        "text": "assuming it's \"dropped upwards\"",
        "user": "UE6EFEPTQ",
        "ts": "1554230645.003300"
    },
    {
        "client_msg_id": "a66b5dd8-bc94-4952-ad0f-282d05c5b735",
        "type": "message",
        "text": "out of sight",
        "user": "UE6EFEPTQ",
        "ts": "1554230654.003500"
    },
    {
        "client_msg_id": "cfd7f5ce-a808-4faa-82b4-b19b5bf8c5a1",
        "type": "message",
        "text": "another reason I worry about Slack .. is that all our wonderful content is not only hidden from the internetz, but gradually being removed from even our own view (on the free tariff)",
        "user": "UE6EFEPTQ",
        "ts": "1554230711.004300",
        "thread_ts": "1554230711.004300",
        "reply_count": 14,
        "reply_users_count": 4,
        "latest_reply": "1557521748.011200",
        "reply_users": [
            "UC2A2ARPT",
            "UAVCC2X70",
            "UGX9MS77V",
            "UJ80B1B5H"
        ],
        "replies": [
            {
                "user": "UC2A2ARPT",
                "ts": "1554231510.005500"
            },
            {
                "user": "UC2A2ARPT",
                "ts": "1554231547.005700"
            },
            {
                "user": "UC2A2ARPT",
                "ts": "1554231590.005900"
            },
            {
                "user": "UC2A2ARPT",
                "ts": "1554231620.006100"
            },
            {
                "user": "UAVCC2X70",
                "ts": "1554232042.006300"
            },
            {
                "user": "UAVCC2X70",
                "ts": "1554232233.006500"
            },
            {
                "user": "UAVCC2X70",
                "ts": "1554232493.006700"
            },
            {
                "user": "UAVCC2X70",
                "ts": "1554232758.006900"
            },
            {
                "user": "UAVCC2X70",
                "ts": "1554232970.007100"
            },
            {
                "user": "UC2A2ARPT",
                "ts": "1554233176.007500"
            },
            {
                "user": "UAVCC2X70",
                "ts": "1554233851.007700"
            },
            {
                "user": "UGX9MS77V",
                "ts": "1554759486.013800"
            },
            {
                "user": "UJ80B1B5H",
                "ts": "1557519781.010800"
            },
            {
                "user": "UAVCC2X70",
                "ts": "1557521748.011200"
            }
        ]
    },
    {
        "client_msg_id": "ae0693d3-1e18-4853-94ab-8cf0c0b922df",
        "type": "message",
        "text": "I'd argue that value of having these conversations is primarily that they sharpen the participants. I think it's a bit hubristic to treat them as higher value than that.",
        "user": "UC2A2ARPT",
        "ts": "1554231510.005500",
        "thread_ts": "1554230711.004300",
        "parent_user_id": "UE6EFEPTQ"
    },
    {
        "client_msg_id": "15fd1c5d-dda3-4b7c-9072-17753589dbc3",
        "type": "message",
        "text": "I get a lot less out of reading a record of a conversation I wasn't involved in than I get out of having a conversation.",
        "user": "UC2A2ARPT",
        "ts": "1554231547.005700",
        "thread_ts": "1554230711.004300",
        "parent_user_id": "UE6EFEPTQ"
    },
    {
        "client_msg_id": "70d34ced-8b92-44e0-ad2d-cfe84cceb565",
        "type": "message",
        "text": "If something valuable comes up in discussion, and that thing of value isn't seen by people who might benefit from it, nothing is lost. Nobody is worse off.",
        "user": "UC2A2ARPT",
        "ts": "1554231590.005900",
        "thread_ts": "1554230711.004300",
        "parent_user_id": "UE6EFEPTQ"
    },
    {
        "client_msg_id": "2637a666-50c9-4e5f-ac6c-be728f40092e",
        "type": "message",
        "text": "And that's the exception, rather than the norm.",
        "user": "UC2A2ARPT",
        "ts": "1554231620.006100",
        "thread_ts": "1554230711.004300",
        "parent_user_id": "UE6EFEPTQ"
    },
    {
        "client_msg_id": "5753ca81-b09f-439c-bdb2-ab8edfc0f995",
        "type": "message",
        "text": "Although it would be nice to have permanent links, I don't think that it's practical in practice to be refer back to all the masses of all conversations indefinitely.\n\nSo I mostly are with Ivan, and I think anything worth saving should be bookmarked or cataloged somehow. That's something that can either be done individually, or on stove other cataloging resource (as Ivan &amp; I have done).\n\nEven then though, I don't find it super practical to be able to catalog everything of interest; because even then, you have to remember what's in it and where to refer to, or otherwise just read &amp; forget as one would do otherwise.",
        "user": "UAVCC2X70",
        "ts": "1554232042.006300",
        "thread_ts": "1554230711.004300",
        "parent_user_id": "UE6EFEPTQ"
    },
    {
        "client_msg_id": "e68947b6-dc54-42a1-bb96-ee74842e0853",
        "type": "message",
        "text": "... But cataloging useful info is another topic. I think doing that in a useful and meaningful way where you can keep track of related ideas across content ... That either requires keeping up a lot is manual effort, or it requires tooling that is not readily available.\n\nI'm very interested in the idea of such a tool, though.",
        "user": "UAVCC2X70",
        "ts": "1554232233.006500",
        "thread_ts": "1554230711.004300",
        "parent_user_id": "UE6EFEPTQ"
    },
    {
        "client_msg_id": "ebfcc62f-a87f-4e8b-be99-073167eb8a87",
        "type": "message",
        "text": "I picture something where content (articles, videos, ad-hoc content) are tagged with labels, and it's easy to visualize the links (how is another topic -- as a graph?). A better idea would be to even mark and link snippets or sub-sections of content, as most cover more than one concept, idea, value, etc.",
        "user": "UAVCC2X70",
        "ts": "1554232493.006700",
        "thread_ts": "1554230711.004300",
        "parent_user_id": "UE6EFEPTQ"
    },
    {
        "client_msg_id": "feaf4f0d-54f4-4046-b3c4-6ab97fecad5a",
        "type": "message",
        "text": "I've even thought it would be nice to be able to have an interface to create \"playlists\" that hop through snippets of videos and articles, and the whole playlist has a draggable timeline, play\/pause, etc. And an entire playlist (or snippets of it) can itself be treated as an content to be embedded within another playlist.",
        "user": "UAVCC2X70",
        "ts": "1554232758.006900",
        "thread_ts": "1554230711.004300",
        "parent_user_id": "UE6EFEPTQ"
    },
    {
        "client_msg_id": "63bd9342-ad31-4691-a2e6-76d627c0ef7b",
        "type": "message",
        "text": "Even then, that's assuming some linear flow that plays from start to finish. Perhaps instead of \"playlists\", there could be custom \"graphs\" that link parts of content, that the user can explore freely. Kind of like comparing hypercard to PowerPoint.\n\nSome of the content could even be programmable \/ code, perhaps even overlaying (or manipulating) other content.\n\n... Wait, did I just describe hypercard??",
        "user": "UAVCC2X70",
        "ts": "1554232970.007100",
        "edited": {
            "user": "UAVCC2X70",
            "ts": "1554233172.000000"
        },
        "thread_ts": "1554230711.004300",
        "parent_user_id": "UE6EFEPTQ"
    },
    {
        "client_msg_id": "fe23d3bd-b4c2-4e75-ad55-685014bd4f06",
        "type": "message",
        "text": "Who has time to consume and ingest all this, though? The value isn't in the facts — it's in being in the right mindset at the right moment when the fact emerges. That's what a conversation is for.",
        "user": "UC2A2ARPT",
        "ts": "1554233176.007500",
        "thread_ts": "1554230711.004300",
        "parent_user_id": "UE6EFEPTQ"
    },
    {
        "client_msg_id": "b5e99530-86c0-4f62-adc4-6bf93cbea29f",
        "type": "message",
        "text": "Sure. I guess I'm talking about a different related idea for making content and cross-content findings manageable and sharable. What if the effort to consume and share was made much simpler?\n\nI do agree that, even with the best possible tool(s), there is just too much content and ideas out there to really consume and keep track of all of it.\n\nSo yeah, on the one hand, maybe that's a wasted effort?\n\n... But on the other hand, I can have find great insight from resources and conversations, only to forget it later. And even if I could somehow catalog everything, there's no way I'll remember all the insights and conceptual links I've drawn. Even if I try to take notes, this notes would be huge and ever growing, and there's no way is be able to dig back through it all (or even remember where in my notes to look) ... But if I could store my notes and link related insights into an explorable and searchable graph, then I have a much better chance at least being able to easily rediscover and retrace those links, and update and share them.\n\nAnd sharing directly, rather than having to manually recreate a whole descriptive frame. Maybe inevitable, but that becomes much easier if I can literally pull out a reified train of thought or mental context, and do a few similar modifications to present a modified context \/ train that's applicable to whatever context I'm wanting to share it in",
        "user": "UAVCC2X70",
        "ts": "1554233851.007700",
        "edited": {
            "user": "UAVCC2X70",
            "ts": "1557521304.000000"
        },
        "thread_ts": "1554230711.004300",
        "parent_user_id": "UE6EFEPTQ"
    },
    {
        "client_msg_id": "4565f50b-f0bc-4baa-b5f5-7dd664758903",
        "type": "message",
        "text": "<@UE6EFEPTQ> Yes, exactly: all very ephemeral.",
        "user": "UA14TGLTC",
        "ts": "1554258952.009500"
    }
]