[
    {
        "type": "message",
        "subtype": "thread_broadcast",
        "text": "In the spirit of reusing existing stuff as much as possible: how about... GitHub or GitLab? It would take some creative thinking to reformulate Slack-type exchanges in terms of issues and pull requests, but it might turn out useful. As an example, instead of a message like \"look at this promising stuff I found\" followed by a thread, a pull request adding that site to a list of ressources, with the thread on the pull request. Yes, I know it's not perfect, but it may not be worse than other options, and at least everybody here is probably familiar with it.",
        "user": "UJBAJNFLK",
        "ts": "1558964751.025500",
        "thread_ts": "1558513678.028200",
        "root": {
            "client_msg_id": "008024c2-8027-4be3-b348-fcf12d1831ff",
            "type": "message",
            "text": "Discourse is always a good option.",
            "user": "UJCQYPLMN",
            "ts": "1558513678.028200",
            "thread_ts": "1558513678.028200",
            "reply_count": 34,
            "reply_users_count": 8,
            "latest_reply": "1559375806.000600",
            "reply_users": [
                "UC2A2ARPT",
                "UFQQ3P867",
                "UJBAJNFLK",
                "UAVCC2X70",
                "UJK8MKYAZ",
                "UJN1TAYEQ",
                "U79HM6726",
                "U8A5MS6R1"
            ],
            "replies": [
                {
                    "user": "UC2A2ARPT",
                    "ts": "1558538893.028300"
                },
                {
                    "user": "UFQQ3P867",
                    "ts": "1558660675.030800"
                },
                {
                    "user": "UJBAJNFLK",
                    "ts": "1558964751.025500"
                },
                {
                    "user": "UC2A2ARPT",
                    "ts": "1558968195.026100"
                },
                {
                    "user": "UAVCC2X70",
                    "ts": "1558975253.026500"
                },
                {
                    "user": "UJK8MKYAZ",
                    "ts": "1558976014.026700"
                },
                {
                    "user": "UAVCC2X70",
                    "ts": "1558977489.026900"
                },
                {
                    "user": "UAVCC2X70",
                    "ts": "1558977848.027200"
                },
                {
                    "user": "UAVCC2X70",
                    "ts": "1558977909.027400"
                },
                {
                    "user": "UJN1TAYEQ",
                    "ts": "1558978936.027700"
                },
                {
                    "user": "UAVCC2X70",
                    "ts": "1558979316.027900"
                },
                {
                    "user": "UAVCC2X70",
                    "ts": "1558979323.028100"
                },
                {
                    "user": "UJK8MKYAZ",
                    "ts": "1558980886.028600"
                },
                {
                    "user": "UJK8MKYAZ",
                    "ts": "1558980961.028800"
                },
                {
                    "user": "UJK8MKYAZ",
                    "ts": "1558981003.029000"
                },
                {
                    "user": "UJK8MKYAZ",
                    "ts": "1558981115.029200"
                },
                {
                    "user": "UAVCC2X70",
                    "ts": "1558981507.029400"
                },
                {
                    "user": "UJN1TAYEQ",
                    "ts": "1559044748.030100"
                },
                {
                    "user": "U79HM6726",
                    "ts": "1559044899.030500"
                },
                {
                    "user": "UJN1TAYEQ",
                    "ts": "1559048840.030800"
                },
                {
                    "user": "UJBAJNFLK",
                    "ts": "1559060933.031400"
                },
                {
                    "user": "UAVCC2X70",
                    "ts": "1559074128.032000"
                },
                {
                    "user": "UJN1TAYEQ",
                    "ts": "1559079684.032600"
                },
                {
                    "user": "UC2A2ARPT",
                    "ts": "1559080255.032800"
                },
                {
                    "user": "UJN1TAYEQ",
                    "ts": "1559096161.033100"
                },
                {
                    "user": "UJN1TAYEQ",
                    "ts": "1559097452.033300"
                },
                {
                    "user": "UJN1TAYEQ",
                    "ts": "1559099803.033600"
                },
                {
                    "user": "UC2A2ARPT",
                    "ts": "1559104334.033800"
                },
                {
                    "user": "UC2A2ARPT",
                    "ts": "1559104394.034000"
                },
                {
                    "user": "UC2A2ARPT",
                    "ts": "1559104411.034300"
                },
                {
                    "user": "UC2A2ARPT",
                    "ts": "1559104435.034600"
                },
                {
                    "user": "UJN1TAYEQ",
                    "ts": "1559147003.034800"
                },
                {
                    "user": "U8A5MS6R1",
                    "ts": "1559172635.035000"
                },
                {
                    "user": "UFQQ3P867",
                    "ts": "1559375806.000600"
                }
            ]
        },
        "client_msg_id": "c8fd40c3-1636-4289-8929-12162914d424"
    },
    {
        "client_msg_id": "8bca713d-d537-487c-895d-639d711c6a8b",
        "type": "message",
        "text": "That's what <@UAVCC2X70>'s SomethingNew community repo is all about: <https:\/\/github.com\/d-cook\/SomethingNew>",
        "user": "UC2A2ARPT",
        "ts": "1558968195.026100",
        "edited": {
            "user": "UC2A2ARPT",
            "ts": "1558968209.000000"
        },
        "thread_ts": "1558513678.028200",
        "parent_user_id": "UJCQYPLMN",
        "reactions": [
            {
                "name": "heart",
                "users": [
                    "UJBAJNFLK"
                ],
                "count": 1
            }
        ]
    },
    {
        "client_msg_id": "f2aa48fb-ce37-4dc8-9bb2-24a3949cf0c3",
        "type": "message",
        "text": "We were using issues as topics, but I like the idea of topics being tied to documentation changes. ... Except that then the thread is tied to ONE change, and each topic must have a single associated change (or set of changes), and that might be hard (a city is not a tree).\n\nMy vote would be to use issues as topic-threads, but then also have documents that list them by category and link to the issues. There are multiple ways (and reasons) to group things, so a single topic could be linked from different contexts.",
        "user": "UAVCC2X70",
        "ts": "1558975253.026500",
        "thread_ts": "1558513678.028200",
        "parent_user_id": "UJCQYPLMN"
    },
    {
        "client_msg_id": "f40b0fe8-8289-4366-869c-a0915b1a4f9b",
        "type": "message",
        "text": "I like this idea of having a permanent document be the product of our discussions, but I think we also need a venue for less formal discussion.",
        "user": "UJK8MKYAZ",
        "ts": "1558976014.026700",
        "thread_ts": "1558513678.028200",
        "parent_user_id": "UJCQYPLMN"
    },
    {
        "client_msg_id": "00def824-31be-4b89-99fa-0c2ebfeaada7",
        "type": "message",
        "text": "I think most of our discussion fits under a topic, but I agree that there needs to be freeform discussion, too.",
        "user": "UAVCC2X70",
        "ts": "1558977489.026900",
        "edited": {
            "user": "UAVCC2X70",
            "ts": "1558977507.000000"
        },
        "thread_ts": "1558513678.028200",
        "parent_user_id": "UJCQYPLMN"
    },
    {
        "client_msg_id": "f907afe2-6fdf-4991-a619-ef23b61f11b7",
        "type": "message",
        "text": "If the idea is to capture the essence \/ all main points, so we can refer back later, then maybe we're taking about two different needs, which can be served by two different tools (e.g. slack + GitHub) (although one tool would be more ideal, starting somewhere is better than nothing)",
        "user": "UAVCC2X70",
        "ts": "1558977848.027200",
        "thread_ts": "1558513678.028200",
        "parent_user_id": "UJCQYPLMN"
    },
    {
        "client_msg_id": "a65bccd5-b0a7-4426-9ca9-4e28ad88aa8a",
        "type": "message",
        "text": "And I know that's not the same concern that's come up about being able to refer back to old conversation as it was originally",
        "user": "UAVCC2X70",
        "ts": "1558977909.027400",
        "edited": {
            "user": "UAVCC2X70",
            "ts": "1558977947.000000"
        },
        "thread_ts": "1558513678.028200",
        "parent_user_id": "UJCQYPLMN"
    },
    {
        "client_msg_id": "b25aab4e-4d2b-4a14-95b9-ed730506d901",
        "type": "message",
        "text": "It would be nice if there was collaboration software that integrated a wiki with a forum.",
        "user": "UJN1TAYEQ",
        "ts": "1558978936.027700",
        "thread_ts": "1558513678.028200",
        "parent_user_id": "UJCQYPLMN",
        "reactions": [
            {
                "name": "+1",
                "users": [
                    "UC2A2ARPT"
                ],
                "count": 1
            }
        ]
    },
    {
        "client_msg_id": "7bb5bf4f-97dd-4dd9-aca4-ca3ee8b93adc",
        "type": "message",
        "text": "Just to provoke the thought, how hard would it be to make or own tool (even if it was very crude, but met our needs)? Also, if it's something we made, we could (over time) augment it to meet other needs",
        "user": "UAVCC2X70",
        "ts": "1558979316.027900",
        "thread_ts": "1558513678.028200",
        "parent_user_id": "UJCQYPLMN"
    },
    {
        "client_msg_id": "f7c75b62-3ab8-49c9-852f-72d5018c54d9",
        "type": "message",
        "text": "... and perhaps eventually (but definitely not to begin with!) even be the target of some of our projects (e.g. using a self-bootstrapped tool to create an ideal communication &amp; collaboration tool)",
        "user": "UAVCC2X70",
        "ts": "1558979323.028100",
        "thread_ts": "1558513678.028200",
        "parent_user_id": "UJCQYPLMN"
    },
    {
        "client_msg_id": "9329655e-591a-4790-95cf-92ccc538aaba",
        "type": "message",
        "text": "I think we should check out <https:\/\/spectrum.chat\/>. Seems to have good threading built in (Slack hacked it in as an afterthought). Owned by Github so will not go away.",
        "user": "U6KQ2S410",
        "ts": "1558979619.028300",
        "attachments": [
            {
                "title": "Spectrum",
                "title_link": "https:\/\/spectrum.chat\/",
                "text": "The community platform for the future.",
                "fallback": "Spectrum",
                "thumb_url": "https:\/\/spectrum.chat\/img\/apple-icon-144x144-precomposed.png",
                "from_url": "https:\/\/spectrum.chat\/",
                "thumb_width": 144,
                "thumb_height": 144,
                "service_icon": "https:\/\/spectrum.chat\/img\/apple-icon-57x57-precomposed.png",
                "service_name": "spectrum.chat",
                "id": 1,
                "original_url": "https:\/\/spectrum.chat\/"
            }
        ],
        "thread_ts": "1558783270.015700",
        "parent_user_id": "U5STGTB3J"
    },
    {
        "client_msg_id": "0a781275-7ac3-4bc1-801c-c9f51e8a331d",
        "type": "message",
        "text": "I think that's a really cool idea, but am a little wary of the overhead involved.",
        "user": "UJK8MKYAZ",
        "ts": "1558980886.028600",
        "thread_ts": "1558513678.028200",
        "parent_user_id": "UJCQYPLMN"
    },
    {
        "client_msg_id": "86568e5c-b2e4-4102-84c3-abdb45e84c77",
        "type": "message",
        "text": "It would suck if we bit off more than we could chew and collaboration was hindered by the upkeep of a custom tool.",
        "user": "UJK8MKYAZ",
        "ts": "1558980961.028800",
        "thread_ts": "1558513678.028200",
        "parent_user_id": "UJCQYPLMN"
    },
    {
        "client_msg_id": "3e80d5ac-da2c-426d-b4dc-39d552370d1e",
        "type": "message",
        "text": "(classic argument of buy vs. build)",
        "user": "UJK8MKYAZ",
        "ts": "1558981003.029000",
        "thread_ts": "1558513678.028200",
        "parent_user_id": "UJCQYPLMN"
    },
    {
        "client_msg_id": "78e38c46-792c-4284-8d8d-1b30d6790e4f",
        "type": "message",
        "text": "On the other hand, I really do believe in eating one's own dogfood, and this would be a good opportunity for it, if any brave souls think their system is up for the challenge.",
        "user": "UJK8MKYAZ",
        "ts": "1558981115.029200",
        "thread_ts": "1558513678.028200",
        "parent_user_id": "UJCQYPLMN"
    },
    {
        "client_msg_id": "4f9b1b83-e471-4c58-845f-15ec693b8c25",
        "type": "message",
        "text": "Overall, sure. For right now, let's pursue something practical, or keep making due here.\n\nBut since the topic of better collaboration tools (in general, not just for us here and now) has already been a topic before, maybe we should at least consider (even just as a thought exercise) what it would take, even just minimally, to roll our own?\n\nIf the answer is close in reach, then we get to consider something we'd not have considered otherwise. If it's not in reach for the short term, but worth pursuing at all, then maybe it becomes it's own side project that eventually takes us somewhere (e.g. better tools for bootstrapping the future)",
        "user": "UAVCC2X70",
        "ts": "1558981507.029400",
        "edited": {
            "user": "UAVCC2X70",
            "ts": "1558982366.000000"
        },
        "thread_ts": "1558513678.028200",
        "parent_user_id": "UJCQYPLMN"
    }
]