[
    {
        "client_msg_id": "9ca9cac8-4909-4566-bb47-1f431181951a",
        "type": "message",
        "text": "I just feel uneasy that we may lose all these fruitful discussions because of some technical problems or policy change in Slack.",
        "user": "UCKRZS3DZ",
        "ts": "1557388091.008300",
        "edited": {
            "user": "UCKRZS3DZ",
            "ts": "1557388124.000000"
        },
        "thread_ts": "1556739445.004300",
        "parent_user_id": "U5TCAFTD3"
    },
    {
        "client_msg_id": "aef76dd2-d729-444e-a7f3-4e9c06c7d64f",
        "type": "message",
        "text": "<@UCKRZS3DZ> this is the challenge of using a product we don’t pay for or host :wink: <@U5TCAFTD3> I think if we switch to a less sexy alternative like Zulip or something else and even pool together some funds \/ donations from this community to keep it going, then it’d be neat! I would donate in a heart beat",
        "user": "UGLSY9X3J",
        "ts": "1557388738.008600",
        "thread_ts": "1556739445.004300",
        "parent_user_id": "U5TCAFTD3"
    },
    {
        "client_msg_id": "cef5f7e8-9ae8-4918-bd96-bbb6c9aa66be",
        "type": "message",
        "text": "Yeah that's a good point. I think the self-hosted Zulip option is reasonable on price. It's more the time on my end to set it up... I will have to make time soon to figure this out...",
        "user": "U5TCAFTD3",
        "ts": "1557412306.009100",
        "thread_ts": "1556739445.004300",
        "parent_user_id": "U5TCAFTD3"
    },
    {
        "type": "message",
        "text": "",
        "files": [
            {
                "id": "FJJC32TJ8",
                "created": 1557412538,
                "timestamp": 1557412538,
                "name": "Future of Coding Slack export Jun 13 2017 - May 9 2019.zip",
                "title": "Future of Coding Slack export Jun 13 2017 - May 9 2019.zip",
                "mimetype": "application\/zip",
                "filetype": "zip",
                "pretty_type": "Zip",
                "user": "U5TCAFTD3",
                "editable": false,
                "size": 2306335,
                "mode": "hosted",
                "is_external": false,
                "external_type": "",
                "is_public": true,
                "public_url_shared": false,
                "display_as_bot": false,
                "username": "",
                "url_private": "https:\/\/files.slack.com\/files-pri\/T5TCAFTA9-FJJC32TJ8\/future_of_coding_slack_export_jun_13_2017_-_may_9_2019.zip?t=xoxe-197418537349-653683177169-653683177233-23343e578426a323e5fb905bbe2173fe",
                "url_private_download": "https:\/\/files.slack.com\/files-pri\/T5TCAFTA9-FJJC32TJ8\/download\/future_of_coding_slack_export_jun_13_2017_-_may_9_2019.zip?t=xoxe-197418537349-653683177169-653683177233-23343e578426a323e5fb905bbe2173fe",
                "permalink": "https:\/\/futureofcoding.slack.com\/files\/U5TCAFTD3\/FJJC32TJ8\/future_of_coding_slack_export_jun_13_2017_-_may_9_2019.zip",
                "permalink_public": "https:\/\/slack-files.com\/T5TCAFTA9-FJJC32TJ8-ac3eb30856",
                "has_rich_preview": false
            }
        ],
        "upload": true,
        "user": "U5TCAFTD3",
        "display_as_bot": false,
        "ts": "1557412538.009300",
        "client_msg_id": "35870113-63ec-4cd0-9265-b7200564988e",
        "thread_ts": "1556739445.004300",
        "parent_user_id": "U5TCAFTD3",
        "reactions": [
            {
                "name": "+1::skin-tone-6",
                "users": [
                    "UCKRZS3DZ"
                ],
                "count": 1
            },
            {
                "name": "eyes",
                "users": [
                    "UCKRZS3DZ"
                ],
                "count": 1
            }
        ]
    },
    {
        "client_msg_id": "ebef466e-cbf7-48d1-a5cd-faa19a7cdf87",
        "type": "message",
        "text": "<@U5TCAFTD3> could be a fun “hackathon” project for us to set this up together :slightly_smiling_face:",
        "user": "UGLSY9X3J",
        "ts": "1557413131.009700",
        "edited": {
            "user": "UGLSY9X3J",
            "ts": "1557413133.000000"
        },
        "thread_ts": "1556739445.004300",
        "parent_user_id": "U5TCAFTD3",
        "reactions": [
            {
                "name": "+1",
                "users": [
                    "U5TCAFTD3"
                ],
                "count": 1
            }
        ]
    }
]