[
    {
        "client_msg_id": "932B0D16-BA15-4CED-843C-476FCB80A837",
        "type": "message",
        "text": "Apart from maybe eventually moving somewhere else, I think we could improve the situation here in this Slack today if we agree on one small change: even if it's crappy, let's use Slack's threading more! If you are responding to something someone posted directly into a channel, please create a thread. \n\nThink of a post directly into a channel as somebody creating a new discussion thread in a proper forum.\nConsider posting to the channel as something that's “higher cost” — it should open a new discussion and needs to be potentially interesting to everyone in the channel. Everything that's related to an existing discussion might not be interesting to those who are not interested in that particular topic, so let's not pollute the channel with those responses and put them in a thread.\nAnd for those situations where a new discussion emerges out of a thread, there's the “also post to channel” feature.\n\nI don’t mean this in the sense of strict rules. This stuff can only work if most of us can see the value of this and are willing to help encouraging others to do it. Maybe I’m wrong and it's a stupid idea — let me know, that's okay. I think it minimizes the problem of interesting stuff scrolling past too quickly, makes channels easier to browse, and it fixes notifications for me, because I subscribe to all threads I find interesting.\n\nAh, I’m talking to mostly programmers, so let me put it like this: take advantage of scope, more local variables, less global state!",
        "user": "U5STGTB3J",
        "ts": "1558783270.015700",
        "thread_ts": "1558783270.015700",
        "reply_count": 14,
        "reply_users_count": 7,
        "latest_reply": "1558979619.028300",
        "reply_users": [
            "UJK8MKYAZ",
            "U5STGTB3J",
            "UHWC9PXBL",
            "UA14TGLTC",
            "UE6EFEPTQ",
            "UJFN50C00",
            "U6KQ2S410"
        ],
        "replies": [
            {
                "user": "UJK8MKYAZ",
                "ts": "1558798054.015900"
            },
            {
                "user": "UJK8MKYAZ",
                "ts": "1558798133.016100"
            },
            {
                "user": "UJK8MKYAZ",
                "ts": "1558798206.016300"
            },
            {
                "user": "U5STGTB3J",
                "ts": "1558798688.019800"
            },
            {
                "user": "UJK8MKYAZ",
                "ts": "1558798710.020000"
            },
            {
                "user": "UJK8MKYAZ",
                "ts": "1558798858.020200"
            },
            {
                "user": "UHWC9PXBL",
                "ts": "1558798920.021600"
            },
            {
                "user": "UJK8MKYAZ",
                "ts": "1558799117.021800"
            },
            {
                "user": "U5STGTB3J",
                "ts": "1558806752.022500"
            },
            {
                "user": "UA14TGLTC",
                "ts": "1558837601.022800"
            },
            {
                "user": "UE6EFEPTQ",
                "ts": "1558857159.023200"
            },
            {
                "user": "UA14TGLTC",
                "ts": "1558858961.023400"
            },
            {
                "user": "UJFN50C00",
                "ts": "1558866332.025000"
            },
            {
                "user": "U6KQ2S410",
                "ts": "1558979619.028300"
            }
        ],
        "reactions": [
            {
                "name": "100",
                "users": [
                    "UAL7940NM",
                    "UAVCC2X70"
                ],
                "count": 2
            },
            {
                "name": "+1",
                "users": [
                    "UC2A2ARPT",
                    "UAVCC2X70",
                    "UJUGB1XGD"
                ],
                "count": 3
            }
        ]
    },
    {
        "client_msg_id": "c8878b8f-2f7b-4c4c-8dd6-f635a5338731",
        "type": "message",
        "text": "Other user interfaces (Zulip comes to mind in particular) encourage this more.",
        "user": "UJK8MKYAZ",
        "ts": "1558798054.015900",
        "thread_ts": "1558783270.015700",
        "parent_user_id": "U5STGTB3J"
    },
    {
        "client_msg_id": "f68dbc3e-621e-418a-901d-0e24bcdf6a1b",
        "type": "message",
        "text": "And part of the point of this group is that just because you can do something in a particular tool doesn't mean it's easy or enjoyable.",
        "user": "UJK8MKYAZ",
        "ts": "1558798133.016100",
        "thread_ts": "1558783270.015700",
        "parent_user_id": "U5STGTB3J"
    },
    {
        "client_msg_id": "f59a6dbc-191d-4a5c-b74b-d917821cb173",
        "type": "message",
        "text": "But, point taken - we have stricter threading etiquette at work that I'm happy to apply here.",
        "user": "UJK8MKYAZ",
        "ts": "1558798206.016300",
        "thread_ts": "1558783270.015700",
        "parent_user_id": "U5STGTB3J"
    },
    {
        "client_msg_id": "4C1F1454-34CD-4EBF-9EF6-6EE9D8B7BDE4",
        "type": "message",
        "text": "<@UJK8MKYAZ> Agree with all this… this is just about what can we do *now* without first having to solve the big question of what other platform to use. The usual criticism voiced here seems to be at least partially addressable.",
        "user": "U5STGTB3J",
        "ts": "1558798688.019800",
        "thread_ts": "1558783270.015700",
        "parent_user_id": "U5STGTB3J"
    },
    {
        "client_msg_id": "d1c3d6c3-ef40-4891-8525-2e700f1504c0",
        "type": "message",
        "text": "Agreed.",
        "user": "UJK8MKYAZ",
        "ts": "1558798710.020000",
        "thread_ts": "1558783270.015700",
        "parent_user_id": "U5STGTB3J"
    },
    {
        "client_msg_id": "51a316e3-938b-4e61-abb2-249096e1f521",
        "type": "message",
        "text": "Funny you mention wanting more local scope though, since we have some minds here that have deemed scope part of the problem with programming. I think scope makes much more sense in natural language than in programming.",
        "user": "UJK8MKYAZ",
        "ts": "1558798858.020200",
        "thread_ts": "1558783270.015700",
        "parent_user_id": "U5STGTB3J"
    },
    {
        "client_msg_id": "3DC0D2F3-8CFD-4D37-91B1-E1C99CDDBD0C",
        "type": "message",
        "text": "my only issue with this is that I haven't figured out how to \"reply in thread\" from the ios app if there aren't already thread replies posted",
        "user": "UHWC9PXBL",
        "ts": "1558798920.021600",
        "thread_ts": "1558783270.015700",
        "parent_user_id": "U5STGTB3J"
    },
    {
        "client_msg_id": "1ea93606-25ac-4a59-a70d-71e2ee80b10f",
        "type": "message",
        "text": "On my Android phone, I just tap the message and it seems to bring it “in focus”, presenting me the option to form a thread.",
        "user": "UJK8MKYAZ",
        "ts": "1558799117.021800",
        "thread_ts": "1558783270.015700",
        "parent_user_id": "U5STGTB3J"
    },
    {
        "client_msg_id": "AE9C0B0F-A46E-4162-A9C4-987DA7A3E5E3",
        "type": "message",
        "text": "Yep, same on iOS. And yes, it’s totally not discoverable.",
        "user": "U5STGTB3J",
        "ts": "1558806752.022500",
        "thread_ts": "1558783270.015700",
        "parent_user_id": "U5STGTB3J"
    },
    {
        "client_msg_id": "63edfc5f-7791-4787-884c-566d307aae4f",
        "type": "message",
        "text": "Is there a way to automatically subscribe to all threads?",
        "user": "UA14TGLTC",
        "ts": "1558837601.022800",
        "thread_ts": "1558783270.015700",
        "parent_user_id": "U5STGTB3J",
        "reactions": [
            {
                "name": "+1",
                "users": [
                    "UCGAK10LS",
                    "UJ6LDMMN0",
                    "U8A5MS6R1"
                ],
                "count": 3
            }
        ]
    }
]