[
    {
        "client_msg_id": "177428dc-3c10-468f-bdc7-f36cad583248",
        "type": "message",
        "text": "<!channel> I've got a strange idea for the community... I get a few people reaching out every month, asking if I know any developers they could hire for various projects. I bet others here also are sent more projects than they have time for, and there are others who have less work than they want. Of course there are already online marketplaces for development... but we could start a #work or #jobs channel to post this stuff for people interested. Thoughts?",
        "user": "U5TCAFTD3",
        "ts": "1551089800.002800",
        "thread_ts": "1551089800.002800",
        "reply_count": 1,
        "reply_users_count": 1,
        "latest_reply": "1551090552.005300",
        "reply_users": [
            "UCKRZS3DZ"
        ],
        "replies": [
            {
                "user": "UCKRZS3DZ",
                "ts": "1551090552.005300"
            }
        ],
        "reactions": [
            {
                "name": "+1",
                "users": [
                    "UFW3LB2KA",
                    "UE1JQM9HQ",
                    "UCKRZS3DZ",
                    "UBN9AFS0N",
                    "UA14TGLTC",
                    "UD6EXQVM0",
                    "U7C7B75R6",
                    "UF2GNRUTV"
                ],
                "count": 8
            }
        ]
    },
    {
        "client_msg_id": "b0d5a818-70cb-4a35-ac13-109c7be30512",
        "type": "message",
        "text": "A jobs in programming language research and design channel would be awesome. ",
        "user": "UEKEQGB9C",
        "ts": "1551089862.004000"
    },
    {
        "client_msg_id": "3cfb0f40-ee7f-4d4f-a6dc-9582c631d00a",
        "type": "message",
        "text": "Hm, that's a great idea that we should definitely do, but this is actually more off-topic. Just random friends and startups who want stuff scripted or hacked together",
        "user": "U5TCAFTD3",
        "ts": "1551089917.004900"
    },
    {
        "client_msg_id": "1a8f5967-d320-4e44-a846-5a7a69667832",
        "type": "message",
        "text": "Very good idea",
        "user": "UCKRZS3DZ",
        "ts": "1551090552.005300",
        "thread_ts": "1551089800.002800",
        "parent_user_id": "U5TCAFTD3"
    },
    {
        "client_msg_id": "B13CA4E3-5493-44A5-98E9-0943F106F354",
        "type": "message",
        "text": "Oh, jobs channel!  Like a real grown up community.  :joy:",
        "user": "UA14TGLTC",
        "ts": "1551093195.006600"
    },
    {
        "client_msg_id": "a66f1473-fff0-4fcd-b19f-2d93da78d813",
        "type": "message",
        "text": "I could do with a job",
        "user": "UE6EFEPTQ",
        "ts": "1551093783.006900"
    },
    {
        "client_msg_id": "0e9b75b3-7f5f-420b-aef3-87cfdecbf258",
        "type": "message",
        "text": "sign me up",
        "user": "UE6EFEPTQ",
        "ts": "1551093787.007100"
    },
    {
        "client_msg_id": "476a94dc-883e-4f56-ab9b-17922b15d4ac",
        "type": "message",
        "text": "Ok, how about two jobs channels? The first is #odd-jobs and is what I initially proposed for random dev work. The other #jobs channel can be for projects somehow related to the future of coding. Or should we just have a single channel for all jobs? What about a distinction for part-time for full-time? (In other words, would you want to subscribe to only one of these specific channels or would you like to get all jobs in one channel?)",
        "user": "U5TCAFTD3",
        "ts": "1551094000.009800"
    },
    {
        "client_msg_id": "e0f31a3a-7df2-4e8e-99c1-6ae61490cc89",
        "type": "message",
        "text": "if you're going to go all fine grained on channels I'd rather have fine-grained tech discussion channels, as I've previously described",
        "user": "UE6EFEPTQ",
        "ts": "1551094071.010500",
        "thread_ts": "1551094071.010500",
        "reply_count": 24,
        "reply_users_count": 3,
        "latest_reply": "1551099471.017500",
        "reply_users": [
            "U5TCAFTD3",
            "UE6EFEPTQ",
            "UA14TGLTC"
        ],
        "replies": [
            {
                "user": "U5TCAFTD3",
                "ts": "1551094122.010600"
            },
            {
                "user": "UE6EFEPTQ",
                "ts": "1551094206.010800"
            },
            {
                "user": "UE6EFEPTQ",
                "ts": "1551094210.011000"
            },
            {
                "user": "UE6EFEPTQ",
                "ts": "1551094297.011200"
            },
            {
                "user": "UE6EFEPTQ",
                "ts": "1551094364.011500"
            },
            {
                "user": "U5TCAFTD3",
                "ts": "1551094426.011700"
            },
            {
                "user": "UE6EFEPTQ",
                "ts": "1551094431.011900"
            },
            {
                "user": "U5TCAFTD3",
                "ts": "1551094435.012100"
            },
            {
                "user": "UE6EFEPTQ",
                "ts": "1551094443.012300"
            },
            {
                "user": "U5TCAFTD3",
                "ts": "1551094443.012500"
            },
            {
                "user": "UE6EFEPTQ",
                "ts": "1551094451.012700"
            },
            {
                "user": "UE6EFEPTQ",
                "ts": "1551094458.012900"
            },
            {
                "user": "UE6EFEPTQ",
                "ts": "1551094463.013100"
            },
            {
                "user": "U5TCAFTD3",
                "ts": "1551094469.013300"
            },
            {
                "user": "UE6EFEPTQ",
                "ts": "1551094616.013500"
            },
            {
                "user": "UE6EFEPTQ",
                "ts": "1551094644.013700"
            },
            {
                "user": "UE6EFEPTQ",
                "ts": "1551094688.013900"
            },
            {
                "user": "UE6EFEPTQ",
                "ts": "1551094782.014100"
            },
            {
                "user": "UE6EFEPTQ",
                "ts": "1551094805.014300"
            },
            {
                "user": "UE6EFEPTQ",
                "ts": "1551094818.014500"
            },
            {
                "user": "UE6EFEPTQ",
                "ts": "1551094825.014700"
            },
            {
                "user": "UE6EFEPTQ",
                "ts": "1551094829.014900"
            },
            {
                "user": "UE6EFEPTQ",
                "ts": "1551094984.015200"
            },
            {
                "user": "UA14TGLTC",
                "ts": "1551099471.017500"
            }
        ]
    },
    {
        "client_msg_id": "27843670-d951-44f2-98b4-d6e1ee2b62e9",
        "type": "message",
        "text": "can you link me to that or re-describe what extra channels you want? I'm happy to create more",
        "user": "U5TCAFTD3",
        "ts": "1551094122.010600",
        "thread_ts": "1551094071.010500",
        "parent_user_id": "UE6EFEPTQ"
    },
    {
        "client_msg_id": "3efd77cc-0235-45a0-abb4-864f75d64aea",
        "type": "message",
        "text": "you really didn't need to side-thread that, Steve! You do love your threads",
        "user": "UE6EFEPTQ",
        "ts": "1551094206.010800",
        "thread_ts": "1551094071.010500",
        "parent_user_id": "UE6EFEPTQ"
    },
    {
        "client_msg_id": "b5cc9b96-8b47-4b5d-aab4-2af1be7f7fa8",
        "type": "message",
        "text": ":smile:",
        "user": "UE6EFEPTQ",
        "ts": "1551094210.011000",
        "thread_ts": "1551094071.010500",
        "parent_user_id": "UE6EFEPTQ"
    },
    {
        "client_msg_id": "edaf52bb-5973-42f1-8c8f-bba6eff2588d",
        "type": "message",
        "text": "LMGTFY <https:\/\/futureofcoding.slack.com\/archives\/CEXED56UR\/p1549455321037600?thread_ts=1549455321.037600>",
        "user": "UE6EFEPTQ",
        "ts": "1551094297.011200",
        "attachments": [
            {
                "from_url": "https:\/\/futureofcoding.slack.com\/archives\/CEXED56UR\/p1549455321037600?thread_ts=1549455321.037600",
                "fallback": "[February 6th, 2019 4:15 AM] fp: how about we start lots of Channels? One for each of the fine-grained themes that re-occur here? e.g.:\n- better IDEs for techies\n- declarative vs imperative\n- state vs pure\/monads\n- spreadsheet derivatives\n- history of programming",
                "ts": "1549455321.037600",
                "author_id": "UE6EFEPTQ",
                "author_subname": "Duncan Cragg",
                "channel_id": "CEXED56UR",
                "channel_name": "meta",
                "is_msg_unfurl": true,
                "is_thread_root_unfurl": true,
                "text": "how about we start lots of Channels? One for each of the fine-grained themes that re-occur here? e.g.:\n- better IDEs for techies\n- declarative vs imperative\n- state vs pure\/monads\n- spreadsheet derivatives\n- history of programming",
                "author_name": "Duncan Cragg",
                "author_link": "https:\/\/futureofcoding.slack.com\/team\/UE6EFEPTQ",
                "author_icon": "https:\/\/avatars.slack-edge.com\/2018-12-18\/508431502471_8073c43d5d8dd3d3b4b2_48.jpg",
                "mrkdwn_in": [
                    "text"
                ],
                "id": 1,
                "original_url": "https:\/\/futureofcoding.slack.com\/archives\/CEXED56UR\/p1549455321037600?thread_ts=1549455321.037600",
                "footer": "Thread in #meta"
            }
        ],
        "thread_ts": "1551094071.010500",
        "parent_user_id": "UE6EFEPTQ"
    },
    {
        "client_msg_id": "a50877a4-112c-45a9-a6d5-93de044190b1",
        "type": "message",
        "text": "try \"from:<@UE6EFEPTQ>\" in the search box :wink:",
        "user": "UE6EFEPTQ",
        "ts": "1551094364.011500",
        "thread_ts": "1551094071.010500",
        "parent_user_id": "UE6EFEPTQ"
    },
    {
        "client_msg_id": "696b22c0-151f-4716-942b-8e3f4e6ca3ae",
        "type": "message",
        "text": "Cool, thanks",
        "user": "U5TCAFTD3",
        "ts": "1551094426.011700",
        "thread_ts": "1551094071.010500",
        "parent_user_id": "UE6EFEPTQ"
    },
    {
        "client_msg_id": "e83957b3-90d5-404c-a08b-60a23eea23b6",
        "type": "message",
        "text": ":thumbsup::skin-tone-3:",
        "user": "UE6EFEPTQ",
        "ts": "1551094431.011900",
        "thread_ts": "1551094071.010500",
        "parent_user_id": "UE6EFEPTQ"
    },
    {
        "client_msg_id": "c52c32f5-70a1-4015-a5c4-0bc173aa6910",
        "type": "message",
        "text": "I think #spreadsheets is a obvious one",
        "user": "U5TCAFTD3",
        "ts": "1551094435.012100",
        "thread_ts": "1551094071.010500",
        "parent_user_id": "UE6EFEPTQ"
    },
    {
        "client_msg_id": "6fc5615c-b5c3-429f-83c7-8bd7cde90ca5",
        "type": "message",
        "text": "ya :slightly_smiling_face:",
        "user": "UE6EFEPTQ",
        "ts": "1551094443.012300",
        "thread_ts": "1551094071.010500",
        "parent_user_id": "UE6EFEPTQ"
    },
    {
        "client_msg_id": "0411b95a-deb7-4fe3-b59c-1956f8251362",
        "type": "message",
        "text": "Ditto for #node-and-wire",
        "user": "U5TCAFTD3",
        "ts": "1551094443.012500",
        "thread_ts": "1551094071.010500",
        "parent_user_id": "UE6EFEPTQ"
    },
    {
        "client_msg_id": "63ed9682-f5ed-4f29-a7b2-29d7a74fc041",
        "type": "message",
        "text": "node-a-wha'?",
        "user": "UE6EFEPTQ",
        "ts": "1551094451.012700",
        "thread_ts": "1551094071.010500",
        "parent_user_id": "UE6EFEPTQ"
    },
    {
        "client_msg_id": "e33954fb-1289-4245-8982-56a242ad9fd5",
        "type": "message",
        "text": "oh! I see",
        "user": "UE6EFEPTQ",
        "ts": "1551094458.012900",
        "thread_ts": "1551094071.010500",
        "parent_user_id": "UE6EFEPTQ"
    },
    {
        "client_msg_id": "49060bbd-dd04-4e09-8883-0ca3227d3a98",
        "type": "message",
        "text": "boxes and arrows!",
        "user": "UE6EFEPTQ",
        "ts": "1551094463.013100",
        "thread_ts": "1551094071.010500",
        "parent_user_id": "UE6EFEPTQ"
    },
    {
        "client_msg_id": "6a84b335-c917-4966-a8fd-02ac25f62ca8",
        "type": "message",
        "text": "Yeah boxes and arrows",
        "user": "U5TCAFTD3",
        "ts": "1551094469.013300",
        "thread_ts": "1551094071.010500",
        "parent_user_id": "UE6EFEPTQ"
    },
    {
        "client_msg_id": "04ce8887-0a18-4a32-a81a-d664c95568c4",
        "type": "message",
        "text": "wouldn't it be nice if we could grab a selection of replies and say 'side thread these!', and they'd all be pushed out of the way",
        "user": "UE6EFEPTQ",
        "ts": "1551094616.013500",
        "thread_ts": "1551094071.010500",
        "parent_user_id": "UE6EFEPTQ"
    },
    {
        "client_msg_id": "1314a497-ca10-4466-ac51-da35be1d44c6",
        "type": "message",
        "text": "so if we'd had the above conversation on the main 'meta' channel, we could have decided it was obfuscating your jobs point and side-thread it post hoc",
        "user": "UE6EFEPTQ",
        "ts": "1551094644.013700",
        "thread_ts": "1551094071.010500",
        "parent_user_id": "UE6EFEPTQ"
    },
    {
        "client_msg_id": "d7d71cd0-2715-4ef7-96e4-89af6ae35993",
        "type": "message",
        "text": "and we could side-thread those replies about jobs channel, like filing things in folders",
        "user": "UE6EFEPTQ",
        "ts": "1551094688.013900",
        "thread_ts": "1551094071.010500",
        "parent_user_id": "UE6EFEPTQ"
    },
    {
        "client_msg_id": "4e1a14ee-7bee-41e3-8ff4-d0024a38153f",
        "type": "message",
        "text": "or just tag the first branch of a side-ish conversation, and all replies are collected into a thread on the right, all replies on the main thread also collected into a thread to the left",
        "user": "UE6EFEPTQ",
        "ts": "1551094782.014100",
        "thread_ts": "1551094071.010500",
        "parent_user_id": "UE6EFEPTQ"
    },
    {
        "client_msg_id": "067f9af5-80d8-46ac-ab89-6764b3890bb9",
        "type": "message",
        "text": "so there's no distinction between 'main channel chat' and side threads",
        "user": "UE6EFEPTQ",
        "ts": "1551094805.014300",
        "thread_ts": "1551094071.010500",
        "parent_user_id": "UE6EFEPTQ"
    },
    {
        "client_msg_id": "a1430b5c-2a7b-4b8e-b1ae-9fd4598ef440",
        "type": "message",
        "text": "LET'S BUILD IT!",
        "user": "UE6EFEPTQ",
        "ts": "1551094818.014500",
        "thread_ts": "1551094071.010500",
        "parent_user_id": "UE6EFEPTQ"
    },
    {
        "client_msg_id": "8c72d191-78cb-4ae4-846f-10eb6cc3d17e",
        "type": "message",
        "text": "IN HASKELL OR SOMETHING",
        "user": "UE6EFEPTQ",
        "ts": "1551094825.014700",
        "thread_ts": "1551094071.010500",
        "parent_user_id": "UE6EFEPTQ"
    },
    {
        "client_msg_id": "b3e5ace2-6ed9-4518-a172-c45e42412796",
        "type": "message",
        "text": ":smile:",
        "user": "UE6EFEPTQ",
        "ts": "1551094829.014900",
        "thread_ts": "1551094071.010500",
        "parent_user_id": "UE6EFEPTQ",
        "reactions": [
            {
                "name": "joy",
                "users": [
                    "U5TCAFTD3",
                    "UA14TGLTC",
                    "U8A5MS6R1"
                ],
                "count": 3
            }
        ]
    },
    {
        "client_msg_id": "70bab0ac-ce3d-4521-ae96-fba7a58e7618",
        "type": "message",
        "text": "and I could have tagged the above thread-speculation, post hoc, and created a new thread, after seeing what a mess I've just made of your side thread, Steve!",
        "user": "UE6EFEPTQ",
        "ts": "1551094984.015200",
        "thread_ts": "1551094071.010500",
        "parent_user_id": "UE6EFEPTQ"
    },
    {
        "client_msg_id": "a62afd73-4f2a-4e08-ad6c-ef113d2f002c",
        "type": "message",
        "text": "If the traffic is low have one general jobs channel.  . If it creeps up break out the future coding stuff",
        "user": "UEKEQGB9C",
        "ts": "1551097210.017100",
        "reactions": [
            {
                "name": "+1::skin-tone-6",
                "users": [
                    "UCKRZS3DZ",
                    "UA14TGLTC",
                    "UC25EFSJC"
                ],
                "count": 3
            }
        ]
    },
    {
        "client_msg_id": "bfd9fbb5-4487-466f-8dc5-e62543aab5b6",
        "type": "message",
        "text": "Is too many small channels like too many small modules??",
        "user": "UA14TGLTC",
        "ts": "1551099471.017500",
        "thread_ts": "1551094071.010500",
        "parent_user_id": "UE6EFEPTQ"
    },
    {
        "client_msg_id": "153ce9c9-e95f-4ab1-bec8-b316305c3852",
        "type": "message",
        "text": "When you say \"odd jobs\", do you mean volunteer work \/ slave labour?",
        "user": "UCGAK10LS",
        "ts": "1551132384.018100",
        "thread_ts": "1551132384.018100",
        "reply_count": 1,
        "reply_users_count": 1,
        "latest_reply": "1551177515.025800",
        "reply_users": [
            "U5TCAFTD3"
        ],
        "replies": [
            {
                "user": "U5TCAFTD3",
                "ts": "1551177515.025800"
            }
        ]
    },
    {
        "client_msg_id": "8635e297-3ebf-4e1c-8995-5dc238c8393a",
        "type": "message",
        "text": "Or something involving real money exchanging hands",
        "user": "UCGAK10LS",
        "ts": "1551132428.018400"
    },
    {
        "client_msg_id": "6B2820A2-E5CE-475F-A586-2D91A6920BD2",
        "type": "message",
        "text": "I think one #jobs channel would be a great addition, but I don’t like seeing this Slack metastasize into many channels for specific topics. I get most out of this Slack by discovering stuff I wouldn’t have expected or actively searched for. Threads are a great way to compartmentalize specific discussions and ignore them if you’re not into it. \n\nI don’t want to be at a party, where I’m constantly told “Sorry, you can’t discuss that in the living room, that’s only appropriate in the kitchen. And please go upstairs to the second room on the right if you’re into that, or the basement if it’s about this other thing.” \nIsn’t the living room still big enough for all of us?",
        "user": "U5STGTB3J",
        "ts": "1551166332.025600",
        "thread_ts": "1551166332.025600",
        "reply_count": 1,
        "reply_users_count": 1,
        "latest_reply": "1551177546.026000",
        "reply_users": [
            "U5TCAFTD3"
        ],
        "replies": [
            {
                "user": "U5TCAFTD3",
                "ts": "1551177546.026000"
            }
        ],
        "reactions": [
            {
                "name": "+1::skin-tone-6",
                "users": [
                    "UCKRZS3DZ",
                    "UA14TGLTC"
                ],
                "count": 2
            },
            {
                "name": "+1",
                "users": [
                    "UAVCC2X70"
                ],
                "count": 1
            }
        ]
    }
]