[
    {
        "client_msg_id": "d8008491-574a-4e52-bcee-f67c07372759",
        "type": "message",
        "text": "The Kitchener-Waterloo meetup has had two meetings! Would it be possible to create a slack channel for us?",
        "user": "UC25BN0RW",
        "ts": "1550336335.000800"
    },
    {
        "client_msg_id": "4aa53363-0ba8-4da0-9da2-2d0898217fa9",
        "type": "message",
        "text": "(I tried to create my own, but it ended up private)",
        "user": "UC25BN0RW",
        "ts": "1550336350.001100"
    },
    {
        "client_msg_id": "348ce325-a60f-49df-bbbb-b343bf218616",
        "type": "message",
        "text": "Wow amazing!",
        "user": "U5TCAFTD3",
        "ts": "1550336385.001300"
    },
    {
        "client_msg_id": "2ffba258-bc93-40c1-93c2-c340fcc2e55b",
        "type": "message",
        "text": "Sure, what do you want the channel name to be?",
        "user": "U5TCAFTD3",
        "ts": "1550336407.001900",
        "thread_ts": "1550336407.001900",
        "reply_count": 10,
        "reply_users_count": 2,
        "latest_reply": "1550337289.006500",
        "reply_users": [
            "UC25BN0RW",
            "U5TCAFTD3"
        ],
        "replies": [
            {
                "user": "UC25BN0RW",
                "ts": "1550336549.003500"
            },
            {
                "user": "UC25BN0RW",
                "ts": "1550336575.003700"
            },
            {
                "user": "U5TCAFTD3",
                "ts": "1550336649.004000"
            },
            {
                "user": "U5TCAFTD3",
                "ts": "1550336657.004200"
            },
            {
                "user": "UC25BN0RW",
                "ts": "1550336772.004600"
            },
            {
                "user": "U5TCAFTD3",
                "ts": "1550337163.005700"
            },
            {
                "user": "U5TCAFTD3",
                "ts": "1550337179.005900"
            },
            {
                "user": "U5TCAFTD3",
                "ts": "1550337228.006100"
            },
            {
                "user": "UC25BN0RW",
                "ts": "1550337279.006300"
            },
            {
                "user": "U5TCAFTD3",
                "ts": "1550337289.006500"
            }
        ]
    },
    {
        "client_msg_id": "7e130b93-d206-4cd8-8414-cb5f53ff3a47",
        "type": "message",
        "text": "<!channel> I'm seriously considering a switch to zulip. The threading model is much better. Any volunteers to test it out with me?",
        "user": "U5TCAFTD3",
        "ts": "1550336484.003200",
        "thread_ts": "1550336484.003200",
        "reply_count": 21,
        "reply_users_count": 7,
        "latest_reply": "1551694714.004100",
        "reply_users": [
            "UC25BN0RW",
            "U5TCAFTD3",
            "UE6EFEPTQ",
            "UA14TGLTC",
            "UF2GNRUTV",
            "UCGAK10LS",
            "U5STGTB3J"
        ],
        "replies": [
            {
                "user": "UC25BN0RW",
                "ts": "1550336504.003300"
            },
            {
                "user": "U5TCAFTD3",
                "ts": "1550336807.004900"
            },
            {
                "user": "U5TCAFTD3",
                "ts": "1550336816.005100"
            },
            {
                "user": "UE6EFEPTQ",
                "ts": "1550337106.005300"
            },
            {
                "user": "UA14TGLTC",
                "ts": "1550365951.007600"
            },
            {
                "user": "UE6EFEPTQ",
                "ts": "1550395013.007800"
            },
            {
                "user": "UF2GNRUTV",
                "ts": "1550430211.008300"
            },
            {
                "user": "UCGAK10LS",
                "ts": "1550642322.008700"
            },
            {
                "user": "U5TCAFTD3",
                "ts": "1551687884.000600"
            },
            {
                "user": "U5TCAFTD3",
                "ts": "1551687974.000900"
            },
            {
                "user": "U5TCAFTD3",
                "ts": "1551688036.001100"
            },
            {
                "user": "U5STGTB3J",
                "ts": "1551689036.002200"
            },
            {
                "user": "U5TCAFTD3",
                "ts": "1551690770.002400"
            },
            {
                "user": "UE6EFEPTQ",
                "ts": "1551694297.002600"
            },
            {
                "user": "UE6EFEPTQ",
                "ts": "1551694314.002800"
            },
            {
                "user": "U5TCAFTD3",
                "ts": "1551694349.003000"
            },
            {
                "user": "UE6EFEPTQ",
                "ts": "1551694616.003200"
            },
            {
                "user": "U5TCAFTD3",
                "ts": "1551694647.003400"
            },
            {
                "user": "UE6EFEPTQ",
                "ts": "1551694649.003600"
            },
            {
                "user": "U5TCAFTD3",
                "ts": "1551694709.003800"
            },
            {
                "user": "UE6EFEPTQ",
                "ts": "1551694714.004100"
            }
        ],
        "reactions": [
            {
                "name": "hand",
                "users": [
                    "UDJ2TKB99",
                    "UC25BN0RW",
                    "UEZTBTNJC",
                    "U8A5MS6R1",
                    "UFW3LB2KA",
                    "UA14TGLTC",
                    "UF2GNRUTV"
                ],
                "count": 7
            }
        ]
    },
    {
        "client_msg_id": "9f008a52-c588-4831-bcc7-9efb59be1f74",
        "type": "message",
        "text": "I love testing out communication platforms",
        "user": "UC25BN0RW",
        "ts": "1550336504.003300",
        "thread_ts": "1550336484.003200",
        "parent_user_id": "U5TCAFTD3",
        "reactions": [
            {
                "name": "+1",
                "users": [
                    "U5TCAFTD3"
                ],
                "count": 1
            }
        ]
    },
    {
        "client_msg_id": "910713f4-cd6d-4312-aa18-c40dfd700242",
        "type": "message",
        "text": "kitchener-waterloo is fine",
        "user": "UC25BN0RW",
        "ts": "1550336549.003500",
        "thread_ts": "1550336407.001900",
        "parent_user_id": "U5TCAFTD3"
    },
    {
        "client_msg_id": "4db917fd-14c8-4aac-9564-3afbf6a57949",
        "type": "message",
        "text": "(I don't think the acronym \"kw\" is wildly recognized, compared to \"sf\")",
        "user": "UC25BN0RW",
        "ts": "1550336575.003700",
        "thread_ts": "1550336407.001900",
        "parent_user_id": "U5TCAFTD3"
    },
    {
        "client_msg_id": "3cdffdad-6185-4f3a-8a90-9694554b3595",
        "type": "message",
        "text": "Can you change the name of your private channel?",
        "user": "U5TCAFTD3",
        "ts": "1550336649.004000",
        "thread_ts": "1550336407.001900",
        "parent_user_id": "U5TCAFTD3"
    },
    {
        "client_msg_id": "adc7f0e6-db7a-4668-be5c-5c6485329974",
        "type": "message",
        "text": "It won't let me create with the same name",
        "user": "U5TCAFTD3",
        "ts": "1550336657.004200",
        "thread_ts": "1550336407.001900",
        "parent_user_id": "U5TCAFTD3"
    },
    {
        "client_msg_id": "4e77802b-8e6c-4912-afc2-3e25d97148ca",
        "type": "message",
        "text": "Changed the name",
        "user": "UC25BN0RW",
        "ts": "1550336772.004600",
        "thread_ts": "1550336407.001900",
        "parent_user_id": "U5TCAFTD3"
    },
    {
        "client_msg_id": "e72d8463-dc39-4e6f-a48c-f6af5ef6789d",
        "type": "message",
        "text": "<@UE6EFEPTQ> I'd love your input because I know you don't like Slacks threading",
        "user": "U5TCAFTD3",
        "ts": "1550336807.004900",
        "thread_ts": "1550336484.003200",
        "parent_user_id": "U5TCAFTD3"
    },
    {
        "client_msg_id": "7f80307b-be65-4171-b5f1-192f751da819",
        "type": "message",
        "text": "I'll create a test one and add yall\n",
        "user": "U5TCAFTD3",
        "ts": "1550336816.005100",
        "edited": {
            "user": "U5TCAFTD3",
            "ts": "1550337114.000000"
        },
        "thread_ts": "1550336484.003200",
        "parent_user_id": "U5TCAFTD3"
    },
    {
        "client_msg_id": "fc9f0c7a-537b-4df1-b117-31b18fe0a283",
        "type": "message",
        "text": "OK :smile:",
        "user": "UE6EFEPTQ",
        "ts": "1550337106.005300",
        "thread_ts": "1550336484.003200",
        "parent_user_id": "U5TCAFTD3",
        "reactions": [
            {
                "name": "+1",
                "users": [
                    "U5TCAFTD3"
                ],
                "count": 1
            }
        ]
    },
    {
        "client_msg_id": "e5546297-b7e1-495e-8b18-759cf2433d61",
        "type": "message",
        "text": "Great, invited you",
        "user": "U5TCAFTD3",
        "ts": "1550337163.005700",
        "thread_ts": "1550336407.001900",
        "parent_user_id": "U5TCAFTD3"
    },
    {
        "client_msg_id": "f779e7f9-28f3-4e7f-a42c-3bea1fc4d375",
        "type": "message",
        "text": "Feel free to invite your people",
        "user": "U5TCAFTD3",
        "ts": "1550337179.005900",
        "thread_ts": "1550336407.001900",
        "parent_user_id": "U5TCAFTD3"
    },
    {
        "client_msg_id": "1ae7d952-909f-4bbe-b458-8c2cd871e2ae",
        "type": "message",
        "text": "Do you want to announce in <#C5T9GPWFL|general> too? Or want me to?",
        "user": "U5TCAFTD3",
        "ts": "1550337228.006100",
        "thread_ts": "1550336407.001900",
        "parent_user_id": "U5TCAFTD3"
    },
    {
        "client_msg_id": "f1362176-fed2-46b3-a1ac-731a274b9b89",
        "type": "message",
        "text": "I've announced it before, but I'll announce it again.",
        "user": "UC25BN0RW",
        "ts": "1550337279.006300",
        "thread_ts": "1550336407.001900",
        "parent_user_id": "U5TCAFTD3"
    },
    {
        "client_msg_id": "fc8dc3df-679c-411e-88da-e909aafd19f0",
        "type": "message",
        "text": "Cool",
        "user": "U5TCAFTD3",
        "ts": "1550337289.006500",
        "thread_ts": "1550336407.001900",
        "parent_user_id": "U5TCAFTD3"
    },
    {
        "client_msg_id": "885B79AF-170D-4B2A-8C58-161267DEE056",
        "type": "message",
        "text": "By all means sign me up.  If anyone can break it...",
        "user": "UA14TGLTC",
        "ts": "1550365951.007600",
        "thread_ts": "1550336484.003200",
        "parent_user_id": "U5TCAFTD3"
    }
]