[
    {
        "client_msg_id": "1aa9a338-c541-4455-bc39-bd59d2254e75",
        "type": "message",
        "text": "That's the issue with Slack, that you can easily miss something by simply not noticing a thread starting up. Or even if you didn't miss it, there's a barrier to following it: either reply or find the subscribe thing somewhere. I find the UX here to be resistant to fluid conversation. Then add to that cross working between mobile and web with different UXs..",
        "user": "UE6EFEPTQ",
        "ts": "1558857159.023200",
        "thread_ts": "1558783270.015700",
        "parent_user_id": "U5STGTB3J"
    },
    {
        "client_msg_id": "e8f105c4-b017-4291-8aea-a2dfa3aa4e2f",
        "type": "message",
        "text": "Especially when a thread starts, it's easy easy to miss.",
        "user": "UA14TGLTC",
        "ts": "1558858961.023400",
        "thread_ts": "1558783270.015700",
        "parent_user_id": "U5STGTB3J"
    },
    {
        "client_msg_id": "93C9BC41-B1C6-4711-9FCA-99E9810E4CC2",
        "type": "message",
        "text": "It’s horrible ... I want to reply to many things yet don’t want to repeat myself so much. Also missing things.. discourse forums seems like a good alternative ",
        "user": "UJFN50C00",
        "ts": "1558866332.025000",
        "thread_ts": "1558783270.015700",
        "parent_user_id": "U5STGTB3J"
    }
]