[
    {
        "client_msg_id": "940cacd1-c012-4e25-899c-572539dbdaf6",
        "type": "message",
        "text": "A wiki\/issue tracker isn't great when we're talking about rich embedded content and keeping up with the \"pulse\" on what's new. Am still in favor of discourse. And what's stopping a wiki from grinding to a halt due to pedantry from a pluralism of ideas",
        "user": "UFQQ3P867",
        "ts": "1559375806.000600",
        "edited": {
            "user": "UFQQ3P867",
            "ts": "1559375865.000000"
        },
        "thread_ts": "1558513678.028200",
        "parent_user_id": "UJCQYPLMN"
    },
    {
        "client_msg_id": "cd28f7c4-dd77-4019-a29e-772c7b4d3818",
        "type": "message",
        "text": "Hi, I was wondering if we should create  a new channel #virtual-reality . With the arrival of Oculus Quest there is huge potential to create viable VR code editors. What do you think?",
        "user": "UJG7QQQJW",
        "ts": "1559418492.002200",
        "thread_ts": "1559418492.002200",
        "reply_count": 3,
        "reply_users_count": 3,
        "latest_reply": "1559470874.003900",
        "reply_users": [
            "UC2A2ARPT",
            "UA14TGLTC",
            "U5TCAFTD3"
        ],
        "replies": [
            {
                "user": "UC2A2ARPT",
                "ts": "1559427212.003200"
            },
            {
                "user": "UA14TGLTC",
                "ts": "1559453343.003700"
            },
            {
                "user": "U5TCAFTD3",
                "ts": "1559470874.003900"
            }
        ],
        "reactions": [
            {
                "name": "thinking_face",
                "users": [
                    "UC2A2ARPT"
                ],
                "count": 1
            }
        ]
    },
    {
        "client_msg_id": "D35F8407-3C95-4EC2-AD7B-64292F8D7FE0",
        "type": "message",
        "text": "How many folks here are working in VR? The <#CE1R695T7|graphics> channel we have now is pretty quiet as it is.",
        "user": "UC2A2ARPT",
        "ts": "1559427212.003200",
        "thread_ts": "1559418492.002200",
        "parent_user_id": "UJG7QQQJW"
    },
    {
        "client_msg_id": "5c6176ad-55fe-4f4d-97d6-7b5b4cd3f667",
        "type": "message",
        "text": "I would like to be working in VR, but hardly do.  Definitely like talking the talk, but all the same, I do not feel we need a dedicated channel.",
        "user": "UA14TGLTC",
        "ts": "1559453343.003700",
        "thread_ts": "1559418492.002200",
        "parent_user_id": "UJG7QQQJW"
    }
]