[
    {
        "client_msg_id": "98cded34-7ea8-4144-ab98-20395c3b0752",
        "type": "message",
        "text": "haha no I mean paid work that has nothing to do with this slack",
        "user": "U5TCAFTD3",
        "ts": "1551177515.025800",
        "thread_ts": "1551132384.018100",
        "parent_user_id": "UCGAK10LS"
    },
    {
        "client_msg_id": "65360f09-ac97-4bb5-92b3-83bee0b71c1a",
        "type": "message",
        "text": "good point, I'll give it a go",
        "user": "U5TCAFTD3",
        "ts": "1551177546.026000",
        "thread_ts": "1551166332.025600",
        "parent_user_id": "U5STGTB3J"
    }
]