[
    {
        "client_msg_id": "75355670-ffc7-4203-8800-98c65c26dbf8",
        "type": "message",
        "text": "SINANGed!  (Slack is not a newsgroup-ed!)",
        "user": "UA14TGLTC",
        "ts": "1556720126.002800"
    },
    {
        "client_msg_id": "b2a0c575-d676-4f84-b472-508b59355326",
        "type": "message",
        "text": "Yeah... It is a bummer... Eventually I'll be convinced of a better alternative and have time to migrate us...\n\nI don't think messages are deleted, just not surfaced. So if I ever get time, I could build a public version of the slack with all the messages searchable and even indexable, by pulling from the backup of the slack",
        "user": "U5TCAFTD3",
        "ts": "1556739445.004300",
        "thread_ts": "1556739445.004300",
        "reply_count": 11,
        "reply_users_count": 4,
        "latest_reply": "1557515470.010400",
        "reply_users": [
            "UGLSY9X3J",
            "U5TCAFTD3",
            "UA14TGLTC",
            "UCKRZS3DZ"
        ],
        "replies": [
            {
                "user": "UGLSY9X3J",
                "ts": "1556739830.004400"
            },
            {
                "user": "U5TCAFTD3",
                "ts": "1556739876.004700"
            },
            {
                "user": "UA14TGLTC",
                "ts": "1556771945.007000"
            },
            {
                "user": "UCKRZS3DZ",
                "ts": "1557338926.007800"
            },
            {
                "user": "U5TCAFTD3",
                "ts": "1557364143.008100"
            },
            {
                "user": "UCKRZS3DZ",
                "ts": "1557388091.008300"
            },
            {
                "user": "UGLSY9X3J",
                "ts": "1557388738.008600"
            },
            {
                "user": "U5TCAFTD3",
                "ts": "1557412306.009100"
            },
            {
                "user": "U5TCAFTD3",
                "ts": "1557412538.009300"
            },
            {
                "user": "UGLSY9X3J",
                "ts": "1557413131.009700"
            },
            {
                "user": "UCKRZS3DZ",
                "ts": "1557515470.010400"
            }
        ]
    },
    {
        "client_msg_id": "391a984a-35b3-4ec1-9bbf-f9e1d2575366",
        "type": "message",
        "text": "could always try open source \/ self-hosted community \/ chat tools. Zulip for example - <https:\/\/zulipchat.com\/plans\/>",
        "user": "UGLSY9X3J",
        "ts": "1556739830.004400",
        "attachments": [
            {
                "service_name": "Zulip",
                "title": "The world's most productive team chat",
                "title_link": "https:\/\/zulipchat.com\/plans\/",
                "text": "Zulip combines the immediacy of real-time chat with an email threading model. With Zulip, you can catch up on important conversations while ignoring irrelevant ones.",
                "fallback": "Zulip: The world's most productive team chat",
                "thumb_url": "https:\/\/zulipchat.com\/static\/images\/logo\/zulip-icon-128x128.png",
                "from_url": "https:\/\/zulipchat.com\/plans\/",
                "thumb_width": 128,
                "thumb_height": 128,
                "id": 1,
                "original_url": "https:\/\/zulipchat.com\/plans\/"
            }
        ],
        "thread_ts": "1556739445.004300",
        "parent_user_id": "U5TCAFTD3"
    },
    {
        "client_msg_id": "5590f8d6-01ce-432c-aa25-edb857ed6c76",
        "type": "message",
        "text": "We tried it (above in meta) but didn't love it at first blush. Maybe it takes some getting used to",
        "user": "U5TCAFTD3",
        "ts": "1556739876.004700",
        "thread_ts": "1556739445.004300",
        "parent_user_id": "U5TCAFTD3"
    },
    {
        "client_msg_id": "FD0A7AAA-EDAF-41EB-8161-8765984374B2",
        "type": "message",
        "text": "I gave it a good try and didn't hate it either.  Found Zulip marginally less confusing and less polished compared to Slack.",
        "user": "UA14TGLTC",
        "ts": "1556771945.007000",
        "thread_ts": "1556739445.004300",
        "parent_user_id": "U5TCAFTD3"
    }
]