[
    {
        "client_msg_id": "81861693-18fe-4138-a04f-4264af4f6541",
        "type": "message",
        "text": "Here's an integrated forum\/wiki that already exists, and serves our community:\n<https:\/\/www.reddit.com\/r\/nosyntax\/>\n<https:\/\/www.reddit.com\/r\/nosyntax\/wiki>\n<@U79HM6726> is a moderator.\n(I didn't know that reddit had wikis until just now.)",
        "user": "UJN1TAYEQ",
        "ts": "1559044748.030100",
        "attachments": [
            {
                "service_name": "reddit",
                "title": "r\/nosyntax",
                "title_link": "https:\/\/www.reddit.com\/r\/nosyntax\/",
                "text": "r\/nosyntax: Most of computer programming in the history of mankind has been done by editing text files. Does it have to be this way? Will it always be this way? Some think that the current state of things is suboptimal and are exploring new frontiers in how code is made.",
                "fallback": "reddit: r\/nosyntax",
                "from_url": "https:\/\/www.reddit.com\/r\/nosyntax\/",
                "service_icon": "https:\/\/www.redditstatic.com\/desktop2x\/img\/favicon\/apple-icon-57x57.png",
                "id": 1,
                "original_url": "https:\/\/www.reddit.com\/r\/nosyntax\/"
            },
            {
                "service_name": "reddit",
                "title": "reddit: the front page of the internet",
                "title_link": "https:\/\/www.reddit.com\/r\/nosyntax\/wiki",
                "text": "r\/nosyntax: Most of computer programming in the history of mankind has been done by editing text files. Does it have to be this way? Will it always be this way? Some think that the current state of things is suboptimal and are exploring new frontiers in how code is made.",
                "fallback": "reddit: reddit: the front page of the internet",
                "from_url": "https:\/\/www.reddit.com\/r\/nosyntax\/wiki",
                "service_icon": "https:\/\/www.redditstatic.com\/desktop2x\/img\/favicon\/apple-icon-57x57.png",
                "id": 2,
                "original_url": "https:\/\/www.reddit.com\/r\/nosyntax\/wiki"
            }
        ],
        "thread_ts": "1558513678.028200",
        "parent_user_id": "UJCQYPLMN",
        "reactions": [
            {
                "name": "+1",
                "users": [
                    "U79HM6726"
                ],
                "count": 1
            }
        ]
    },
    {
        "client_msg_id": "0e565942-5a41-411c-b989-d7d55862d7b3",
        "type": "message",
        "text": "<@UJN1TAYEQ> note that the subreddit focuses on projectional editing, while I’m very much in this camp not everyone over here agrees that this is the way to go.\nSo for a more general “future of programming” subreddit also see <https:\/\/www.reddit.com\/r\/futureofprogramming\/>",
        "user": "U79HM6726",
        "ts": "1559044899.030500",
        "attachments": [
            {
                "service_name": "reddit",
                "title": "r\/futureofprogramming",
                "title_link": "https:\/\/www.reddit.com\/r\/futureofprogramming\/",
                "text": "r\/futureofprogramming:",
                "fallback": "reddit: r\/futureofprogramming",
                "from_url": "https:\/\/www.reddit.com\/r\/futureofprogramming\/",
                "service_icon": "https:\/\/www.redditstatic.com\/desktop2x\/img\/favicon\/apple-icon-57x57.png",
                "id": 1,
                "original_url": "https:\/\/www.reddit.com\/r\/futureofprogramming\/"
            }
        ],
        "thread_ts": "1558513678.028200",
        "parent_user_id": "UJCQYPLMN"
    },
    {
        "type": "message",
        "subtype": "thread_broadcast",
        "text": "Another idea... Create a Github organization with multiple repos. Each repo has a wiki and a Gitter chat room. The Gitter feature list compares favourably to Slack; the entire history is archived and searchable.",
        "user": "UJN1TAYEQ",
        "ts": "1559048840.030800",
        "thread_ts": "1558513678.028200",
        "root": {
            "client_msg_id": "008024c2-8027-4be3-b348-fcf12d1831ff",
            "type": "message",
            "text": "Discourse is always a good option.",
            "user": "UJCQYPLMN",
            "ts": "1558513678.028200",
            "thread_ts": "1558513678.028200",
            "reply_count": 34,
            "reply_users_count": 8,
            "latest_reply": "1559375806.000600",
            "reply_users": [
                "UC2A2ARPT",
                "UFQQ3P867",
                "UJBAJNFLK",
                "UAVCC2X70",
                "UJK8MKYAZ",
                "UJN1TAYEQ",
                "U79HM6726",
                "U8A5MS6R1"
            ],
            "replies": [
                {
                    "user": "UC2A2ARPT",
                    "ts": "1558538893.028300"
                },
                {
                    "user": "UFQQ3P867",
                    "ts": "1558660675.030800"
                },
                {
                    "user": "UJBAJNFLK",
                    "ts": "1558964751.025500"
                },
                {
                    "user": "UC2A2ARPT",
                    "ts": "1558968195.026100"
                },
                {
                    "user": "UAVCC2X70",
                    "ts": "1558975253.026500"
                },
                {
                    "user": "UJK8MKYAZ",
                    "ts": "1558976014.026700"
                },
                {
                    "user": "UAVCC2X70",
                    "ts": "1558977489.026900"
                },
                {
                    "user": "UAVCC2X70",
                    "ts": "1558977848.027200"
                },
                {
                    "user": "UAVCC2X70",
                    "ts": "1558977909.027400"
                },
                {
                    "user": "UJN1TAYEQ",
                    "ts": "1558978936.027700"
                },
                {
                    "user": "UAVCC2X70",
                    "ts": "1558979316.027900"
                },
                {
                    "user": "UAVCC2X70",
                    "ts": "1558979323.028100"
                },
                {
                    "user": "UJK8MKYAZ",
                    "ts": "1558980886.028600"
                },
                {
                    "user": "UJK8MKYAZ",
                    "ts": "1558980961.028800"
                },
                {
                    "user": "UJK8MKYAZ",
                    "ts": "1558981003.029000"
                },
                {
                    "user": "UJK8MKYAZ",
                    "ts": "1558981115.029200"
                },
                {
                    "user": "UAVCC2X70",
                    "ts": "1558981507.029400"
                },
                {
                    "user": "UJN1TAYEQ",
                    "ts": "1559044748.030100"
                },
                {
                    "user": "U79HM6726",
                    "ts": "1559044899.030500"
                },
                {
                    "user": "UJN1TAYEQ",
                    "ts": "1559048840.030800"
                },
                {
                    "user": "UJBAJNFLK",
                    "ts": "1559060933.031400"
                },
                {
                    "user": "UAVCC2X70",
                    "ts": "1559074128.032000"
                },
                {
                    "user": "UJN1TAYEQ",
                    "ts": "1559079684.032600"
                },
                {
                    "user": "UC2A2ARPT",
                    "ts": "1559080255.032800"
                },
                {
                    "user": "UJN1TAYEQ",
                    "ts": "1559096161.033100"
                },
                {
                    "user": "UJN1TAYEQ",
                    "ts": "1559097452.033300"
                },
                {
                    "user": "UJN1TAYEQ",
                    "ts": "1559099803.033600"
                },
                {
                    "user": "UC2A2ARPT",
                    "ts": "1559104334.033800"
                },
                {
                    "user": "UC2A2ARPT",
                    "ts": "1559104394.034000"
                },
                {
                    "user": "UC2A2ARPT",
                    "ts": "1559104411.034300"
                },
                {
                    "user": "UC2A2ARPT",
                    "ts": "1559104435.034600"
                },
                {
                    "user": "UJN1TAYEQ",
                    "ts": "1559147003.034800"
                },
                {
                    "user": "U8A5MS6R1",
                    "ts": "1559172635.035000"
                },
                {
                    "user": "UFQQ3P867",
                    "ts": "1559375806.000600"
                }
            ]
        },
        "client_msg_id": "26a5c3f3-f9c3-40dc-ae67-5c4da6126b4d",
        "reactions": [
            {
                "name": "thinking_face",
                "users": [
                    "UAVCC2X70"
                ],
                "count": 1
            }
        ]
    },
    {
        "client_msg_id": "ab05c674-0644-47e6-b6e2-1158d92e8ce3",
        "type": "message",
        "text": "As for building our own stuff, I am a bit skeptic that anything will ever come out of it, other than a lengthy discussion of what the ideal system should be like. That's the eternal weakness of idealist groups. So... how about a compromise: start with something existing and workable and incrementally add to it. That would (1) ensure there is a working system at any time, (2) ensure that specific developments remain focused, and (3) create an excellent exercise for the real-life fact that every new technology requires a path for transitioning to it.\nAs an example, we could start from an existing Wiki-type system (which might be just GitHub) to accompany Slack, and then transition to a homebuilt discussion forum that better integrates with the Wiki.",
        "user": "UJBAJNFLK",
        "ts": "1559060933.031400",
        "thread_ts": "1558513678.028200",
        "parent_user_id": "UJCQYPLMN",
        "reactions": [
            {
                "name": "+1",
                "users": [
                    "UAVCC2X70",
                    "UFQQ3P867",
                    "UJUGB1XGD"
                ],
                "count": 3
            }
        ]
    },
    {
        "client_msg_id": "c4c8d928-4a24-4915-879e-57cacadc03eb",
        "type": "message",
        "text": "I like Doug &amp; Konrad's suggestions. Any counter-arguments or downsides?",
        "user": "UAVCC2X70",
        "ts": "1559074128.032000",
        "thread_ts": "1558513678.028200",
        "parent_user_id": "UJCQYPLMN"
    },
    {
        "client_msg_id": "34906208-b8be-4c0c-87be-e7aa649ea64e",
        "type": "message",
        "text": "Benefits of Gitter+Github:\n* single signon to git repos, wikis and chat rooms (using github credentials)\n* github flavoured markdown, with @user and #issue refs, available everywhere\n* chat archives are visible on internet without signon\n* full chat history is archived, searchable and visible\n* Gitter is owned by Gitlab, and is in the process of transitioning to Open Source. Once this is done and Gitter has a Gitlab integration, we could transition to a fully open source system, which could be self hosted and customized, but need not be.",
        "user": "UJN1TAYEQ",
        "ts": "1559079684.032600",
        "thread_ts": "1558513678.028200",
        "parent_user_id": "UJCQYPLMN"
    },
    {
        "client_msg_id": "8416a0d4-b5ef-4d5c-b974-6c474ab592d6",
        "type": "message",
        "text": "I like the idea of Github + Gitter. How does Gitter work with multiple repos? What would be required to follow _all_ the conversations across the community? What's nice about slack is that you can see immediately when there's a new post in a channel. (If only there were a way to more easily follow threads you haven't subscribed to)",
        "user": "UC2A2ARPT",
        "ts": "1559080255.032800",
        "thread_ts": "1558513678.028200",
        "parent_user_id": "UJCQYPLMN",
        "reactions": [
            {
                "name": "point_up",
                "users": [
                    "UJK8MKYAZ"
                ],
                "count": 1
            }
        ]
    },
    {
        "client_msg_id": "7ae8b2ac-e17c-478d-9cad-240d91e35ab6",
        "type": "message",
        "text": "Gitter doesn't support threads. I created <http:\/\/gitter.im\/future-of-programming|gitter.im\/future-of-programming> as a test. You can try it. But the UI isn't that great. So I'm looking for alternatives.",
        "user": "UJN1TAYEQ",
        "ts": "1559096161.033100",
        "thread_ts": "1558513678.028200",
        "parent_user_id": "UJCQYPLMN"
    },
    {
        "client_msg_id": "8ec42b26-67f2-4859-a694-d700a59e1280",
        "type": "message",
        "text": "<https:\/\/zulipchat.com\/> has a nice UI, better than Slack for organizing, following and catching up on conversations. It's open source. The free hosting option is limited to showing the last 10,000 messages, like Slack. Github integration is the ability to route github notifications into a Zulip topic.",
        "user": "UJN1TAYEQ",
        "ts": "1559097452.033300",
        "attachments": [
            {
                "service_name": "Zulip",
                "title": "The world's most productive team chat",
                "title_link": "https:\/\/zulipchat.com\/",
                "text": "Zulip combines the immediacy of real-time chat with an email threading model. With Zulip, you can catch up on important conversations while ignoring irrelevant ones.",
                "fallback": "Zulip: The world's most productive team chat",
                "thumb_url": "https:\/\/zulipchat.com\/static\/images\/logo\/zulip-icon-128x128.png",
                "from_url": "https:\/\/zulipchat.com\/",
                "thumb_width": 128,
                "thumb_height": 128,
                "id": 1,
                "original_url": "https:\/\/zulipchat.com\/"
            }
        ],
        "thread_ts": "1558513678.028200",
        "parent_user_id": "UJCQYPLMN"
    },
    {
        "client_msg_id": "46a6e6b1-97ce-4cf2-8bdc-2e256931dd8d",
        "type": "message",
        "text": "But, Zulip is very privacy and security focused. You must create a Zulip account before you can see messages. I see no way to make the message archive public and google-searchable.",
        "user": "UJN1TAYEQ",
        "ts": "1559099803.033600",
        "thread_ts": "1558513678.028200",
        "parent_user_id": "UJCQYPLMN"
    },
    {
        "client_msg_id": "9d9d4c42-c0b6-4a4a-a914-9a96e0062130",
        "type": "message",
        "text": "Steve also evaluated Zulip and found it lacking, IIRC.",
        "user": "UC2A2ARPT",
        "ts": "1559104334.033800",
        "thread_ts": "1558513678.028200",
        "parent_user_id": "UJCQYPLMN"
    },
    {
        "client_msg_id": "2cc609ed-c290-4550-812f-e0fb03c93736",
        "type": "message",
        "text": "<https:\/\/futureofcoding.slack.com\/archives\/C5T9GPWFL\/p1552387039297300?thread_ts=1552233851.253900&amp;cid=C5T9GPWFL>",
        "user": "UC2A2ARPT",
        "ts": "1559104394.034000",
        "attachments": [
            {
                "from_url": "https:\/\/futureofcoding.slack.com\/archives\/C5T9GPWFL\/p1552387039297300?thread_ts=1552233851.253900&amp;cid=C5T9GPWFL",
                "fallback": "[March 12th, 2019 3:37 AM] stevekrouse: I set up <http:\/\/futureofcoding.zulipchat.com|futureofcoding.zulipchat.com> and you can login by resetting your password. Some of us tried it out (I don't know if you were one of us) but I didn't love it. The threads are nicer but the rest of the UI is a bit awkward. It's not clear to me either way",
                "ts": "1552387039.297300",
                "author_id": "U5TCAFTD3",
                "author_subname": "Steve Krouse",
                "channel_id": "C5T9GPWFL",
                "channel_name": "general",
                "is_msg_unfurl": true,
                "is_reply_unfurl": true,
                "text": "I set up <http:\/\/futureofcoding.zulipchat.com|futureofcoding.zulipchat.com> and you can login by resetting your password. Some of us tried it out (I don't know if you were one of us) but I didn't love it. The threads are nicer but the rest of the UI is a bit awkward. It's not clear to me either way",
                "author_name": "Steve Krouse",
                "author_link": "https:\/\/futureofcoding.slack.com\/team\/U5TCAFTD3",
                "author_icon": "https:\/\/avatars.slack-edge.com\/2018-09-11\/433781465829_7c31dc735c6c1257fe1f_48.jpg",
                "mrkdwn_in": [
                    "text"
                ],
                "id": 1,
                "original_url": "https:\/\/futureofcoding.slack.com\/archives\/C5T9GPWFL\/p1552387039297300?thread_ts=1552233851.253900&amp;cid=C5T9GPWFL",
                "footer": "From a thread in #general"
            }
        ],
        "thread_ts": "1558513678.028200",
        "parent_user_id": "UJCQYPLMN"
    },
    {
        "client_msg_id": "4c4a053a-05b0-47b0-a190-b2f77903f172",
        "type": "message",
        "text": "<https:\/\/futureofcoding.slack.com\/archives\/C5T9GPWFL\/p1544809409305500?thread_ts=1544705856.264300&amp;cid=C5T9GPWFL>",
        "user": "UC2A2ARPT",
        "ts": "1559104411.034300",
        "attachments": [
            {
                "from_url": "https:\/\/futureofcoding.slack.com\/archives\/C5T9GPWFL\/p1544809409305500?thread_ts=1544705856.264300&amp;cid=C5T9GPWFL",
                "fallback": "[December 14th, 2018 9:43 AM] ibdknox: I found zulip even more distracting than slack",
                "ts": "1544809409.305500",
                "author_id": "UEBG0NPDK",
                "author_subname": "Chris Granger",
                "channel_id": "C5T9GPWFL",
                "channel_name": "general",
                "is_msg_unfurl": true,
                "is_reply_unfurl": true,
                "text": "I found zulip even more distracting than slack",
                "author_name": "Chris Granger",
                "author_link": "https:\/\/futureofcoding.slack.com\/team\/UEBG0NPDK",
                "author_icon": "https:\/\/avatars.slack-edge.com\/2018-11-25\/487455880658_9e85c7bdd45b1d2d4721_48.jpg",
                "mrkdwn_in": [
                    "text"
                ],
                "id": 1,
                "original_url": "https:\/\/futureofcoding.slack.com\/archives\/C5T9GPWFL\/p1544809409305500?thread_ts=1544705856.264300&amp;cid=C5T9GPWFL",
                "footer": "From a thread in #general"
            }
        ],
        "thread_ts": "1558513678.028200",
        "parent_user_id": "UJCQYPLMN"
    },
    {
        "client_msg_id": "16e8eb5d-5af3-4646-bcb1-7751a9791865",
        "type": "message",
        "text": "(Etc — other findings are available by searching Slack.)",
        "user": "UC2A2ARPT",
        "ts": "1559104435.034600",
        "thread_ts": "1558513678.028200",
        "parent_user_id": "UJCQYPLMN"
    }
]