[
    {
        "client_msg_id": "008024c2-8027-4be3-b348-fcf12d1831ff",
        "type": "message",
        "text": "Discourse is always a good option.",
        "user": "UJCQYPLMN",
        "ts": "1558513678.028200",
        "thread_ts": "1558513678.028200",
        "reply_count": 34,
        "reply_users_count": 8,
        "latest_reply": "1559375806.000600",
        "reply_users": [
            "UC2A2ARPT",
            "UFQQ3P867",
            "UJBAJNFLK",
            "UAVCC2X70",
            "UJK8MKYAZ",
            "UJN1TAYEQ",
            "U79HM6726",
            "U8A5MS6R1"
        ],
        "replies": [
            {
                "user": "UC2A2ARPT",
                "ts": "1558538893.028300"
            },
            {
                "user": "UFQQ3P867",
                "ts": "1558660675.030800"
            },
            {
                "user": "UJBAJNFLK",
                "ts": "1558964751.025500"
            },
            {
                "user": "UC2A2ARPT",
                "ts": "1558968195.026100"
            },
            {
                "user": "UAVCC2X70",
                "ts": "1558975253.026500"
            },
            {
                "user": "UJK8MKYAZ",
                "ts": "1558976014.026700"
            },
            {
                "user": "UAVCC2X70",
                "ts": "1558977489.026900"
            },
            {
                "user": "UAVCC2X70",
                "ts": "1558977848.027200"
            },
            {
                "user": "UAVCC2X70",
                "ts": "1558977909.027400"
            },
            {
                "user": "UJN1TAYEQ",
                "ts": "1558978936.027700"
            },
            {
                "user": "UAVCC2X70",
                "ts": "1558979316.027900"
            },
            {
                "user": "UAVCC2X70",
                "ts": "1558979323.028100"
            },
            {
                "user": "UJK8MKYAZ",
                "ts": "1558980886.028600"
            },
            {
                "user": "UJK8MKYAZ",
                "ts": "1558980961.028800"
            },
            {
                "user": "UJK8MKYAZ",
                "ts": "1558981003.029000"
            },
            {
                "user": "UJK8MKYAZ",
                "ts": "1558981115.029200"
            },
            {
                "user": "UAVCC2X70",
                "ts": "1558981507.029400"
            },
            {
                "user": "UJN1TAYEQ",
                "ts": "1559044748.030100"
            },
            {
                "user": "U79HM6726",
                "ts": "1559044899.030500"
            },
            {
                "user": "UJN1TAYEQ",
                "ts": "1559048840.030800"
            },
            {
                "user": "UJBAJNFLK",
                "ts": "1559060933.031400"
            },
            {
                "user": "UAVCC2X70",
                "ts": "1559074128.032000"
            },
            {
                "user": "UJN1TAYEQ",
                "ts": "1559079684.032600"
            },
            {
                "user": "UC2A2ARPT",
                "ts": "1559080255.032800"
            },
            {
                "user": "UJN1TAYEQ",
                "ts": "1559096161.033100"
            },
            {
                "user": "UJN1TAYEQ",
                "ts": "1559097452.033300"
            },
            {
                "user": "UJN1TAYEQ",
                "ts": "1559099803.033600"
            },
            {
                "user": "UC2A2ARPT",
                "ts": "1559104334.033800"
            },
            {
                "user": "UC2A2ARPT",
                "ts": "1559104394.034000"
            },
            {
                "user": "UC2A2ARPT",
                "ts": "1559104411.034300"
            },
            {
                "user": "UC2A2ARPT",
                "ts": "1559104435.034600"
            },
            {
                "user": "UJN1TAYEQ",
                "ts": "1559147003.034800"
            },
            {
                "user": "U8A5MS6R1",
                "ts": "1559172635.035000"
            },
            {
                "user": "UFQQ3P867",
                "ts": "1559375806.000600"
            }
        ]
    },
    {
        "client_msg_id": "8c0fa3c2-1f85-49fc-9381-6db7a1c0fafe",
        "type": "message",
        "text": "Personally, I prefer Slack to Discourse. Can't please everyone, sigh.",
        "user": "UC2A2ARPT",
        "ts": "1558538893.028300",
        "edited": {
            "user": "UC2A2ARPT",
            "ts": "1558538901.000000"
        },
        "thread_ts": "1558513678.028200",
        "parent_user_id": "UJCQYPLMN"
    }
]