[
    {
        "client_msg_id": "daeece31-14ff-4fc4-b9c2-299dbeb73eea",
        "type": "message",
        "text": "* Coda, Afterclass, Notion, etc..",
        "user": "UE6EFEPTQ",
        "ts": "1552305805.011100"
    },
    {
        "client_msg_id": "4a259acf-2435-44e6-a822-3164d01af0b6",
        "type": "message",
        "text": "<@U5TCAFTD3> I can't get the interview with Jonathan Edwards to play (Chrome\/Linux) - any tips? It goes into a sound waveform shape the first time I push the \"▷\" button, but doesn't play.",
        "user": "UE6EFEPTQ",
        "ts": "1552345030.013000"
    },
    {
        "client_msg_id": "1ec6ff44-4bee-49a2-b27c-929fc458d077",
        "type": "message",
        "text": "Ah! Ah! found out why. I have the \"Disable HTML5 Autoplay\" extension installed",
        "user": "UE6EFEPTQ",
        "ts": "1552345111.013500",
        "edited": {
            "user": "UE6EFEPTQ",
            "ts": "1552345193.000000"
        }
    },
    {
        "client_msg_id": "841313df-b74d-4f9e-8b9b-4c0d32890279",
        "type": "message",
        "text": "even though this isn't 'autoplay'",
        "user": "UE6EFEPTQ",
        "ts": "1552345126.013800",
        "edited": {
            "user": "UE6EFEPTQ",
            "ts": "1552345834.000000"
        }
    },
    {
        "client_msg_id": "2ecc7061-e176-4c59-87e6-f7a3fa5fb93a",
        "type": "message",
        "text": "and works on everything else, everywhere, apart from here",
        "user": "UE6EFEPTQ",
        "ts": "1552345143.014100"
    },
    {
        "client_msg_id": "6fd46da6-7b9f-46f8-b1c5-f14725d669cd",
        "type": "message",
        "text": ":smile:",
        "user": "UE6EFEPTQ",
        "ts": "1552345853.014600"
    }
]