[
    {
        "client_msg_id": "126467e6-0958-49fc-b710-30b4b753702f",
        "type": "message",
        "text": "Found another platform <https:\/\/rocket.chat\/>",
        "user": "U5TCAFTD3",
        "ts": "1558620928.029300",
        "edited": {
            "user": "U5TCAFTD3",
            "ts": "1558620932.000000"
        },
        "thread_ts": "1558477491.027200",
        "parent_user_id": "U5TCAFTD3"
    },
    {
        "client_msg_id": "6f165b91-fd48-4c8d-a996-efaeb198e7f3",
        "type": "message",
        "text": "A lot of the conversations here are very threaded and noisy, so I +1 Discourse (or maybe Spectrum)",
        "user": "UFQQ3P867",
        "ts": "1558660675.030800",
        "thread_ts": "1558513678.028200",
        "parent_user_id": "UJCQYPLMN"
    }
]