[
    {
        "client_msg_id": "371cbaea-f6ca-4137-ae82-b8a852de3eb4",
        "type": "message",
        "text": "a chat platform to consider: <https:\/\/spectrum.chat>",
        "user": "UBN9AFS0N",
        "ts": "1547493818.025300",
        "attachments": [
            {
                "title": "Spectrum",
                "title_link": "https:\/\/spectrum.chat\/",
                "text": "The community platform for the future.",
                "fallback": "Spectrum",
                "thumb_url": "https:\/\/spectrum.chat\/img\/apple-icon-144x144-precomposed.png",
                "from_url": "https:\/\/spectrum.chat\/",
                "thumb_width": 144,
                "thumb_height": 144,
                "service_icon": "https:\/\/spectrum.chat\/img\/apple-icon-57x57-precomposed.png",
                "service_name": "spectrum.chat",
                "id": 1,
                "original_url": "https:\/\/spectrum.chat"
            }
        ],
        "reactions": [
            {
                "name": "star",
                "users": [
                    "UCGAK10LS"
                ],
                "count": 1
            }
        ]
    },
    {
        "client_msg_id": "1b8e7295-5b3f-4369-87f5-62ff6a070f1d",
        "type": "message",
        "text": "\"Conversations and communities on Spectrum are public, permalinked, and search engine optimized by default which makes it easy for new members to find and join your community.\"",
        "user": "UBN9AFS0N",
        "ts": "1547493829.025600"
    },
    {
        "client_msg_id": "e53e8c0b-a8a3-40e7-b0d8-1766076a545b",
        "type": "message",
        "text": "Unlimited chat\nUnlimited members\nSearch-indexed threads",
        "user": "UBN9AFS0N",
        "ts": "1547493882.025800"
    },
    {
        "client_msg_id": "892356ef-a4d5-4eb0-8663-85f910d4faa3",
        "type": "message",
        "text": "Public community\nSecure, private channels",
        "user": "UBN9AFS0N",
        "ts": "1547493891.026000"
    },
    {
        "client_msg_id": "bf0bd708-ac5a-48f3-95f6-e016fb0e0aa8",
        "type": "message",
        "text": "they may keep around since they were recently acquired by github <https:\/\/twitter.com\/withspectrum\/status\/1068551164017311744>",
        "user": "UBN9AFS0N",
        "ts": "1547493942.026500",
        "attachments": [
            {
                "fallback": "<https:\/\/twitter.com\/withspectrum|@withspectrum>: We couldn’t be more excited to announce today that Spectrum is joining <https:\/\/twitter.com\/github|@github>!\n\n<https:\/\/spectrum.chat\/?t=1d3eb8ee-4c99-46c0-8daf-ca35a96be6ce> <https:\/\/pbs.twimg.com\/media\/DtRBksGV4AAaYd0.jpg>",
                "ts": 1543597424,
                "author_name": "Spectrum",
                "author_link": "https:\/\/twitter.com\/withspectrum\/status\/1068551164017311744",
                "author_icon": "https:\/\/pbs.twimg.com\/profile_images\/849808190883545088\/7i_PsjME_normal.jpg",
                "author_subname": "@withspectrum",
                "text": "We couldn’t be more excited to announce today that Spectrum is joining <https:\/\/twitter.com\/github|@github>!\n\n<https:\/\/spectrum.chat\/?t=1d3eb8ee-4c99-46c0-8daf-ca35a96be6ce> <https:\/\/pbs.twimg.com\/media\/DtRBksGV4AAaYd0.jpg>",
                "service_name": "twitter",
                "service_url": "https:\/\/twitter.com\/",
                "from_url": "https:\/\/twitter.com\/withspectrum\/status\/1068551164017311744",
                "image_url": "https:\/\/pbs.twimg.com\/media\/DtRBksGV4AAaYd0.jpg",
                "image_width": 1200,
                "image_height": 630,
                "image_bytes": 23339,
                "id": 1,
                "original_url": "https:\/\/twitter.com\/withspectrum\/status\/1068551164017311744",
                "footer": "Twitter",
                "footer_icon": "https:\/\/a.slack-edge.com\/6e067\/img\/services\/twitter_pixel_snapped_32.png"
            }
        ]
    },
    {
        "client_msg_id": "aeb35eeb-659a-4012-8006-c958740af1c2",
        "type": "message",
        "text": "Thanks for the suggestion! I've used it before. I agree it's better than slack but not that much better so I don't think it's worth the switching cost right now. I'm holding out hope to find something with all those features and a threading model that makes sense. ",
        "user": "U5TCAFTD3",
        "ts": "1547535479.029100"
    }
]