[
    {
        "client_msg_id": "55ce59dd-ad95-4de4-9935-a41e25822348",
        "type": "message",
        "text": "How about we post VR stuff in <#C5T9GPWFL|general> for now until it gets overloaded?",
        "user": "U5TCAFTD3",
        "ts": "1559470874.003900",
        "thread_ts": "1559418492.002200",
        "parent_user_id": "UJG7QQQJW",
        "reactions": [
            {
                "name": "+1",
                "users": [
                    "UC2A2ARPT",
                    "U7C7B75R6"
                ],
                "count": 2
            }
        ]
    }
]