[
    {
        "client_msg_id": "a04e9976-9884-426d-94d5-151d475249fd",
        "type": "message",
        "text": "<@U5TCAFTD3> may I ask you to export content as an archive?",
        "user": "UCKRZS3DZ",
        "ts": "1557338926.007800",
        "edited": {
            "user": "UCKRZS3DZ",
            "ts": "1557338973.000000"
        },
        "thread_ts": "1556739445.004300",
        "parent_user_id": "U5TCAFTD3"
    },
    {
        "client_msg_id": "13386770-e52c-44c5-a1c9-d13f85ef7bae",
        "type": "message",
        "text": "Sure! When I get back to my computer... What's it for?",
        "user": "U5TCAFTD3",
        "ts": "1557364143.008100",
        "thread_ts": "1556739445.004300",
        "parent_user_id": "U5TCAFTD3"
    }
]