[
    {
        "client_msg_id": "c55f5c86-f43a-4305-8227-da716ad8b280",
        "type": "message",
        "text": "For all my Zulip volunteers, now is the time to try it out! Go to <https:\/\/futureofcoding.zulipchat.com\/login\/> and reset your password and then login",
        "user": "U5TCAFTD3",
        "ts": "1551687884.000600",
        "attachments": [
            {
                "service_name": "Zulip",
                "title": "The world's most productive team chat",
                "title_link": "https:\/\/futureofcoding.zulipchat.com\/login\/",
                "text": "Zulip combines the immediacy of real-time chat with an email threading model. With Zulip, you can catch up on important conversations while ignoring irrelevant ones.",
                "fallback": "Zulip: The world's most productive team chat",
                "thumb_url": "https:\/\/futureofcoding.zulipchat.com\/static\/images\/logo\/zulip-icon-128x128.png",
                "from_url": "https:\/\/futureofcoding.zulipchat.com\/login\/",
                "thumb_width": 128,
                "thumb_height": 128,
                "id": 1,
                "original_url": "https:\/\/futureofcoding.zulipchat.com\/login\/"
            }
        ],
        "thread_ts": "1550336484.003200",
        "parent_user_id": "U5TCAFTD3"
    },
    {
        "client_msg_id": "5b84144b-f94b-4e40-914b-c050fb84c651",
        "type": "message",
        "text": "<@UDJ2TKB99> <@UEZTBTNJC> <@U8A5MS6R1> <@UFW3LB2KA> <@UA14TGLTC> <@UF2GNRUTV> ",
        "user": "U5TCAFTD3",
        "ts": "1551687974.000900",
        "thread_ts": "1550336484.003200",
        "parent_user_id": "U5TCAFTD3"
    },
    {
        "client_msg_id": "a878e54e-20e5-477c-b165-b9bc49578fcd",
        "type": "message",
        "text": "Warning: the import of data is mediocre. It brought over all past data as a single thread. So don't reply to that thread. Start new ones",
        "user": "U5TCAFTD3",
        "ts": "1551688036.001100",
        "thread_ts": "1550336484.003200",
        "parent_user_id": "U5TCAFTD3"
    },
    {
        "client_msg_id": "D8528BB6-89ED-41FE-B676-D2E7AD305CBB",
        "type": "message",
        "text": "If you find good ways to access Zulip from mobile devices, please share here.",
        "user": "U5STGTB3J",
        "ts": "1551689036.002200",
        "thread_ts": "1550336484.003200",
        "parent_user_id": "U5TCAFTD3"
    },
    {
        "client_msg_id": "20c0bc6e-9bc6-4085-8deb-dcaff3bcdf62",
        "type": "message",
        "text": "The mobile web app worked well for me",
        "user": "U5TCAFTD3",
        "ts": "1551690770.002400",
        "thread_ts": "1550336484.003200",
        "parent_user_id": "U5TCAFTD3"
    },
    {
        "client_msg_id": "910057eb-ba71-4c80-ad2e-5ef5f3b466c6",
        "type": "message",
        "text": "what do I do once I've jumped that link?",
        "user": "UE6EFEPTQ",
        "ts": "1551694297.002600",
        "thread_ts": "1550336484.003200",
        "parent_user_id": "U5TCAFTD3"
    },
    {
        "client_msg_id": "03547812-3a5a-4638-b520-b3bfbd470340",
        "type": "message",
        "text": "<@U5TCAFTD3> ^^",
        "user": "UE6EFEPTQ",
        "ts": "1551694314.002800",
        "thread_ts": "1550336484.003200",
        "parent_user_id": "U5TCAFTD3"
    },
    {
        "client_msg_id": "a3198803-0d94-453d-ba16-b98be1898694",
        "type": "message",
        "text": "Reset your password",
        "user": "U5TCAFTD3",
        "ts": "1551694349.003000",
        "thread_ts": "1550336484.003200",
        "parent_user_id": "U5TCAFTD3"
    },
    {
        "client_msg_id": "2e464cd4-6555-4362-82ec-ba25828d8992",
        "type": "message",
        "text": "you already said that :smile:",
        "user": "UE6EFEPTQ",
        "ts": "1551694616.003200",
        "thread_ts": "1550336484.003200",
        "parent_user_id": "U5TCAFTD3"
    },
    {
        "client_msg_id": "fdc05718-cfc4-448a-a314-21be6a340521",
        "type": "message",
        "text": "so you're wondering what to do once logged in?",
        "user": "U5TCAFTD3",
        "ts": "1551694647.003400",
        "thread_ts": "1550336484.003200",
        "parent_user_id": "U5TCAFTD3"
    },
    {
        "client_msg_id": "ea12fd4c-ce12-4a4e-b89a-0a1ff0354285",
        "type": "message",
        "text": "&gt; Please enter a correct email and password. Note that both fields may be case-sensitive.",
        "user": "UE6EFEPTQ",
        "ts": "1551694649.003600",
        "thread_ts": "1550336484.003200",
        "parent_user_id": "U5TCAFTD3"
    },
    {
        "client_msg_id": "58faaaac-b02d-4c06-8314-6a1cc16120c7",
        "type": "message",
        "text": "<https:\/\/futureofcoding.zulipchat.com\/accounts\/password\/reset\/>",
        "user": "U5TCAFTD3",
        "ts": "1551694709.003800",
        "attachments": [
            {
                "service_name": "Zulip",
                "title": "The world's most productive team chat",
                "title_link": "https:\/\/futureofcoding.zulipchat.com\/accounts\/password\/reset\/",
                "text": "Zulip combines the immediacy of real-time chat with an email threading model. With Zulip, you can catch up on important conversations while ignoring irrelevant ones.",
                "fallback": "Zulip: The world's most productive team chat",
                "thumb_url": "https:\/\/futureofcoding.zulipchat.com\/static\/images\/logo\/zulip-icon-128x128.png",
                "from_url": "https:\/\/futureofcoding.zulipchat.com\/accounts\/password\/reset\/",
                "thumb_width": 128,
                "thumb_height": 128,
                "id": 1,
                "original_url": "https:\/\/futureofcoding.zulipchat.com\/accounts\/password\/reset\/"
            }
        ],
        "thread_ts": "1550336484.003200",
        "parent_user_id": "U5TCAFTD3"
    },
    {
        "type": "message",
        "text": "",
        "files": [
            {
                "id": "FGME9537S",
                "created": 1551694710,
                "timestamp": 1551694710,
                "name": "Screenshot from 2019-03-04 10-18-06.png",
                "title": "Screenshot from 2019-03-04 10-18-06.png",
                "mimetype": "image\/png",
                "filetype": "png",
                "pretty_type": "PNG",
                "user": "UE6EFEPTQ",
                "editable": false,
                "size": 85730,
                "mode": "hosted",
                "is_external": false,
                "external_type": "",
                "is_public": true,
                "public_url_shared": false,
                "display_as_bot": false,
                "username": "",
                "url_private": "https:\/\/files.slack.com\/files-pri\/T5TCAFTA9-FGME9537S\/screenshot_from_2019-03-04_10-18-06.png?t=xoxe-197418537349-653683177169-653683177233-23343e578426a323e5fb905bbe2173fe",
                "url_private_download": "https:\/\/files.slack.com\/files-pri\/T5TCAFTA9-FGME9537S\/download\/screenshot_from_2019-03-04_10-18-06.png?t=xoxe-197418537349-653683177169-653683177233-23343e578426a323e5fb905bbe2173fe",
                "thumb_64": "https:\/\/files.slack.com\/files-tmb\/T5TCAFTA9-FGME9537S-6f894f2f7a\/screenshot_from_2019-03-04_10-18-06_64.png?t=xoxe-197418537349-653683177169-653683177233-23343e578426a323e5fb905bbe2173fe",
                "thumb_80": "https:\/\/files.slack.com\/files-tmb\/T5TCAFTA9-FGME9537S-6f894f2f7a\/screenshot_from_2019-03-04_10-18-06_80.png?t=xoxe-197418537349-653683177169-653683177233-23343e578426a323e5fb905bbe2173fe",
                "thumb_360": "https:\/\/files.slack.com\/files-tmb\/T5TCAFTA9-FGME9537S-6f894f2f7a\/screenshot_from_2019-03-04_10-18-06_360.png?t=xoxe-197418537349-653683177169-653683177233-23343e578426a323e5fb905bbe2173fe",
                "thumb_360_w": 360,
                "thumb_360_h": 231,
                "thumb_480": "https:\/\/files.slack.com\/files-tmb\/T5TCAFTA9-FGME9537S-6f894f2f7a\/screenshot_from_2019-03-04_10-18-06_480.png?t=xoxe-197418537349-653683177169-653683177233-23343e578426a323e5fb905bbe2173fe",
                "thumb_480_w": 480,
                "thumb_480_h": 309,
                "thumb_160": "https:\/\/files.slack.com\/files-tmb\/T5TCAFTA9-FGME9537S-6f894f2f7a\/screenshot_from_2019-03-04_10-18-06_160.png?t=xoxe-197418537349-653683177169-653683177233-23343e578426a323e5fb905bbe2173fe",
                "thumb_720": "https:\/\/files.slack.com\/files-tmb\/T5TCAFTA9-FGME9537S-6f894f2f7a\/screenshot_from_2019-03-04_10-18-06_720.png?t=xoxe-197418537349-653683177169-653683177233-23343e578426a323e5fb905bbe2173fe",
                "thumb_720_w": 720,
                "thumb_720_h": 463,
                "thumb_800": "https:\/\/files.slack.com\/files-tmb\/T5TCAFTA9-FGME9537S-6f894f2f7a\/screenshot_from_2019-03-04_10-18-06_800.png?t=xoxe-197418537349-653683177169-653683177233-23343e578426a323e5fb905bbe2173fe",
                "thumb_800_w": 800,
                "thumb_800_h": 514,
                "thumb_960": "https:\/\/files.slack.com\/files-tmb\/T5TCAFTA9-FGME9537S-6f894f2f7a\/screenshot_from_2019-03-04_10-18-06_960.png?t=xoxe-197418537349-653683177169-653683177233-23343e578426a323e5fb905bbe2173fe",
                "thumb_960_w": 960,
                "thumb_960_h": 617,
                "thumb_1024": "https:\/\/files.slack.com\/files-tmb\/T5TCAFTA9-FGME9537S-6f894f2f7a\/screenshot_from_2019-03-04_10-18-06_1024.png?t=xoxe-197418537349-653683177169-653683177233-23343e578426a323e5fb905bbe2173fe",
                "thumb_1024_w": 1024,
                "thumb_1024_h": 658,
                "image_exif_rotation": 1,
                "original_w": 1131,
                "original_h": 727,
                "permalink": "https:\/\/futureofcoding.slack.com\/files\/UE6EFEPTQ\/FGME9537S\/screenshot_from_2019-03-04_10-18-06.png",
                "permalink_public": "https:\/\/slack-files.com\/T5TCAFTA9-FGME9537S-8f365abb39",
                "has_rich_preview": false
            }
        ],
        "upload": true,
        "user": "UE6EFEPTQ",
        "display_as_bot": false,
        "ts": "1551694714.004100",
        "thread_ts": "1550336484.003200",
        "parent_user_id": "U5TCAFTD3"
    }
]