[
    {
        "client_msg_id": "89ddc397-2a91-42c9-b86d-328c53bde51f",
        "type": "message",
        "text": ".. _I_ can!",
        "user": "UE6EFEPTQ",
        "ts": "1550395013.007800",
        "edited": {
            "user": "UE6EFEPTQ",
            "ts": "1550395039.000000"
        },
        "thread_ts": "1550336484.003200",
        "parent_user_id": "U5TCAFTD3",
        "reactions": [
            {
                "name": "clap",
                "users": [
                    "UA14TGLTC"
                ],
                "count": 1
            }
        ]
    },
    {
        "client_msg_id": "d6126062-db6e-4b25-99e4-6f6c77b8b616",
        "type": "message",
        "text": "count me in. I've moved a side project from slack to twist and loved the added threading. this is the first I've heard of zulip. +1 open source",
        "user": "UF2GNRUTV",
        "ts": "1550430211.008300",
        "thread_ts": "1550336484.003200",
        "parent_user_id": "U5TCAFTD3"
    }
]