[
    {
        "client_msg_id": "1b9d6bd0-496d-4f44-a4a5-73716856045d",
        "type": "message",
        "text": "Thanks for archive!",
        "user": "UCKRZS3DZ",
        "ts": "1557515470.010400",
        "thread_ts": "1556739445.004300",
        "parent_user_id": "U5TCAFTD3"
    },
    {
        "client_msg_id": "c8c2b999-c6aa-4bf8-9780-10f72dc9a6e0",
        "type": "message",
        "text": "Sounds like we need Xanadu. :slightly_smiling_face:",
        "user": "UJ80B1B5H",
        "ts": "1557519781.010800",
        "thread_ts": "1554230711.004300",
        "parent_user_id": "UE6EFEPTQ",
        "reactions": [
            {
                "name": "smirk",
                "users": [
                    "UAVCC2X70",
                    "UA14TGLTC",
                    "U8A5MS6R1"
                ],
                "count": 3
            }
        ]
    },
    {
        "client_msg_id": "bbd04b85-c230-47ba-88f7-63f6adbe8273",
        "type": "message",
        "text": "I'll just have to make such a tool some day, both to have it and to explain what I'm envisioning :P",
        "user": "UAVCC2X70",
        "ts": "1557521748.011200",
        "thread_ts": "1554230711.004300",
        "parent_user_id": "UE6EFEPTQ",
        "reactions": [
            {
                "name": "heart",
                "users": [
                    "U8A5MS6R1"
                ],
                "count": 1
            }
        ]
    }
]