[
    {
        "client_msg_id": "273633cf-3980-4166-b5e5-0bebc1a55ebb",
        "type": "message",
        "text": "This is a good criticism of Slack",
        "user": "U5TCAFTD3",
        "ts": "1558016656.017000",
        "thread_ts": "1557929091.016100",
        "parent_user_id": "UJBAJNFLK"
    },
    {
        "client_msg_id": "930bf738-7dc4-4203-bc89-271e5fb3e145",
        "type": "message",
        "text": "I’m actually working (extremely slowly) on a tool for this at least personally",
        "user": "UHWC9PXBL",
        "ts": "1558042303.017400",
        "thread_ts": "1557929091.016100",
        "parent_user_id": "UJBAJNFLK"
    },
    {
        "client_msg_id": "fa82bba9-7b62-477b-b95f-e15de718a74c",
        "type": "message",
        "text": "<https:\/\/www.usechomp.com\/> here’s the dumb marketing page to gauge interest",
        "user": "UHWC9PXBL",
        "ts": "1558042335.017600",
        "attachments": [
            {
                "title": "Chomp | Eat the web.",
                "title_link": "https:\/\/www.usechomp.com\/",
                "text": "An app designed to help power users eat the web.",
                "fallback": "Chomp | Eat the web.",
                "image_url": "https:\/\/www.usechomp.com\/meta.png",
                "from_url": "https:\/\/www.usechomp.com\/",
                "image_width": 250,
                "image_height": 250,
                "image_bytes": 214677,
                "service_icon": "https:\/\/www.usechomp.com\/favicon.png",
                "service_name": "usechomp.com",
                "id": 1,
                "original_url": "https:\/\/www.usechomp.com\/"
            }
        ],
        "thread_ts": "1557929091.016100",
        "parent_user_id": "UJBAJNFLK"
    },
    {
        "client_msg_id": "4500a9b7-5663-4b36-a94d-9ce4e8e96efd",
        "type": "message",
        "text": "but the idea is basically to use transclusion a-la xanadu to give everyone a google-style backlinks interface to stuff they’re researching",
        "user": "UHWC9PXBL",
        "ts": "1558042362.017900",
        "thread_ts": "1557929091.016100",
        "parent_user_id": "UJBAJNFLK"
    }
]