[
    {
        "client_msg_id": "7878b950-8fb8-461b-8ccc-2251a3020d47",
        "type": "message",
        "text": "<@U5TCAFTD3>\n\nJust to add another voice to this but I feel there is much more to lose than switching costs!\n\nSlack is good for essentially ephemeral reaction within a 24 hour window but FoC topics desperately want to be thoughtful threads that  can last months and for old topics to be bumped as new research emerges.",
        "user": "UFD2JRE58",
        "ts": "1549453907.033600",
        "reactions": [
            {
                "name": "+1",
                "users": [
                    "UCKRZS3DZ",
                    "UE6EFEPTQ",
                    "U5TCAFTD3",
                    "UC2A2ARPT",
                    "UA14TGLTC"
                ],
                "count": 5
            }
        ]
    },
    {
        "client_msg_id": "ccdd68f3-7cfb-4d38-ac5a-329cd23e5c1c",
        "type": "message",
        "text": "yup .. I believe that those threads people start don't show up as 'new' or 'unread' when people add to them, unless you've replied yourself? (the fact that I don't know gives some idea of how opaque I'm finding it)",
        "user": "UE6EFEPTQ",
        "ts": "1549455211.035200"
    },
    {
        "client_msg_id": "d7b2f7dd-6736-4f4d-b354-7b6f40a3ee6e",
        "type": "message",
        "text": "how about we start lots of Channels? One for each of the fine-grained themes that re-occur here? e.g.:\n- better IDEs for techies\n- declarative vs imperative\n- state vs pure\/monads\n- spreadsheet derivatives\n- history of programming",
        "user": "UE6EFEPTQ",
        "ts": "1549455321.037600",
        "thread_ts": "1549455321.037600",
        "reply_count": 1,
        "reply_users_count": 1,
        "latest_reply": "1549456032.042900",
        "reply_users": [
            "UCKRZS3DZ"
        ],
        "replies": [
            {
                "user": "UCKRZS3DZ",
                "ts": "1549456032.042900"
            }
        ]
    },
    {
        "client_msg_id": "34f80392-d1be-4a25-ad1c-66ae16259a3b",
        "type": "message",
        "text": "and NO side threads!",
        "user": "UE6EFEPTQ",
        "ts": "1549455330.037800"
    },
    {
        "client_msg_id": "5109F0D4-4FD6-40DC-8111-DB4E1F70F173",
        "type": "message",
        "text": "<@UE6EFEPTQ> You’re right. You’d either have to reply to a thread, or use the “Follow Message\/Thread” feature to subscribe (it’s under the three dots button). But then you’d have to hope that everybody replies in-thread.",
        "user": "U5STGTB3J",
        "ts": "1549455476.040100"
    },
    {
        "client_msg_id": "D54841A5-F116-4DF6-A65A-BB4544A57D0A",
        "type": "message",
        "text": "On the other hand, if you’re also subscribed to the channel, you’ll get new top-level messages anyway.",
        "user": "U5STGTB3J",
        "ts": "1549455548.040900"
    },
    {
        "client_msg_id": "a134299e-9ae1-41c0-887d-ec1de27d81e5",
        "type": "message",
        "text": "ah .. thx for the follow thread tip!",
        "user": "UE6EFEPTQ",
        "ts": "1549455736.041400"
    },
    {
        "client_msg_id": "9a156562-f21e-45b0-b67a-4714e76e67d0",
        "type": "message",
        "text": "threads are still ephemeral, though - I can't believe I'll be seeing any new posts to the threads I've just gone around following",
        "user": "UE6EFEPTQ",
        "ts": "1549455843.041900"
    },
    {
        "client_msg_id": "bab5af27-5617-4221-b42f-5308c8cc006b",
        "type": "message",
        "text": "there's not really an incentive to revisit 'old' (i.e. more than 1 day) threads",
        "user": "UE6EFEPTQ",
        "ts": "1549455858.042300"
    },
    {
        "client_msg_id": "de32caff-7b7d-439f-a111-bed5618b238a",
        "type": "message",
        "text": "by channel organization assumes that people can know the topic before discussion, and can stay inside that topic during it.\n\nThat's usually not the case, topic get diverted quite easily.",
        "user": "UCKRZS3DZ",
        "ts": "1549456032.042900",
        "thread_ts": "1549455321.037600",
        "parent_user_id": "UE6EFEPTQ",
        "reactions": [
            {
                "name": "100",
                "users": [
                    "UC2A2ARPT",
                    "UA14TGLTC"
                ],
                "count": 2
            }
        ]
    },
    {
        "client_msg_id": "56208151-C9F6-4F75-BF83-E4362DBC9667",
        "type": "message",
        "text": "<@UE6EFEPTQ> Not sure understand… once I follow threads the All Threads View brings up old threads automatically, if there are new messages. So you wouldn’t have to manually look for threads with new messages, if that’s what you were implying…?",
        "user": "U5STGTB3J",
        "ts": "1549456159.045700"
    },
    {
        "client_msg_id": "99bc2381-a80b-40ac-af94-b4b02d3a9387",
        "type": "message",
        "text": "learning a lot about threads :smile:",
        "user": "UBN9AFS0N",
        "ts": "1549456224.046000"
    },
    {
        "client_msg_id": "8C188EC8-6869-4A96-90B3-386BDBAAF549",
        "type": "message",
        "text": "It’s a little unfortunate that there is so much to learn about it.",
        "user": "U5STGTB3J",
        "ts": "1549456302.047400",
        "reactions": [
            {
                "name": "+1",
                "users": [
                    "UCKRZS3DZ"
                ],
                "count": 1
            }
        ]
    },
    {
        "client_msg_id": "d1a74745-cca4-4b2f-b7cd-33cd1994962d",
        "type": "message",
        "text": "<@U5STGTB3J> yes, but I mean I'm not expecting to see any updates to the threads I've now followed. That's because the whole Slack experience discourages people going back to 'old' threads, more than a day old, and carrying on",
        "user": "UE6EFEPTQ",
        "ts": "1549461049.048700"
    },
    {
        "client_msg_id": "31c1f310-cbfd-4aed-804f-02c6b46b28c8",
        "type": "message",
        "text": "To clarify, the reason I want to stick with Slack is that there is no clear alternative that seems clearly better to me. Every time one is proposed, I look into it and have decided that it's &lt;= to Slack or so close that it's hard to tell. (Unfortunately, I haven't been writing down this research on each alternative, so I can't share it with y'all. This is problem for me too, because often forget that I reviewed an alternative and have to re look into it because I forgot why I didn't like it. I should probably start putting those reviews somewhere...) I am no Slack devotee, and will be thrilled to move platforms when there's an alternative that's clearly better. If you are particularly excited about one alternative in particular, please share and I'll review :slightly_smiling_face:\n\nI'm currently dreaming of a mix between a forum and a chat app, so it feels casual like Slack but you can also go deep into conversations that stay put. I think an infinite nesting interface a la reddit or HN could be cool. The channels and single-level threads that we have here in Slack feel arbitrarily shallow. (There is no 2 or 3 in computer science. Only 0, 1 or many.)",
        "user": "U5TCAFTD3",
        "ts": "1549465701.056900",
        "thread_ts": "1549465701.056900",
        "reply_count": 16,
        "reply_users_count": 2,
        "latest_reply": "1549485223.063100",
        "reply_users": [
            "UBKNXPBAB",
            "U5TCAFTD3"
        ],
        "replies": [
            {
                "user": "UBKNXPBAB",
                "ts": "1549473884.059700"
            },
            {
                "user": "U5TCAFTD3",
                "ts": "1549474276.059900"
            },
            {
                "user": "U5TCAFTD3",
                "ts": "1549474419.060100"
            },
            {
                "user": "UBKNXPBAB",
                "ts": "1549474738.060300"
            },
            {
                "user": "U5TCAFTD3",
                "ts": "1549474755.060500"
            },
            {
                "user": "UBKNXPBAB",
                "ts": "1549474968.060700"
            },
            {
                "user": "U5TCAFTD3",
                "ts": "1549475020.060900"
            },
            {
                "user": "UBKNXPBAB",
                "ts": "1549475021.061100"
            },
            {
                "user": "UBKNXPBAB",
                "ts": "1549475045.061500"
            },
            {
                "user": "U5TCAFTD3",
                "ts": "1549475329.061800"
            },
            {
                "user": "U5TCAFTD3",
                "ts": "1549475508.062000"
            },
            {
                "user": "U5TCAFTD3",
                "ts": "1549475878.062300"
            },
            {
                "user": "UBKNXPBAB",
                "ts": "1549481883.062500"
            },
            {
                "user": "UBKNXPBAB",
                "ts": "1549481951.062700"
            },
            {
                "user": "UBKNXPBAB",
                "ts": "1549482060.062900"
            },
            {
                "user": "U5TCAFTD3",
                "ts": "1549485223.063100"
            }
        ]
    },
    {
        "client_msg_id": "3395ddb0-f5a3-4241-b3e7-e186832a2f60",
        "type": "message",
        "text": "why don't we move the \"share an interesting link\" task to a subreddit to have the nested comments and permanence and keep slack for random conversations? we share it on reddit and put the link here to notify everyone that there's a new thing over there (maybe there's a slack integration for that)",
        "user": "UBN9AFS0N",
        "ts": "1549466640.058100",
        "thread_ts": "1549466640.058100",
        "reply_count": 6,
        "reply_users_count": 2,
        "latest_reply": "1549532296.064100",
        "reply_users": [
            "U5TCAFTD3",
            "U79HM6726"
        ],
        "replies": [
            {
                "user": "U5TCAFTD3",
                "ts": "1549472786.059000"
            },
            {
                "user": "U5TCAFTD3",
                "ts": "1549472883.059200"
            },
            {
                "user": "U5TCAFTD3",
                "ts": "1549472916.059500"
            },
            {
                "user": "U79HM6726",
                "ts": "1549526484.063500"
            },
            {
                "user": "U79HM6726",
                "ts": "1549526523.063700"
            },
            {
                "user": "U5TCAFTD3",
                "ts": "1549532296.064100"
            }
        ],
        "reactions": [
            {
                "name": "+1",
                "users": [
                    "UFW3LB2KA",
                    "U79HM6726"
                ],
                "count": 2
            }
        ]
    },
    {
        "client_msg_id": "e879612b-6b9d-4bdb-9fb6-8822cbca126e",
        "type": "message",
        "text": "that will also keep a list of links in chronological order",
        "user": "UBN9AFS0N",
        "ts": "1549466650.058400"
    },
    {
        "client_msg_id": "dd0b4345-798e-480f-9546-4fbe6ea88e6f",
        "type": "message",
        "text": "Interesting idea!",
        "user": "U5TCAFTD3",
        "ts": "1549472786.059000",
        "thread_ts": "1549466640.058100",
        "parent_user_id": "UBN9AFS0N"
    },
    {
        "client_msg_id": "732e9851-f38a-48be-9f41-8aa82121b25c",
        "type": "message",
        "text": "You could try with <https:\/\/www.reddit.com\/r\/futureofprogramming\/>",
        "user": "U5TCAFTD3",
        "ts": "1549472883.059200",
        "attachments": [
            {
                "service_name": "reddit",
                "title": "r\/futureofprogramming",
                "title_link": "https:\/\/www.reddit.com\/r\/futureofprogramming\/",
                "text": "r\/futureofprogramming:",
                "fallback": "reddit: r\/futureofprogramming",
                "from_url": "https:\/\/www.reddit.com\/r\/futureofprogramming\/",
                "service_icon": "https:\/\/www.redditstatic.com\/desktop2x\/img\/favicon\/apple-icon-57x57.png",
                "id": 1,
                "original_url": "https:\/\/www.reddit.com\/r\/futureofprogramming\/"
            }
        ],
        "thread_ts": "1549466640.058100",
        "parent_user_id": "UBN9AFS0N"
    },
    {
        "client_msg_id": "9bcf8769-942d-4a97-a014-b7d9a07d9882",
        "type": "message",
        "text": "I worry it's one social tool too many. I'm already in 17 Slacks, HN, and Twitter...",
        "user": "U5TCAFTD3",
        "ts": "1549472916.059500",
        "thread_ts": "1549466640.058100",
        "parent_user_id": "UBN9AFS0N"
    },
    {
        "client_msg_id": "16bfd51b-883f-445d-81d3-0a46f3919c62",
        "type": "message",
        "text": "I'm curious what you think of Zulip, if you've taken a look! It's not perfect, but the threading model is the best I've seen for creating a blend between chat &amp; forum.",
        "user": "UBKNXPBAB",
        "ts": "1549473884.059700",
        "thread_ts": "1549465701.056900",
        "parent_user_id": "U5TCAFTD3",
        "reactions": [
            {
                "name": "+1",
                "users": [
                    "U5UN1ED7A"
                ],
                "count": 1
            }
        ]
    },
    {
        "client_msg_id": "6e597d24-e8ca-47e1-9289-a8315afb9e0b",
        "type": "message",
        "text": "Great question! Do you have access to a Zulip you could add me to? I'd love to play around. Let me go re-read their homeage to remember what I thought about it...",
        "user": "U5TCAFTD3",
        "ts": "1549474276.059900",
        "thread_ts": "1549465701.056900",
        "parent_user_id": "U5TCAFTD3"
    },
    {
        "client_msg_id": "7e20e74b-b147-44e4-9e0a-af41d1b55493",
        "type": "message",
        "text": "The threading level is still just two: one for the channel and one for topics. Slack has the same: one for channel and one for a message in that channel. Do you think Zulip's second level of threading is more intuitive?",
        "user": "U5TCAFTD3",
        "ts": "1549474419.060100",
        "thread_ts": "1549465701.056900",
        "parent_user_id": "U5TCAFTD3"
    },
    {
        "client_msg_id": "18f268d0-0692-4a29-92fc-96805e196357",
        "type": "message",
        "text": "I don't have a Zulip for you, since the only one I'm on is Recurse Center's. But maybe I'll set up a demo chat we can play with.",
        "user": "UBKNXPBAB",
        "ts": "1549474738.060300",
        "thread_ts": "1549465701.056900",
        "parent_user_id": "U5TCAFTD3"
    },
    {
        "client_msg_id": "41167620-3147-4c4f-8194-577200078f05",
        "type": "message",
        "text": "no worries, I can set it up :slightly_smiling_face:",
        "user": "U5TCAFTD3",
        "ts": "1549474755.060500",
        "thread_ts": "1549465701.056900",
        "parent_user_id": "U5TCAFTD3"
    },
    {
        "client_msg_id": "86b087ba-4967-4d2a-bd43-0de22cbda986",
        "type": "message",
        "text": "You're right that the threading is flat. But the interface makes it used in a fundamentally different way. I tried to write out a sentence or two to explain it, but we should just play with it and I can show you. :slightly_smiling_face:",
        "user": "UBKNXPBAB",
        "ts": "1549474968.060700",
        "thread_ts": "1549465701.056900",
        "parent_user_id": "U5TCAFTD3"
    },
    {
        "client_msg_id": "de11d3ce-ad2e-4755-8850-85ec25909b3d",
        "type": "message",
        "text": "I'm joining here to get a sense <https:\/\/chat.zulip.org\/login\/>",
        "user": "U5TCAFTD3",
        "ts": "1549475020.060900",
        "edited": {
            "user": "U5TCAFTD3",
            "ts": "1549475042.000000"
        },
        "thread_ts": "1549465701.056900",
        "parent_user_id": "U5TCAFTD3"
    },
    {
        "client_msg_id": "76895843-c6c4-4395-8960-c35076343489",
        "type": "message",
        "text": "(Basically, it's a setup which makes conversations actually stay in topics, so topics become a useful way of having multiple conversations in a single channel, instead of a weird side-feature like Slack makes them.)",
        "user": "UBKNXPBAB",
        "ts": "1549475021.061100",
        "thread_ts": "1549465701.056900",
        "parent_user_id": "U5TCAFTD3"
    },
    {
        "client_msg_id": "05543277-f5b0-4415-977f-a38e1350de6d",
        "type": "message",
        "text": "I actually gotta run now. :slightly_smiling_face:",
        "user": "UBKNXPBAB",
        "ts": "1549475045.061500",
        "thread_ts": "1549465701.056900",
        "parent_user_id": "U5TCAFTD3",
        "reactions": [
            {
                "name": "wave",
                "users": [
                    "U5TCAFTD3"
                ],
                "count": 1
            }
        ]
    },
    {
        "client_msg_id": "329310a0-0deb-4302-b87f-71a26f4e954f",
        "type": "message",
        "text": "Huh, this is actually pretty great... I'm going to have to noodle on it...",
        "user": "U5TCAFTD3",
        "ts": "1549475329.061800",
        "thread_ts": "1549465701.056900",
        "parent_user_id": "U5TCAFTD3"
    },
    {
        "client_msg_id": "287d201c-f116-413c-b337-0da4c45734c9",
        "type": "message",
        "text": "It's not infinite threading but it takes the Slack threading and makes it the default way to use the app, so there no confusion like there is now with threading",
        "user": "U5TCAFTD3",
        "ts": "1549475508.062000",
        "thread_ts": "1549465701.056900",
        "parent_user_id": "U5TCAFTD3"
    },
    {
        "client_msg_id": "b027139b-06d6-4963-90e3-6e42e618feb9",
        "type": "message",
        "text": "Pros:\n\n• better threading support\n\nCons:\n\n• less bots, including <@UFQ0XSFH6> <@UD6BTU55K> which we use\n• having to switch, which would be a small headache, and would lose direct messages",
        "user": "U5TCAFTD3",
        "ts": "1549475878.062300",
        "thread_ts": "1549465701.056900",
        "parent_user_id": "U5TCAFTD3"
    },
    {
        "client_msg_id": "76d1e8a0-2ee1-4c2a-93f5-913a3c2a0c19",
        "type": "message",
        "text": "I like your description.",
        "user": "UBKNXPBAB",
        "ts": "1549481883.062500",
        "thread_ts": "1549465701.056900",
        "parent_user_id": "U5TCAFTD3"
    },
    {
        "client_msg_id": "e67ba22a-b16e-40e5-8d2a-c86e0372ad35",
        "type": "message",
        "text": "Yeah, I'm not in a position right now to advocate for a switch. I definitely think it's a contender though! And it makes me want to look for similar threading in other apps, though I'm skeptical any of them have anything like Zulip.",
        "user": "UBKNXPBAB",
        "ts": "1549481951.062700",
        "thread_ts": "1549465701.056900",
        "parent_user_id": "U5TCAFTD3"
    },
    {
        "client_msg_id": "678d39e0-8cf6-4aa8-81bd-b6bff8d11fb5",
        "type": "message",
        "text": "(Fun back-story which may or may not be 100% accurate: Zulip started as a modern interface to an MIT chat protocol called Zephyr, which dates back to the '80s. Zephyr is where this stream\/topic thing comes from.)",
        "user": "UBKNXPBAB",
        "ts": "1549482060.062900",
        "thread_ts": "1549465701.056900",
        "parent_user_id": "U5TCAFTD3"
    },
    {
        "client_msg_id": "72b09f03-fe3a-433e-8353-1022044561c6",
        "type": "message",
        "text": "Thanks Josh! Appreciate the nudge to check out zulip again. Definitely at the top of the list now",
        "user": "U5TCAFTD3",
        "ts": "1549485223.063100",
        "thread_ts": "1549465701.056900",
        "parent_user_id": "U5TCAFTD3"
    }
]