[
    {
        "client_msg_id": "e8b6b61e-f879-4790-bd88-34b24326a084",
        "type": "message",
        "text": "Could you try creating the `#seattle` channel again? I removed myself from the one I created (which apparently can't be made public).",
        "user": "UD43R8ZFV",
        "ts": "1551990520.005400",
        "thread_ts": "1551990520.005400",
        "reply_count": 1,
        "reply_users_count": 1,
        "latest_reply": "1552210165.006100",
        "reply_users": [
            "U5TCAFTD3"
        ],
        "replies": [
            {
                "user": "U5TCAFTD3",
                "ts": "1552210165.006100"
            }
        ]
    }
]