[
    {
        "client_msg_id": "d85597f5-2c91-4319-a900-b526440f1389",
        "type": "message",
        "text": "I’ll echo the sentiment that there is a _lot_ of high quality discussion logged in this Slack, and having permanent and easy access to it would be a real benefit. I’d like second the proposal for a community project to make these records permanent and easily searchable via some sort of web app. Perhaps we could build one or more prototypes using some of the amazing tech many in this community are working on. If we could agree on a very loose spec, it could be a useful exercise to compare and contrast different ideas and implementations, kind of like the TodoMVC\/RealWorld app spec. What do ya’ll think?",
        "user": "UJK8MKYAZ",
        "ts": "1558464971.022800",
        "thread_ts": "1558464971.022800",
        "reply_count": 4,
        "reply_users_count": 2,
        "latest_reply": "1558477532.027700",
        "reply_users": [
            "U5TCAFTD3",
            "UJK8MKYAZ"
        ],
        "replies": [
            {
                "user": "U5TCAFTD3",
                "ts": "1558477333.025400"
            },
            {
                "user": "U5TCAFTD3",
                "ts": "1558477401.025600"
            },
            {
                "user": "UJK8MKYAZ",
                "ts": "1558477508.027500"
            },
            {
                "user": "UJK8MKYAZ",
                "ts": "1558477532.027700"
            }
        ],
        "reactions": [
            {
                "name": "+1",
                "users": [
                    "UC2A2ARPT",
                    "UJ6LDMMN0",
                    "UBSMEUXAA",
                    "UA14TGLTC",
                    "U7C7B75R6"
                ],
                "count": 5
            }
        ]
    },
    {
        "client_msg_id": "cae928a9-ff92-43c0-8022-599cd7bc67f8",
        "type": "message",
        "text": "As far as building a tool, the dreamer in me says *yes*! I think all the time about how to build a malleable medium that this community could use to communicate, but each could customize to their own liking. The  practical one in me says we should just find and settle on a preexisting tool and be done with it. I think there are a lot of great alternatives to Slack -- I think we need to do the research (more on this in a follow on post)",
        "user": "U5TCAFTD3",
        "ts": "1558477333.025400",
        "thread_ts": "1558464971.022800",
        "parent_user_id": "UJK8MKYAZ"
    },
    {
        "client_msg_id": "96dfd1e1-23b8-47e3-9208-bd2dba4ffe7e",
        "type": "message",
        "text": "As far as making this Slack public, I was mostly able to get that working by converting an export to html <https:\/\/github.com\/hfaran\/slack2html>. I think it'd take me ~1 day's work to do this. Just gotta find the time...",
        "user": "U5TCAFTD3",
        "ts": "1558477401.025600",
        "thread_ts": "1558464971.022800",
        "parent_user_id": "UJK8MKYAZ"
    },
    {
        "client_msg_id": "8b610032-88c4-4bd2-86f2-678a4c0b99a4",
        "type": "message",
        "text": "For anyone who's been complaining about Slack, I did a bit of thinking on what can be done about it. I had one idea that we could share the research burden (instead of just me doing it). I call it \"The Online Community Showdown\". Thoughts?\n\n<https:\/\/futureofcoding.org\/log#the-online-community-showdown>",
        "user": "U5TCAFTD3",
        "ts": "1558477491.027200",
        "edited": {
            "user": "U5TCAFTD3",
            "ts": "1558477496.000000"
        },
        "thread_ts": "1558477491.027200",
        "reply_count": 1,
        "reply_users_count": 1,
        "latest_reply": "1558620928.029300",
        "reply_users": [
            "U5TCAFTD3"
        ],
        "replies": [
            {
                "user": "U5TCAFTD3",
                "ts": "1558620928.029300"
            }
        ]
    },
    {
        "client_msg_id": "7a71df66-8fd3-4d8b-86c0-ad62a6fafe38",
        "type": "message",
        "text": "Oh, cool. If we can script this to run daily, :ok_hand:",
        "user": "UJK8MKYAZ",
        "ts": "1558477508.027500",
        "thread_ts": "1558464971.022800",
        "parent_user_id": "UJK8MKYAZ"
    },
    {
        "client_msg_id": "80554003-77a5-44f6-99dc-6753a290c81a",
        "type": "message",
        "text": "I still think side-by-side projects would be cool, but there are probably better projects than slack.",
        "user": "UJK8MKYAZ",
        "ts": "1558477532.027700",
        "thread_ts": "1558464971.022800",
        "parent_user_id": "UJK8MKYAZ"
    }
]