[
    {
        "client_msg_id": "098d7c24-8831-4a26-9eb9-ec3850bc2f66",
        "type": "message",
        "text": "17 slacks? wow! This was my first slack",
        "user": "U79HM6726",
        "ts": "1549526484.063500",
        "thread_ts": "1549466640.058100",
        "parent_user_id": "UBN9AFS0N"
    },
    {
        "client_msg_id": "7bd60ba2-4a9c-4513-a9c1-8452bb64fcaa",
        "type": "message",
        "text": "Theres also <https:\/\/www.reddit.com\/r\/nosyntax\/> which is focused on projectional editing",
        "user": "U79HM6726",
        "ts": "1549526523.063700",
        "attachments": [
            {
                "service_name": "reddit",
                "title": "r\/nosyntax",
                "title_link": "https:\/\/www.reddit.com\/r\/nosyntax\/",
                "text": "r\/nosyntax: Most of computer programming in the history of mankind has been done by editing text files. Does it have to be this way? Will it always be this way? Some think that the current state of things is suboptimal and are exploring new frontiers in how code is made.",
                "fallback": "reddit: r\/nosyntax",
                "from_url": "https:\/\/www.reddit.com\/r\/nosyntax\/",
                "service_icon": "https:\/\/www.redditstatic.com\/desktop2x\/img\/favicon\/apple-icon-57x57.png",
                "id": 1,
                "original_url": "https:\/\/www.reddit.com\/r\/nosyntax\/"
            }
        ],
        "thread_ts": "1549466640.058100",
        "parent_user_id": "UBN9AFS0N"
    },
    {
        "client_msg_id": "15ad5479-a053-4765-9fcc-1e4b2963a7db",
        "type": "message",
        "text": "It's more like 5 or 6, but you get the idea :wink:",
        "user": "U5TCAFTD3",
        "ts": "1549532296.064100",
        "thread_ts": "1549466640.058100",
        "parent_user_id": "UBN9AFS0N",
        "reactions": [
            {
                "name": "+1",
                "users": [
                    "U79HM6726"
                ],
                "count": 1
            }
        ]
    }
]