[
    {
        "client_msg_id": "9196f7e1-4bc0-48ee-b5c6-fa312544d242",
        "type": "message",
        "text": "Done! Just had to change the name of the old one",
        "user": "U5TCAFTD3",
        "ts": "1552210165.006100",
        "thread_ts": "1551990520.005400",
        "parent_user_id": "UD43R8ZFV"
    },
    {
        "client_msg_id": "677432b0-908b-4aea-a14f-ad1fdb97db42",
        "type": "message",
        "text": "How about the Chat Challenge?! Show how easy it is to build a Slack-like chat system using your product, language, etc! Arbitrary sub-threads are an MVP feature.",
        "user": "UE6EFEPTQ",
        "ts": "1552260659.009300",
        "reactions": [
            {
                "name": "thinking_face",
                "users": [
                    "UC2A2ARPT"
                ],
                "count": 1
            }
        ]
    },
    {
        "client_msg_id": "fcee6b94-ca5d-46b6-93ad-cae34b9d9f45",
        "type": "message",
        "text": "Those Airtable-alike, doc-based approaches* should find this a doddle, right?",
        "user": "UE6EFEPTQ",
        "ts": "1552260723.010600",
        "edited": {
            "user": "UE6EFEPTQ",
            "ts": "1552305814.000000"
        }
    }
]