[
    {
        "client_msg_id": "95c26298-b223-4fb0-adbb-0c5c043378ef",
        "type": "message",
        "text": "<@UC2A2ARPT> Thanks for pointing me to that thread. <@UCGAK10LS> endorsed Spectrum.chat so I am investigating it. Spectrum is open source. It is threaded. You can configure it for anonymous readonly access (so posts are publicly visible and google indexed), or you can configure it so that only members can read it. The free hosting model doesn't have a 10,000 post limit. There is a notification system that lets you globally keep track of new messages you haven't read, in all the channels you've subscribed to, across all the Spectrum communities you belong to. Does it work? I don't know yet.",
        "user": "UJN1TAYEQ",
        "ts": "1559147003.034800",
        "thread_ts": "1558513678.028200",
        "parent_user_id": "UJCQYPLMN"
    },
    {
        "client_msg_id": "2fa37eab-d563-48d2-acae-b93f354f4277",
        "type": "message",
        "text": "A few of us also tried spectrum here: <https:\/\/spectrum.chat\/programmablesystems\/join\/51d5233b-11a5-40b5-903a-6349bd9e463e>",
        "user": "U8A5MS6R1",
        "ts": "1559172635.035000",
        "attachments": [
            {
                "title": "Spectrum",
                "title_link": "https:\/\/spectrum.chat\/programmablesystems\/join\/51d5233b-11a5-40b5-903a-6349bd9e463e",
                "text": "Where communities live.",
                "fallback": "Spectrum",
                "thumb_url": "https:\/\/spectrum.chat\/img\/apple-icon-144x144-precomposed.png",
                "from_url": "https:\/\/spectrum.chat\/programmablesystems\/join\/51d5233b-11a5-40b5-903a-6349bd9e463e",
                "thumb_width": 144,
                "thumb_height": 144,
                "service_icon": "https:\/\/spectrum.chat\/img\/apple-icon-57x57-precomposed.png",
                "service_name": "spectrum.chat",
                "id": 1,
                "original_url": "https:\/\/spectrum.chat\/programmablesystems\/join\/51d5233b-11a5-40b5-903a-6349bd9e463e"
            }
        ],
        "thread_ts": "1558513678.028200",
        "parent_user_id": "UJCQYPLMN"
    }
]